frame,t_sec,freq_khz,db
0,0.0213,0.0,-59.279
0,0.0213,0.0938,-43.562
0,0.0213,0.1875,-35.446
0,0.0213,0.2812,-76.588
0,0.0213,0.375,-56.548
0,0.0213,0.4688,-75.013
0,0.0213,0.5625,-57.722
0,0.0213,0.6562,-51.951
0,0.0213,0.75,-70.079
0,0.0213,0.8438,-46.747
0,0.0213,0.9375,-70.247
0,0.0213,1.0312,-54.956
0,0.0213,1.125,-72.869
0,0.0213,1.2188,-62.918
0,0.0213,1.3125,-71.926
0,0.0213,1.4062,-86.826
0,0.0213,1.5,-79.737
0,0.0213,1.5938,-78.514
0,0.0213,1.6875,-52.909
0,0.0213,1.7812,-77.391
0,0.0213,1.875,-42.144
0,0.0213,1.9688,-80.273
0,0.0213,2.0625,-56.009
0,0.0213,2.1562,-74.427
0,0.0213,2.25,-67.216
0,0.0213,2.3438,-67.667
0,0.0213,2.4375,-82.628
0,0.0213,2.5312,-66.044
0,0.0213,2.625,-70.089
0,0.0213,2.7188,-58.856
0,0.0213,2.8125,-80.938
0,0.0213,2.9062,-63.887
0,0.0213,3.0,-91.401
0,0.0213,3.0938,-72.177
0,0.0213,3.1875,-91.975
0,0.0213,3.2812,-80.632
0,0.0213,3.375,-83.222
0,0.0213,3.4688,-86.861
0,0.0213,3.5625,-93.498
0,0.0213,3.6562,-79.849
0,0.0213,3.75,-73.859
0,0.0213,3.8438,-80.127
0,0.0213,3.9375,-66.442
0,0.0213,4.0312,-92.323
0,0.0213,4.125,-81.975
0,0.0213,4.2188,-90.756
0,0.0213,4.3125,-94.347
0,0.0213,4.4062,-96.263
0,0.0213,4.5,-89.459
0,0.0213,4.5938,-91.175
0,0.0213,4.6875,-88.09
0,0.0213,4.7812,-74.185
0,0.0213,4.875,-82.853
0,0.0213,4.9688,-65.932
0,0.0213,5.0625,-77.058
0,0.0213,5.1562,-70.55
0,0.0213,5.25,-69.435
0,0.0213,5.3438,-73.19
0,0.0213,5.4375,-81.946
0,0.0213,5.5312,-80.749
0,0.0213,5.625,-83.563
0,0.0213,5.7188,-89.098
0,0.0213,5.8125,-71.313
0,0.0213,5.9062,-87.539
0,0.0213,6.0,-85.445
0,0.0213,6.0938,-83.9
0,0.0213,6.1875,-81.899
0,0.0213,6.2812,-72.859
0,0.0213,6.375,-64.239
0,0.0213,6.4688,-63.692
0,0.0213,6.5625,-66.885
0,0.0213,6.6562,-63.603
0,0.0213,6.75,-74.494
0,0.0213,6.8438,-80.835
0,0.0213,6.9375,-83.479
0,0.0213,7.0312,-74.46
0,0.0213,7.125,-88.54
0,0.0213,7.2188,-79.789
0,0.0213,7.3125,-78.794
0,0.0213,7.4062,-81.138
0,0.0213,7.5,-68.412
0,0.0213,7.5938,-75.077
0,0.0213,7.6875,-66.964
0,0.0213,7.7812,-78.309
0,0.0213,7.875,-72.616
0,0.0213,7.9688,-95.661
0,0.0213,8.0625,-81.39
0,0.0213,8.1562,-81.423
0,0.0213,8.25,-73.288
0,0.0213,8.3438,-70.323
0,0.0213,8.4375,-76.419
0,0.0213,8.5312,-67.503
0,0.0213,8.625,-69.259
0,0.0213,8.7188,-58.205
0,0.0213,8.8125,-71.408
0,0.0213,8.9062,-72.208
0,0.0213,9.0,-75.94
0,0.0213,9.0938,-81.176
0,0.0213,9.1875,-69.861
0,0.0213,9.2812,-69.86
0,0.0213,9.375,-74.757
0,0.0213,9.4688,-68.753
0,0.0213,9.5625,-74.764
0,0.0213,9.6562,-78.01
0,0.0213,9.75,-67.676
0,0.0213,9.8438,-74.211
0,0.0213,9.9375,-70.628
0,0.0213,10.0312,-92.635
0,0.0213,10.125,-65.171
0,0.0213,10.2188,-68.706
0,0.0213,10.3125,-70.755
0,0.0213,10.4062,-71.656
0,0.0213,10.5,-77.282
0,0.0213,10.5938,-95.258
0,0.0213,10.6875,-85.873
0,0.0213,10.7812,-72.232
0,0.0213,10.875,-96.951
0,0.0213,10.9688,-88.965
0,0.0213,11.0625,-84.591
0,0.0213,11.1562,-80.982
0,0.0213,11.25,-89.047
0,0.0213,11.3438,-84.398
0,0.0213,11.4375,-90.965
0,0.0213,11.5312,-95.022
0,0.0213,11.625,-82.21
0,0.0213,11.7188,-85.506
0,0.0213,11.8125,-82.196
0,0.0213,11.9062,-82.56
0,0.0213,12.0,-76.715
0,0.0213,12.0938,-94.093
0,0.0213,12.1875,-72.168
0,0.0213,12.2812,-71.554
0,0.0213,12.375,-67.041
0,0.0213,12.4688,-69.804
0,0.0213,12.5625,-80.006
0,0.0213,12.6562,-83.848
0,0.0213,12.75,-82.157
0,0.0213,12.8438,-82.479
0,0.0213,12.9375,-79.015
0,0.0213,13.0312,-73.09
0,0.0213,13.125,-90.615
0,0.0213,13.2188,-87.13
0,0.0213,13.3125,-81.748
0,0.0213,13.4062,-87.499
0,0.0213,13.5,-77.908
0,0.0213,13.5938,-79.139
0,0.0213,13.6875,-81.802
0,0.0213,13.7812,-83.195
0,0.0213,13.875,-78.932
0,0.0213,13.9688,-93.092
0,0.0213,14.0625,-81.561
0,0.0213,14.1562,-90.205
0,0.0213,14.25,-89.714
0,0.0213,14.3438,-89.527
0,0.0213,14.4375,-91.581
0,0.0213,14.5312,-94.362
0,0.0213,14.625,-97.207
0,0.0213,14.7188,-94.742
0,0.0213,14.8125,-97.121
0,0.0213,14.9062,-97.502
0,0.0213,15.0,-94.407
0,0.0213,15.0938,-91.301
0,0.0213,15.1875,-89.465
0,0.0213,15.2812,-96.374
0,0.0213,15.375,-96.517
0,0.0213,15.4688,-95.736
0,0.0213,15.5625,-99.015
0,0.0213,15.6562,-98.837
0,0.0213,15.75,-98.801
0,0.0213,15.8438,-92.063
0,0.0213,15.9375,-94.652
1,0.064,0.0,-67.874
1,0.064,0.0938,-44.025
1,0.064,0.1875,-39.702
1,0.064,0.2812,-69.843
1,0.064,0.375,-54.929
1,0.064,0.4688,-63.015
1,0.064,0.5625,-57.577
1,0.064,0.6562,-51.374
1,0.064,0.75,-69.484
1,0.064,0.8438,-47.522
1,0.064,0.9375,-71.529
1,0.064,1.0312,-55.47
1,0.064,1.125,-77.738
1,0.064,1.2188,-64.689
1,0.064,1.3125,-70.64
1,0.064,1.4062,-75.504
1,0.064,1.5,-70.151
1,0.064,1.5938,-77.072
1,0.064,1.6875,-53.305
1,0.064,1.7812,-83.84
1,0.064,1.875,-45.467
1,0.064,1.9688,-80.989
1,0.064,2.0625,-55.94
1,0.064,2.1562,-79.036
1,0.064,2.25,-64.842
1,0.064,2.3438,-72.016
1,0.064,2.4375,-71.053
1,0.064,2.5312,-62.466
1,0.064,2.625,-67.279
1,0.064,2.7188,-57.932
1,0.064,2.8125,-82.202
1,0.064,2.9062,-62.744
1,0.064,3.0,-89.301
1,0.064,3.0938,-73.04
1,0.064,3.1875,-81.236
1,0.064,3.2812,-80.174
1,0.064,3.375,-86.656
1,0.064,3.4688,-85.456
1,0.064,3.5625,-82.488
1,0.064,3.6562,-83.166
1,0.064,3.75,-68.782
1,0.064,3.8438,-80.333
1,0.064,3.9375,-69.924
1,0.064,4.0312,-90.115
1,0.064,4.125,-86.839
1,0.064,4.2188,-93.733
1,0.064,4.3125,-92.05
1,0.064,4.4062,-94.933
1,0.064,4.5,-93.609
1,0.064,4.5938,-91.567
1,0.064,4.6875,-80.642
1,0.064,4.7812,-69.434
1,0.064,4.875,-70.875
1,0.064,4.9688,-62.551
1,0.064,5.0625,-77.808
1,0.064,5.1562,-65.705
1,0.064,5.25,-85.535
1,0.064,5.3438,-70.48
1,0.064,5.4375,-72.851
1,0.064,5.5312,-90.981
1,0.064,5.625,-77.618
1,0.064,5.7188,-80.781
1,0.064,5.8125,-74.848
1,0.064,5.9062,-81.665
1,0.064,6.0,-78.764
1,0.064,6.0938,-87.576
1,0.064,6.1875,-81.207
1,0.064,6.2812,-69.696
1,0.064,6.375,-65.971
1,0.064,6.4688,-67.36
1,0.064,6.5625,-63.894
1,0.064,6.6562,-58.893
1,0.064,6.75,-84.844
1,0.064,6.8438,-76.237
1,0.064,6.9375,-77.376
1,0.064,7.0312,-75.017
1,0.064,7.125,-73.229
1,0.064,7.2188,-75.388
1,0.064,7.3125,-96.336
1,0.064,7.4062,-80.246
1,0.064,7.5,-76.428
1,0.064,7.5938,-89.945
1,0.064,7.6875,-73.523
1,0.064,7.7812,-82.628
1,0.064,7.875,-75.715
1,0.064,7.9688,-87.122
1,0.064,8.0625,-77.558
1,0.064,8.1562,-81.429
1,0.064,8.25,-78.244
1,0.064,8.3438,-78.695
1,0.064,8.4375,-73.638
1,0.064,8.5312,-68.595
1,0.064,8.625,-66.646
1,0.064,8.7188,-66.755
1,0.064,8.8125,-78.301
1,0.064,8.9062,-74.06
1,0.064,9.0,-73.217
1,0.064,9.0938,-71.965
1,0.064,9.1875,-75.478
1,0.064,9.2812,-70.443
1,0.064,9.375,-61.779
1,0.064,9.4688,-65.878
1,0.064,9.5625,-66.061
1,0.064,9.6562,-72.359
1,0.064,9.75,-80.079
1,0.064,9.8438,-79.34
1,0.064,9.9375,-70.202
1,0.064,10.0312,-77.867
1,0.064,10.125,-69.367
1,0.064,10.2188,-68.385
1,0.064,10.3125,-86.136
1,0.064,10.4062,-64.329
1,0.064,10.5,-76.458
1,0.064,10.5938,-64.984
1,0.064,10.6875,-70.177
1,0.064,10.7812,-69.585
1,0.064,10.875,-84.413
1,0.064,10.9688,-85.258
1,0.064,11.0625,-85.26
1,0.064,11.1562,-72.905
1,0.064,11.25,-77.123
1,0.064,11.3438,-72.436
1,0.064,11.4375,-75.746
1,0.064,11.5312,-84.596
1,0.064,11.625,-80.576
1,0.064,11.7188,-85.206
1,0.064,11.8125,-84.05
1,0.064,11.9062,-90.073
1,0.064,12.0,-73.645
1,0.064,12.0938,-73.278
1,0.064,12.1875,-76.366
1,0.064,12.2812,-72.833
1,0.064,12.375,-81.656
1,0.064,12.4688,-67.489
1,0.064,12.5625,-72.787
1,0.064,12.6562,-73.654
1,0.064,12.75,-86.997
1,0.064,12.8438,-77.346
1,0.064,12.9375,-88.873
1,0.064,13.0312,-80.207
1,0.064,13.125,-75.676
1,0.064,13.2188,-87.958
1,0.064,13.3125,-67.052
1,0.064,13.4062,-78.888
1,0.064,13.5,-78.651
1,0.064,13.5938,-87.035
1,0.064,13.6875,-79.684
1,0.064,13.7812,-83.149
1,0.064,13.875,-77.134
1,0.064,13.9688,-80.927
1,0.064,14.0625,-85.328
1,0.064,14.1562,-81.276
1,0.064,14.25,-92.032
1,0.064,14.3438,-86.631
1,0.064,14.4375,-93.901
1,0.064,14.5312,-93.335
1,0.064,14.625,-94.778
1,0.064,14.7188,-93.51
1,0.064,14.8125,-96.419
1,0.064,14.9062,-86.13
1,0.064,15.0,-90.843
1,0.064,15.0938,-93.265
1,0.064,15.1875,-93.935
1,0.064,15.2812,-94.511
1,0.064,15.375,-93.693
1,0.064,15.4688,-96.39
1,0.064,15.5625,-94.81
1,0.064,15.6562,-98.336
1,0.064,15.75,-98.142
1,0.064,15.8438,-99.677
1,0.064,15.9375,-99.554
2,0.1067,0.0,-65.604
2,0.1067,0.0938,-48.738
2,0.1067,0.1875,-41.939
2,0.1067,0.2812,-58.275
2,0.1067,0.375,-48.997
2,0.1067,0.4688,-62.237
2,0.1067,0.5625,-47.878
2,0.1067,0.6562,-53.296
2,0.1067,0.75,-62.108
2,0.1067,0.8438,-45.113
2,0.1067,0.9375,-67.34
2,0.1067,1.0312,-59.007
2,0.1067,1.125,-73.502
2,0.1067,1.2188,-65.016
2,0.1067,1.3125,-65.941
2,0.1067,1.4062,-69.398
2,0.1067,1.5,-68.417
2,0.1067,1.5938,-72.496
2,0.1067,1.6875,-64.725
2,0.1067,1.7812,-73.498
2,0.1067,1.875,-69.751
2,0.1067,1.9688,-77.921
2,0.1067,2.0625,-73.929
2,0.1067,2.1562,-98.21
2,0.1067,2.25,-71.281
2,0.1067,2.3438,-83.195
2,0.1067,2.4375,-74.677
2,0.1067,2.5312,-61.958
2,0.1067,2.625,-69.789
2,0.1067,2.7188,-69.71
2,0.1067,2.8125,-61.505
2,0.1067,2.9062,-74.089
2,0.1067,3.0,-81.255
2,0.1067,3.0938,-64.954
2,0.1067,3.1875,-86.874
2,0.1067,3.2812,-79.001
2,0.1067,3.375,-82.7
2,0.1067,3.4688,-78.534
2,0.1067,3.5625,-73.93
2,0.1067,3.6562,-78.348
2,0.1067,3.75,-79.039
2,0.1067,3.8438,-70.379
2,0.1067,3.9375,-79.813
2,0.1067,4.0312,-78.414
2,0.1067,4.125,-79.098
2,0.1067,4.2188,-64.013
2,0.1067,4.3125,-79.575
2,0.1067,4.4062,-81.522
2,0.1067,4.5,-71.195
2,0.1067,4.5938,-83.626
2,0.1067,4.6875,-72.474
2,0.1067,4.7812,-74.489
2,0.1067,4.875,-74.493
2,0.1067,4.9688,-70.34
2,0.1067,5.0625,-88.235
2,0.1067,5.1562,-76.206
2,0.1067,5.25,-78.081
2,0.1067,5.3438,-64.806
2,0.1067,5.4375,-86.933
2,0.1067,5.5312,-76.903
2,0.1067,5.625,-60.673
2,0.1067,5.7188,-70.62
2,0.1067,5.8125,-83.906
2,0.1067,5.9062,-78.316
2,0.1067,6.0,-84.178
2,0.1067,6.0938,-73.003
2,0.1067,6.1875,-65.112
2,0.1067,6.2812,-73.05
2,0.1067,6.375,-70.256
2,0.1067,6.4688,-67.706
2,0.1067,6.5625,-68.911
2,0.1067,6.6562,-73.936
2,0.1067,6.75,-71.773
2,0.1067,6.8438,-69.162
2,0.1067,6.9375,-74.579
2,0.1067,7.0312,-81.367
2,0.1067,7.125,-76.972
2,0.1067,7.2188,-78.581
2,0.1067,7.3125,-69.928
2,0.1067,7.4062,-72.384
2,0.1067,7.5,-76.874
2,0.1067,7.5938,-78.759
2,0.1067,7.6875,-85.456
2,0.1067,7.7812,-79.114
2,0.1067,7.875,-71.879
2,0.1067,7.9688,-65.38
2,0.1067,8.0625,-77.811
2,0.1067,8.1562,-74.779
2,0.1067,8.25,-71.787
2,0.1067,8.3438,-86.055
2,0.1067,8.4375,-87.905
2,0.1067,8.5312,-84.402
2,0.1067,8.625,-67.95
2,0.1067,8.7188,-78.516
2,0.1067,8.8125,-74.791
2,0.1067,8.9062,-65.668
2,0.1067,9.0,-64.341
2,0.1067,9.0938,-66.589
2,0.1067,9.1875,-72.837
2,0.1067,9.2812,-76.505
2,0.1067,9.375,-78.155
2,0.1067,9.4688,-64.892
2,0.1067,9.5625,-67.259
2,0.1067,9.6562,-70.573
2,0.1067,9.75,-66.359
2,0.1067,9.8438,-65.621
2,0.1067,9.9375,-69.63
2,0.1067,10.0312,-71.351
2,0.1067,10.125,-70.196
2,0.1067,10.2188,-69.054
2,0.1067,10.3125,-77.329
2,0.1067,10.4062,-66.092
2,0.1067,10.5,-67.882
2,0.1067,10.5938,-68.758
2,0.1067,10.6875,-64.814
2,0.1067,10.7812,-69.997
2,0.1067,10.875,-75.864
2,0.1067,10.9688,-76.732
2,0.1067,11.0625,-78.496
2,0.1067,11.1562,-72.565
2,0.1067,11.25,-83.579
2,0.1067,11.3438,-83.458
2,0.1067,11.4375,-75.188
2,0.1067,11.5312,-75.942
2,0.1067,11.625,-80.231
2,0.1067,11.7188,-79.212
2,0.1067,11.8125,-87.812
2,0.1067,11.9062,-82.415
2,0.1067,12.0,-85.975
2,0.1067,12.0938,-78.986
2,0.1067,12.1875,-81.826
2,0.1067,12.2812,-88.702
2,0.1067,12.375,-76.446
2,0.1067,12.4688,-77.177
2,0.1067,12.5625,-80.719
2,0.1067,12.6562,-72.532
2,0.1067,12.75,-70.519
2,0.1067,12.8438,-76.575
2,0.1067,12.9375,-72.468
2,0.1067,13.0312,-81.825
2,0.1067,13.125,-83.275
2,0.1067,13.2188,-92.981
2,0.1067,13.3125,-95.272
2,0.1067,13.4062,-86.816
2,0.1067,13.5,-83.054
2,0.1067,13.5938,-86.718
2,0.1067,13.6875,-87.332
2,0.1067,13.7812,-91.054
2,0.1067,13.875,-91.016
2,0.1067,13.9688,-84.839
2,0.1067,14.0625,-83.764
2,0.1067,14.1562,-84.724
2,0.1067,14.25,-75.484
2,0.1067,14.3438,-86.015
2,0.1067,14.4375,-91.09
2,0.1067,14.5312,-85.0
2,0.1067,14.625,-83.316
2,0.1067,14.7188,-90.136
2,0.1067,14.8125,-87.025
2,0.1067,14.9062,-83.613
2,0.1067,15.0,-84.821
2,0.1067,15.0938,-91.651
2,0.1067,15.1875,-92.817
2,0.1067,15.2812,-92.828
2,0.1067,15.375,-87.657
2,0.1067,15.4688,-93.387
2,0.1067,15.5625,-84.99
2,0.1067,15.6562,-89.454
2,0.1067,15.75,-97.152
2,0.1067,15.8438,-92.96
2,0.1067,15.9375,-95.362
3,0.1493,0.0,-76.255
3,0.1493,0.0938,-44.83
3,0.1493,0.1875,-45.401
3,0.1493,0.2812,-52.478
3,0.1493,0.375,-53.691
3,0.1493,0.4688,-72.642
3,0.1493,0.5625,-43.849
3,0.1493,0.6562,-53.175
3,0.1493,0.75,-76.151
3,0.1493,0.8438,-44.493
3,0.1493,0.9375,-68.309
3,0.1493,1.0312,-81.881
3,0.1493,1.125,-75.151
3,0.1493,1.2188,-81.662
3,0.1493,1.3125,-86.922
3,0.1493,1.4062,-68.16
3,0.1493,1.5,-61.605
3,0.1493,1.5938,-86.74
3,0.1493,1.6875,-74.046
3,0.1493,1.7812,-78.902
3,0.1493,1.875,-62.821
3,0.1493,1.9688,-74.346
3,0.1493,2.0625,-79.333
3,0.1493,2.1562,-80.622
3,0.1493,2.25,-75.577
3,0.1493,2.3438,-82.005
3,0.1493,2.4375,-84.818
3,0.1493,2.5312,-71.69
3,0.1493,2.625,-82.552
3,0.1493,2.7188,-80.803
3,0.1493,2.8125,-70.804
3,0.1493,2.9062,-98.446
3,0.1493,3.0,-92.344
3,0.1493,3.0938,-76.151
3,0.1493,3.1875,-82.452
3,0.1493,3.2812,-80.83
3,0.1493,3.375,-83.54
3,0.1493,3.4688,-83.542
3,0.1493,3.5625,-89.159
3,0.1493,3.6562,-67.904
3,0.1493,3.75,-66.469
3,0.1493,3.8438,-73.243
3,0.1493,3.9375,-65.294
3,0.1493,4.0312,-62.17
3,0.1493,4.125,-68.81
3,0.1493,4.2188,-68.967
3,0.1493,4.3125,-62.056
3,0.1493,4.4062,-69.333
3,0.1493,4.5,-93.367
3,0.1493,4.5938,-72.281
3,0.1493,4.6875,-69.036
3,0.1493,4.7812,-68.55
3,0.1493,4.875,-69.683
3,0.1493,4.9688,-66.21
3,0.1493,5.0625,-65.332
3,0.1493,5.1562,-67.355
3,0.1493,5.25,-63.721
3,0.1493,5.3438,-62.325
3,0.1493,5.4375,-73.001
3,0.1493,5.5312,-63.298
3,0.1493,5.625,-74.133
3,0.1493,5.7188,-64.94
3,0.1493,5.8125,-67.86
3,0.1493,5.9062,-69.22
3,0.1493,6.0,-72.553
3,0.1493,6.0938,-70.838
3,0.1493,6.1875,-69.23
3,0.1493,6.2812,-70.225
3,0.1493,6.375,-67.942
3,0.1493,6.4688,-62.512
3,0.1493,6.5625,-63.368
3,0.1493,6.6562,-63.26
3,0.1493,6.75,-75.534
3,0.1493,6.8438,-74.336
3,0.1493,6.9375,-59.086
3,0.1493,7.0312,-61.424
3,0.1493,7.125,-63.693
3,0.1493,7.2188,-60.701
3,0.1493,7.3125,-61.645
3,0.1493,7.4062,-73.08
3,0.1493,7.5,-64.195
3,0.1493,7.5938,-65.363
3,0.1493,7.6875,-65.724
3,0.1493,7.7812,-63.044
3,0.1493,7.875,-66.78
3,0.1493,7.9688,-63.49
3,0.1493,8.0625,-69.015
3,0.1493,8.1562,-59.464
3,0.1493,8.25,-64.033
3,0.1493,8.3438,-63.84
3,0.1493,8.4375,-72.81
3,0.1493,8.5312,-68.561
3,0.1493,8.625,-79.278
3,0.1493,8.7188,-78.68
3,0.1493,8.8125,-74.306
3,0.1493,8.9062,-68.789
3,0.1493,9.0,-68.304
3,0.1493,9.0938,-65.56
3,0.1493,9.1875,-65.733
3,0.1493,9.2812,-65.59
3,0.1493,9.375,-65.419
3,0.1493,9.4688,-60.35
3,0.1493,9.5625,-76.121
3,0.1493,9.6562,-62.884
3,0.1493,9.75,-60.929
3,0.1493,9.8438,-71.74
3,0.1493,9.9375,-62.402
3,0.1493,10.0312,-71.327
3,0.1493,10.125,-70.404
3,0.1493,10.2188,-66.938
3,0.1493,10.3125,-74.191
3,0.1493,10.4062,-69.604
3,0.1493,10.5,-76.431
3,0.1493,10.5938,-71.42
3,0.1493,10.6875,-81.338
3,0.1493,10.7812,-74.696
3,0.1493,10.875,-74.641
3,0.1493,10.9688,-82.393
3,0.1493,11.0625,-76.525
3,0.1493,11.1562,-78.228
3,0.1493,11.25,-78.399
3,0.1493,11.3438,-82.437
3,0.1493,11.4375,-77.064
3,0.1493,11.5312,-79.588
3,0.1493,11.625,-88.438
3,0.1493,11.7188,-76.429
3,0.1493,11.8125,-75.96
3,0.1493,11.9062,-73.835
3,0.1493,12.0,-88.68
3,0.1493,12.0938,-74.192
3,0.1493,12.1875,-78.73
3,0.1493,12.2812,-76.074
3,0.1493,12.375,-80.123
3,0.1493,12.4688,-75.217
3,0.1493,12.5625,-73.221
3,0.1493,12.6562,-83.799
3,0.1493,12.75,-72.565
3,0.1493,12.8438,-80.518
3,0.1493,12.9375,-88.239
3,0.1493,13.0312,-85.884
3,0.1493,13.125,-82.385
3,0.1493,13.2188,-80.665
3,0.1493,13.3125,-89.724
3,0.1493,13.4062,-83.13
3,0.1493,13.5,-88.013
3,0.1493,13.5938,-75.951
3,0.1493,13.6875,-86.865
3,0.1493,13.7812,-84.554
3,0.1493,13.875,-81.214
3,0.1493,13.9688,-88.246
3,0.1493,14.0625,-80.555
3,0.1493,14.1562,-83.967
3,0.1493,14.25,-93.228
3,0.1493,14.3438,-87.671
3,0.1493,14.4375,-84.133
3,0.1493,14.5312,-84.31
3,0.1493,14.625,-79.198
3,0.1493,14.7188,-85.467
3,0.1493,14.8125,-81.005
3,0.1493,14.9062,-83.805
3,0.1493,15.0,-95.837
3,0.1493,15.0938,-84.746
3,0.1493,15.1875,-94.542
3,0.1493,15.2812,-88.648
3,0.1493,15.375,-91.822
3,0.1493,15.4688,-90.909
3,0.1493,15.5625,-84.091
3,0.1493,15.6562,-88.437
3,0.1493,15.75,-87.27
3,0.1493,15.8438,-85.117
3,0.1493,15.9375,-93.243
4,0.192,0.0,-61.632
4,0.192,0.0938,-46.628
4,0.192,0.1875,-44.853
4,0.192,0.2812,-51.826
4,0.192,0.375,-61.563
4,0.192,0.4688,-66.8
4,0.192,0.5625,-42.469
4,0.192,0.6562,-66.989
4,0.192,0.75,-69.022
4,0.192,0.8438,-42.452
4,0.192,0.9375,-70.972
4,0.192,1.0312,-77.733
4,0.192,1.125,-68.1
4,0.192,1.2188,-87.27
4,0.192,1.3125,-65.725
4,0.192,1.4062,-63.522
4,0.192,1.5,-62.98
4,0.192,1.5938,-93.011
4,0.192,1.6875,-64.893
4,0.192,1.7812,-81.038
4,0.192,1.875,-67.276
4,0.192,1.9688,-77.732
4,0.192,2.0625,-78.87
4,0.192,2.1562,-79.032
4,0.192,2.25,-69.172
4,0.192,2.3438,-97.337
4,0.192,2.4375,-78.271
4,0.192,2.5312,-74.582
4,0.192,2.625,-82.804
4,0.192,2.7188,-82.463
4,0.192,2.8125,-78.77
4,0.192,2.9062,-80.738
4,0.192,3.0,-88.016
4,0.192,3.0938,-89.575
4,0.192,3.1875,-79.173
4,0.192,3.2812,-82.818
4,0.192,3.375,-75.171
4,0.192,3.4688,-76.839
4,0.192,3.5625,-70.068
4,0.192,3.6562,-67.447
4,0.192,3.75,-60.703
4,0.192,3.8438,-77.817
4,0.192,3.9375,-76.881
4,0.192,4.0312,-65.583
4,0.192,4.125,-72.524
4,0.192,4.2188,-75.404
4,0.192,4.3125,-70.626
4,0.192,4.4062,-67.157
4,0.192,4.5,-71.233
4,0.192,4.5938,-74.442
4,0.192,4.6875,-79.182
4,0.192,4.7812,-70.987
4,0.192,4.875,-77.816
4,0.192,4.9688,-82.874
4,0.192,5.0625,-74.325
4,0.192,5.1562,-82.523
4,0.192,5.25,-75.68
4,0.192,5.3438,-88.924
4,0.192,5.4375,-70.263
4,0.192,5.5312,-70.721
4,0.192,5.625,-74.72
4,0.192,5.7188,-78.738
4,0.192,5.8125,-83.7
4,0.192,5.9062,-74.033
4,0.192,6.0,-75.717
4,0.192,6.0938,-75.72
4,0.192,6.1875,-73.981
4,0.192,6.2812,-80.651
4,0.192,6.375,-66.572
4,0.192,6.4688,-70.685
4,0.192,6.5625,-69.101
4,0.192,6.6562,-78.021
4,0.192,6.75,-73.733
4,0.192,6.8438,-71.954
4,0.192,6.9375,-80.287
4,0.192,7.0312,-72.82
4,0.192,7.125,-63.132
4,0.192,7.2188,-60.952
4,0.192,7.3125,-82.828
4,0.192,7.4062,-56.857
4,0.192,7.5,-65.361
4,0.192,7.5938,-64.793
4,0.192,7.6875,-66.007
4,0.192,7.7812,-90.455
4,0.192,7.875,-69.272
4,0.192,7.9688,-65.587
4,0.192,8.0625,-66.633
4,0.192,8.1562,-64.798
4,0.192,8.25,-66.046
4,0.192,8.3438,-71.862
4,0.192,8.4375,-73.87
4,0.192,8.5312,-88.507
4,0.192,8.625,-70.736
4,0.192,8.7188,-74.816
4,0.192,8.8125,-79.932
4,0.192,8.9062,-66.586
4,0.192,9.0,-70.062
4,0.192,9.0938,-74.396
4,0.192,9.1875,-65.309
4,0.192,9.2812,-63.71
4,0.192,9.375,-74.173
4,0.192,9.4688,-89.679
4,0.192,9.5625,-75.739
4,0.192,9.6562,-68.05
4,0.192,9.75,-69.477
4,0.192,9.8438,-91.219
4,0.192,9.9375,-78.756
4,0.192,10.0312,-72.676
4,0.192,10.125,-75.583
4,0.192,10.2188,-96.506
4,0.192,10.3125,-74.667
4,0.192,10.4062,-70.942
4,0.192,10.5,-82.525
4,0.192,10.5938,-75.823
4,0.192,10.6875,-75.424
4,0.192,10.7812,-77.405
4,0.192,10.875,-88.185
4,0.192,10.9688,-83.306
4,0.192,11.0625,-86.866
4,0.192,11.1562,-86.981
4,0.192,11.25,-82.471
4,0.192,11.3438,-77.58
4,0.192,11.4375,-80.011
4,0.192,11.5312,-74.544
4,0.192,11.625,-84.167
4,0.192,11.7188,-82.677
4,0.192,11.8125,-85.331
4,0.192,11.9062,-83.521
4,0.192,12.0,-84.419
4,0.192,12.0938,-82.353
4,0.192,12.1875,-84.852
4,0.192,12.2812,-82.826
4,0.192,12.375,-84.937
4,0.192,12.4688,-78.804
4,0.192,12.5625,-97.35
4,0.192,12.6562,-97.585
4,0.192,12.75,-83.435
4,0.192,12.8438,-97.043
4,0.192,12.9375,-97.433
4,0.192,13.0312,-85.638
4,0.192,13.125,-98.445
4,0.192,13.2188,-88.569
4,0.192,13.3125,-82.718
4,0.192,13.4062,-85.109
4,0.192,13.5,-86.146
4,0.192,13.5938,-90.827
4,0.192,13.6875,-91.553
4,0.192,13.7812,-88.445
4,0.192,13.875,-94.299
4,0.192,13.9688,-85.763
4,0.192,14.0625,-81.567
4,0.192,14.1562,-82.71
4,0.192,14.25,-93.005
4,0.192,14.3438,-84.294
4,0.192,14.4375,-91.059
4,0.192,14.5312,-79.079
4,0.192,14.625,-82.568
4,0.192,14.7188,-84.277
4,0.192,14.8125,-95.426
4,0.192,14.9062,-89.879
4,0.192,15.0,-93.274
4,0.192,15.0938,-83.974
4,0.192,15.1875,-90.407
4,0.192,15.2812,-94.833
4,0.192,15.375,-94.981
4,0.192,15.4688,-95.013
4,0.192,15.5625,-97.22
4,0.192,15.6562,-92.115
4,0.192,15.75,-90.514
4,0.192,15.8438,-84.915
4,0.192,15.9375,-90.584
5,0.2347,0.0,-61.297
5,0.2347,0.0938,-46.192
5,0.2347,0.1875,-36.945
5,0.2347,0.2812,-50.069
5,0.2347,0.375,-53.337
5,0.2347,0.4688,-71.014
5,0.2347,0.5625,-41.063
5,0.2347,0.6562,-63.464
5,0.2347,0.75,-68.557
5,0.2347,0.8438,-44.235
5,0.2347,0.9375,-78.057
5,0.2347,1.0312,-75.152
5,0.2347,1.125,-65.633
5,0.2347,1.2188,-74.182
5,0.2347,1.3125,-70.74
5,0.2347,1.4062,-63.848
5,0.2347,1.5,-65.6
5,0.2347,1.5938,-69.764
5,0.2347,1.6875,-63.628
5,0.2347,1.7812,-66.302
5,0.2347,1.875,-63.181
5,0.2347,1.9688,-69.8
5,0.2347,2.0625,-72.471
5,0.2347,2.1562,-75.955
5,0.2347,2.25,-66.675
5,0.2347,2.3438,-69.424
5,0.2347,2.4375,-61.921
5,0.2347,2.5312,-76.798
5,0.2347,2.625,-71.484
5,0.2347,2.7188,-81.304
5,0.2347,2.8125,-73.419
5,0.2347,2.9062,-84.281
5,0.2347,3.0,-82.284
5,0.2347,3.0938,-77.216
5,0.2347,3.1875,-68.521
5,0.2347,3.2812,-73.713
5,0.2347,3.375,-63.588
5,0.2347,3.4688,-68.313
5,0.2347,3.5625,-72.396
5,0.2347,3.6562,-66.125
5,0.2347,3.75,-65.369
5,0.2347,3.8438,-65.835
5,0.2347,3.9375,-72.958
5,0.2347,4.0312,-68.026
5,0.2347,4.125,-69.391
5,0.2347,4.2188,-76.174
5,0.2347,4.3125,-68.024
5,0.2347,4.4062,-83.538
5,0.2347,4.5,-82.306
5,0.2347,4.5938,-70.973
5,0.2347,4.6875,-86.782
5,0.2347,4.7812,-84.704
5,0.2347,4.875,-66.352
5,0.2347,4.9688,-72.267
5,0.2347,5.0625,-83.358
5,0.2347,5.1562,-74.765
5,0.2347,5.25,-69.815
5,0.2347,5.3438,-72.415
5,0.2347,5.4375,-78.076
5,0.2347,5.5312,-76.501
5,0.2347,5.625,-73.055
5,0.2347,5.7188,-68.521
5,0.2347,5.8125,-87.597
5,0.2347,5.9062,-86.523
5,0.2347,6.0,-82.607
5,0.2347,6.0938,-80.917
5,0.2347,6.1875,-72.643
5,0.2347,6.2812,-71.64
5,0.2347,6.375,-65.508
5,0.2347,6.4688,-82.162
5,0.2347,6.5625,-73.724
5,0.2347,6.6562,-83.579
5,0.2347,6.75,-71.532
5,0.2347,6.8438,-76.122
5,0.2347,6.9375,-68.126
5,0.2347,7.0312,-87.743
5,0.2347,7.125,-65.841
5,0.2347,7.2188,-66.589
5,0.2347,7.3125,-67.169
5,0.2347,7.4062,-67.559
5,0.2347,7.5,-62.592
5,0.2347,7.5938,-76.435
5,0.2347,7.6875,-66.874
5,0.2347,7.7812,-66.135
5,0.2347,7.875,-68.765
5,0.2347,7.9688,-68.075
5,0.2347,8.0625,-64.659
5,0.2347,8.1562,-70.654
5,0.2347,8.25,-69.305
5,0.2347,8.3438,-66.508
5,0.2347,8.4375,-67.962
5,0.2347,8.5312,-69.378
5,0.2347,8.625,-63.723
5,0.2347,8.7188,-71.122
5,0.2347,8.8125,-65.781
5,0.2347,8.9062,-80.762
5,0.2347,9.0,-78.206
5,0.2347,9.0938,-75.651
5,0.2347,9.1875,-75.823
5,0.2347,9.2812,-66.376
5,0.2347,9.375,-72.607
5,0.2347,9.4688,-67.782
5,0.2347,9.5625,-68.672
5,0.2347,9.6562,-70.569
5,0.2347,9.75,-73.335
5,0.2347,9.8438,-70.977
5,0.2347,9.9375,-70.074
5,0.2347,10.0312,-77.642
5,0.2347,10.125,-72.591
5,0.2347,10.2188,-73.765
5,0.2347,10.3125,-94.949
5,0.2347,10.4062,-85.855
5,0.2347,10.5,-88.49
5,0.2347,10.5938,-86.786
5,0.2347,10.6875,-85.742
5,0.2347,10.7812,-91.562
5,0.2347,10.875,-87.114
5,0.2347,10.9688,-88.878
5,0.2347,11.0625,-87.622
5,0.2347,11.1562,-89.299
5,0.2347,11.25,-99.464
5,0.2347,11.3438,-88.772
5,0.2347,11.4375,-91.567
5,0.2347,11.5312,-81.646
5,0.2347,11.625,-94.284
5,0.2347,11.7188,-91.056
5,0.2347,11.8125,-84.105
5,0.2347,11.9062,-82.345
5,0.2347,12.0,-87.733
5,0.2347,12.0938,-89.286
5,0.2347,12.1875,-80.454
5,0.2347,12.2812,-83.174
5,0.2347,12.375,-86.569
5,0.2347,12.4688,-91.558
5,0.2347,12.5625,-89.943
5,0.2347,12.6562,-84.264
5,0.2347,12.75,-80.996
5,0.2347,12.8438,-80.315
5,0.2347,12.9375,-78.444
5,0.2347,13.0312,-83.244
5,0.2347,13.125,-87.46
5,0.2347,13.2188,-78.614
5,0.2347,13.3125,-81.675
5,0.2347,13.4062,-78.159
5,0.2347,13.5,-75.498
5,0.2347,13.5938,-88.486
5,0.2347,13.6875,-80.144
5,0.2347,13.7812,-82.021
5,0.2347,13.875,-92.828
5,0.2347,13.9688,-90.855
5,0.2347,14.0625,-80.666
5,0.2347,14.1562,-82.743
5,0.2347,14.25,-86.344
5,0.2347,14.3438,-90.471
5,0.2347,14.4375,-81.277
5,0.2347,14.5312,-91.27
5,0.2347,14.625,-92.547
5,0.2347,14.7188,-93.089
5,0.2347,14.8125,-88.992
5,0.2347,14.9062,-93.206
5,0.2347,15.0,-89.749
5,0.2347,15.0938,-92.597
5,0.2347,15.1875,-95.777
5,0.2347,15.2812,-90.703
5,0.2347,15.375,-92.036
5,0.2347,15.4688,-98.663
5,0.2347,15.5625,-95.305
5,0.2347,15.6562,-92.084
5,0.2347,15.75,-94.66
5,0.2347,15.8438,-90.423
5,0.2347,15.9375,-98.474
6,0.2773,0.0,-63.785
6,0.2773,0.0938,-47.702
6,0.2773,0.1875,-45.402
6,0.2773,0.2812,-48.464
6,0.2773,0.375,-63.245
6,0.2773,0.4688,-56.373
6,0.2773,0.5625,-43.3
6,0.2773,0.6562,-54.839
6,0.2773,0.75,-80.84
6,0.2773,0.8438,-47.834
6,0.2773,0.9375,-73.27
6,0.2773,1.0312,-89.396
6,0.2773,1.125,-63.247
6,0.2773,1.2188,-79.081
6,0.2773,1.3125,-62.434
6,0.2773,1.4062,-77.902
6,0.2773,1.5,-59.532
6,0.2773,1.5938,-62.978
6,0.2773,1.6875,-65.419
6,0.2773,1.7812,-61.963
6,0.2773,1.875,-70.137
6,0.2773,1.9688,-69.516
6,0.2773,2.0625,-80.511
6,0.2773,2.1562,-73.484
6,0.2773,2.25,-79.119
6,0.2773,2.3438,-83.015
6,0.2773,2.4375,-68.503
6,0.2773,2.5312,-70.23
6,0.2773,2.625,-74.231
6,0.2773,2.7188,-76.114
6,0.2773,2.8125,-73.906
6,0.2773,2.9062,-83.259
6,0.2773,3.0,-83.318
6,0.2773,3.0938,-70.798
6,0.2773,3.1875,-73.957
6,0.2773,3.2812,-74.061
6,0.2773,3.375,-76.356
6,0.2773,3.4688,-76.261
6,0.2773,3.5625,-89.94
6,0.2773,3.6562,-94.121
6,0.2773,3.75,-80.382
6,0.2773,3.8438,-83.636
6,0.2773,3.9375,-80.456
6,0.2773,4.0312,-92.015
6,0.2773,4.125,-83.782
6,0.2773,4.2188,-90.671
6,0.2773,4.3125,-82.508
6,0.2773,4.4062,-75.37
6,0.2773,4.5,-83.917
6,0.2773,4.5938,-83.325
6,0.2773,4.6875,-86.05
6,0.2773,4.7812,-87.266
6,0.2773,4.875,-82.506
6,0.2773,4.9688,-86.45
6,0.2773,5.0625,-74.451
6,0.2773,5.1562,-86.03
6,0.2773,5.25,-74.474
6,0.2773,5.3438,-85.527
6,0.2773,5.4375,-91.144
6,0.2773,5.5312,-93.351
6,0.2773,5.625,-88.059
6,0.2773,5.7188,-96.359
6,0.2773,5.8125,-93.383
6,0.2773,5.9062,-88.017
6,0.2773,6.0,-85.656
6,0.2773,6.0938,-90.494
6,0.2773,6.1875,-79.867
6,0.2773,6.2812,-79.481
6,0.2773,6.375,-68.594
6,0.2773,6.4688,-82.669
6,0.2773,6.5625,-82.919
6,0.2773,6.6562,-85.799
6,0.2773,6.75,-82.757
6,0.2773,6.8438,-81.172
6,0.2773,6.9375,-86.526
6,0.2773,7.0312,-75.792
6,0.2773,7.125,-80.272
6,0.2773,7.2188,-74.161
6,0.2773,7.3125,-78.501
6,0.2773,7.4062,-74.487
6,0.2773,7.5,-78.602
6,0.2773,7.5938,-80.889
6,0.2773,7.6875,-83.57
6,0.2773,7.7812,-83.668
6,0.2773,7.875,-80.567
6,0.2773,7.9688,-86.824
6,0.2773,8.0625,-93.007
6,0.2773,8.1562,-82.541
6,0.2773,8.25,-79.534
6,0.2773,8.3438,-81.582
6,0.2773,8.4375,-76.419
6,0.2773,8.5312,-75.865
6,0.2773,8.625,-83.726
6,0.2773,8.7188,-85.955
6,0.2773,8.8125,-89.933
6,0.2773,8.9062,-94.065
6,0.2773,9.0,-84.778
6,0.2773,9.0938,-85.301
6,0.2773,9.1875,-82.899
6,0.2773,9.2812,-76.592
6,0.2773,9.375,-93.862
6,0.2773,9.4688,-79.196
6,0.2773,9.5625,-82.233
6,0.2773,9.6562,-81.701
6,0.2773,9.75,-77.433
6,0.2773,9.8438,-93.319
6,0.2773,9.9375,-82.404
6,0.2773,10.0312,-71.602
6,0.2773,10.125,-83.403
6,0.2773,10.2188,-94.0
6,0.2773,10.3125,-98.302
6,0.2773,10.4062,-94.131
6,0.2773,10.5,-95.611
6,0.2773,10.5938,-92.23
6,0.2773,10.6875,-95.472
6,0.2773,10.7812,-99.757
6,0.2773,10.875,-89.927
6,0.2773,10.9688,-95.859
6,0.2773,11.0625,-90.136
6,0.2773,11.1562,-95.601
6,0.2773,11.25,-96.599
6,0.2773,11.3438,-99.087
6,0.2773,11.4375,-98.834
6,0.2773,11.5312,-97.827
6,0.2773,11.625,-97.621
6,0.2773,11.7188,-98.424
6,0.2773,11.8125,-92.161
6,0.2773,11.9062,-89.902
6,0.2773,12.0,-84.176
6,0.2773,12.0938,-86.743
6,0.2773,12.1875,-98.895
6,0.2773,12.2812,-83.272
6,0.2773,12.375,-85.616
6,0.2773,12.4688,-82.977
6,0.2773,12.5625,-86.35
6,0.2773,12.6562,-96.266
6,0.2773,12.75,-93.014
6,0.2773,12.8438,-86.896
6,0.2773,12.9375,-91.425
6,0.2773,13.0312,-81.073
6,0.2773,13.125,-97.323
6,0.2773,13.2188,-88.138
6,0.2773,13.3125,-89.176
6,0.2773,13.4062,-84.933
6,0.2773,13.5,-89.84
6,0.2773,13.5938,-96.524
6,0.2773,13.6875,-88.153
6,0.2773,13.7812,-92.45
6,0.2773,13.875,-98.57
6,0.2773,13.9688,-94.881
6,0.2773,14.0625,-99.115
6,0.2773,14.1562,-91.992
6,0.2773,14.25,-94.992
6,0.2773,14.3438,-98.883
6,0.2773,14.4375,-93.837
6,0.2773,14.5312,-96.872
6,0.2773,14.625,-97.363
6,0.2773,14.7188,-97.604
6,0.2773,14.8125,-99.842
6,0.2773,14.9062,-99.702
6,0.2773,15.0,-96.853
6,0.2773,15.0938,-93.085
6,0.2773,15.1875,-93.746
6,0.2773,15.2812,-97.909
6,0.2773,15.375,-97.97
6,0.2773,15.4688,-99.904
6,0.2773,15.5625,-99.253
6,0.2773,15.6562,-99.252
6,0.2773,15.75,-97.317
6,0.2773,15.8438,-99.454
6,0.2773,15.9375,-99.688
7,0.32,0.0,-64.5
7,0.32,0.0938,-47.46
7,0.32,0.1875,-47.561
7,0.32,0.2812,-46.772
7,0.32,0.375,-61.314
7,0.32,0.4688,-54.521
7,0.32,0.5625,-45.136
7,0.32,0.6562,-52.487
7,0.32,0.75,-77.38
7,0.32,0.8438,-52.01
7,0.32,0.9375,-90.525
7,0.32,1.0312,-78.97
7,0.32,1.125,-77.68
7,0.32,1.2188,-81.377
7,0.32,1.3125,-62.798
7,0.32,1.4062,-87.437
7,0.32,1.5,-64.083
7,0.32,1.5938,-79.625
7,0.32,1.6875,-81.771
7,0.32,1.7812,-61.519
7,0.32,1.875,-64.305
7,0.32,1.9688,-68.623
7,0.32,2.0625,-83.863
7,0.32,2.1562,-85.175
7,0.32,2.25,-71.92
7,0.32,2.3438,-77.414
7,0.32,2.4375,-65.95
7,0.32,2.5312,-73.448
7,0.32,2.625,-73.447
7,0.32,2.7188,-77.887
7,0.32,2.8125,-80.391
7,0.32,2.9062,-88.387
7,0.32,3.0,-99.47
7,0.32,3.0938,-73.217
7,0.32,3.1875,-88.326
7,0.32,3.2812,-73.745
7,0.32,3.375,-91.693
7,0.32,3.4688,-86.71
7,0.32,3.5625,-83.133
7,0.32,3.6562,-84.688
7,0.32,3.75,-84.426
7,0.32,3.8438,-84.454
7,0.32,3.9375,-85.019
7,0.32,4.0312,-96.816
7,0.32,4.125,-84.608
7,0.32,4.2188,-94.897
7,0.32,4.3125,-92.834
7,0.32,4.4062,-82.04
7,0.32,4.5,-84.438
7,0.32,4.5938,-87.002
7,0.32,4.6875,-93.192
7,0.32,4.7812,-91.335
7,0.32,4.875,-92.735
7,0.32,4.9688,-82.789
7,0.32,5.0625,-69.99
7,0.32,5.1562,-81.638
7,0.32,5.25,-85.8
7,0.32,5.3438,-94.304
7,0.32,5.4375,-91.936
7,0.32,5.5312,-86.393
7,0.32,5.625,-91.725
7,0.32,5.7188,-95.212
7,0.32,5.8125,-87.51
7,0.32,5.9062,-90.281
7,0.32,6.0,-93.946
7,0.32,6.0938,-82.04
7,0.32,6.1875,-86.247
7,0.32,6.2812,-78.101
7,0.32,6.375,-84.262
7,0.32,6.4688,-73.287
7,0.32,6.5625,-80.097
7,0.32,6.6562,-91.389
7,0.32,6.75,-93.463
7,0.32,6.8438,-94.088
7,0.32,6.9375,-82.033
7,0.32,7.0312,-79.496
7,0.32,7.125,-92.19
7,0.32,7.2188,-96.568
7,0.32,7.3125,-96.516
7,0.32,7.4062,-84.212
7,0.32,7.5,-98.259
7,0.32,7.5938,-87.439
7,0.32,7.6875,-84.614
7,0.32,7.7812,-99.515
7,0.32,7.875,-89.268
7,0.32,7.9688,-88.652
7,0.32,8.0625,-87.344
7,0.32,8.1562,-87.496
7,0.32,8.25,-80.505
7,0.32,8.3438,-82.468
7,0.32,8.4375,-82.867
7,0.32,8.5312,-73.656
7,0.32,8.625,-80.481
7,0.32,8.7188,-84.447
7,0.32,8.8125,-87.331
7,0.32,8.9062,-93.006
7,0.32,9.0,-93.527
7,0.32,9.0938,-85.982
7,0.32,9.1875,-84.589
7,0.32,9.2812,-90.83
7,0.32,9.375,-93.764
7,0.32,9.4688,-85.057
7,0.32,9.5625,-83.229
7,0.32,9.6562,-87.675
7,0.32,9.75,-85.173
7,0.32,9.8438,-81.621
7,0.32,9.9375,-81.43
7,0.32,10.0312,-92.502
7,0.32,10.125,-81.85
7,0.32,10.2188,-83.522
7,0.32,10.3125,-84.404
7,0.32,10.4062,-90.842
7,0.32,10.5,-96.01
7,0.32,10.5938,-97.366
7,0.32,10.6875,-96.689
7,0.32,10.7812,-98.189
7,0.32,10.875,-94.637
7,0.32,10.9688,-94.318
7,0.32,11.0625,-99.295
7,0.32,11.1562,-97.408
7,0.32,11.25,-94.352
7,0.32,11.3438,-99.21
7,0.32,11.4375,-98.218
7,0.32,11.5312,-95.498
7,0.32,11.625,-99.737
7,0.32,11.7188,-97.107
7,0.32,11.8125,-96.017
7,0.32,11.9062,-97.96
7,0.32,12.0,-89.183
7,0.32,12.0938,-99.796
7,0.32,12.1875,-91.664
7,0.32,12.2812,-95.396
7,0.32,12.375,-88.057
7,0.32,12.4688,-99.228
7,0.32,12.5625,-80.802
7,0.32,12.6562,-88.459
7,0.32,12.75,-95.562
7,0.32,12.8438,-97.053
7,0.32,12.9375,-89.555
7,0.32,13.0312,-84.309
7,0.32,13.125,-95.456
7,0.32,13.2188,-97.632
7,0.32,13.3125,-91.804
7,0.32,13.4062,-92.179
7,0.32,13.5,-97.863
7,0.32,13.5938,-96.744
7,0.32,13.6875,-93.297
7,0.32,13.7812,-97.312
7,0.32,13.875,-98.647
7,0.32,13.9688,-99.928
7,0.32,14.0625,-95.753
7,0.32,14.1562,-98.636
7,0.32,14.25,-96.295
7,0.32,14.3438,-98.506
7,0.32,14.4375,-97.517
7,0.32,14.5312,-98.974
7,0.32,14.625,-98.625
7,0.32,14.7188,-99.133
7,0.32,14.8125,-97.971
7,0.32,14.9062,-99.47
7,0.32,15.0,-98.741
7,0.32,15.0938,-97.717
7,0.32,15.1875,-99.399
7,0.32,15.2812,-98.907
7,0.32,15.375,-99.027
7,0.32,15.4688,-99.715
7,0.32,15.5625,-98.503
7,0.32,15.6562,-99.803
7,0.32,15.75,-99.089
7,0.32,15.8438,-99.677
7,0.32,15.9375,-97.879
8,0.3627,0.0,-80.249
8,0.3627,0.0938,-48.734
8,0.3627,0.1875,-47.036
8,0.3627,0.2812,-45.497
8,0.3627,0.375,-77.748
8,0.3627,0.4688,-55.846
8,0.3627,0.5625,-48.324
8,0.3627,0.6562,-55.949
8,0.3627,0.75,-77.163
8,0.3627,0.8438,-67.221
8,0.3627,0.9375,-79.801
8,0.3627,1.0312,-83.052
8,0.3627,1.125,-73.153
8,0.3627,1.2188,-85.689
8,0.3627,1.3125,-71.625
8,0.3627,1.4062,-75.698
8,0.3627,1.5,-68.732
8,0.3627,1.5938,-75.005
8,0.3627,1.6875,-68.586
8,0.3627,1.7812,-67.322
8,0.3627,1.875,-66.221
8,0.3627,1.9688,-76.037
8,0.3627,2.0625,-72.717
8,0.3627,2.1562,-76.594
8,0.3627,2.25,-70.442
8,0.3627,2.3438,-69.258
8,0.3627,2.4375,-68.95
8,0.3627,2.5312,-89.696
8,0.3627,2.625,-75.655
8,0.3627,2.7188,-87.516
8,0.3627,2.8125,-83.412
8,0.3627,2.9062,-87.87
8,0.3627,3.0,-93.817
8,0.3627,3.0938,-77.457
8,0.3627,3.1875,-86.349
8,0.3627,3.2812,-79.342
8,0.3627,3.375,-90.826
8,0.3627,3.4688,-90.43
8,0.3627,3.5625,-91.439
8,0.3627,3.6562,-87.511
8,0.3627,3.75,-89.795
8,0.3627,3.8438,-88.956
8,0.3627,3.9375,-84.97
8,0.3627,4.0312,-90.196
8,0.3627,4.125,-92.714
8,0.3627,4.2188,-98.887
8,0.3627,4.3125,-93.716
8,0.3627,4.4062,-81.598
8,0.3627,4.5,-92.853
8,0.3627,4.5938,-72.014
8,0.3627,4.6875,-88.201
8,0.3627,4.7812,-82.15
8,0.3627,4.875,-94.803
8,0.3627,4.9688,-91.551
8,0.3627,5.0625,-88.941
8,0.3627,5.1562,-93.775
8,0.3627,5.25,-93.761
8,0.3627,5.3438,-92.992
8,0.3627,5.4375,-94.913
8,0.3627,5.5312,-99.644
8,0.3627,5.625,-89.538
8,0.3627,5.7188,-87.746
8,0.3627,5.8125,-92.726
8,0.3627,5.9062,-90.578
8,0.3627,6.0,-99.879
8,0.3627,6.0938,-82.845
8,0.3627,6.1875,-76.753
8,0.3627,6.2812,-82.577
8,0.3627,6.375,-70.664
8,0.3627,6.4688,-83.649
8,0.3627,6.5625,-85.141
8,0.3627,6.6562,-89.02
8,0.3627,6.75,-93.443
8,0.3627,6.8438,-90.0
8,0.3627,6.9375,-90.864
8,0.3627,7.0312,-87.342
8,0.3627,7.125,-82.558
8,0.3627,7.2188,-85.542
8,0.3627,7.3125,-92.805
8,0.3627,7.4062,-90.026
8,0.3627,7.5,-91.409
8,0.3627,7.5938,-95.856
8,0.3627,7.6875,-94.677
8,0.3627,7.7812,-92.39
8,0.3627,7.875,-90.074
8,0.3627,7.9688,-86.318
8,0.3627,8.0625,-87.956
8,0.3627,8.1562,-88.49
8,0.3627,8.25,-80.647
8,0.3627,8.3438,-82.473
8,0.3627,8.4375,-78.921
8,0.3627,8.5312,-86.808
8,0.3627,8.625,-86.835
8,0.3627,8.7188,-87.14
8,0.3627,8.8125,-90.241
8,0.3627,8.9062,-99.349
8,0.3627,9.0,-90.49
8,0.3627,9.0938,-90.002
8,0.3627,9.1875,-82.573
8,0.3627,9.2812,-88.75
8,0.3627,9.375,-82.225
8,0.3627,9.4688,-75.584
8,0.3627,9.5625,-80.886
8,0.3627,9.6562,-94.324
8,0.3627,9.75,-91.057
8,0.3627,9.8438,-89.906
8,0.3627,9.9375,-90.847
8,0.3627,10.0312,-81.65
8,0.3627,10.125,-80.592
8,0.3627,10.2188,-84.647
8,0.3627,10.3125,-81.055
8,0.3627,10.4062,-92.896
8,0.3627,10.5,-91.267
8,0.3627,10.5938,-99.305
8,0.3627,10.6875,-99.956
8,0.3627,10.7812,-99.47
8,0.3627,10.875,-91.563
8,0.3627,10.9688,-97.467
8,0.3627,11.0625,-90.407
8,0.3627,11.1562,-91.868
8,0.3627,11.25,-98.487
8,0.3627,11.3438,-89.136
8,0.3627,11.4375,-90.224
8,0.3627,11.5312,-91.752
8,0.3627,11.625,-92.705
8,0.3627,11.7188,-95.271
8,0.3627,11.8125,-97.302
8,0.3627,11.9062,-98.02
8,0.3627,12.0,-91.627
8,0.3627,12.0938,-99.208
8,0.3627,12.1875,-97.735
8,0.3627,12.2812,-91.192
8,0.3627,12.375,-91.28
8,0.3627,12.4688,-87.998
8,0.3627,12.5625,-89.871
8,0.3627,12.6562,-98.403
8,0.3627,12.75,-84.717
8,0.3627,12.8438,-96.742
8,0.3627,12.9375,-89.626
8,0.3627,13.0312,-91.496
8,0.3627,13.125,-90.623
8,0.3627,13.2188,-99.584
8,0.3627,13.3125,-98.589
8,0.3627,13.4062,-97.765
8,0.3627,13.5,-96.993
8,0.3627,13.5938,-97.418
8,0.3627,13.6875,-97.95
8,0.3627,13.7812,-98.395
8,0.3627,13.875,-99.918
8,0.3627,13.9688,-93.09
8,0.3627,14.0625,-98.003
8,0.3627,14.1562,-94.897
8,0.3627,14.25,-98.752
8,0.3627,14.3438,-91.038
8,0.3627,14.4375,-91.236
8,0.3627,14.5312,-97.771
8,0.3627,14.625,-96.798
8,0.3627,14.7188,-98.475
8,0.3627,14.8125,-97.956
8,0.3627,14.9062,-98.274
8,0.3627,15.0,-99.268
8,0.3627,15.0938,-99.507
8,0.3627,15.1875,-99.175
8,0.3627,15.2812,-99.441
8,0.3627,15.375,-99.608
8,0.3627,15.4688,-99.034
8,0.3627,15.5625,-99.967
8,0.3627,15.6562,-99.647
8,0.3627,15.75,-99.82
8,0.3627,15.8438,-99.864
8,0.3627,15.9375,-99.701
9,0.4053,0.0,-57.863
9,0.4053,0.0938,-35.641
9,0.4053,0.1875,-44.514
9,0.4053,0.2812,-55.844
9,0.4053,0.375,-57.107
9,0.4053,0.4688,-46.938
9,0.4053,0.5625,-56.116
9,0.4053,0.6562,-61.243
9,0.4053,0.75,-55.728
9,0.4053,0.8438,-54.116
9,0.4053,0.9375,-62.527
9,0.4053,1.0312,-74.701
9,0.4053,1.125,-63.049
9,0.4053,1.2188,-63.604
9,0.4053,1.3125,-65.658
9,0.4053,1.4062,-67.796
9,0.4053,1.5,-68.23
9,0.4053,1.5938,-60.071
9,0.4053,1.6875,-77.982
9,0.4053,1.7812,-69.654
9,0.4053,1.875,-60.864
9,0.4053,1.9688,-59.321
9,0.4053,2.0625,-73.772
9,0.4053,2.1562,-69.606
9,0.4053,2.25,-59.348
9,0.4053,2.3438,-59.139
9,0.4053,2.4375,-68.446
9,0.4053,2.5312,-64.499
9,0.4053,2.625,-63.316
9,0.4053,2.7188,-64.348
9,0.4053,2.8125,-74.457
9,0.4053,2.9062,-62.747
9,0.4053,3.0,-71.498
9,0.4053,3.0938,-59.437
9,0.4053,3.1875,-63.504
9,0.4053,3.2812,-63.086
9,0.4053,3.375,-64.161
9,0.4053,3.4688,-64.183
9,0.4053,3.5625,-58.654
9,0.4053,3.6562,-75.251
9,0.4053,3.75,-69.151
9,0.4053,3.8438,-70.221
9,0.4053,3.9375,-70.05
9,0.4053,4.0312,-77.317
9,0.4053,4.125,-72.185
9,0.4053,4.2188,-71.834
9,0.4053,4.3125,-65.763
9,0.4053,4.4062,-74.465
9,0.4053,4.5,-68.532
9,0.4053,4.5938,-78.91
9,0.4053,4.6875,-76.795
9,0.4053,4.7812,-65.506
9,0.4053,4.875,-66.038
9,0.4053,4.9688,-56.909
9,0.4053,5.0625,-60.257
9,0.4053,5.1562,-72.091
9,0.4053,5.25,-77.372
9,0.4053,5.3438,-68.959
9,0.4053,5.4375,-63.671
9,0.4053,5.5312,-63.244
9,0.4053,5.625,-59.043
9,0.4053,5.7188,-73.15
9,0.4053,5.8125,-69.641
9,0.4053,5.9062,-67.787
9,0.4053,6.0,-58.043
9,0.4053,6.0938,-66.407
9,0.4053,6.1875,-68.671
9,0.4053,6.2812,-69.828
9,0.4053,6.375,-75.579
9,0.4053,6.4688,-65.363
9,0.4053,6.5625,-62.373
9,0.4053,6.6562,-64.474
9,0.4053,6.75,-67.115
9,0.4053,6.8438,-60.777
9,0.4053,6.9375,-57.312
9,0.4053,7.0312,-65.467
9,0.4053,7.125,-71.329
9,0.4053,7.2188,-61.553
9,0.4053,7.3125,-76.552
9,0.4053,7.4062,-57.165
9,0.4053,7.5,-68.132
9,0.4053,7.5938,-64.798
9,0.4053,7.6875,-68.533
9,0.4053,7.7812,-61.489
9,0.4053,7.875,-60.899
9,0.4053,7.9688,-70.416
9,0.4053,8.0625,-65.96
9,0.4053,8.1562,-67.175
9,0.4053,8.25,-68.829
9,0.4053,8.3438,-66.746
9,0.4053,8.4375,-62.6
9,0.4053,8.5312,-72.572
9,0.4053,8.625,-67.979
9,0.4053,8.7188,-66.25
9,0.4053,8.8125,-59.099
9,0.4053,8.9062,-66.31
9,0.4053,9.0,-66.398
9,0.4053,9.0938,-63.013
9,0.4053,9.1875,-68.932
9,0.4053,9.2812,-58.893
9,0.4053,9.375,-68.705
9,0.4053,9.4688,-64.345
9,0.4053,9.5625,-78.288
9,0.4053,9.6562,-63.637
9,0.4053,9.75,-78.416
9,0.4053,9.8438,-66.507
9,0.4053,9.9375,-77.298
9,0.4053,10.0312,-64.247
9,0.4053,10.125,-63.252
9,0.4053,10.2188,-68.821
9,0.4053,10.3125,-64.904
9,0.4053,10.4062,-73.846
9,0.4053,10.5,-64.974
9,0.4053,10.5938,-58.506
9,0.4053,10.6875,-61.205
9,0.4053,10.7812,-59.325
9,0.4053,10.875,-65.757
9,0.4053,10.9688,-61.762
9,0.4053,11.0625,-60.3
9,0.4053,11.1562,-61.846
9,0.4053,11.25,-73.729
9,0.4053,11.3438,-66.747
9,0.4053,11.4375,-63.951
9,0.4053,11.5312,-69.274
9,0.4053,11.625,-67.266
9,0.4053,11.7188,-67.389
9,0.4053,11.8125,-69.094
9,0.4053,11.9062,-71.209
9,0.4053,12.0,-71.443
9,0.4053,12.0938,-67.946
9,0.4053,12.1875,-60.175
9,0.4053,12.2812,-86.547
9,0.4053,12.375,-62.867
9,0.4053,12.4688,-60.746
9,0.4053,12.5625,-61.892
9,0.4053,12.6562,-63.361
9,0.4053,12.75,-55.165
9,0.4053,12.8438,-62.06
9,0.4053,12.9375,-65.303
9,0.4053,13.0312,-74.359
9,0.4053,13.125,-64.067
9,0.4053,13.2188,-65.345
9,0.4053,13.3125,-78.823
9,0.4053,13.4062,-60.621
9,0.4053,13.5,-68.418
9,0.4053,13.5938,-60.889
9,0.4053,13.6875,-61.321
9,0.4053,13.7812,-59.059
9,0.4053,13.875,-73.36
9,0.4053,13.9688,-72.129
9,0.4053,14.0625,-68.026
9,0.4053,14.1562,-60.459
9,0.4053,14.25,-67.194
9,0.4053,14.3438,-63.759
9,0.4053,14.4375,-60.304
9,0.4053,14.5312,-60.838
9,0.4053,14.625,-62.282
9,0.4053,14.7188,-66.371
9,0.4053,14.8125,-58.809
9,0.4053,14.9062,-57.295
9,0.4053,15.0,-66.741
9,0.4053,15.0938,-64.538
9,0.4053,15.1875,-76.291
9,0.4053,15.2812,-61.921
9,0.4053,15.375,-62.698
9,0.4053,15.4688,-65.291
9,0.4053,15.5625,-59.841
9,0.4053,15.6562,-64.597
9,0.4053,15.75,-66.358
9,0.4053,15.8438,-66.22
9,0.4053,15.9375,-68.28
10,0.448,0.0,-62.658
10,0.448,0.0938,-49.798
10,0.448,0.1875,-57.881
10,0.448,0.2812,-79.044
10,0.448,0.375,-60.92
10,0.448,0.4688,-66.26
10,0.448,0.5625,-62.747
10,0.448,0.6562,-58.067
10,0.448,0.75,-73.362
10,0.448,0.8438,-68.126
10,0.448,0.9375,-75.348
10,0.448,1.0312,-73.866
10,0.448,1.125,-74.758
10,0.448,1.2188,-78.747
10,0.448,1.3125,-77.851
10,0.448,1.4062,-71.247
10,0.448,1.5,-79.957
10,0.448,1.5938,-74.66
10,0.448,1.6875,-74.474
10,0.448,1.7812,-77.637
10,0.448,1.875,-67.315
10,0.448,1.9688,-69.204
10,0.448,2.0625,-71.922
10,0.448,2.1562,-88.418
10,0.448,2.25,-76.985
10,0.448,2.3438,-73.118
10,0.448,2.4375,-75.93
10,0.448,2.5312,-79.92
10,0.448,2.625,-78.079
10,0.448,2.7188,-78.339
10,0.448,2.8125,-83.594
10,0.448,2.9062,-78.672
10,0.448,3.0,-83.901
10,0.448,3.0938,-90.873
10,0.448,3.1875,-83.743
10,0.448,3.2812,-82.388
10,0.448,3.375,-81.998
10,0.448,3.4688,-95.479
10,0.448,3.5625,-82.245
10,0.448,3.6562,-75.382
10,0.448,3.75,-89.425
10,0.448,3.8438,-78.593
10,0.448,3.9375,-78.519
10,0.448,4.0312,-86.068
10,0.448,4.125,-88.631
10,0.448,4.2188,-87.653
10,0.448,4.3125,-85.575
10,0.448,4.4062,-86.675
10,0.448,4.5,-82.475
10,0.448,4.5938,-78.539
10,0.448,4.6875,-81.156
10,0.448,4.7812,-85.544
10,0.448,4.875,-75.121
10,0.448,4.9688,-80.56
10,0.448,5.0625,-84.937
10,0.448,5.1562,-84.706
10,0.448,5.25,-83.074
10,0.448,5.3438,-83.485
10,0.448,5.4375,-92.751
10,0.448,5.5312,-86.728
10,0.448,5.625,-84.648
10,0.448,5.7188,-86.194
10,0.448,5.8125,-93.434
10,0.448,5.9062,-93.958
10,0.448,6.0,-80.073
10,0.448,6.0938,-91.665
10,0.448,6.1875,-92.523
10,0.448,6.2812,-84.4
10,0.448,6.375,-85.538
10,0.448,6.4688,-85.998
10,0.448,6.5625,-88.374
10,0.448,6.6562,-81.272
10,0.448,6.75,-84.595
10,0.448,6.8438,-82.994
10,0.448,6.9375,-93.071
10,0.448,7.0312,-80.232
10,0.448,7.125,-95.81
10,0.448,7.2188,-80.623
10,0.448,7.3125,-82.859
10,0.448,7.4062,-87.09
10,0.448,7.5,-85.898
10,0.448,7.5938,-83.613
10,0.448,7.6875,-87.465
10,0.448,7.7812,-82.601
10,0.448,7.875,-82.953
10,0.448,7.9688,-88.37
10,0.448,8.0625,-89.714
10,0.448,8.1562,-91.344
10,0.448,8.25,-86.396
10,0.448,8.3438,-86.536
10,0.448,8.4375,-92.729
10,0.448,8.5312,-93.862
10,0.448,8.625,-85.237
10,0.448,8.7188,-97.709
10,0.448,8.8125,-89.513
10,0.448,8.9062,-84.109
10,0.448,9.0,-91.686
10,0.448,9.0938,-91.254
10,0.448,9.1875,-98.707
10,0.448,9.2812,-91.559
10,0.448,9.375,-81.385
10,0.448,9.4688,-84.485
10,0.448,9.5625,-98.977
10,0.448,9.6562,-82.255
10,0.448,9.75,-85.111
10,0.448,9.8438,-87.607
10,0.448,9.9375,-93.533
10,0.448,10.0312,-85.654
10,0.448,10.125,-81.561
10,0.448,10.2188,-96.884
10,0.448,10.3125,-91.076
10,0.448,10.4062,-91.835
10,0.448,10.5,-91.863
10,0.448,10.5938,-90.275
10,0.448,10.6875,-97.108
10,0.448,10.7812,-95.925
10,0.448,10.875,-92.947
10,0.448,10.9688,-96.8
10,0.448,11.0625,-99.438
10,0.448,11.1562,-94.141
10,0.448,11.25,-89.735
10,0.448,11.3438,-90.358
10,0.448,11.4375,-87.782
10,0.448,11.5312,-89.725
10,0.448,11.625,-96.631
10,0.448,11.7188,-90.044
10,0.448,11.8125,-92.847
10,0.448,11.9062,-91.873
10,0.448,12.0,-99.109
10,0.448,12.0938,-94.993
10,0.448,12.1875,-96.946
10,0.448,12.2812,-97.46
10,0.448,12.375,-98.534
10,0.448,12.4688,-99.172
10,0.448,12.5625,-96.884
10,0.448,12.6562,-90.933
10,0.448,12.75,-92.591
10,0.448,12.8438,-94.464
10,0.448,12.9375,-97.382
10,0.448,13.0312,-97.738
10,0.448,13.125,-97.865
10,0.448,13.2188,-98.269
10,0.448,13.3125,-97.616
10,0.448,13.4062,-99.354
10,0.448,13.5,-97.063
10,0.448,13.5938,-98.174
10,0.448,13.6875,-95.468
10,0.448,13.7812,-95.171
10,0.448,13.875,-97.647
10,0.448,13.9688,-94.333
10,0.448,14.0625,-98.098
10,0.448,14.1562,-96.876
10,0.448,14.25,-94.462
10,0.448,14.3438,-94.589
10,0.448,14.4375,-98.847
10,0.448,14.5312,-97.082
10,0.448,14.625,-98.051
10,0.448,14.7188,-94.512
10,0.448,14.8125,-98.266
10,0.448,14.9062,-99.507
10,0.448,15.0,-95.624
10,0.448,15.0938,-96.916
10,0.448,15.1875,-96.706
10,0.448,15.2812,-99.498
10,0.448,15.375,-99.622
10,0.448,15.4688,-95.867
10,0.448,15.5625,-98.764
10,0.448,15.6562,-99.779
10,0.448,15.75,-94.753
10,0.448,15.8438,-96.092
10,0.448,15.9375,-98.356
11,0.4907,0.0,-90.488
11,0.4907,0.0938,-64.433
11,0.4907,0.1875,-64.226
11,0.4907,0.2812,-69.077
11,0.4907,0.375,-60.377
11,0.4907,0.4688,-79.756
11,0.4907,0.5625,-63.212
11,0.4907,0.6562,-54.77
11,0.4907,0.75,-82.701
11,0.4907,0.8438,-73.466
11,0.4907,0.9375,-75.333
11,0.4907,1.0312,-99.004
11,0.4907,1.125,-75.812
11,0.4907,1.2188,-87.528
11,0.4907,1.3125,-74.284
11,0.4907,1.4062,-80.721
11,0.4907,1.5,-70.993
11,0.4907,1.5938,-69.285
11,0.4907,1.6875,-71.729
11,0.4907,1.7812,-69.463
11,0.4907,1.875,-75.432
11,0.4907,1.9688,-73.501
11,0.4907,2.0625,-76.147
11,0.4907,2.1562,-82.357
11,0.4907,2.25,-75.817
11,0.4907,2.3438,-70.625
11,0.4907,2.4375,-73.407
11,0.4907,2.5312,-78.587
11,0.4907,2.625,-80.066
11,0.4907,2.7188,-82.67
11,0.4907,2.8125,-88.679
11,0.4907,2.9062,-75.66
11,0.4907,3.0,-79.958
11,0.4907,3.0938,-81.134
11,0.4907,3.1875,-80.117
11,0.4907,3.2812,-83.888
11,0.4907,3.375,-91.492
11,0.4907,3.4688,-76.756
11,0.4907,3.5625,-82.28
11,0.4907,3.6562,-80.832
11,0.4907,3.75,-81.176
11,0.4907,3.8438,-77.567
11,0.4907,3.9375,-74.432
11,0.4907,4.0312,-81.55
11,0.4907,4.125,-87.203
11,0.4907,4.2188,-93.348
11,0.4907,4.3125,-83.325
11,0.4907,4.4062,-84.83
11,0.4907,4.5,-76.276
11,0.4907,4.5938,-84.07
11,0.4907,4.6875,-80.521
11,0.4907,4.7812,-73.247
11,0.4907,4.875,-78.553
11,0.4907,4.9688,-87.1
11,0.4907,5.0625,-88.348
11,0.4907,5.1562,-88.079
11,0.4907,5.25,-90.981
11,0.4907,5.3438,-88.649
11,0.4907,5.4375,-91.447
11,0.4907,5.5312,-85.689
11,0.4907,5.625,-89.572
11,0.4907,5.7188,-87.434
11,0.4907,5.8125,-88.011
11,0.4907,5.9062,-98.337
11,0.4907,6.0,-82.079
11,0.4907,6.0938,-84.51
11,0.4907,6.1875,-88.841
11,0.4907,6.2812,-83.298
11,0.4907,6.375,-89.824
11,0.4907,6.4688,-86.485
11,0.4907,6.5625,-87.422
11,0.4907,6.6562,-79.804
11,0.4907,6.75,-76.756
11,0.4907,6.8438,-90.239
11,0.4907,6.9375,-79.82
11,0.4907,7.0312,-81.429
11,0.4907,7.125,-81.086
11,0.4907,7.2188,-81.542
11,0.4907,7.3125,-78.656
11,0.4907,7.4062,-79.237
11,0.4907,7.5,-83.295
11,0.4907,7.5938,-81.527
11,0.4907,7.6875,-81.436
11,0.4907,7.7812,-80.553
11,0.4907,7.875,-86.777
11,0.4907,7.9688,-75.127
11,0.4907,8.0625,-81.933
11,0.4907,8.1562,-81.443
11,0.4907,8.25,-86.173
11,0.4907,8.3438,-83.466
11,0.4907,8.4375,-82.299
11,0.4907,8.5312,-83.133
11,0.4907,8.625,-81.84
11,0.4907,8.7188,-81.655
11,0.4907,8.8125,-87.924
11,0.4907,8.9062,-82.798
11,0.4907,9.0,-83.733
11,0.4907,9.0938,-82.75
11,0.4907,9.1875,-89.394
11,0.4907,9.2812,-75.3
11,0.4907,9.375,-92.306
11,0.4907,9.4688,-78.173
11,0.4907,9.5625,-87.554
11,0.4907,9.6562,-83.405
11,0.4907,9.75,-82.492
11,0.4907,9.8438,-83.324
11,0.4907,9.9375,-82.746
11,0.4907,10.0312,-89.502
11,0.4907,10.125,-84.313
11,0.4907,10.2188,-90.166
11,0.4907,10.3125,-98.028
11,0.4907,10.4062,-86.48
11,0.4907,10.5,-89.807
11,0.4907,10.5938,-88.762
11,0.4907,10.6875,-97.198
11,0.4907,10.7812,-91.367
11,0.4907,10.875,-92.181
11,0.4907,10.9688,-98.226
11,0.4907,11.0625,-89.562
11,0.4907,11.1562,-92.78
11,0.4907,11.25,-88.77
11,0.4907,11.3438,-87.995
11,0.4907,11.4375,-94.053
11,0.4907,11.5312,-92.029
11,0.4907,11.625,-86.909
11,0.4907,11.7188,-97.871
11,0.4907,11.8125,-95.182
11,0.4907,11.9062,-94.751
11,0.4907,12.0,-96.265
11,0.4907,12.0938,-99.146
11,0.4907,12.1875,-97.951
11,0.4907,12.2812,-97.107
11,0.4907,12.375,-99.826
11,0.4907,12.4688,-97.842
11,0.4907,12.5625,-98.594
11,0.4907,12.6562,-97.986
11,0.4907,12.75,-98.352
11,0.4907,12.8438,-98.921
11,0.4907,12.9375,-99.619
11,0.4907,13.0312,-99.942
11,0.4907,13.125,-99.195
11,0.4907,13.2188,-99.059
11,0.4907,13.3125,-99.985
11,0.4907,13.4062,-98.664
11,0.4907,13.5,-99.569
11,0.4907,13.5938,-98.455
11,0.4907,13.6875,-99.942
11,0.4907,13.7812,-96.966
11,0.4907,13.875,-98.113
11,0.4907,13.9688,-98.389
11,0.4907,14.0625,-98.427
11,0.4907,14.1562,-98.115
11,0.4907,14.25,-99.739
11,0.4907,14.3438,-99.831
11,0.4907,14.4375,-99.83
11,0.4907,14.5312,-96.685
11,0.4907,14.625,-97.881
11,0.4907,14.7188,-99.009
11,0.4907,14.8125,-98.101
11,0.4907,14.9062,-99.248
11,0.4907,15.0,-96.436
11,0.4907,15.0938,-98.658
11,0.4907,15.1875,-99.869
11,0.4907,15.2812,-98.575
11,0.4907,15.375,-99.294
11,0.4907,15.4688,-99.748
11,0.4907,15.5625,-99.055
11,0.4907,15.6562,-97.714
11,0.4907,15.75,-99.755
11,0.4907,15.8438,-99.778
11,0.4907,15.9375,-99.997
12,0.5333,0.0,-94.776
12,0.5333,0.0938,-65.865
12,0.5333,0.1875,-65.795
12,0.5333,0.2812,-76.672
12,0.5333,0.375,-61.333
12,0.5333,0.4688,-71.788
12,0.5333,0.5625,-69.984
12,0.5333,0.6562,-61.279
12,0.5333,0.75,-72.223
12,0.5333,0.8438,-67.89
12,0.5333,0.9375,-73.343
12,0.5333,1.0312,-86.419
12,0.5333,1.125,-73.468
12,0.5333,1.2188,-88.247
12,0.5333,1.3125,-80.405
12,0.5333,1.4062,-93.336
12,0.5333,1.5,-65.056
12,0.5333,1.5938,-68.476
12,0.5333,1.6875,-75.117
12,0.5333,1.7812,-70.644
12,0.5333,1.875,-64.157
12,0.5333,1.9688,-80.358
12,0.5333,2.0625,-86.371
12,0.5333,2.1562,-85.683
12,0.5333,2.25,-84.452
12,0.5333,2.3438,-78.006
12,0.5333,2.4375,-79.939
12,0.5333,2.5312,-85.2
12,0.5333,2.625,-89.542
12,0.5333,2.7188,-91.222
12,0.5333,2.8125,-93.7
12,0.5333,2.9062,-85.596
12,0.5333,3.0,-89.775
12,0.5333,3.0938,-85.337
12,0.5333,3.1875,-87.614
12,0.5333,3.2812,-86.313
12,0.5333,3.375,-86.809
12,0.5333,3.4688,-89.793
12,0.5333,3.5625,-79.613
12,0.5333,3.6562,-86.997
12,0.5333,3.75,-81.155
12,0.5333,3.8438,-88.069
12,0.5333,3.9375,-88.642
12,0.5333,4.0312,-94.906
12,0.5333,4.125,-85.777
12,0.5333,4.2188,-91.685
12,0.5333,4.3125,-90.442
12,0.5333,4.4062,-94.563
12,0.5333,4.5,-89.426
12,0.5333,4.5938,-87.435
12,0.5333,4.6875,-86.94
12,0.5333,4.7812,-80.154
12,0.5333,4.875,-88.343
12,0.5333,4.9688,-86.437
12,0.5333,5.0625,-88.943
12,0.5333,5.1562,-92.913
12,0.5333,5.25,-93.216
12,0.5333,5.3438,-96.587
12,0.5333,5.4375,-98.158
12,0.5333,5.5312,-92.179
12,0.5333,5.625,-92.716
12,0.5333,5.7188,-95.575
12,0.5333,5.8125,-96.904
12,0.5333,5.9062,-87.958
12,0.5333,6.0,-92.418
12,0.5333,6.0938,-95.531
12,0.5333,6.1875,-91.074
12,0.5333,6.2812,-93.188
12,0.5333,6.375,-88.769
12,0.5333,6.4688,-88.458
12,0.5333,6.5625,-95.609
12,0.5333,6.6562,-90.485
12,0.5333,6.75,-93.736
12,0.5333,6.8438,-84.324
12,0.5333,6.9375,-87.746
12,0.5333,7.0312,-79.014
12,0.5333,7.125,-88.956
12,0.5333,7.2188,-91.449
12,0.5333,7.3125,-91.713
12,0.5333,7.4062,-82.384
12,0.5333,7.5,-91.019
12,0.5333,7.5938,-90.919
12,0.5333,7.6875,-90.74
12,0.5333,7.7812,-86.607
12,0.5333,7.875,-84.991
12,0.5333,7.9688,-90.379
12,0.5333,8.0625,-97.137
12,0.5333,8.1562,-98.629
12,0.5333,8.25,-87.33
12,0.5333,8.3438,-96.001
12,0.5333,8.4375,-87.32
12,0.5333,8.5312,-85.106
12,0.5333,8.625,-85.548
12,0.5333,8.7188,-97.179
12,0.5333,8.8125,-96.893
12,0.5333,8.9062,-95.929
12,0.5333,9.0,-93.671
12,0.5333,9.0938,-95.381
12,0.5333,9.1875,-96.428
12,0.5333,9.2812,-89.437
12,0.5333,9.375,-94.033
12,0.5333,9.4688,-89.747
12,0.5333,9.5625,-93.862
12,0.5333,9.6562,-91.377
12,0.5333,9.75,-85.559
12,0.5333,9.8438,-87.531
12,0.5333,9.9375,-89.938
12,0.5333,10.0312,-94.948
12,0.5333,10.125,-91.496
12,0.5333,10.2188,-89.522
12,0.5333,10.3125,-93.007
12,0.5333,10.4062,-97.139
12,0.5333,10.5,-91.969
12,0.5333,10.5938,-94.734
12,0.5333,10.6875,-95.91
12,0.5333,10.7812,-93.938
12,0.5333,10.875,-98.784
12,0.5333,10.9688,-99.596
12,0.5333,11.0625,-95.91
12,0.5333,11.1562,-97.315
12,0.5333,11.25,-96.185
12,0.5333,11.3438,-99.604
12,0.5333,11.4375,-98.718
12,0.5333,11.5312,-95.702
12,0.5333,11.625,-97.917
12,0.5333,11.7188,-96.544
12,0.5333,11.8125,-97.463
12,0.5333,11.9062,-98.277
12,0.5333,12.0,-96.131
12,0.5333,12.0938,-98.739
12,0.5333,12.1875,-99.949
12,0.5333,12.2812,-98.258
12,0.5333,12.375,-98.924
12,0.5333,12.4688,-99.087
12,0.5333,12.5625,-99.753
12,0.5333,12.6562,-98.973
12,0.5333,12.75,-98.212
12,0.5333,12.8438,-97.133
12,0.5333,12.9375,-99.379
12,0.5333,13.0312,-98.983
12,0.5333,13.125,-99.388
12,0.5333,13.2188,-99.679
12,0.5333,13.3125,-99.198
12,0.5333,13.4062,-98.72
12,0.5333,13.5,-98.853
12,0.5333,13.5938,-99.556
12,0.5333,13.6875,-99.183
12,0.5333,13.7812,-98.527
12,0.5333,13.875,-99.386
12,0.5333,13.9688,-99.996
12,0.5333,14.0625,-97.716
12,0.5333,14.1562,-99.617
12,0.5333,14.25,-98.479
12,0.5333,14.3438,-99.342
12,0.5333,14.4375,-99.796
12,0.5333,14.5312,-98.263
12,0.5333,14.625,-99.144
12,0.5333,14.7188,-98.874
12,0.5333,14.8125,-98.764
12,0.5333,14.9062,-99.671
12,0.5333,15.0,-99.749
12,0.5333,15.0938,-99.403
12,0.5333,15.1875,-99.618
12,0.5333,15.2812,-99.498
12,0.5333,15.375,-99.794
12,0.5333,15.4688,-98.755
12,0.5333,15.5625,-99.918
12,0.5333,15.6562,-99.47
12,0.5333,15.75,-99.64
12,0.5333,15.8438,-99.889
12,0.5333,15.9375,-99.892
13,0.576,0.0,-95.146
13,0.576,0.0938,-70.958
13,0.576,0.1875,-59.389
13,0.576,0.2812,-60.948
13,0.576,0.375,-69.717
13,0.576,0.4688,-73.9
13,0.576,0.5625,-68.234
13,0.576,0.6562,-69.903
13,0.576,0.75,-79.315
13,0.576,0.8438,-64.387
13,0.576,0.9375,-79.968
13,0.576,1.0312,-76.562
13,0.576,1.125,-80.936
13,0.576,1.2188,-95.156
13,0.576,1.3125,-75.558
13,0.576,1.4062,-89.59
13,0.576,1.5,-75.156
13,0.576,1.5938,-80.271
13,0.576,1.6875,-71.648
13,0.576,1.7812,-88.7
13,0.576,1.875,-71.908
13,0.576,1.9688,-87.268
13,0.576,2.0625,-81.491
13,0.576,2.1562,-83.837
13,0.576,2.25,-77.409
13,0.576,2.3438,-82.397
13,0.576,2.4375,-97.796
13,0.576,2.5312,-87.388
13,0.576,2.625,-88.666
13,0.576,2.7188,-86.589
13,0.576,2.8125,-86.716
13,0.576,2.9062,-84.412
13,0.576,3.0,-91.987
13,0.576,3.0938,-88.466
13,0.576,3.1875,-88.768
13,0.576,3.2812,-92.765
13,0.576,3.375,-98.926
13,0.576,3.4688,-97.492
13,0.576,3.5625,-97.605
13,0.576,3.6562,-89.106
13,0.576,3.75,-99.027
13,0.576,3.8438,-93.71
13,0.576,3.9375,-97.974
13,0.576,4.0312,-98.836
13,0.576,4.125,-98.845
13,0.576,4.2188,-97.649
13,0.576,4.3125,-93.345
13,0.576,4.4062,-95.293
13,0.576,4.5,-94.167
13,0.576,4.5938,-96.681
13,0.576,4.6875,-96.058
13,0.576,4.7812,-93.756
13,0.576,4.875,-98.894
13,0.576,4.9688,-97.094
13,0.576,5.0625,-98.178
13,0.576,5.1562,-93.104
13,0.576,5.25,-94.452
13,0.576,5.3438,-88.648
13,0.576,5.4375,-89.945
13,0.576,5.5312,-98.918
13,0.576,5.625,-91.162
13,0.576,5.7188,-98.482
13,0.576,5.8125,-92.197
13,0.576,5.9062,-96.043
13,0.576,6.0,-95.992
13,0.576,6.0938,-91.361
13,0.576,6.1875,-93.777
13,0.576,6.2812,-99.028
13,0.576,6.375,-95.056
13,0.576,6.4688,-98.768
13,0.576,6.5625,-97.203
13,0.576,6.6562,-96.783
13,0.576,6.75,-94.985
13,0.576,6.8438,-95.13
13,0.576,6.9375,-97.665
13,0.576,7.0312,-96.027
13,0.576,7.125,-98.325
13,0.576,7.2188,-90.329
13,0.576,7.3125,-99.301
13,0.576,7.4062,-97.29
13,0.576,7.5,-96.309
13,0.576,7.5938,-97.198
13,0.576,7.6875,-96.489
13,0.576,7.7812,-99.405
13,0.576,7.875,-97.05
13,0.576,7.9688,-95.234
13,0.576,8.0625,-95.568
13,0.576,8.1562,-98.978
13,0.576,8.25,-93.688
13,0.576,8.3438,-98.808
13,0.576,8.4375,-94.407
13,0.576,8.5312,-98.273
13,0.576,8.625,-98.431
13,0.576,8.7188,-99.533
13,0.576,8.8125,-98.958
13,0.576,8.9062,-96.381
13,0.576,9.0,-99.388
13,0.576,9.0938,-99.577
13,0.576,9.1875,-99.205
13,0.576,9.2812,-99.822
13,0.576,9.375,-98.554
13,0.576,9.4688,-97.753
13,0.576,9.5625,-99.066
13,0.576,9.6562,-97.455
13,0.576,9.75,-96.722
13,0.576,9.8438,-97.659
13,0.576,9.9375,-97.872
13,0.576,10.0312,-96.983
13,0.576,10.125,-99.234
13,0.576,10.2188,-98.742
13,0.576,10.3125,-98.221
13,0.576,10.4062,-99.4
13,0.576,10.5,-99.284
13,0.576,10.5938,-99.729
13,0.576,10.6875,-99.99
13,0.576,10.7812,-99.155
13,0.576,10.875,-99.568
13,0.576,10.9688,-98.906
13,0.576,11.0625,-99.79
13,0.576,11.1562,-99.521
13,0.576,11.25,-98.919
13,0.576,11.3438,-99.312
13,0.576,11.4375,-98.093
13,0.576,11.5312,-97.859
13,0.576,11.625,-99.885
13,0.576,11.7188,-98.311
13,0.576,11.8125,-99.991
13,0.576,11.9062,-99.836
13,0.576,12.0,-99.183
13,0.576,12.0938,-99.869
13,0.576,12.1875,-99.913
13,0.576,12.2812,-99.845
13,0.576,12.375,-99.768
13,0.576,12.4688,-99.886
13,0.576,12.5625,-99.894
13,0.576,12.6562,-99.748
13,0.576,12.75,-98.842
13,0.576,12.8438,-99.987
13,0.576,12.9375,-99.525
13,0.576,13.0312,-99.982
13,0.576,13.125,-98.268
13,0.576,13.2188,-99.925
13,0.576,13.3125,-99.715
13,0.576,13.4062,-99.755
13,0.576,13.5,-99.649
13,0.576,13.5938,-99.355
13,0.576,13.6875,-99.773
13,0.576,13.7812,-99.591
13,0.576,13.875,-99.785
13,0.576,13.9688,-99.341
13,0.576,14.0625,-99.347
13,0.576,14.1562,-98.91
13,0.576,14.25,-99.367
13,0.576,14.3438,-99.632
13,0.576,14.4375,-99.934
13,0.576,14.5312,-99.91
13,0.576,14.625,-99.811
13,0.576,14.7188,-99.832
13,0.576,14.8125,-99.615
13,0.576,14.9062,-99.939
13,0.576,15.0,-99.831
13,0.576,15.0938,-99.511
13,0.576,15.1875,-99.161
13,0.576,15.2812,-99.464
13,0.576,15.375,-99.407
13,0.576,15.4688,-99.007
13,0.576,15.5625,-99.545
13,0.576,15.6562,-99.771
13,0.576,15.75,-99.88
13,0.576,15.8438,-99.056
13,0.576,15.9375,-99.659
14,0.6187,0.0,-81.151
14,0.6187,0.0938,-76.984
14,0.6187,0.1875,-61.983
14,0.6187,0.2812,-60.421
14,0.6187,0.375,-66.775
14,0.6187,0.4688,-75.751
14,0.6187,0.5625,-73.331
14,0.6187,0.6562,-59.985
14,0.6187,0.75,-80.129
14,0.6187,0.8438,-70.381
14,0.6187,0.9375,-81.429
14,0.6187,1.0312,-83.483
14,0.6187,1.125,-88.671
14,0.6187,1.2188,-87.182
14,0.6187,1.3125,-72.251
14,0.6187,1.4062,-92.038
14,0.6187,1.5,-86.664
14,0.6187,1.5938,-93.287
14,0.6187,1.6875,-82.398
14,0.6187,1.7812,-90.882
14,0.6187,1.875,-79.436
14,0.6187,1.9688,-91.958
14,0.6187,2.0625,-78.804
14,0.6187,2.1562,-91.085
14,0.6187,2.25,-87.779
14,0.6187,2.3438,-92.195
14,0.6187,2.4375,-81.731
14,0.6187,2.5312,-82.854
14,0.6187,2.625,-88.169
14,0.6187,2.7188,-94.088
14,0.6187,2.8125,-94.633
14,0.6187,2.9062,-91.631
14,0.6187,3.0,-91.667
14,0.6187,3.0938,-95.061
14,0.6187,3.1875,-89.877
14,0.6187,3.2812,-93.938
14,0.6187,3.375,-91.121
14,0.6187,3.4688,-91.117
14,0.6187,3.5625,-95.974
14,0.6187,3.6562,-96.091
14,0.6187,3.75,-93.015
14,0.6187,3.8438,-98.612
14,0.6187,3.9375,-95.401
14,0.6187,4.0312,-98.121
14,0.6187,4.125,-94.583
14,0.6187,4.2188,-91.093
14,0.6187,4.3125,-94.135
14,0.6187,4.4062,-95.235
14,0.6187,4.5,-98.844
14,0.6187,4.5938,-98.896
14,0.6187,4.6875,-98.609
14,0.6187,4.7812,-99.813
14,0.6187,4.875,-94.368
14,0.6187,4.9688,-98.18
14,0.6187,5.0625,-98.914
14,0.6187,5.1562,-96.523
14,0.6187,5.25,-97.704
14,0.6187,5.3438,-99.604
14,0.6187,5.4375,-93.629
14,0.6187,5.5312,-97.075
14,0.6187,5.625,-98.106
14,0.6187,5.7188,-99.893
14,0.6187,5.8125,-97.243
14,0.6187,5.9062,-99.254
14,0.6187,6.0,-99.674
14,0.6187,6.0938,-98.944
14,0.6187,6.1875,-94.433
14,0.6187,6.2812,-91.942
14,0.6187,6.375,-96.575
14,0.6187,6.4688,-92.264
14,0.6187,6.5625,-99.949
14,0.6187,6.6562,-96.89
14,0.6187,6.75,-99.505
14,0.6187,6.8438,-96.48
14,0.6187,6.9375,-92.606
14,0.6187,7.0312,-99.475
14,0.6187,7.125,-96.757
14,0.6187,7.2188,-93.796
14,0.6187,7.3125,-99.424
14,0.6187,7.4062,-95.814
14,0.6187,7.5,-98.804
14,0.6187,7.5938,-94.63
14,0.6187,7.6875,-94.891
14,0.6187,7.7812,-97.614
14,0.6187,7.875,-96.984
14,0.6187,7.9688,-95.549
14,0.6187,8.0625,-96.871
14,0.6187,8.1562,-99.191
14,0.6187,8.25,-95.2
14,0.6187,8.3438,-97.718
14,0.6187,8.4375,-98.855
14,0.6187,8.5312,-96.753
14,0.6187,8.625,-96.02
14,0.6187,8.7188,-96.064
14,0.6187,8.8125,-99.04
14,0.6187,8.9062,-98.702
14,0.6187,9.0,-99.662
14,0.6187,9.0938,-99.176
14,0.6187,9.1875,-98.046
14,0.6187,9.2812,-97.692
14,0.6187,9.375,-96.415
14,0.6187,9.4688,-98.42
14,0.6187,9.5625,-99.957
14,0.6187,9.6562,-99.875
14,0.6187,9.75,-98.997
14,0.6187,9.8438,-98.936
14,0.6187,9.9375,-99.69
14,0.6187,10.0312,-99.987
14,0.6187,10.125,-97.049
14,0.6187,10.2188,-99.528
14,0.6187,10.3125,-99.811
14,0.6187,10.4062,-98.679
14,0.6187,10.5,-99.942
14,0.6187,10.5938,-98.622
14,0.6187,10.6875,-99.799
14,0.6187,10.7812,-99.933
14,0.6187,10.875,-99.393
14,0.6187,10.9688,-99.507
14,0.6187,11.0625,-98.923
14,0.6187,11.1562,-99.853
14,0.6187,11.25,-99.978
14,0.6187,11.3438,-98.711
14,0.6187,11.4375,-99.977
14,0.6187,11.5312,-99.176
14,0.6187,11.625,-97.242
14,0.6187,11.7188,-99.28
14,0.6187,11.8125,-98.966
14,0.6187,11.9062,-99.986
14,0.6187,12.0,-99.953
14,0.6187,12.0938,-99.905
14,0.6187,12.1875,-99.415
14,0.6187,12.2812,-99.933
14,0.6187,12.375,-99.988
14,0.6187,12.4688,-99.883
14,0.6187,12.5625,-99.946
14,0.6187,12.6562,-99.997
14,0.6187,12.75,-98.257
14,0.6187,12.8438,-99.822
14,0.6187,12.9375,-99.901
14,0.6187,13.0312,-99.634
14,0.6187,13.125,-99.996
14,0.6187,13.2188,-99.985
14,0.6187,13.3125,-99.898
14,0.6187,13.4062,-98.952
14,0.6187,13.5,-99.115
14,0.6187,13.5938,-99.775
14,0.6187,13.6875,-99.61
14,0.6187,13.7812,-98.965
14,0.6187,13.875,-99.915
14,0.6187,13.9688,-99.429
14,0.6187,14.0625,-99.998
14,0.6187,14.1562,-99.996
14,0.6187,14.25,-99.827
14,0.6187,14.3438,-99.808
14,0.6187,14.4375,-99.831
14,0.6187,14.5312,-99.394
14,0.6187,14.625,-99.582
14,0.6187,14.7188,-99.44
14,0.6187,14.8125,-99.799
14,0.6187,14.9062,-99.472
14,0.6187,15.0,-99.729
14,0.6187,15.0938,-99.717
14,0.6187,15.1875,-99.89
14,0.6187,15.2812,-99.553
14,0.6187,15.375,-99.744
14,0.6187,15.4688,-99.619
14,0.6187,15.5625,-99.868
14,0.6187,15.6562,-98.986
14,0.6187,15.75,-99.976
14,0.6187,15.8438,-99.969
14,0.6187,15.9375,-99.524
15,0.6613,0.0,-79.392
15,0.6613,0.0938,-72.813
15,0.6613,0.1875,-56.753
15,0.6613,0.2812,-61.113
15,0.6613,0.375,-57.894
15,0.6613,0.4688,-68.114
15,0.6613,0.5625,-75.446
15,0.6613,0.6562,-67.702
15,0.6613,0.75,-66.944
15,0.6613,0.8438,-62.704
15,0.6613,0.9375,-70.188
15,0.6613,1.0312,-64.986
15,0.6613,1.125,-64.602
15,0.6613,1.2188,-70.373
15,0.6613,1.3125,-69.412
15,0.6613,1.4062,-75.039
15,0.6613,1.5,-60.424
15,0.6613,1.5938,-58.179
15,0.6613,1.6875,-62.498
15,0.6613,1.7812,-64.211
15,0.6613,1.875,-63.594
15,0.6613,1.9688,-73.109
15,0.6613,2.0625,-70.485
15,0.6613,2.1562,-71.327
15,0.6613,2.25,-78.495
15,0.6613,2.3438,-78.907
15,0.6613,2.4375,-83.411
15,0.6613,2.5312,-79.436
15,0.6613,2.625,-81.35
15,0.6613,2.7188,-83.412
15,0.6613,2.8125,-79.207
15,0.6613,2.9062,-81.793
15,0.6613,3.0,-84.677
15,0.6613,3.0938,-82.837
15,0.6613,3.1875,-77.159
15,0.6613,3.2812,-90.876
15,0.6613,3.375,-74.604
15,0.6613,3.4688,-91.663
15,0.6613,3.5625,-83.568
15,0.6613,3.6562,-74.972
15,0.6613,3.75,-74.361
15,0.6613,3.8438,-77.09
15,0.6613,3.9375,-83.131
15,0.6613,4.0312,-67.906
15,0.6613,4.125,-66.565
15,0.6613,4.2188,-76.18
15,0.6613,4.3125,-72.07
15,0.6613,4.4062,-73.409
15,0.6613,4.5,-78.011
15,0.6613,4.5938,-75.996
15,0.6613,4.6875,-74.031
15,0.6613,4.7812,-75.197
15,0.6613,4.875,-77.278
15,0.6613,4.9688,-80.041
15,0.6613,5.0625,-79.057
15,0.6613,5.1562,-83.298
15,0.6613,5.25,-78.443
15,0.6613,5.3438,-82.76
15,0.6613,5.4375,-88.57
15,0.6613,5.5312,-91.819
15,0.6613,5.625,-89.12
15,0.6613,5.7188,-93.573
15,0.6613,5.8125,-83.313
15,0.6613,5.9062,-89.789
15,0.6613,6.0,-95.065
15,0.6613,6.0938,-83.373
15,0.6613,6.1875,-81.958
15,0.6613,6.2812,-90.253
15,0.6613,6.375,-92.742
15,0.6613,6.4688,-87.93
15,0.6613,6.5625,-83.772
15,0.6613,6.6562,-80.238
15,0.6613,6.75,-85.468
15,0.6613,6.8438,-85.665
15,0.6613,6.9375,-69.633
15,0.6613,7.0312,-78.368
15,0.6613,7.125,-72.425
15,0.6613,7.2188,-80.483
15,0.6613,7.3125,-68.041
15,0.6613,7.4062,-76.685
15,0.6613,7.5,-74.086
15,0.6613,7.5938,-74.87
15,0.6613,7.6875,-68.393
15,0.6613,7.7812,-74.247
15,0.6613,7.875,-77.003
15,0.6613,7.9688,-79.293
15,0.6613,8.0625,-74.812
15,0.6613,8.1562,-77.777
15,0.6613,8.25,-76.796
15,0.6613,8.3438,-87.905
15,0.6613,8.4375,-76.061
15,0.6613,8.5312,-80.223
15,0.6613,8.625,-74.849
15,0.6613,8.7188,-85.362
15,0.6613,8.8125,-90.31
15,0.6613,8.9062,-84.516
15,0.6613,9.0,-83.005
15,0.6613,9.0938,-84.224
15,0.6613,9.1875,-79.73
15,0.6613,9.2812,-77.556
15,0.6613,9.375,-75.211
15,0.6613,9.4688,-79.004
15,0.6613,9.5625,-75.106
15,0.6613,9.6562,-72.407
15,0.6613,9.75,-70.716
15,0.6613,9.8438,-69.672
15,0.6613,9.9375,-70.567
15,0.6613,10.0312,-74.333
15,0.6613,10.125,-78.73
15,0.6613,10.2188,-79.29
15,0.6613,10.3125,-75.043
15,0.6613,10.4062,-99.802
15,0.6613,10.5,-81.268
15,0.6613,10.5938,-77.419
15,0.6613,10.6875,-76.669
15,0.6613,10.7812,-83.673
15,0.6613,10.875,-86.455
15,0.6613,10.9688,-80.06
15,0.6613,11.0625,-82.899
15,0.6613,11.1562,-79.841
15,0.6613,11.25,-82.844
15,0.6613,11.3438,-83.256
15,0.6613,11.4375,-79.504
15,0.6613,11.5312,-83.956
15,0.6613,11.625,-85.183
15,0.6613,11.7188,-80.612
15,0.6613,11.8125,-83.075
15,0.6613,11.9062,-83.1
15,0.6613,12.0,-79.465
15,0.6613,12.0938,-83.733
15,0.6613,12.1875,-91.562
15,0.6613,12.2812,-92.474
15,0.6613,12.375,-88.922
15,0.6613,12.4688,-84.817
15,0.6613,12.5625,-79.707
15,0.6613,12.6562,-81.741
15,0.6613,12.75,-83.739
15,0.6613,12.8438,-91.274
15,0.6613,12.9375,-80.847
15,0.6613,13.0312,-75.155
15,0.6613,13.125,-78.809
15,0.6613,13.2188,-77.377
15,0.6613,13.3125,-87.22
15,0.6613,13.4062,-91.375
15,0.6613,13.5,-87.387
15,0.6613,13.5938,-89.241
15,0.6613,13.6875,-85.635
15,0.6613,13.7812,-84.117
15,0.6613,13.875,-88.917
15,0.6613,13.9688,-83.831
15,0.6613,14.0625,-89.974
15,0.6613,14.1562,-94.018
15,0.6613,14.25,-84.529
15,0.6613,14.3438,-92.509
15,0.6613,14.4375,-83.874
15,0.6613,14.5312,-92.813
15,0.6613,14.625,-86.181
15,0.6613,14.7188,-94.274
15,0.6613,14.8125,-94.803
15,0.6613,14.9062,-92.192
15,0.6613,15.0,-92.838
15,0.6613,15.0938,-97.177
15,0.6613,15.1875,-90.854
15,0.6613,15.2812,-99.665
15,0.6613,15.375,-97.636
15,0.6613,15.4688,-97.127
15,0.6613,15.5625,-98.539
15,0.6613,15.6562,-97.661
15,0.6613,15.75,-98.997
15,0.6613,15.8438,-96.344
15,0.6613,15.9375,-98.138
16,0.704,0.0,-69.217
16,0.704,0.0938,-67.756
16,0.704,0.1875,-49.684
16,0.704,0.2812,-55.925
16,0.704,0.375,-57.906
16,0.704,0.4688,-67.023
16,0.704,0.5625,-61.631
16,0.704,0.6562,-60.396
16,0.704,0.75,-76.092
16,0.704,0.8438,-67.085
16,0.704,0.9375,-68.846
16,0.704,1.0312,-96.411
16,0.704,1.125,-67.197
16,0.704,1.2188,-80.258
16,0.704,1.3125,-63.542
16,0.704,1.4062,-68.028
16,0.704,1.5,-61.46
16,0.704,1.5938,-61.129
16,0.704,1.6875,-68.762
16,0.704,1.7812,-76.945
16,0.704,1.875,-61.007
16,0.704,1.9688,-76.302
16,0.704,2.0625,-62.88
16,0.704,2.1562,-67.293
16,0.704,2.25,-70.223
16,0.704,2.3438,-76.553
16,0.704,2.4375,-76.047
16,0.704,2.5312,-77.849
16,0.704,2.625,-83.58
16,0.704,2.7188,-76.151
16,0.704,2.8125,-79.472
16,0.704,2.9062,-91.611
16,0.704,3.0,-75.296
16,0.704,3.0938,-78.526
16,0.704,3.1875,-84.565
16,0.704,3.2812,-83.7
16,0.704,3.375,-80.576
16,0.704,3.4688,-86.678
16,0.704,3.5625,-81.313
16,0.704,3.6562,-70.8
16,0.704,3.75,-71.457
16,0.704,3.8438,-74.612
16,0.704,3.9375,-83.523
16,0.704,4.0312,-72.798
16,0.704,4.125,-74.321
16,0.704,4.2188,-82.254
16,0.704,4.3125,-72.033
16,0.704,4.4062,-81.136
16,0.704,4.5,-74.169
16,0.704,4.5938,-72.266
16,0.704,4.6875,-80.185
16,0.704,4.7812,-84.059
16,0.704,4.875,-82.058
16,0.704,4.9688,-78.612
16,0.704,5.0625,-69.636
16,0.704,5.1562,-73.65
16,0.704,5.25,-81.764
16,0.704,5.3438,-80.035
16,0.704,5.4375,-75.017
16,0.704,5.5312,-84.2
16,0.704,5.625,-98.096
16,0.704,5.7188,-84.472
16,0.704,5.8125,-80.106
16,0.704,5.9062,-82.898
16,0.704,6.0,-88.07
16,0.704,6.0938,-84.478
16,0.704,6.1875,-71.465
16,0.704,6.2812,-65.634
16,0.704,6.375,-76.056
16,0.704,6.4688,-66.016
16,0.704,6.5625,-76.127
16,0.704,6.6562,-66.134
16,0.704,6.75,-74.176
16,0.704,6.8438,-69.786
16,0.704,6.9375,-82.603
16,0.704,7.0312,-76.198
16,0.704,7.125,-71.56
16,0.704,7.2188,-72.993
16,0.704,7.3125,-77.24
16,0.704,7.4062,-73.546
16,0.704,7.5,-81.268
16,0.704,7.5938,-79.297
16,0.704,7.6875,-77.863
16,0.704,7.7812,-73.582
16,0.704,7.875,-72.768
16,0.704,7.9688,-74.157
16,0.704,8.0625,-70.785
16,0.704,8.1562,-77.221
16,0.704,8.25,-75.324
16,0.704,8.3438,-80.988
16,0.704,8.4375,-86.413
16,0.704,8.5312,-85.584
16,0.704,8.625,-80.604
16,0.704,8.7188,-87.777
16,0.704,8.8125,-74.771
16,0.704,8.9062,-93.077
16,0.704,9.0,-87.041
16,0.704,9.0938,-84.149
16,0.704,9.1875,-91.655
16,0.704,9.2812,-84.473
16,0.704,9.375,-85.5
16,0.704,9.4688,-73.371
16,0.704,9.5625,-80.424
16,0.704,9.6562,-65.987
16,0.704,9.75,-81.345
16,0.704,9.8438,-79.266
16,0.704,9.9375,-86.485
16,0.704,10.0312,-71.432
16,0.704,10.125,-76.849
16,0.704,10.2188,-78.63
16,0.704,10.3125,-86.276
16,0.704,10.4062,-81.279
16,0.704,10.5,-96.01
16,0.704,10.5938,-82.475
16,0.704,10.6875,-92.123
16,0.704,10.7812,-85.948
16,0.704,10.875,-84.095
16,0.704,10.9688,-85.377
16,0.704,11.0625,-88.0
16,0.704,11.1562,-83.306
16,0.704,11.25,-78.085
16,0.704,11.3438,-84.719
16,0.704,11.4375,-80.708
16,0.704,11.5312,-84.37
16,0.704,11.625,-79.661
16,0.704,11.7188,-82.96
16,0.704,11.8125,-85.938
16,0.704,11.9062,-96.935
16,0.704,12.0,-88.961
16,0.704,12.0938,-89.603
16,0.704,12.1875,-79.653
16,0.704,12.2812,-91.815
16,0.704,12.375,-85.069
16,0.704,12.4688,-87.06
16,0.704,12.5625,-96.378
16,0.704,12.6562,-88.67
16,0.704,12.75,-91.433
16,0.704,12.8438,-86.014
16,0.704,12.9375,-91.068
16,0.704,13.0312,-89.869
16,0.704,13.125,-99.807
16,0.704,13.2188,-86.705
16,0.704,13.3125,-84.077
16,0.704,13.4062,-88.853
16,0.704,13.5,-90.0
16,0.704,13.5938,-95.703
16,0.704,13.6875,-86.785
16,0.704,13.7812,-89.277
16,0.704,13.875,-90.535
16,0.704,13.9688,-94.457
16,0.704,14.0625,-92.617
16,0.704,14.1562,-93.716
16,0.704,14.25,-98.077
16,0.704,14.3438,-96.214
16,0.704,14.4375,-97.004
16,0.704,14.5312,-96.888
16,0.704,14.625,-97.865
16,0.704,14.7188,-97.383
16,0.704,14.8125,-99.636
16,0.704,14.9062,-97.975
16,0.704,15.0,-98.076
16,0.704,15.0938,-93.798
16,0.704,15.1875,-97.642
16,0.704,15.2812,-99.519
16,0.704,15.375,-98.652
16,0.704,15.4688,-98.35
16,0.704,15.5625,-97.287
16,0.704,15.6562,-98.675
16,0.704,15.75,-99.407
16,0.704,15.8438,-96.499
16,0.704,15.9375,-99.576
17,0.7467,0.0,-69.035
17,0.7467,0.0938,-75.633
17,0.7467,0.1875,-38.401
17,0.7467,0.2812,-56.378
17,0.7467,0.375,-62.745
17,0.7467,0.4688,-52.122
17,0.7467,0.5625,-64.276
17,0.7467,0.6562,-51.075
17,0.7467,0.75,-80.466
17,0.7467,0.8438,-56.542
17,0.7467,0.9375,-73.468
17,0.7467,1.0312,-68.075
17,0.7467,1.125,-73.16
17,0.7467,1.2188,-80.139
17,0.7467,1.3125,-59.451
17,0.7467,1.4062,-58.693
17,0.7467,1.5,-63.789
17,0.7467,1.5938,-72.081
17,0.7467,1.6875,-75.868
17,0.7467,1.7812,-77.481
17,0.7467,1.875,-75.991
17,0.7467,1.9688,-92.592
17,0.7467,2.0625,-74.722
17,0.7467,2.1562,-78.374
17,0.7467,2.25,-72.825
17,0.7467,2.3438,-66.503
17,0.7467,2.4375,-71.587
17,0.7467,2.5312,-85.394
17,0.7467,2.625,-88.727
17,0.7467,2.7188,-87.546
17,0.7467,2.8125,-95.288
17,0.7467,2.9062,-93.655
17,0.7467,3.0,-81.834
17,0.7467,3.0938,-87.964
17,0.7467,3.1875,-84.24
17,0.7467,3.2812,-83.94
17,0.7467,3.375,-90.788
17,0.7467,3.4688,-79.481
17,0.7467,3.5625,-77.283
17,0.7467,3.6562,-80.551
17,0.7467,3.75,-80.261
17,0.7467,3.8438,-85.724
17,0.7467,3.9375,-88.031
17,0.7467,4.0312,-80.348
17,0.7467,4.125,-85.101
17,0.7467,4.2188,-83.957
17,0.7467,4.3125,-82.433
17,0.7467,4.4062,-84.165
17,0.7467,4.5,-84.208
17,0.7467,4.5938,-73.703
17,0.7467,4.6875,-77.324
17,0.7467,4.7812,-88.862
17,0.7467,4.875,-85.077
17,0.7467,4.9688,-87.681
17,0.7467,5.0625,-85.93
17,0.7467,5.1562,-72.178
17,0.7467,5.25,-90.91
17,0.7467,5.3438,-77.708
17,0.7467,5.4375,-80.293
17,0.7467,5.5312,-92.002
17,0.7467,5.625,-96.275
17,0.7467,5.7188,-95.271
17,0.7467,5.8125,-88.74
17,0.7467,5.9062,-99.739
17,0.7467,6.0,-94.619
17,0.7467,6.0938,-96.873
17,0.7467,6.1875,-84.348
17,0.7467,6.2812,-73.465
17,0.7467,6.375,-68.525
17,0.7467,6.4688,-67.893
17,0.7467,6.5625,-74.644
17,0.7467,6.6562,-76.398
17,0.7467,6.75,-77.733
17,0.7467,6.8438,-89.677
17,0.7467,6.9375,-91.777
17,0.7467,7.0312,-87.794
17,0.7467,7.125,-86.701
17,0.7467,7.2188,-84.182
17,0.7467,7.3125,-77.066
17,0.7467,7.4062,-79.713
17,0.7467,7.5,-79.934
17,0.7467,7.5938,-84.177
17,0.7467,7.6875,-89.838
17,0.7467,7.7812,-88.141
17,0.7467,7.875,-83.652
17,0.7467,7.9688,-89.439
17,0.7467,8.0625,-74.035
17,0.7467,8.1562,-76.933
17,0.7467,8.25,-73.961
17,0.7467,8.3438,-76.923
17,0.7467,8.4375,-94.539
17,0.7467,8.5312,-83.945
17,0.7467,8.625,-82.113
17,0.7467,8.7188,-75.447
17,0.7467,8.8125,-91.668
17,0.7467,8.9062,-79.397
17,0.7467,9.0,-85.704
17,0.7467,9.0938,-79.224
17,0.7467,9.1875,-87.247
17,0.7467,9.2812,-98.275
17,0.7467,9.375,-80.637
17,0.7467,9.4688,-90.873
17,0.7467,9.5625,-76.811
17,0.7467,9.6562,-81.208
17,0.7467,9.75,-75.114
17,0.7467,9.8438,-84.538
17,0.7467,9.9375,-69.887
17,0.7467,10.0312,-85.888
17,0.7467,10.125,-68.952
17,0.7467,10.2188,-83.069
17,0.7467,10.3125,-76.439
17,0.7467,10.4062,-77.348
17,0.7467,10.5,-80.731
17,0.7467,10.5938,-80.052
17,0.7467,10.6875,-89.551
17,0.7467,10.7812,-87.319
17,0.7467,10.875,-86.086
17,0.7467,10.9688,-84.613
17,0.7467,11.0625,-85.118
17,0.7467,11.1562,-90.523
17,0.7467,11.25,-88.735
17,0.7467,11.3438,-84.593
17,0.7467,11.4375,-80.155
17,0.7467,11.5312,-82.456
17,0.7467,11.625,-80.285
17,0.7467,11.7188,-89.513
17,0.7467,11.8125,-87.828
17,0.7467,11.9062,-80.271
17,0.7467,12.0,-77.023
17,0.7467,12.0938,-88.141
17,0.7467,12.1875,-78.59
17,0.7467,12.2812,-83.515
17,0.7467,12.375,-86.581
17,0.7467,12.4688,-99.354
17,0.7467,12.5625,-85.432
17,0.7467,12.6562,-86.317
17,0.7467,12.75,-88.441
17,0.7467,12.8438,-87.716
17,0.7467,12.9375,-80.228
17,0.7467,13.0312,-85.533
17,0.7467,13.125,-80.999
17,0.7467,13.2188,-85.652
17,0.7467,13.3125,-87.084
17,0.7467,13.4062,-86.416
17,0.7467,13.5,-83.376
17,0.7467,13.5938,-83.938
17,0.7467,13.6875,-83.001
17,0.7467,13.7812,-82.163
17,0.7467,13.875,-87.422
17,0.7467,13.9688,-85.162
17,0.7467,14.0625,-86.152
17,0.7467,14.1562,-87.37
17,0.7467,14.25,-90.086
17,0.7467,14.3438,-85.763
17,0.7467,14.4375,-95.302
17,0.7467,14.5312,-99.314
17,0.7467,14.625,-94.51
17,0.7467,14.7188,-98.142
17,0.7467,14.8125,-95.407
17,0.7467,14.9062,-97.349
17,0.7467,15.0,-97.999
17,0.7467,15.0938,-97.741
17,0.7467,15.1875,-97.684
17,0.7467,15.2812,-98.55
17,0.7467,15.375,-98.181
17,0.7467,15.4688,-99.998
17,0.7467,15.5625,-99.786
17,0.7467,15.6562,-99.821
17,0.7467,15.75,-99.801
17,0.7467,15.8438,-99.502
17,0.7467,15.9375,-99.563
18,0.7893,0.0,-91.894
18,0.7893,0.0938,-72.265
18,0.7893,0.1875,-41.462
18,0.7893,0.2812,-56.962
18,0.7893,0.375,-68.448
18,0.7893,0.4688,-41.55
18,0.7893,0.5625,-70.469
18,0.7893,0.6562,-50.288
18,0.7893,0.75,-81.427
18,0.7893,0.8438,-63.404
18,0.7893,0.9375,-70.969
18,0.7893,1.0312,-79.271
18,0.7893,1.125,-53.65
18,0.7893,1.2188,-73.746
18,0.7893,1.3125,-51.994
18,0.7893,1.4062,-72.447
18,0.7893,1.5,-81.208
18,0.7893,1.5938,-71.383
18,0.7893,1.6875,-75.94
18,0.7893,1.7812,-73.048
18,0.7893,1.875,-71.368
18,0.7893,1.9688,-79.13
18,0.7893,2.0625,-90.24
18,0.7893,2.1562,-92.973
18,0.7893,2.25,-93.617
18,0.7893,2.3438,-72.628
18,0.7893,2.4375,-75.184
18,0.7893,2.5312,-80.189
18,0.7893,2.625,-77.576
18,0.7893,2.7188,-93.744
18,0.7893,2.8125,-91.649
18,0.7893,2.9062,-84.121
18,0.7893,3.0,-96.698
18,0.7893,3.0938,-84.192
18,0.7893,3.1875,-87.117
18,0.7893,3.2812,-88.773
18,0.7893,3.375,-84.555
18,0.7893,3.4688,-89.186
18,0.7893,3.5625,-80.186
18,0.7893,3.6562,-89.657
18,0.7893,3.75,-87.163
18,0.7893,3.8438,-87.529
18,0.7893,3.9375,-83.367
18,0.7893,4.0312,-88.84
18,0.7893,4.125,-87.918
18,0.7893,4.2188,-81.494
18,0.7893,4.3125,-88.563
18,0.7893,4.4062,-80.691
18,0.7893,4.5,-77.501
18,0.7893,4.5938,-72.878
18,0.7893,4.6875,-97.941
18,0.7893,4.7812,-93.768
18,0.7893,4.875,-89.048
18,0.7893,4.9688,-86.434
18,0.7893,5.0625,-92.715
18,0.7893,5.1562,-76.998
18,0.7893,5.25,-75.862
18,0.7893,5.3438,-79.1
18,0.7893,5.4375,-78.532
18,0.7893,5.5312,-86.646
18,0.7893,5.625,-99.758
18,0.7893,5.7188,-95.946
18,0.7893,5.8125,-94.244
18,0.7893,5.9062,-99.076
18,0.7893,6.0,-96.234
18,0.7893,6.0938,-92.491
18,0.7893,6.1875,-86.143
18,0.7893,6.2812,-98.49
18,0.7893,6.375,-71.429
18,0.7893,6.4688,-71.931
18,0.7893,6.5625,-69.901
18,0.7893,6.6562,-80.8
18,0.7893,6.75,-83.129
18,0.7893,6.8438,-79.833
18,0.7893,6.9375,-89.467
18,0.7893,7.0312,-95.549
18,0.7893,7.125,-89.626
18,0.7893,7.2188,-83.68
18,0.7893,7.3125,-89.27
18,0.7893,7.4062,-89.987
18,0.7893,7.5,-81.068
18,0.7893,7.5938,-83.412
18,0.7893,7.6875,-79.624
18,0.7893,7.7812,-81.055
18,0.7893,7.875,-84.529
18,0.7893,7.9688,-89.57
18,0.7893,8.0625,-94.007
18,0.7893,8.1562,-88.511
18,0.7893,8.25,-84.737
18,0.7893,8.3438,-98.212
18,0.7893,8.4375,-81.031
18,0.7893,8.5312,-88.727
18,0.7893,8.625,-79.631
18,0.7893,8.7188,-83.124
18,0.7893,8.8125,-83.191
18,0.7893,8.9062,-97.668
18,0.7893,9.0,-79.017
18,0.7893,9.0938,-83.941
18,0.7893,9.1875,-88.034
18,0.7893,9.2812,-78.891
18,0.7893,9.375,-78.827
18,0.7893,9.4688,-73.771
18,0.7893,9.5625,-76.594
18,0.7893,9.6562,-79.65
18,0.7893,9.75,-76.815
18,0.7893,9.8438,-83.618
18,0.7893,9.9375,-78.799
18,0.7893,10.0312,-67.905
18,0.7893,10.125,-73.514
18,0.7893,10.2188,-70.158
18,0.7893,10.3125,-81.828
18,0.7893,10.4062,-78.843
18,0.7893,10.5,-78.67
18,0.7893,10.5938,-79.806
18,0.7893,10.6875,-86.924
18,0.7893,10.7812,-82.834
18,0.7893,10.875,-84.506
18,0.7893,10.9688,-88.602
18,0.7893,11.0625,-91.39
18,0.7893,11.1562,-89.046
18,0.7893,11.25,-80.12
18,0.7893,11.3438,-86.544
18,0.7893,11.4375,-79.899
18,0.7893,11.5312,-78.615
18,0.7893,11.625,-77.852
18,0.7893,11.7188,-83.725
18,0.7893,11.8125,-82.099
18,0.7893,11.9062,-73.233
18,0.7893,12.0,-78.387
18,0.7893,12.0938,-75.929
18,0.7893,12.1875,-81.058
18,0.7893,12.2812,-82.219
18,0.7893,12.375,-77.11
18,0.7893,12.4688,-88.814
18,0.7893,12.5625,-75.374
18,0.7893,12.6562,-78.659
18,0.7893,12.75,-84.665
18,0.7893,12.8438,-74.168
18,0.7893,12.9375,-76.756
18,0.7893,13.0312,-78.938
18,0.7893,13.125,-80.153
18,0.7893,13.2188,-80.603
18,0.7893,13.3125,-90.865
18,0.7893,13.4062,-83.958
18,0.7893,13.5,-83.692
18,0.7893,13.5938,-82.817
18,0.7893,13.6875,-81.817
18,0.7893,13.7812,-78.85
18,0.7893,13.875,-80.378
18,0.7893,13.9688,-82.365
18,0.7893,14.0625,-84.638
18,0.7893,14.1562,-80.23
18,0.7893,14.25,-87.061
18,0.7893,14.3438,-91.534
18,0.7893,14.4375,-95.371
18,0.7893,14.5312,-97.095
18,0.7893,14.625,-92.349
18,0.7893,14.7188,-95.271
18,0.7893,14.8125,-98.504
18,0.7893,14.9062,-97.258
18,0.7893,15.0,-99.009
18,0.7893,15.0938,-98.304
18,0.7893,15.1875,-98.141
18,0.7893,15.2812,-99.071
18,0.7893,15.375,-97.327
18,0.7893,15.4688,-99.192
18,0.7893,15.5625,-99.261
18,0.7893,15.6562,-99.561
18,0.7893,15.75,-99.193
18,0.7893,15.8438,-99.709
18,0.7893,15.9375,-99.241
19,0.832,0.0,-85.282
19,0.832,0.0938,-80.024
19,0.832,0.1875,-41.891
19,0.832,0.2812,-58.076
19,0.832,0.375,-68.278
19,0.832,0.4688,-42.385
19,0.832,0.5625,-73.687
19,0.832,0.6562,-51.727
19,0.832,0.75,-80.189
19,0.832,0.8438,-55.0
19,0.832,0.9375,-72.519
19,0.832,1.0312,-66.123
19,0.832,1.125,-62.236
19,0.832,1.2188,-70.635
19,0.832,1.3125,-44.186
19,0.832,1.4062,-89.464
19,0.832,1.5,-61.134
19,0.832,1.5938,-70.278
19,0.832,1.6875,-68.029
19,0.832,1.7812,-74.549
19,0.832,1.875,-77.464
19,0.832,1.9688,-69.531
19,0.832,2.0625,-79.162
19,0.832,2.1562,-71.251
19,0.832,2.25,-91.782
19,0.832,2.3438,-69.802
19,0.832,2.4375,-76.303
19,0.832,2.5312,-83.881
19,0.832,2.625,-82.394
19,0.832,2.7188,-94.221
19,0.832,2.8125,-87.12
19,0.832,2.9062,-89.018
19,0.832,3.0,-90.577
19,0.832,3.0938,-82.923
19,0.832,3.1875,-84.449
19,0.832,3.2812,-80.589
19,0.832,3.375,-98.363
19,0.832,3.4688,-77.263
19,0.832,3.5625,-84.69
19,0.832,3.6562,-85.543
19,0.832,3.75,-86.919
19,0.832,3.8438,-85.184
19,0.832,3.9375,-84.853
19,0.832,4.0312,-94.052
19,0.832,4.125,-82.123
19,0.832,4.2188,-83.052
19,0.832,4.3125,-87.636
19,0.832,4.4062,-96.788
19,0.832,4.5,-96.683
19,0.832,4.5938,-81.332
19,0.832,4.6875,-82.823
19,0.832,4.7812,-86.787
19,0.832,4.875,-95.056
19,0.832,4.9688,-94.287
19,0.832,5.0625,-90.453
19,0.832,5.1562,-87.855
19,0.832,5.25,-77.352
19,0.832,5.3438,-70.87
19,0.832,5.4375,-78.081
19,0.832,5.5312,-77.771
19,0.832,5.625,-82.031
19,0.832,5.7188,-87.633
19,0.832,5.8125,-89.675
19,0.832,5.9062,-98.194
19,0.832,6.0,-97.156
19,0.832,6.0938,-99.226
19,0.832,6.1875,-89.331
19,0.832,6.2812,-83.558
19,0.832,6.375,-80.306
19,0.832,6.4688,-76.817
19,0.832,6.5625,-83.397
19,0.832,6.6562,-85.288
19,0.832,6.75,-91.337
19,0.832,6.8438,-97.003
19,0.832,6.9375,-86.96
19,0.832,7.0312,-88.434
19,0.832,7.125,-82.161
19,0.832,7.2188,-90.967
19,0.832,7.3125,-84.504
19,0.832,7.4062,-93.792
19,0.832,7.5,-97.771
19,0.832,7.5938,-82.457
19,0.832,7.6875,-89.411
19,0.832,7.7812,-82.46
19,0.832,7.875,-91.59
19,0.832,7.9688,-82.585
19,0.832,8.0625,-86.774
19,0.832,8.1562,-78.047
19,0.832,8.25,-89.035
19,0.832,8.3438,-85.304
19,0.832,8.4375,-92.064
19,0.832,8.5312,-85.138
19,0.832,8.625,-80.573
19,0.832,8.7188,-75.101
19,0.832,8.8125,-96.56
19,0.832,8.9062,-77.149
19,0.832,9.0,-96.831
19,0.832,9.0938,-92.454
19,0.832,9.1875,-82.49
19,0.832,9.2812,-75.022
19,0.832,9.375,-79.847
19,0.832,9.4688,-77.079
19,0.832,9.5625,-76.405
19,0.832,9.6562,-73.958
19,0.832,9.75,-75.658
19,0.832,9.8438,-85.827
19,0.832,9.9375,-80.017
19,0.832,10.0312,-77.001
19,0.832,10.125,-78.385
19,0.832,10.2188,-73.768
19,0.832,10.3125,-80.61
19,0.832,10.4062,-70.966
19,0.832,10.5,-83.452
19,0.832,10.5938,-88.915
19,0.832,10.6875,-79.732
19,0.832,10.7812,-89.559
19,0.832,10.875,-82.717
19,0.832,10.9688,-79.312
19,0.832,11.0625,-81.809
19,0.832,11.1562,-79.499
19,0.832,11.25,-82.421
19,0.832,11.3438,-87.317
19,0.832,11.4375,-78.095
19,0.832,11.5312,-79.737
19,0.832,11.625,-83.87
19,0.832,11.7188,-74.47
19,0.832,11.8125,-76.24
19,0.832,11.9062,-80.162
19,0.832,12.0,-69.57
19,0.832,12.0938,-73.575
19,0.832,12.1875,-69.726
19,0.832,12.2812,-85.569
19,0.832,12.375,-76.193
19,0.832,12.4688,-85.762
19,0.832,12.5625,-78.261
19,0.832,12.6562,-76.119
19,0.832,12.75,-86.967
19,0.832,12.8438,-70.466
19,0.832,12.9375,-79.842
19,0.832,13.0312,-78.376
19,0.832,13.125,-77.876
19,0.832,13.2188,-81.419
19,0.832,13.3125,-90.061
19,0.832,13.4062,-87.287
19,0.832,13.5,-79.164
19,0.832,13.5938,-91.163
19,0.832,13.6875,-81.233
19,0.832,13.7812,-82.143
19,0.832,13.875,-98.99
19,0.832,13.9688,-87.233
19,0.832,14.0625,-90.263
19,0.832,14.1562,-92.705
19,0.832,14.25,-89.749
19,0.832,14.3438,-94.733
19,0.832,14.4375,-91.212
19,0.832,14.5312,-96.102
19,0.832,14.625,-95.455
19,0.832,14.7188,-90.715
19,0.832,14.8125,-95.383
19,0.832,14.9062,-94.422
19,0.832,15.0,-96.971
19,0.832,15.0938,-97.873
19,0.832,15.1875,-97.695
19,0.832,15.2812,-99.335
19,0.832,15.375,-99.977
19,0.832,15.4688,-98.723
19,0.832,15.5625,-98.673
19,0.832,15.6562,-95.173
19,0.832,15.75,-98.672
19,0.832,15.8438,-97.816
19,0.832,15.9375,-99.59
20,0.8747,0.0,-81.754
20,0.8747,0.0938,-71.075
20,0.8747,0.1875,-40.47
20,0.8747,0.2812,-62.447
20,0.8747,0.375,-66.743
20,0.8747,0.4688,-45.426
20,0.8747,0.5625,-71.434
20,0.8747,0.6562,-48.343
20,0.8747,0.75,-78.37
20,0.8747,0.8438,-55.486
20,0.8747,0.9375,-77.564
20,0.8747,1.0312,-69.767
20,0.8747,1.125,-61.896
20,0.8747,1.2188,-96.959
20,0.8747,1.3125,-47.097
20,0.8747,1.4062,-71.162
20,0.8747,1.5,-58.814
20,0.8747,1.5938,-72.814
20,0.8747,1.6875,-71.657
20,0.8747,1.7812,-75.378
20,0.8747,1.875,-79.917
20,0.8747,1.9688,-71.61
20,0.8747,2.0625,-85.392
20,0.8747,2.1562,-69.545
20,0.8747,2.25,-79.523
20,0.8747,2.3438,-66.526
20,0.8747,2.4375,-90.929
20,0.8747,2.5312,-91.714
20,0.8747,2.625,-78.134
20,0.8747,2.7188,-89.689
20,0.8747,2.8125,-74.531
20,0.8747,2.9062,-86.469
20,0.8747,3.0,-84.802
20,0.8747,3.0938,-88.539
20,0.8747,3.1875,-97.655
20,0.8747,3.2812,-82.54
20,0.8747,3.375,-93.574
20,0.8747,3.4688,-78.067
20,0.8747,3.5625,-81.807
20,0.8747,3.6562,-75.262
20,0.8747,3.75,-85.985
20,0.8747,3.8438,-92.883
20,0.8747,3.9375,-84.612
20,0.8747,4.0312,-95.322
20,0.8747,4.125,-84.524
20,0.8747,4.2188,-87.472
20,0.8747,4.3125,-77.354
20,0.8747,4.4062,-86.209
20,0.8747,4.5,-81.791
20,0.8747,4.5938,-90.215
20,0.8747,4.6875,-84.533
20,0.8747,4.7812,-86.588
20,0.8747,4.875,-94.025
20,0.8747,4.9688,-96.459
20,0.8747,5.0625,-92.555
20,0.8747,5.1562,-76.028
20,0.8747,5.25,-81.681
20,0.8747,5.3438,-70.08
20,0.8747,5.4375,-71.79
20,0.8747,5.5312,-77.278
20,0.8747,5.625,-76.607
20,0.8747,5.7188,-85.801
20,0.8747,5.8125,-99.323
20,0.8747,5.9062,-90.523
20,0.8747,6.0,-96.484
20,0.8747,6.0938,-90.185
20,0.8747,6.1875,-86.852
20,0.8747,6.2812,-80.037
20,0.8747,6.375,-81.316
20,0.8747,6.4688,-85.51
20,0.8747,6.5625,-78.253
20,0.8747,6.6562,-86.541
20,0.8747,6.75,-89.348
20,0.8747,6.8438,-86.498
20,0.8747,6.9375,-86.091
20,0.8747,7.0312,-89.669
20,0.8747,7.125,-92.112
20,0.8747,7.2188,-84.893
20,0.8747,7.3125,-88.092
20,0.8747,7.4062,-89.46
20,0.8747,7.5,-85.75
20,0.8747,7.5938,-83.37
20,0.8747,7.6875,-79.426
20,0.8747,7.7812,-80.528
20,0.8747,7.875,-83.344
20,0.8747,7.9688,-85.798
20,0.8747,8.0625,-81.618
20,0.8747,8.1562,-86.928
20,0.8747,8.25,-84.969
20,0.8747,8.3438,-82.519
20,0.8747,8.4375,-91.495
20,0.8747,8.5312,-81.392
20,0.8747,8.625,-86.898
20,0.8747,8.7188,-88.293
20,0.8747,8.8125,-87.744
20,0.8747,8.9062,-89.903
20,0.8747,9.0,-88.898
20,0.8747,9.0938,-84.496
20,0.8747,9.1875,-88.553
20,0.8747,9.2812,-79.16
20,0.8747,9.375,-82.535
20,0.8747,9.4688,-77.345
20,0.8747,9.5625,-76.549
20,0.8747,9.6562,-78.731
20,0.8747,9.75,-89.268
20,0.8747,9.8438,-89.734
20,0.8747,9.9375,-77.596
20,0.8747,10.0312,-84.512
20,0.8747,10.125,-96.809
20,0.8747,10.2188,-70.294
20,0.8747,10.3125,-75.723
20,0.8747,10.4062,-74.379
20,0.8747,10.5,-82.207
20,0.8747,10.5938,-77.528
20,0.8747,10.6875,-96.044
20,0.8747,10.7812,-82.844
20,0.8747,10.875,-88.822
20,0.8747,10.9688,-83.861
20,0.8747,11.0625,-86.564
20,0.8747,11.1562,-86.811
20,0.8747,11.25,-84.436
20,0.8747,11.3438,-87.395
20,0.8747,11.4375,-88.072
20,0.8747,11.5312,-94.939
20,0.8747,11.625,-97.522
20,0.8747,11.7188,-91.772
20,0.8747,11.8125,-95.823
20,0.8747,11.9062,-81.993
20,0.8747,12.0,-84.306
20,0.8747,12.0938,-93.736
20,0.8747,12.1875,-86.995
20,0.8747,12.2812,-94.354
20,0.8747,12.375,-84.394
20,0.8747,12.4688,-89.328
20,0.8747,12.5625,-95.457
20,0.8747,12.6562,-89.866
20,0.8747,12.75,-92.838
20,0.8747,12.8438,-98.775
20,0.8747,12.9375,-89.521
20,0.8747,13.0312,-93.065
20,0.8747,13.125,-87.943
20,0.8747,13.2188,-95.469
20,0.8747,13.3125,-92.527
20,0.8747,13.4062,-94.397
20,0.8747,13.5,-96.55
20,0.8747,13.5938,-96.178
20,0.8747,13.6875,-90.331
20,0.8747,13.7812,-96.34
20,0.8747,13.875,-87.584
20,0.8747,13.9688,-90.249
20,0.8747,14.0625,-92.042
20,0.8747,14.1562,-96.819
20,0.8747,14.25,-96.814
20,0.8747,14.3438,-99.532
20,0.8747,14.4375,-98.306
20,0.8747,14.5312,-96.544
20,0.8747,14.625,-98.652
20,0.8747,14.7188,-97.875
20,0.8747,14.8125,-98.799
20,0.8747,14.9062,-99.318
20,0.8747,15.0,-95.845
20,0.8747,15.0938,-98.879
20,0.8747,15.1875,-99.534
20,0.8747,15.2812,-98.962
20,0.8747,15.375,-99.16
20,0.8747,15.4688,-99.587
20,0.8747,15.5625,-99.285
20,0.8747,15.6562,-98.589
20,0.8747,15.75,-99.133
20,0.8747,15.8438,-99.576
20,0.8747,15.9375,-98.833
21,0.9173,0.0,-87.262
21,0.9173,0.0938,-72.054
21,0.9173,0.1875,-42.417
21,0.9173,0.2812,-70.862
21,0.9173,0.375,-66.9
21,0.9173,0.4688,-47.358
21,0.9173,0.5625,-83.37
21,0.9173,0.6562,-51.604
21,0.9173,0.75,-86.22
21,0.9173,0.8438,-63.873
21,0.9173,0.9375,-81.582
21,0.9173,1.0312,-78.664
21,0.9173,1.125,-60.112
21,0.9173,1.2188,-73.586
21,0.9173,1.3125,-47.954
21,0.9173,1.4062,-77.009
21,0.9173,1.5,-70.797
21,0.9173,1.5938,-84.851
21,0.9173,1.6875,-77.073
21,0.9173,1.7812,-69.775
21,0.9173,1.875,-75.481
21,0.9173,1.9688,-67.691
21,0.9173,2.0625,-83.157
21,0.9173,2.1562,-78.073
21,0.9173,2.25,-96.002
21,0.9173,2.3438,-97.618
21,0.9173,2.4375,-70.957
21,0.9173,2.5312,-89.691
21,0.9173,2.625,-77.337
21,0.9173,2.7188,-87.688
21,0.9173,2.8125,-86.181
21,0.9173,2.9062,-98.555
21,0.9173,3.0,-95.634
21,0.9173,3.0938,-82.064
21,0.9173,3.1875,-99.091
21,0.9173,3.2812,-78.122
21,0.9173,3.375,-93.362
21,0.9173,3.4688,-92.96
21,0.9173,3.5625,-98.839
21,0.9173,3.6562,-91.242
21,0.9173,3.75,-72.52
21,0.9173,3.8438,-82.564
21,0.9173,3.9375,-76.016
21,0.9173,4.0312,-90.44
21,0.9173,4.125,-80.569
21,0.9173,4.2188,-91.483
21,0.9173,4.3125,-88.333
21,0.9173,4.4062,-79.867
21,0.9173,4.5,-94.58
21,0.9173,4.5938,-80.258
21,0.9173,4.6875,-90.223
21,0.9173,4.7812,-84.308
21,0.9173,4.875,-91.812
21,0.9173,4.9688,-98.191
21,0.9173,5.0625,-77.063
21,0.9173,5.1562,-81.896
21,0.9173,5.25,-62.818
21,0.9173,5.3438,-63.567
21,0.9173,5.4375,-63.876
21,0.9173,5.5312,-76.406
21,0.9173,5.625,-77.774
21,0.9173,5.7188,-77.287
21,0.9173,5.8125,-92.09
21,0.9173,5.9062,-86.562
21,0.9173,6.0,-94.972
21,0.9173,6.0938,-94.749
21,0.9173,6.1875,-97.658
21,0.9173,6.2812,-79.238
21,0.9173,6.375,-87.482
21,0.9173,6.4688,-91.49
21,0.9173,6.5625,-78.672
21,0.9173,6.6562,-88.424
21,0.9173,6.75,-86.869
21,0.9173,6.8438,-91.652
21,0.9173,6.9375,-84.67
21,0.9173,7.0312,-84.388
21,0.9173,7.125,-89.66
21,0.9173,7.2188,-91.009
21,0.9173,7.3125,-96.315
21,0.9173,7.4062,-88.32
21,0.9173,7.5,-98.583
21,0.9173,7.5938,-96.292
21,0.9173,7.6875,-84.044
21,0.9173,7.7812,-98.989
21,0.9173,7.875,-85.404
21,0.9173,7.9688,-93.451
21,0.9173,8.0625,-96.184
21,0.9173,8.1562,-86.572
21,0.9173,8.25,-86.935
21,0.9173,8.3438,-83.921
21,0.9173,8.4375,-97.653
21,0.9173,8.5312,-78.042
21,0.9173,8.625,-90.001
21,0.9173,8.7188,-75.681
21,0.9173,8.8125,-93.751
21,0.9173,8.9062,-96.107
21,0.9173,9.0,-86.164
21,0.9173,9.0938,-81.637
21,0.9173,9.1875,-78.246
21,0.9173,9.2812,-90.889
21,0.9173,9.375,-80.988
21,0.9173,9.4688,-86.785
21,0.9173,9.5625,-90.553
21,0.9173,9.6562,-92.278
21,0.9173,9.75,-86.285
21,0.9173,9.8438,-77.874
21,0.9173,9.9375,-79.247
21,0.9173,10.0312,-78.15
21,0.9173,10.125,-73.437
21,0.9173,10.2188,-75.766
21,0.9173,10.3125,-74.634
21,0.9173,10.4062,-83.535
21,0.9173,10.5,-95.178
21,0.9173,10.5938,-99.186
21,0.9173,10.6875,-96.226
21,0.9173,10.7812,-89.195
21,0.9173,10.875,-89.948
21,0.9173,10.9688,-88.781
21,0.9173,11.0625,-85.494
21,0.9173,11.1562,-89.211
21,0.9173,11.25,-90.335
21,0.9173,11.3438,-85.336
21,0.9173,11.4375,-94.239
21,0.9173,11.5312,-85.253
21,0.9173,11.625,-99.9
21,0.9173,11.7188,-92.235
21,0.9173,11.8125,-90.03
21,0.9173,11.9062,-88.001
21,0.9173,12.0,-95.343
21,0.9173,12.0938,-87.703
21,0.9173,12.1875,-92.753
21,0.9173,12.2812,-99.159
21,0.9173,12.375,-99.965
21,0.9173,12.4688,-95.12
21,0.9173,12.5625,-98.197
21,0.9173,12.6562,-92.207
21,0.9173,12.75,-91.235
21,0.9173,12.8438,-90.295
21,0.9173,12.9375,-88.343
21,0.9173,13.0312,-95.716
21,0.9173,13.125,-94.777
21,0.9173,13.2188,-96.447
21,0.9173,13.3125,-99.767
21,0.9173,13.4062,-94.947
21,0.9173,13.5,-97.043
21,0.9173,13.5938,-97.161
21,0.9173,13.6875,-98.109
21,0.9173,13.7812,-96.453
21,0.9173,13.875,-97.374
21,0.9173,13.9688,-99.139
21,0.9173,14.0625,-98.314
21,0.9173,14.1562,-96.909
21,0.9173,14.25,-96.503
21,0.9173,14.3438,-98.848
21,0.9173,14.4375,-99.438
21,0.9173,14.5312,-99.384
21,0.9173,14.625,-97.77
21,0.9173,14.7188,-99.566
21,0.9173,14.8125,-99.568
21,0.9173,14.9062,-98.138
21,0.9173,15.0,-99.742
21,0.9173,15.0938,-97.549
21,0.9173,15.1875,-98.343
21,0.9173,15.2812,-98.538
21,0.9173,15.375,-97.871
21,0.9173,15.4688,-98.636
21,0.9173,15.5625,-99.476
21,0.9173,15.6562,-99.906
21,0.9173,15.75,-99.753
21,0.9173,15.8438,-99.912
21,0.9173,15.9375,-98.674
22,0.96,0.0,-98.071
22,0.96,0.0938,-75.475
22,0.96,0.1875,-42.376
22,0.96,0.2812,-78.637
22,0.96,0.375,-65.663
22,0.96,0.4688,-44.304
22,0.96,0.5625,-78.723
22,0.96,0.6562,-48.828
22,0.96,0.75,-91.846
22,0.96,0.8438,-63.202
22,0.96,0.9375,-80.517
22,0.96,1.0312,-75.154
22,0.96,1.125,-61.773
22,0.96,1.2188,-80.519
22,0.96,1.3125,-47.407
22,0.96,1.4062,-72.511
22,0.96,1.5,-62.087
22,0.96,1.5938,-77.194
22,0.96,1.6875,-76.004
22,0.96,1.7812,-74.41
22,0.96,1.875,-79.942
22,0.96,1.9688,-66.709
22,0.96,2.0625,-77.256
22,0.96,2.1562,-74.911
22,0.96,2.25,-80.634
22,0.96,2.3438,-74.911
22,0.96,2.4375,-65.013
22,0.96,2.5312,-95.75
22,0.96,2.625,-76.733
22,0.96,2.7188,-82.555
22,0.96,2.8125,-79.769
22,0.96,2.9062,-86.119
22,0.96,3.0,-89.877
22,0.96,3.0938,-81.973
22,0.96,3.1875,-90.075
22,0.96,3.2812,-79.272
22,0.96,3.375,-98.763
22,0.96,3.4688,-85.876
22,0.96,3.5625,-88.352
22,0.96,3.6562,-79.077
22,0.96,3.75,-72.428
22,0.96,3.8438,-85.039
22,0.96,3.9375,-66.36
22,0.96,4.0312,-88.908
22,0.96,4.125,-76.831
22,0.96,4.2188,-87.653
22,0.96,4.3125,-92.619
22,0.96,4.4062,-84.284
22,0.96,4.5,-97.245
22,0.96,4.5938,-87.462
22,0.96,4.6875,-89.965
22,0.96,4.7812,-84.014
22,0.96,4.875,-91.759
22,0.96,4.9688,-98.304
22,0.96,5.0625,-83.614
22,0.96,5.1562,-76.788
22,0.96,5.25,-63.165
22,0.96,5.3438,-63.493
22,0.96,5.4375,-66.782
22,0.96,5.5312,-70.587
22,0.96,5.625,-75.965
22,0.96,5.7188,-76.81
22,0.96,5.8125,-81.842
22,0.96,5.9062,-88.901
22,0.96,6.0,-94.67
22,0.96,6.0938,-84.754
22,0.96,6.1875,-79.532
22,0.96,6.2812,-81.642
22,0.96,6.375,-67.242
22,0.96,6.4688,-85.779
22,0.96,6.5625,-80.645
22,0.96,6.6562,-97.451
22,0.96,6.75,-79.969
22,0.96,6.8438,-81.693
22,0.96,6.9375,-83.467
22,0.96,7.0312,-86.508
22,0.96,7.125,-85.174
22,0.96,7.2188,-84.731
22,0.96,7.3125,-87.565
22,0.96,7.4062,-86.901
22,0.96,7.5,-75.0
22,0.96,7.5938,-86.482
22,0.96,7.6875,-84.581
22,0.96,7.7812,-95.186
22,0.96,7.875,-88.061
22,0.96,7.9688,-85.572
22,0.96,8.0625,-83.347
22,0.96,8.1562,-91.294
22,0.96,8.25,-86.889
22,0.96,8.3438,-92.209
22,0.96,8.4375,-86.691
22,0.96,8.5312,-77.912
22,0.96,8.625,-72.563
22,0.96,8.7188,-74.257
22,0.96,8.8125,-80.523
22,0.96,8.9062,-85.091
22,0.96,9.0,-92.697
22,0.96,9.0938,-86.42
22,0.96,9.1875,-85.35
22,0.96,9.2812,-81.684
22,0.96,9.375,-95.713
22,0.96,9.4688,-85.946
22,0.96,9.5625,-93.733
22,0.96,9.6562,-93.348
22,0.96,9.75,-85.547
22,0.96,9.8438,-71.052
22,0.96,9.9375,-81.807
22,0.96,10.0312,-79.024
22,0.96,10.125,-78.85
22,0.96,10.2188,-75.775
22,0.96,10.3125,-84.135
22,0.96,10.4062,-89.435
22,0.96,10.5,-89.617
22,0.96,10.5938,-96.099
22,0.96,10.6875,-97.655
22,0.96,10.7812,-91.307
22,0.96,10.875,-91.477
22,0.96,10.9688,-95.608
22,0.96,11.0625,-98.195
22,0.96,11.1562,-98.664
22,0.96,11.25,-88.537
22,0.96,11.3438,-97.304
22,0.96,11.4375,-88.354
22,0.96,11.5312,-92.855
22,0.96,11.625,-93.382
22,0.96,11.7188,-95.992
22,0.96,11.8125,-90.76
22,0.96,11.9062,-90.539
22,0.96,12.0,-90.271
22,0.96,12.0938,-93.081
22,0.96,12.1875,-95.927
22,0.96,12.2812,-98.343
22,0.96,12.375,-99.308
22,0.96,12.4688,-96.506
22,0.96,12.5625,-95.312
22,0.96,12.6562,-89.764
22,0.96,12.75,-89.447
22,0.96,12.8438,-98.972
22,0.96,12.9375,-89.01
22,0.96,13.0312,-91.541
22,0.96,13.125,-92.028
22,0.96,13.2188,-97.301
22,0.96,13.3125,-99.623
22,0.96,13.4062,-97.88
22,0.96,13.5,-99.509
22,0.96,13.5938,-99.952
22,0.96,13.6875,-99.069
22,0.96,13.7812,-97.573
22,0.96,13.875,-99.363
22,0.96,13.9688,-99.523
22,0.96,14.0625,-99.725
22,0.96,14.1562,-99.26
22,0.96,14.25,-99.605
22,0.96,14.3438,-99.994
22,0.96,14.4375,-99.238
22,0.96,14.5312,-99.359
22,0.96,14.625,-99.412
22,0.96,14.7188,-94.654
22,0.96,14.8125,-99.466
22,0.96,14.9062,-95.895
22,0.96,15.0,-97.451
22,0.96,15.0938,-98.128
22,0.96,15.1875,-98.242
22,0.96,15.2812,-99.165
22,0.96,15.375,-98.526
22,0.96,15.4688,-99.898
22,0.96,15.5625,-98.767
22,0.96,15.6562,-99.022
22,0.96,15.75,-99.191
22,0.96,15.8438,-98.123
22,0.96,15.9375,-98.395
23,1.0027,0.0,-71.031
23,1.0027,0.0938,-63.662
23,1.0027,0.1875,-39.897
23,1.0027,0.2812,-62.816
23,1.0027,0.375,-60.738
23,1.0027,0.4688,-49.891
23,1.0027,0.5625,-65.884
23,1.0027,0.6562,-46.545
23,1.0027,0.75,-81.979
23,1.0027,0.8438,-60.428
23,1.0027,0.9375,-77.717
23,1.0027,1.0312,-67.161
23,1.0027,1.125,-71.747
23,1.0027,1.2188,-88.937
23,1.0027,1.3125,-54.349
23,1.0027,1.4062,-81.357
23,1.0027,1.5,-48.711
23,1.0027,1.5938,-77.586
23,1.0027,1.6875,-62.273
23,1.0027,1.7812,-70.094
23,1.0027,1.875,-79.65
23,1.0027,1.9688,-71.735
23,1.0027,2.0625,-82.93
23,1.0027,2.1562,-66.949
23,1.0027,2.25,-71.91
23,1.0027,2.3438,-60.219
23,1.0027,2.4375,-68.138
23,1.0027,2.5312,-80.168
23,1.0027,2.625,-83.991
23,1.0027,2.7188,-81.09
23,1.0027,2.8125,-76.699
23,1.0027,2.9062,-97.439
23,1.0027,3.0,-81.232
23,1.0027,3.0938,-91.567
23,1.0027,3.1875,-81.518
23,1.0027,3.2812,-94.821
23,1.0027,3.375,-86.717
23,1.0027,3.4688,-79.798
23,1.0027,3.5625,-93.827
23,1.0027,3.6562,-75.616
23,1.0027,3.75,-94.365
23,1.0027,3.8438,-73.815
23,1.0027,3.9375,-77.363
23,1.0027,4.0312,-81.736
23,1.0027,4.125,-77.105
23,1.0027,4.2188,-83.467
23,1.0027,4.3125,-80.642
23,1.0027,4.4062,-94.884
23,1.0027,4.5,-85.052
23,1.0027,4.5938,-89.957
23,1.0027,4.6875,-85.943
23,1.0027,4.7812,-92.732
23,1.0027,4.875,-77.925
23,1.0027,4.9688,-75.901
23,1.0027,5.0625,-85.325
23,1.0027,5.1562,-71.781
23,1.0027,5.25,-71.729
23,1.0027,5.3438,-76.976
23,1.0027,5.4375,-70.63
23,1.0027,5.5312,-74.873
23,1.0027,5.625,-85.389
23,1.0027,5.7188,-85.668
23,1.0027,5.8125,-79.943
23,1.0027,5.9062,-89.213
23,1.0027,6.0,-88.699
23,1.0027,6.0938,-80.861
23,1.0027,6.1875,-85.805
23,1.0027,6.2812,-69.087
23,1.0027,6.375,-72.341
23,1.0027,6.4688,-77.91
23,1.0027,6.5625,-80.513
23,1.0027,6.6562,-86.757
23,1.0027,6.75,-80.601
23,1.0027,6.8438,-80.112
23,1.0027,6.9375,-74.636
23,1.0027,7.0312,-79.417
23,1.0027,7.125,-74.92
23,1.0027,7.2188,-78.76
23,1.0027,7.3125,-83.905
23,1.0027,7.4062,-79.168
23,1.0027,7.5,-82.228
23,1.0027,7.5938,-85.426
23,1.0027,7.6875,-81.903
23,1.0027,7.7812,-84.024
23,1.0027,7.875,-83.281
23,1.0027,7.9688,-75.344
23,1.0027,8.0625,-90.101
23,1.0027,8.1562,-87.276
23,1.0027,8.25,-84.093
23,1.0027,8.3438,-77.714
23,1.0027,8.4375,-70.567
23,1.0027,8.5312,-74.402
23,1.0027,8.625,-68.407
23,1.0027,8.7188,-89.549
23,1.0027,8.8125,-75.735
23,1.0027,8.9062,-93.062
23,1.0027,9.0,-94.317
23,1.0027,9.0938,-99.186
23,1.0027,9.1875,-86.472
23,1.0027,9.2812,-82.347
23,1.0027,9.375,-85.363
23,1.0027,9.4688,-80.552
23,1.0027,9.5625,-80.59
23,1.0027,9.6562,-82.819
23,1.0027,9.75,-75.652
23,1.0027,9.8438,-87.379
23,1.0027,9.9375,-89.0
23,1.0027,10.0312,-93.054
23,1.0027,10.125,-89.705
23,1.0027,10.2188,-93.853
23,1.0027,10.3125,-98.904
23,1.0027,10.4062,-83.747
23,1.0027,10.5,-89.14
23,1.0027,10.5938,-85.77
23,1.0027,10.6875,-88.518
23,1.0027,10.7812,-84.889
23,1.0027,10.875,-84.835
23,1.0027,10.9688,-94.298
23,1.0027,11.0625,-91.71
23,1.0027,11.1562,-96.078
23,1.0027,11.25,-88.024
23,1.0027,11.3438,-90.459
23,1.0027,11.4375,-89.329
23,1.0027,11.5312,-85.577
23,1.0027,11.625,-87.174
23,1.0027,11.7188,-86.417
23,1.0027,11.8125,-85.152
23,1.0027,11.9062,-86.423
23,1.0027,12.0,-87.22
23,1.0027,12.0938,-95.757
23,1.0027,12.1875,-90.547
23,1.0027,12.2812,-86.812
23,1.0027,12.375,-95.03
23,1.0027,12.4688,-89.517
23,1.0027,12.5625,-88.397
23,1.0027,12.6562,-95.125
23,1.0027,12.75,-92.721
23,1.0027,12.8438,-93.604
23,1.0027,12.9375,-97.272
23,1.0027,13.0312,-96.385
23,1.0027,13.125,-98.494
23,1.0027,13.2188,-89.332
23,1.0027,13.3125,-96.529
23,1.0027,13.4062,-96.547
23,1.0027,13.5,-95.032
23,1.0027,13.5938,-99.226
23,1.0027,13.6875,-95.24
23,1.0027,13.7812,-92.035
23,1.0027,13.875,-97.555
23,1.0027,13.9688,-89.22
23,1.0027,14.0625,-98.952
23,1.0027,14.1562,-96.156
23,1.0027,14.25,-99.125
23,1.0027,14.3438,-97.342
23,1.0027,14.4375,-96.268
23,1.0027,14.5312,-98.398
23,1.0027,14.625,-97.865
23,1.0027,14.7188,-98.419
23,1.0027,14.8125,-96.209
23,1.0027,14.9062,-97.424
23,1.0027,15.0,-98.077
23,1.0027,15.0938,-99.437
23,1.0027,15.1875,-98.711
23,1.0027,15.2812,-99.085
23,1.0027,15.375,-97.307
23,1.0027,15.4688,-98.459
23,1.0027,15.5625,-99.421
23,1.0027,15.6562,-97.725
23,1.0027,15.75,-99.751
23,1.0027,15.8438,-97.542
23,1.0027,15.9375,-99.102
24,1.0453,0.0,-94.996
24,1.0453,0.0938,-80.915
24,1.0453,0.1875,-40.178
24,1.0453,0.2812,-64.143
24,1.0453,0.375,-66.997
24,1.0453,0.4688,-48.913
24,1.0453,0.5625,-67.765
24,1.0453,0.6562,-51.034
24,1.0453,0.75,-80.76
24,1.0453,0.8438,-60.48
24,1.0453,0.9375,-80.853
24,1.0453,1.0312,-78.754
24,1.0453,1.125,-68.777
24,1.0453,1.2188,-75.569
24,1.0453,1.3125,-61.499
24,1.0453,1.4062,-70.118
24,1.0453,1.5,-58.124
24,1.0453,1.5938,-67.423
24,1.0453,1.6875,-68.016
24,1.0453,1.7812,-64.182
24,1.0453,1.875,-75.48
24,1.0453,1.9688,-57.928
24,1.0453,2.0625,-76.488
24,1.0453,2.1562,-60.265
24,1.0453,2.25,-69.621
24,1.0453,2.3438,-71.631
24,1.0453,2.4375,-80.417
24,1.0453,2.5312,-80.614
24,1.0453,2.625,-84.707
24,1.0453,2.7188,-91.823
24,1.0453,2.8125,-77.277
24,1.0453,2.9062,-86.815
24,1.0453,3.0,-89.011
24,1.0453,3.0938,-86.885
24,1.0453,3.1875,-84.366
24,1.0453,3.2812,-82.393
24,1.0453,3.375,-94.323
24,1.0453,3.4688,-80.776
24,1.0453,3.5625,-96.856
24,1.0453,3.6562,-83.233
24,1.0453,3.75,-76.556
24,1.0453,3.8438,-89.25
24,1.0453,3.9375,-82.245
24,1.0453,4.0312,-85.309
24,1.0453,4.125,-91.34
24,1.0453,4.2188,-94.6
24,1.0453,4.3125,-91.719
24,1.0453,4.4062,-91.782
24,1.0453,4.5,-92.682
24,1.0453,4.5938,-89.649
24,1.0453,4.6875,-90.854
24,1.0453,4.7812,-82.071
24,1.0453,4.875,-98.526
24,1.0453,4.9688,-79.693
24,1.0453,5.0625,-80.791
24,1.0453,5.1562,-88.342
24,1.0453,5.25,-76.516
24,1.0453,5.3438,-78.231
24,1.0453,5.4375,-85.356
24,1.0453,5.5312,-93.572
24,1.0453,5.625,-84.485
24,1.0453,5.7188,-83.49
24,1.0453,5.8125,-85.789
24,1.0453,5.9062,-84.447
24,1.0453,6.0,-78.323
24,1.0453,6.0938,-79.54
24,1.0453,6.1875,-71.333
24,1.0453,6.2812,-70.379
24,1.0453,6.375,-73.07
24,1.0453,6.4688,-94.131
24,1.0453,6.5625,-82.966
24,1.0453,6.6562,-99.782
24,1.0453,6.75,-79.523
24,1.0453,6.8438,-83.016
24,1.0453,6.9375,-75.584
24,1.0453,7.0312,-89.36
24,1.0453,7.125,-79.218
24,1.0453,7.2188,-86.68
24,1.0453,7.3125,-82.017
24,1.0453,7.4062,-87.674
24,1.0453,7.5,-80.588
24,1.0453,7.5938,-84.182
24,1.0453,7.6875,-77.85
24,1.0453,7.7812,-79.715
24,1.0453,7.875,-76.463
24,1.0453,7.9688,-68.898
24,1.0453,8.0625,-71.068
24,1.0453,8.1562,-69.02
24,1.0453,8.25,-65.97
24,1.0453,8.3438,-77.566
24,1.0453,8.4375,-83.421
24,1.0453,8.5312,-88.385
24,1.0453,8.625,-74.634
24,1.0453,8.7188,-71.541
24,1.0453,8.8125,-76.71
24,1.0453,8.9062,-86.107
24,1.0453,9.0,-81.857
24,1.0453,9.0938,-76.153
24,1.0453,9.1875,-70.771
24,1.0453,9.2812,-77.854
24,1.0453,9.375,-69.831
24,1.0453,9.4688,-73.366
24,1.0453,9.5625,-70.244
24,1.0453,9.6562,-69.469
24,1.0453,9.75,-94.872
24,1.0453,9.8438,-75.974
24,1.0453,9.9375,-87.169
24,1.0453,10.0312,-77.026
24,1.0453,10.125,-76.634
24,1.0453,10.2188,-82.043
24,1.0453,10.3125,-77.02
24,1.0453,10.4062,-88.437
24,1.0453,10.5,-80.657
24,1.0453,10.5938,-76.465
24,1.0453,10.6875,-85.503
24,1.0453,10.7812,-83.095
24,1.0453,10.875,-83.327
24,1.0453,10.9688,-76.445
24,1.0453,11.0625,-75.114
24,1.0453,11.1562,-78.922
24,1.0453,11.25,-81.032
24,1.0453,11.3438,-83.137
24,1.0453,11.4375,-80.13
24,1.0453,11.5312,-75.872
24,1.0453,11.625,-83.754
24,1.0453,11.7188,-82.514
24,1.0453,11.8125,-84.91
24,1.0453,11.9062,-83.918
24,1.0453,12.0,-79.792
24,1.0453,12.0938,-89.58
24,1.0453,12.1875,-84.624
24,1.0453,12.2812,-85.771
24,1.0453,12.375,-89.839
24,1.0453,12.4688,-94.857
24,1.0453,12.5625,-91.132
24,1.0453,12.6562,-96.101
24,1.0453,12.75,-92.132
24,1.0453,12.8438,-87.887
24,1.0453,12.9375,-96.406
24,1.0453,13.0312,-88.337
24,1.0453,13.125,-79.993
24,1.0453,13.2188,-92.773
24,1.0453,13.3125,-85.873
24,1.0453,13.4062,-93.537
24,1.0453,13.5,-88.56
24,1.0453,13.5938,-91.857
24,1.0453,13.6875,-84.493
24,1.0453,13.7812,-88.495
24,1.0453,13.875,-85.027
24,1.0453,13.9688,-90.022
24,1.0453,14.0625,-90.357
24,1.0453,14.1562,-92.335
24,1.0453,14.25,-94.305
24,1.0453,14.3438,-95.905
24,1.0453,14.4375,-95.681
24,1.0453,14.5312,-99.097
24,1.0453,14.625,-91.374
24,1.0453,14.7188,-94.236
24,1.0453,14.8125,-88.933
24,1.0453,14.9062,-99.577
24,1.0453,15.0,-92.949
24,1.0453,15.0938,-94.709
24,1.0453,15.1875,-95.152
24,1.0453,15.2812,-96.679
24,1.0453,15.375,-96.336
24,1.0453,15.4688,-94.944
24,1.0453,15.5625,-96.838
24,1.0453,15.6562,-96.089
24,1.0453,15.75,-94.741
24,1.0453,15.8438,-96.205
24,1.0453,15.9375,-97.049
25,1.088,0.0,-82.514
25,1.088,0.0938,-72.812
25,1.088,0.1875,-41.591
25,1.088,0.2812,-66.87
25,1.088,0.375,-72.104
25,1.088,0.4688,-48.421
25,1.088,0.5625,-79.585
25,1.088,0.6562,-49.088
25,1.088,0.75,-76.734
25,1.088,0.8438,-60.078
25,1.088,0.9375,-77.941
25,1.088,1.0312,-86.098
25,1.088,1.125,-64.876
25,1.088,1.2188,-76.964
25,1.088,1.3125,-57.407
25,1.088,1.4062,-75.45
25,1.088,1.5,-61.686
25,1.088,1.5938,-65.769
25,1.088,1.6875,-73.497
25,1.088,1.7812,-66.093
25,1.088,1.875,-78.92
25,1.088,1.9688,-62.63
25,1.088,2.0625,-75.971
25,1.088,2.1562,-71.348
25,1.088,2.25,-81.494
25,1.088,2.3438,-77.611
25,1.088,2.4375,-62.971
25,1.088,2.5312,-75.096
25,1.088,2.625,-67.726
25,1.088,2.7188,-84.526
25,1.088,2.8125,-90.032
25,1.088,2.9062,-89.442
25,1.088,3.0,-87.398
25,1.088,3.0938,-79.595
25,1.088,3.1875,-95.995
25,1.088,3.2812,-75.876
25,1.088,3.375,-95.644
25,1.088,3.4688,-84.771
25,1.088,3.5625,-85.354
25,1.088,3.6562,-91.479
25,1.088,3.75,-71.423
25,1.088,3.8438,-81.508
25,1.088,3.9375,-70.358
25,1.088,4.0312,-86.489
25,1.088,4.125,-82.8
25,1.088,4.2188,-93.815
25,1.088,4.3125,-98.806
25,1.088,4.4062,-91.79
25,1.088,4.5,-92.411
25,1.088,4.5938,-86.376
25,1.088,4.6875,-88.981
25,1.088,4.7812,-91.606
25,1.088,4.875,-74.331
25,1.088,4.9688,-78.931
25,1.088,5.0625,-75.234
25,1.088,5.1562,-88.641
25,1.088,5.25,-65.528
25,1.088,5.3438,-80.776
25,1.088,5.4375,-81.223
25,1.088,5.5312,-97.127
25,1.088,5.625,-93.153
25,1.088,5.7188,-90.421
25,1.088,5.8125,-89.223
25,1.088,5.9062,-83.167
25,1.088,6.0,-87.623
25,1.088,6.0938,-75.165
25,1.088,6.1875,-79.241
25,1.088,6.2812,-82.488
25,1.088,6.375,-76.175
25,1.088,6.4688,-83.456
25,1.088,6.5625,-85.704
25,1.088,6.6562,-93.372
25,1.088,6.75,-88.339
25,1.088,6.8438,-88.27
25,1.088,6.9375,-79.052
25,1.088,7.0312,-73.416
25,1.088,7.125,-76.795
25,1.088,7.2188,-77.835
25,1.088,7.3125,-81.745
25,1.088,7.4062,-83.906
25,1.088,7.5,-80.272
25,1.088,7.5938,-82.745
25,1.088,7.6875,-77.809
25,1.088,7.7812,-77.055
25,1.088,7.875,-70.362
25,1.088,7.9688,-73.773
25,1.088,8.0625,-72.932
25,1.088,8.1562,-76.626
25,1.088,8.25,-69.934
25,1.088,8.3438,-70.344
25,1.088,8.4375,-77.634
25,1.088,8.5312,-85.572
25,1.088,8.625,-93.916
25,1.088,8.7188,-72.837
25,1.088,8.8125,-87.32
25,1.088,8.9062,-90.016
25,1.088,9.0,-80.108
25,1.088,9.0938,-75.5
25,1.088,9.1875,-80.41
25,1.088,9.2812,-70.896
25,1.088,9.375,-78.429
25,1.088,9.4688,-73.706
25,1.088,9.5625,-73.289
25,1.088,9.6562,-72.366
25,1.088,9.75,-78.758
25,1.088,9.8438,-83.603
25,1.088,9.9375,-73.293
25,1.088,10.0312,-74.774
25,1.088,10.125,-71.703
25,1.088,10.2188,-79.359
25,1.088,10.3125,-70.878
25,1.088,10.4062,-85.903
25,1.088,10.5,-74.851
25,1.088,10.5938,-86.216
25,1.088,10.6875,-86.853
25,1.088,10.7812,-85.695
25,1.088,10.875,-85.138
25,1.088,10.9688,-88.426
25,1.088,11.0625,-85.976
25,1.088,11.1562,-98.465
25,1.088,11.25,-92.398
25,1.088,11.3438,-97.501
25,1.088,11.4375,-88.643
25,1.088,11.5312,-98.736
25,1.088,11.625,-94.078
25,1.088,11.7188,-93.864
25,1.088,11.8125,-88.189
25,1.088,11.9062,-90.562
25,1.088,12.0,-82.927
25,1.088,12.0938,-92.37
25,1.088,12.1875,-87.619
25,1.088,12.2812,-90.831
25,1.088,12.375,-85.543
25,1.088,12.4688,-88.23
25,1.088,12.5625,-86.017
25,1.088,12.6562,-98.26
25,1.088,12.75,-87.79
25,1.088,12.8438,-89.985
25,1.088,12.9375,-85.938
25,1.088,13.0312,-94.014
25,1.088,13.125,-92.901
25,1.088,13.2188,-91.836
25,1.088,13.3125,-89.905
25,1.088,13.4062,-89.487
25,1.088,13.5,-88.449
25,1.088,13.5938,-86.035
25,1.088,13.6875,-89.311
25,1.088,13.7812,-89.867
25,1.088,13.875,-98.022
25,1.088,13.9688,-88.988
25,1.088,14.0625,-90.645
25,1.088,14.1562,-92.506
25,1.088,14.25,-95.43
25,1.088,14.3438,-98.501
25,1.088,14.4375,-94.016
25,1.088,14.5312,-98.623
25,1.088,14.625,-98.78
25,1.088,14.7188,-96.396
25,1.088,14.8125,-98.305
25,1.088,14.9062,-94.915
25,1.088,15.0,-97.527
25,1.088,15.0938,-89.759
25,1.088,15.1875,-91.453
25,1.088,15.2812,-96.976
25,1.088,15.375,-92.924
25,1.088,15.4688,-96.685
25,1.088,15.5625,-95.575
25,1.088,15.6562,-96.689
25,1.088,15.75,-99.244
25,1.088,15.8438,-98.377
25,1.088,15.9375,-99.604
26,1.1307,0.0,-82.775
26,1.1307,0.0938,-76.076
26,1.1307,0.1875,-39.186
26,1.1307,0.2812,-67.714
26,1.1307,0.375,-58.414
26,1.1307,0.4688,-53.248
26,1.1307,0.5625,-68.069
26,1.1307,0.6562,-56.632
26,1.1307,0.75,-79.198
26,1.1307,0.8438,-59.216
26,1.1307,0.9375,-97.073
26,1.1307,1.0312,-69.415
26,1.1307,1.125,-72.541
26,1.1307,1.2188,-83.144
26,1.1307,1.3125,-61.941
26,1.1307,1.4062,-87.786
26,1.1307,1.5,-61.902
26,1.1307,1.5938,-77.436
26,1.1307,1.6875,-67.698
26,1.1307,1.7812,-84.687
26,1.1307,1.875,-68.318
26,1.1307,1.9688,-73.138
26,1.1307,2.0625,-75.455
26,1.1307,2.1562,-70.552
26,1.1307,2.25,-80.769
26,1.1307,2.3438,-61.19
26,1.1307,2.4375,-83.99
26,1.1307,2.5312,-63.259
26,1.1307,2.625,-78.327
26,1.1307,2.7188,-81.38
26,1.1307,2.8125,-83.588
26,1.1307,2.9062,-89.279
26,1.1307,3.0,-82.849
26,1.1307,3.0938,-98.747
26,1.1307,3.1875,-77.977
26,1.1307,3.2812,-89.658
26,1.1307,3.375,-79.712
26,1.1307,3.4688,-90.672
26,1.1307,3.5625,-78.87
26,1.1307,3.6562,-85.537
26,1.1307,3.75,-77.712
26,1.1307,3.8438,-68.228
26,1.1307,3.9375,-82.138
26,1.1307,4.0312,-74.756
26,1.1307,4.125,-88.884
26,1.1307,4.2188,-79.864
26,1.1307,4.3125,-90.985
26,1.1307,4.4062,-96.857
26,1.1307,4.5,-90.937
26,1.1307,4.5938,-90.522
26,1.1307,4.6875,-80.365
26,1.1307,4.7812,-83.892
26,1.1307,4.875,-78.769
26,1.1307,4.9688,-84.814
26,1.1307,5.0625,-80.08
26,1.1307,5.1562,-75.031
26,1.1307,5.25,-78.676
26,1.1307,5.3438,-77.576
26,1.1307,5.4375,-90.242
26,1.1307,5.5312,-93.028
26,1.1307,5.625,-97.183
26,1.1307,5.7188,-94.414
26,1.1307,5.8125,-95.255
26,1.1307,5.9062,-94.547
26,1.1307,6.0,-94.095
26,1.1307,6.0938,-87.81
26,1.1307,6.1875,-77.748
26,1.1307,6.2812,-86.472
26,1.1307,6.375,-83.373
26,1.1307,6.4688,-90.419
26,1.1307,6.5625,-85.936
26,1.1307,6.6562,-98.069
26,1.1307,6.75,-89.319
26,1.1307,6.8438,-91.59
26,1.1307,6.9375,-77.95
26,1.1307,7.0312,-74.682
26,1.1307,7.125,-82.143
26,1.1307,7.2188,-80.33
26,1.1307,7.3125,-94.781
26,1.1307,7.4062,-84.577
26,1.1307,7.5,-82.906
26,1.1307,7.5938,-93.966
26,1.1307,7.6875,-83.959
26,1.1307,7.7812,-88.966
26,1.1307,7.875,-76.247
26,1.1307,7.9688,-77.294
26,1.1307,8.0625,-71.228
26,1.1307,8.1562,-81.327
26,1.1307,8.25,-74.447
26,1.1307,8.3438,-67.171
26,1.1307,8.4375,-83.552
26,1.1307,8.5312,-76.418
26,1.1307,8.625,-95.116
26,1.1307,8.7188,-81.55
26,1.1307,8.8125,-77.358
26,1.1307,8.9062,-98.881
26,1.1307,9.0,-92.254
26,1.1307,9.0938,-81.472
26,1.1307,9.1875,-70.881
26,1.1307,9.2812,-77.727
26,1.1307,9.375,-69.986
26,1.1307,9.4688,-73.628
26,1.1307,9.5625,-73.368
26,1.1307,9.6562,-78.047
26,1.1307,9.75,-76.348
26,1.1307,9.8438,-77.505
26,1.1307,9.9375,-81.542
26,1.1307,10.0312,-75.879
26,1.1307,10.125,-84.955
26,1.1307,10.2188,-76.902
26,1.1307,10.3125,-77.927
26,1.1307,10.4062,-75.351
26,1.1307,10.5,-85.201
26,1.1307,10.5938,-86.874
26,1.1307,10.6875,-90.734
26,1.1307,10.7812,-83.781
26,1.1307,10.875,-97.048
26,1.1307,10.9688,-92.04
26,1.1307,11.0625,-90.244
26,1.1307,11.1562,-88.999
26,1.1307,11.25,-88.967
26,1.1307,11.3438,-93.234
26,1.1307,11.4375,-84.511
26,1.1307,11.5312,-84.662
26,1.1307,11.625,-90.143
26,1.1307,11.7188,-96.388
26,1.1307,11.8125,-93.878
26,1.1307,11.9062,-88.173
26,1.1307,12.0,-87.028
26,1.1307,12.0938,-85.439
26,1.1307,12.1875,-90.866
26,1.1307,12.2812,-90.952
26,1.1307,12.375,-93.405
26,1.1307,12.4688,-90.835
26,1.1307,12.5625,-98.709
26,1.1307,12.6562,-95.913
26,1.1307,12.75,-95.824
26,1.1307,12.8438,-98.15
26,1.1307,12.9375,-97.49
26,1.1307,13.0312,-95.721
26,1.1307,13.125,-88.84
26,1.1307,13.2188,-90.175
26,1.1307,13.3125,-94.588
26,1.1307,13.4062,-94.4
26,1.1307,13.5,-93.867
26,1.1307,13.5938,-86.525
26,1.1307,13.6875,-95.793
26,1.1307,13.7812,-93.157
26,1.1307,13.875,-92.081
26,1.1307,13.9688,-94.252
26,1.1307,14.0625,-97.879
26,1.1307,14.1562,-94.413
26,1.1307,14.25,-99.473
26,1.1307,14.3438,-98.457
26,1.1307,14.4375,-99.189
26,1.1307,14.5312,-99.999
26,1.1307,14.625,-99.79
26,1.1307,14.7188,-97.687
26,1.1307,14.8125,-95.046
26,1.1307,14.9062,-98.229
26,1.1307,15.0,-93.275
26,1.1307,15.0938,-95.498
26,1.1307,15.1875,-94.107
26,1.1307,15.2812,-98.609
26,1.1307,15.375,-95.157
26,1.1307,15.4688,-98.664
26,1.1307,15.5625,-96.75
26,1.1307,15.6562,-96.471
26,1.1307,15.75,-95.606
26,1.1307,15.8438,-98.872
26,1.1307,15.9375,-99.601
27,1.1733,0.0,-81.765
27,1.1733,0.0938,-71.964
27,1.1733,0.1875,-38.075
27,1.1733,0.2812,-68.11
27,1.1733,0.375,-59.089
27,1.1733,0.4688,-57.345
27,1.1733,0.5625,-74.823
27,1.1733,0.6562,-60.626
27,1.1733,0.75,-81.073
27,1.1733,0.8438,-69.715
27,1.1733,0.9375,-90.185
27,1.1733,1.0312,-92.683
27,1.1733,1.125,-84.217
27,1.1733,1.2188,-86.282
27,1.1733,1.3125,-67.693
27,1.1733,1.4062,-82.72
27,1.1733,1.5,-80.931
27,1.1733,1.5938,-72.929
27,1.1733,1.6875,-83.345
27,1.1733,1.7812,-80.112
27,1.1733,1.875,-71.42
27,1.1733,1.9688,-71.545
27,1.1733,2.0625,-73.994
27,1.1733,2.1562,-83.289
27,1.1733,2.25,-80.371
27,1.1733,2.3438,-78.194
27,1.1733,2.4375,-75.184
27,1.1733,2.5312,-76.447
27,1.1733,2.625,-69.785
27,1.1733,2.7188,-77.313
27,1.1733,2.8125,-88.702
27,1.1733,2.9062,-89.396
27,1.1733,3.0,-75.738
27,1.1733,3.0938,-81.802
27,1.1733,3.1875,-74.544
27,1.1733,3.2812,-82.138
27,1.1733,3.375,-72.269
27,1.1733,3.4688,-85.756
27,1.1733,3.5625,-62.0
27,1.1733,3.6562,-65.804
27,1.1733,3.75,-61.37
27,1.1733,3.8438,-63.128
27,1.1733,3.9375,-66.144
27,1.1733,4.0312,-65.769
27,1.1733,4.125,-65.288
27,1.1733,4.2188,-81.367
27,1.1733,4.3125,-69.28
27,1.1733,4.4062,-64.324
27,1.1733,4.5,-60.301
27,1.1733,4.5938,-70.014
27,1.1733,4.6875,-67.927
27,1.1733,4.7812,-69.428
27,1.1733,4.875,-75.625
27,1.1733,4.9688,-73.335
27,1.1733,5.0625,-69.688
27,1.1733,5.1562,-77.051
27,1.1733,5.25,-71.003
27,1.1733,5.3438,-74.161
27,1.1733,5.4375,-77.14
27,1.1733,5.5312,-80.92
27,1.1733,5.625,-79.38
27,1.1733,5.7188,-85.369
27,1.1733,5.8125,-84.212
27,1.1733,5.9062,-88.943
27,1.1733,6.0,-75.684
27,1.1733,6.0938,-74.4
27,1.1733,6.1875,-81.826
27,1.1733,6.2812,-78.883
27,1.1733,6.375,-80.593
27,1.1733,6.4688,-71.986
27,1.1733,6.5625,-76.961
27,1.1733,6.6562,-72.727
27,1.1733,6.75,-78.333
27,1.1733,6.8438,-72.589
27,1.1733,6.9375,-74.438
27,1.1733,7.0312,-71.07
27,1.1733,7.125,-71.863
27,1.1733,7.2188,-70.885
27,1.1733,7.3125,-74.672
27,1.1733,7.4062,-72.704
27,1.1733,7.5,-72.578
27,1.1733,7.5938,-71.73
27,1.1733,7.6875,-75.627
27,1.1733,7.7812,-72.119
27,1.1733,7.875,-71.107
27,1.1733,7.9688,-76.587
27,1.1733,8.0625,-67.52
27,1.1733,8.1562,-76.083
27,1.1733,8.25,-75.195
27,1.1733,8.3438,-76.176
27,1.1733,8.4375,-88.926
27,1.1733,8.5312,-90.427
27,1.1733,8.625,-79.159
27,1.1733,8.7188,-94.194
27,1.1733,8.8125,-73.861
27,1.1733,8.9062,-72.586
27,1.1733,9.0,-83.14
27,1.1733,9.0938,-68.529
27,1.1733,9.1875,-75.341
27,1.1733,9.2812,-72.135
27,1.1733,9.375,-63.793
27,1.1733,9.4688,-71.801
27,1.1733,9.5625,-73.547
27,1.1733,9.6562,-68.077
27,1.1733,9.75,-75.903
27,1.1733,9.8438,-66.066
27,1.1733,9.9375,-79.467
27,1.1733,10.0312,-74.996
27,1.1733,10.125,-79.826
27,1.1733,10.2188,-80.762
27,1.1733,10.3125,-83.681
27,1.1733,10.4062,-75.403
27,1.1733,10.5,-95.265
27,1.1733,10.5938,-75.158
27,1.1733,10.6875,-79.689
27,1.1733,10.7812,-79.707
27,1.1733,10.875,-82.581
27,1.1733,10.9688,-88.682
27,1.1733,11.0625,-80.811
27,1.1733,11.1562,-82.669
27,1.1733,11.25,-80.946
27,1.1733,11.3438,-88.284
27,1.1733,11.4375,-85.655
27,1.1733,11.5312,-81.534
27,1.1733,11.625,-89.566
27,1.1733,11.7188,-86.643
27,1.1733,11.8125,-93.211
27,1.1733,11.9062,-84.226
27,1.1733,12.0,-90.63
27,1.1733,12.0938,-96.451
27,1.1733,12.1875,-98.594
27,1.1733,12.2812,-92.077
27,1.1733,12.375,-87.268
27,1.1733,12.4688,-95.791
27,1.1733,12.5625,-90.535
27,1.1733,12.6562,-90.882
27,1.1733,12.75,-95.653
27,1.1733,12.8438,-85.831
27,1.1733,12.9375,-96.832
27,1.1733,13.0312,-75.85
27,1.1733,13.125,-79.695
27,1.1733,13.2188,-86.498
27,1.1733,13.3125,-91.968
27,1.1733,13.4062,-93.158
27,1.1733,13.5,-89.318
27,1.1733,13.5938,-91.388
27,1.1733,13.6875,-92.607
27,1.1733,13.7812,-97.553
27,1.1733,13.875,-98.795
27,1.1733,13.9688,-97.907
27,1.1733,14.0625,-94.958
27,1.1733,14.1562,-98.037
27,1.1733,14.25,-99.547
27,1.1733,14.3438,-94.435
27,1.1733,14.4375,-97.137
27,1.1733,14.5312,-98.719
27,1.1733,14.625,-96.378
27,1.1733,14.7188,-99.164
27,1.1733,14.8125,-97.053
27,1.1733,14.9062,-97.77
27,1.1733,15.0,-96.402
27,1.1733,15.0938,-99.427
27,1.1733,15.1875,-98.201
27,1.1733,15.2812,-98.951
27,1.1733,15.375,-98.936
27,1.1733,15.4688,-99.801
27,1.1733,15.5625,-99.611
27,1.1733,15.6562,-99.986
27,1.1733,15.75,-99.376
27,1.1733,15.8438,-99.419
27,1.1733,15.9375,-97.981
28,1.216,0.0,-68.236
28,1.216,0.0938,-76.52
28,1.216,0.1875,-56.65
28,1.216,0.2812,-60.617
28,1.216,0.375,-74.439
28,1.216,0.4688,-64.801
28,1.216,0.5625,-82.266
28,1.216,0.6562,-94.415
28,1.216,0.75,-86.183
28,1.216,0.8438,-67.428
28,1.216,0.9375,-81.765
28,1.216,1.0312,-83.918
28,1.216,1.125,-79.443
28,1.216,1.2188,-77.069
28,1.216,1.3125,-65.691
28,1.216,1.4062,-78.766
28,1.216,1.5,-74.968
28,1.216,1.5938,-77.386
28,1.216,1.6875,-77.106
28,1.216,1.7812,-87.514
28,1.216,1.875,-65.988
28,1.216,1.9688,-79.714
28,1.216,2.0625,-88.646
28,1.216,2.1562,-79.711
28,1.216,2.25,-74.282
28,1.216,2.3438,-76.357
28,1.216,2.4375,-87.249
28,1.216,2.5312,-75.53
28,1.216,2.625,-66.954
28,1.216,2.7188,-73.812
28,1.216,2.8125,-79.093
28,1.216,2.9062,-83.493
28,1.216,3.0,-77.879
28,1.216,3.0938,-84.696
28,1.216,3.1875,-78.203
28,1.216,3.2812,-68.426
28,1.216,3.375,-70.1
28,1.216,3.4688,-64.234
28,1.216,3.5625,-63.353
28,1.216,3.6562,-65.598
28,1.216,3.75,-57.439
28,1.216,3.8438,-59.09
28,1.216,3.9375,-55.625
28,1.216,4.0312,-62.671
28,1.216,4.125,-54.374
28,1.216,4.2188,-74.019
28,1.216,4.3125,-62.492
28,1.216,4.4062,-70.534
28,1.216,4.5,-60.731
28,1.216,4.5938,-87.553
28,1.216,4.6875,-61.776
28,1.216,4.7812,-63.511
28,1.216,4.875,-61.724
28,1.216,4.9688,-65.221
28,1.216,5.0625,-58.271
28,1.216,5.1562,-66.99
28,1.216,5.25,-60.001
28,1.216,5.3438,-76.082
28,1.216,5.4375,-86.626
28,1.216,5.5312,-68.232
28,1.216,5.625,-68.196
28,1.216,5.7188,-76.059
28,1.216,5.8125,-78.88
28,1.216,5.9062,-67.707
28,1.216,6.0,-70.831
28,1.216,6.0938,-73.548
28,1.216,6.1875,-73.748
28,1.216,6.2812,-63.077
28,1.216,6.375,-62.748
28,1.216,6.4688,-59.952
28,1.216,6.5625,-70.742
28,1.216,6.6562,-65.954
28,1.216,6.75,-62.391
28,1.216,6.8438,-70.324
28,1.216,6.9375,-61.13
28,1.216,7.0312,-60.254
28,1.216,7.125,-67.811
28,1.216,7.2188,-59.928
28,1.216,7.3125,-74.731
28,1.216,7.4062,-61.721
28,1.216,7.5,-57.152
28,1.216,7.5938,-66.048
28,1.216,7.6875,-64.75
28,1.216,7.7812,-65.096
28,1.216,7.875,-71.234
28,1.216,7.9688,-56.631
28,1.216,8.0625,-60.888
28,1.216,8.1562,-63.52
28,1.216,8.25,-63.867
28,1.216,8.3438,-61.897
28,1.216,8.4375,-65.732
28,1.216,8.5312,-70.672
28,1.216,8.625,-75.983
28,1.216,8.7188,-70.619
28,1.216,8.8125,-66.544
28,1.216,8.9062,-64.977
28,1.216,9.0,-64.902
28,1.216,9.0938,-66.518
28,1.216,9.1875,-58.039
28,1.216,9.2812,-58.49
28,1.216,9.375,-60.607
28,1.216,9.4688,-57.24
28,1.216,9.5625,-65.801
28,1.216,9.6562,-60.096
28,1.216,9.75,-62.078
28,1.216,9.8438,-58.487
28,1.216,9.9375,-77.249
28,1.216,10.0312,-68.025
28,1.216,10.125,-74.323
28,1.216,10.2188,-58.029
28,1.216,10.3125,-67.085
28,1.216,10.4062,-66.941
28,1.216,10.5,-66.329
28,1.216,10.5938,-74.356
28,1.216,10.6875,-74.091
28,1.216,10.7812,-68.175
28,1.216,10.875,-71.815
28,1.216,10.9688,-79.056
28,1.216,11.0625,-72.994
28,1.216,11.1562,-75.027
28,1.216,11.25,-67.749
28,1.216,11.3438,-82.025
28,1.216,11.4375,-74.692
28,1.216,11.5312,-72.084
28,1.216,11.625,-72.468
28,1.216,11.7188,-73.131
28,1.216,11.8125,-79.821
28,1.216,11.9062,-72.12
28,1.216,12.0,-83.14
28,1.216,12.0938,-69.951
28,1.216,12.1875,-75.0
28,1.216,12.2812,-85.437
28,1.216,12.375,-82.365
28,1.216,12.4688,-90.932
28,1.216,12.5625,-98.753
28,1.216,12.6562,-89.791
28,1.216,12.75,-85.773
28,1.216,12.8438,-85.832
28,1.216,12.9375,-82.396
28,1.216,13.0312,-90.689
28,1.216,13.125,-89.374
28,1.216,13.2188,-86.631
28,1.216,13.3125,-91.173
28,1.216,13.4062,-91.644
28,1.216,13.5,-80.851
28,1.216,13.5938,-84.344
28,1.216,13.6875,-78.744
28,1.216,13.7812,-79.989
28,1.216,13.875,-82.015
28,1.216,13.9688,-80.441
28,1.216,14.0625,-80.323
28,1.216,14.1562,-83.688
28,1.216,14.25,-80.527
28,1.216,14.3438,-80.91
28,1.216,14.4375,-82.403
28,1.216,14.5312,-80.461
28,1.216,14.625,-86.827
28,1.216,14.7188,-91.291
28,1.216,14.8125,-88.336
28,1.216,14.9062,-91.247
28,1.216,15.0,-90.474
28,1.216,15.0938,-92.399
28,1.216,15.1875,-84.304
28,1.216,15.2812,-98.902
28,1.216,15.375,-96.102
28,1.216,15.4688,-90.209
28,1.216,15.5625,-94.198
28,1.216,15.6562,-99.77
28,1.216,15.75,-90.084
28,1.216,15.8438,-99.873
28,1.216,15.9375,-96.204
29,1.2587,0.0,-79.16
29,1.2587,0.0938,-75.307
29,1.2587,0.1875,-52.916
29,1.2587,0.2812,-67.816
29,1.2587,0.375,-78.72
29,1.2587,0.4688,-73.043
29,1.2587,0.5625,-77.65
29,1.2587,0.6562,-62.359
29,1.2587,0.75,-93.43
29,1.2587,0.8438,-85.353
29,1.2587,0.9375,-89.525
29,1.2587,1.0312,-93.179
29,1.2587,1.125,-82.408
29,1.2587,1.2188,-83.779
29,1.2587,1.3125,-63.246
29,1.2587,1.4062,-79.456
29,1.2587,1.5,-71.99
29,1.2587,1.5938,-71.797
29,1.2587,1.6875,-85.671
29,1.2587,1.7812,-75.009
29,1.2587,1.875,-83.212
29,1.2587,1.9688,-79.252
29,1.2587,2.0625,-78.852
29,1.2587,2.1562,-74.041
29,1.2587,2.25,-84.139
29,1.2587,2.3438,-82.891
29,1.2587,2.4375,-81.521
29,1.2587,2.5312,-72.853
29,1.2587,2.625,-66.766
29,1.2587,2.7188,-79.322
29,1.2587,2.8125,-71.001
29,1.2587,2.9062,-86.152
29,1.2587,3.0,-77.578
29,1.2587,3.0938,-72.348
29,1.2587,3.1875,-76.445
29,1.2587,3.2812,-74.763
29,1.2587,3.375,-64.702
29,1.2587,3.4688,-64.425
29,1.2587,3.5625,-67.475
29,1.2587,3.6562,-60.769
29,1.2587,3.75,-59.46
29,1.2587,3.8438,-57.435
29,1.2587,3.9375,-52.208
29,1.2587,4.0312,-66.024
29,1.2587,4.125,-58.248
29,1.2587,4.2188,-67.754
29,1.2587,4.3125,-66.019
29,1.2587,4.4062,-68.215
29,1.2587,4.5,-74.796
29,1.2587,4.5938,-57.933
29,1.2587,4.6875,-63.705
29,1.2587,4.7812,-66.765
29,1.2587,4.875,-61.898
29,1.2587,4.9688,-62.384
29,1.2587,5.0625,-70.251
29,1.2587,5.1562,-67.446
29,1.2587,5.25,-65.476
29,1.2587,5.3438,-74.795
29,1.2587,5.4375,-78.239
29,1.2587,5.5312,-74.407
29,1.2587,5.625,-67.223
29,1.2587,5.7188,-78.713
29,1.2587,5.8125,-78.18
29,1.2587,5.9062,-79.97
29,1.2587,6.0,-73.719
29,1.2587,6.0938,-67.371
29,1.2587,6.1875,-65.184
29,1.2587,6.2812,-67.477
29,1.2587,6.375,-63.188
29,1.2587,6.4688,-69.868
29,1.2587,6.5625,-71.192
29,1.2587,6.6562,-65.165
29,1.2587,6.75,-71.756
29,1.2587,6.8438,-72.496
29,1.2587,6.9375,-61.678
29,1.2587,7.0312,-63.662
29,1.2587,7.125,-70.688
29,1.2587,7.2188,-61.111
29,1.2587,7.3125,-57.375
29,1.2587,7.4062,-68.444
29,1.2587,7.5,-77.717
29,1.2587,7.5938,-64.007
29,1.2587,7.6875,-60.943
29,1.2587,7.7812,-64.552
29,1.2587,7.875,-69.478
29,1.2587,7.9688,-63.681
29,1.2587,8.0625,-59.846
29,1.2587,8.1562,-79.227
29,1.2587,8.25,-65.933
29,1.2587,8.3438,-64.529
29,1.2587,8.4375,-72.529
29,1.2587,8.5312,-59.025
29,1.2587,8.625,-62.518
29,1.2587,8.7188,-61.331
29,1.2587,8.8125,-78.483
29,1.2587,8.9062,-71.499
29,1.2587,9.0,-67.087
29,1.2587,9.0938,-69.177
29,1.2587,9.1875,-66.434
29,1.2587,9.2812,-71.71
29,1.2587,9.375,-83.269
29,1.2587,9.4688,-67.399
29,1.2587,9.5625,-62.635
29,1.2587,9.6562,-67.42
29,1.2587,9.75,-63.782
29,1.2587,9.8438,-71.114
29,1.2587,9.9375,-64.012
29,1.2587,10.0312,-69.048
29,1.2587,10.125,-70.961
29,1.2587,10.2188,-55.5
29,1.2587,10.3125,-62.17
29,1.2587,10.4062,-77.67
29,1.2587,10.5,-67.745
29,1.2587,10.5938,-74.239
29,1.2587,10.6875,-75.005
29,1.2587,10.7812,-73.098
29,1.2587,10.875,-78.584
29,1.2587,10.9688,-78.633
29,1.2587,11.0625,-82.062
29,1.2587,11.1562,-72.765
29,1.2587,11.25,-75.178
29,1.2587,11.3438,-75.843
29,1.2587,11.4375,-88.01
29,1.2587,11.5312,-78.307
29,1.2587,11.625,-74.903
29,1.2587,11.7188,-83.555
29,1.2587,11.8125,-79.545
29,1.2587,11.9062,-81.772
29,1.2587,12.0,-81.609
29,1.2587,12.0938,-75.328
29,1.2587,12.1875,-89.853
29,1.2587,12.2812,-84.262
29,1.2587,12.375,-83.186
29,1.2587,12.4688,-87.687
29,1.2587,12.5625,-94.152
29,1.2587,12.6562,-86.777
29,1.2587,12.75,-85.719
29,1.2587,12.8438,-86.704
29,1.2587,12.9375,-84.191
29,1.2587,13.0312,-84.825
29,1.2587,13.125,-78.348
29,1.2587,13.2188,-83.602
29,1.2587,13.3125,-88.849
29,1.2587,13.4062,-93.219
29,1.2587,13.5,-85.986
29,1.2587,13.5938,-73.643
29,1.2587,13.6875,-80.103
29,1.2587,13.7812,-84.272
29,1.2587,13.875,-83.887
29,1.2587,13.9688,-94.055
29,1.2587,14.0625,-88.425
29,1.2587,14.1562,-82.548
29,1.2587,14.25,-88.813
29,1.2587,14.3438,-85.897
29,1.2587,14.4375,-86.013
29,1.2587,14.5312,-93.358
29,1.2587,14.625,-93.46
29,1.2587,14.7188,-87.926
29,1.2587,14.8125,-91.894
29,1.2587,14.9062,-93.479
29,1.2587,15.0,-91.897
29,1.2587,15.0938,-92.235
29,1.2587,15.1875,-88.251
29,1.2587,15.2812,-92.541
29,1.2587,15.375,-87.88
29,1.2587,15.4688,-99.189
29,1.2587,15.5625,-94.682
29,1.2587,15.6562,-97.774
29,1.2587,15.75,-99.065
29,1.2587,15.8438,-99.089
29,1.2587,15.9375,-98.545
30,1.3013,0.0,-66.711
30,1.3013,0.0938,-76.067
30,1.3013,0.1875,-47.038
30,1.3013,0.2812,-65.081
30,1.3013,0.375,-59.719
30,1.3013,0.4688,-69.436
30,1.3013,0.5625,-90.06
30,1.3013,0.6562,-65.831
30,1.3013,0.75,-80.881
30,1.3013,0.8438,-72.318
30,1.3013,0.9375,-86.895
30,1.3013,1.0312,-79.857
30,1.3013,1.125,-91.763
30,1.3013,1.2188,-81.935
30,1.3013,1.3125,-78.535
30,1.3013,1.4062,-73.482
30,1.3013,1.5,-76.225
30,1.3013,1.5938,-74.48
30,1.3013,1.6875,-72.822
30,1.3013,1.7812,-60.583
30,1.3013,1.875,-60.793
30,1.3013,1.9688,-68.9
30,1.3013,2.0625,-68.095
30,1.3013,2.1562,-65.726
30,1.3013,2.25,-72.609
30,1.3013,2.3438,-68.236
30,1.3013,2.4375,-61.244
30,1.3013,2.5312,-58.617
30,1.3013,2.625,-56.135
30,1.3013,2.7188,-64.189
30,1.3013,2.8125,-71.844
30,1.3013,2.9062,-77.679
30,1.3013,3.0,-80.594
30,1.3013,3.0938,-73.725
30,1.3013,3.1875,-72.637
30,1.3013,3.2812,-57.351
30,1.3013,3.375,-60.863
30,1.3013,3.4688,-59.454
30,1.3013,3.5625,-64.924
30,1.3013,3.6562,-71.064
30,1.3013,3.75,-67.193
30,1.3013,3.8438,-62.728
30,1.3013,3.9375,-64.255
30,1.3013,4.0312,-64.242
30,1.3013,4.125,-76.227
30,1.3013,4.2188,-84.379
30,1.3013,4.3125,-71.589
30,1.3013,4.4062,-66.189
30,1.3013,4.5,-64.399
30,1.3013,4.5938,-79.507
30,1.3013,4.6875,-63.809
30,1.3013,4.7812,-86.129
30,1.3013,4.875,-67.303
30,1.3013,4.9688,-71.174
30,1.3013,5.0625,-77.391
30,1.3013,5.1562,-68.511
30,1.3013,5.25,-82.251
30,1.3013,5.3438,-69.431
30,1.3013,5.4375,-78.685
30,1.3013,5.5312,-82.716
30,1.3013,5.625,-78.516
30,1.3013,5.7188,-74.656
30,1.3013,5.8125,-76.03
30,1.3013,5.9062,-99.875
30,1.3013,6.0,-81.765
30,1.3013,6.0938,-78.134
30,1.3013,6.1875,-81.331
30,1.3013,6.2812,-82.336
30,1.3013,6.375,-69.436
30,1.3013,6.4688,-96.172
30,1.3013,6.5625,-72.381
30,1.3013,6.6562,-75.596
30,1.3013,6.75,-74.252
30,1.3013,6.8438,-80.747
30,1.3013,6.9375,-69.335
30,1.3013,7.0312,-75.865
30,1.3013,7.125,-62.692
30,1.3013,7.2188,-65.194
30,1.3013,7.3125,-57.683
30,1.3013,7.4062,-67.955
30,1.3013,7.5,-76.369
30,1.3013,7.5938,-62.934
30,1.3013,7.6875,-63.505
30,1.3013,7.7812,-76.935
30,1.3013,7.875,-64.931
30,1.3013,7.9688,-66.347
30,1.3013,8.0625,-72.286
30,1.3013,8.1562,-76.871
30,1.3013,8.25,-76.526
30,1.3013,8.3438,-73.401
30,1.3013,8.4375,-67.738
30,1.3013,8.5312,-69.14
30,1.3013,8.625,-71.578
30,1.3013,8.7188,-74.698
30,1.3013,8.8125,-78.531
30,1.3013,8.9062,-86.227
30,1.3013,9.0,-73.45
30,1.3013,9.0938,-85.046
30,1.3013,9.1875,-76.588
30,1.3013,9.2812,-75.565
30,1.3013,9.375,-69.141
30,1.3013,9.4688,-73.608
30,1.3013,9.5625,-70.195
30,1.3013,9.6562,-73.907
30,1.3013,9.75,-71.894
30,1.3013,9.8438,-80.726
30,1.3013,9.9375,-70.053
30,1.3013,10.0312,-78.673
30,1.3013,10.125,-74.638
30,1.3013,10.2188,-85.782
30,1.3013,10.3125,-78.321
30,1.3013,10.4062,-78.887
30,1.3013,10.5,-75.959
30,1.3013,10.5938,-88.303
30,1.3013,10.6875,-71.668
30,1.3013,10.7812,-80.443
30,1.3013,10.875,-79.662
30,1.3013,10.9688,-83.111
30,1.3013,11.0625,-80.172
30,1.3013,11.1562,-86.109
30,1.3013,11.25,-78.544
30,1.3013,11.3438,-82.386
30,1.3013,11.4375,-88.841
30,1.3013,11.5312,-87.789
30,1.3013,11.625,-87.589
30,1.3013,11.7188,-92.76
30,1.3013,11.8125,-78.936
30,1.3013,11.9062,-92.115
30,1.3013,12.0,-84.363
30,1.3013,12.0938,-85.182
30,1.3013,12.1875,-86.038
30,1.3013,12.2812,-83.715
30,1.3013,12.375,-83.554
30,1.3013,12.4688,-88.889
30,1.3013,12.5625,-82.164
30,1.3013,12.6562,-84.266
30,1.3013,12.75,-86.98
30,1.3013,12.8438,-99.947
30,1.3013,12.9375,-89.004
30,1.3013,13.0312,-83.969
30,1.3013,13.125,-86.247
30,1.3013,13.2188,-88.937
30,1.3013,13.3125,-87.967
30,1.3013,13.4062,-89.169
30,1.3013,13.5,-89.223
30,1.3013,13.5938,-94.68
30,1.3013,13.6875,-90.67
30,1.3013,13.7812,-93.101
30,1.3013,13.875,-86.546
30,1.3013,13.9688,-92.258
30,1.3013,14.0625,-89.883
30,1.3013,14.1562,-87.426
30,1.3013,14.25,-94.826
30,1.3013,14.3438,-95.596
30,1.3013,14.4375,-96.042
30,1.3013,14.5312,-98.987
30,1.3013,14.625,-96.247
30,1.3013,14.7188,-97.291
30,1.3013,14.8125,-95.237
30,1.3013,14.9062,-95.118
30,1.3013,15.0,-95.697
30,1.3013,15.0938,-95.4
30,1.3013,15.1875,-98.147
30,1.3013,15.2812,-97.137
30,1.3013,15.375,-95.87
30,1.3013,15.4688,-91.839
30,1.3013,15.5625,-97.442
30,1.3013,15.6562,-99.475
30,1.3013,15.75,-96.014
30,1.3013,15.8438,-99.739
30,1.3013,15.9375,-95.934
31,1.344,0.0,-84.001
31,1.344,0.0938,-72.615
31,1.344,0.1875,-39.756
31,1.344,0.2812,-65.813
31,1.344,0.375,-69.476
31,1.344,0.4688,-51.663
31,1.344,0.5625,-60.648
31,1.344,0.6562,-47.011
31,1.344,0.75,-71.287
31,1.344,0.8438,-59.305
31,1.344,0.9375,-67.848
31,1.344,1.0312,-70.637
31,1.344,1.125,-77.197
31,1.344,1.2188,-89.315
31,1.344,1.3125,-63.016
31,1.344,1.4062,-67.582
31,1.344,1.5,-64.067
31,1.344,1.5938,-60.181
31,1.344,1.6875,-66.585
31,1.344,1.7812,-59.901
31,1.344,1.875,-78.653
31,1.344,1.9688,-64.666
31,1.344,2.0625,-68.625
31,1.344,2.1562,-60.908
31,1.344,2.25,-65.46
31,1.344,2.3438,-74.329
31,1.344,2.4375,-76.342
31,1.344,2.5312,-99.556
31,1.344,2.625,-84.465
31,1.344,2.7188,-86.328
31,1.344,2.8125,-80.64
31,1.344,2.9062,-79.25
31,1.344,3.0,-84.257
31,1.344,3.0938,-72.438
31,1.344,3.1875,-87.806
31,1.344,3.2812,-73.026
31,1.344,3.375,-73.245
31,1.344,3.4688,-78.355
31,1.344,3.5625,-75.787
31,1.344,3.6562,-77.612
31,1.344,3.75,-81.893
31,1.344,3.8438,-82.45
31,1.344,3.9375,-81.629
31,1.344,4.0312,-76.187
31,1.344,4.125,-95.481
31,1.344,4.2188,-79.534
31,1.344,4.3125,-80.79
31,1.344,4.4062,-85.739
31,1.344,4.5,-87.492
31,1.344,4.5938,-93.031
31,1.344,4.6875,-88.144
31,1.344,4.7812,-90.897
31,1.344,4.875,-91.514
31,1.344,4.9688,-89.314
31,1.344,5.0625,-81.538
31,1.344,5.1562,-86.195
31,1.344,5.25,-89.07
31,1.344,5.3438,-79.468
31,1.344,5.4375,-87.46
31,1.344,5.5312,-93.705
31,1.344,5.625,-98.325
31,1.344,5.7188,-98.624
31,1.344,5.8125,-90.274
31,1.344,5.9062,-95.83
31,1.344,6.0,-89.822
31,1.344,6.0938,-78.73
31,1.344,6.1875,-80.08
31,1.344,6.2812,-74.839
31,1.344,6.375,-80.401
31,1.344,6.4688,-80.968
31,1.344,6.5625,-92.974
31,1.344,6.6562,-96.721
31,1.344,6.75,-87.0
31,1.344,6.8438,-79.239
31,1.344,6.9375,-82.144
31,1.344,7.0312,-83.912
31,1.344,7.125,-74.155
31,1.344,7.2188,-82.52
31,1.344,7.3125,-88.206
31,1.344,7.4062,-84.857
31,1.344,7.5,-79.944
31,1.344,7.5938,-90.415
31,1.344,7.6875,-85.225
31,1.344,7.7812,-85.512
31,1.344,7.875,-79.585
31,1.344,7.9688,-83.524
31,1.344,8.0625,-88.643
31,1.344,8.1562,-93.729
31,1.344,8.25,-89.754
31,1.344,8.3438,-86.208
31,1.344,8.4375,-91.738
31,1.344,8.5312,-89.493
31,1.344,8.625,-75.275
31,1.344,8.7188,-77.035
31,1.344,8.8125,-74.067
31,1.344,8.9062,-91.213
31,1.344,9.0,-87.267
31,1.344,9.0938,-72.821
31,1.344,9.1875,-74.28
31,1.344,9.2812,-78.855
31,1.344,9.375,-78.342
31,1.344,9.4688,-79.263
31,1.344,9.5625,-90.233
31,1.344,9.6562,-81.498
31,1.344,9.75,-73.988
31,1.344,9.8438,-83.964
31,1.344,9.9375,-82.175
31,1.344,10.0312,-83.646
31,1.344,10.125,-81.716
31,1.344,10.2188,-94.594
31,1.344,10.3125,-93.897
31,1.344,10.4062,-90.492
31,1.344,10.5,-83.236
31,1.344,10.5938,-84.308
31,1.344,10.6875,-82.532
31,1.344,10.7812,-83.051
31,1.344,10.875,-82.322
31,1.344,10.9688,-90.812
31,1.344,11.0625,-93.256
31,1.344,11.1562,-87.223
31,1.344,11.25,-94.723
31,1.344,11.3438,-86.769
31,1.344,11.4375,-86.863
31,1.344,11.5312,-93.351
31,1.344,11.625,-82.995
31,1.344,11.7188,-84.877
31,1.344,11.8125,-88.179
31,1.344,11.9062,-78.772
31,1.344,12.0,-86.776
31,1.344,12.0938,-91.518
31,1.344,12.1875,-85.172
31,1.344,12.2812,-84.84
31,1.344,12.375,-85.985
31,1.344,12.4688,-85.064
31,1.344,12.5625,-94.284
31,1.344,12.6562,-86.944
31,1.344,12.75,-75.984
31,1.344,12.8438,-86.004
31,1.344,12.9375,-79.557
31,1.344,13.0312,-83.06
31,1.344,13.125,-77.337
31,1.344,13.2188,-88.121
31,1.344,13.3125,-86.893
31,1.344,13.4062,-80.74
31,1.344,13.5,-77.542
31,1.344,13.5938,-79.082
31,1.344,13.6875,-79.506
31,1.344,13.7812,-81.381
31,1.344,13.875,-89.315
31,1.344,13.9688,-93.448
31,1.344,14.0625,-92.34
31,1.344,14.1562,-93.767
31,1.344,14.25,-90.216
31,1.344,14.3438,-99.497
31,1.344,14.4375,-95.768
31,1.344,14.5312,-92.967
31,1.344,14.625,-91.621
31,1.344,14.7188,-94.564
31,1.344,14.8125,-95.112
31,1.344,14.9062,-98.993
31,1.344,15.0,-95.862
31,1.344,15.0938,-95.217
31,1.344,15.1875,-96.547
31,1.344,15.2812,-92.871
31,1.344,15.375,-99.684
31,1.344,15.4688,-98.512
31,1.344,15.5625,-97.629
31,1.344,15.6562,-99.094
31,1.344,15.75,-99.591
31,1.344,15.8438,-99.601
31,1.344,15.9375,-97.626
32,1.3867,0.0,-81.862
32,1.3867,0.0938,-74.582
32,1.3867,0.1875,-42.334
32,1.3867,0.2812,-59.597
32,1.3867,0.375,-65.808
32,1.3867,0.4688,-51.42
32,1.3867,0.5625,-68.382
32,1.3867,0.6562,-45.545
32,1.3867,0.75,-68.802
32,1.3867,0.8438,-63.014
32,1.3867,0.9375,-53.046
32,1.3867,1.0312,-68.794
32,1.3867,1.125,-52.558
32,1.3867,1.2188,-69.109
32,1.3867,1.3125,-62.455
32,1.3867,1.4062,-60.79
32,1.3867,1.5,-76.427
32,1.3867,1.5938,-66.474
32,1.3867,1.6875,-89.654
32,1.3867,1.7812,-61.434
32,1.3867,1.875,-77.452
32,1.3867,1.9688,-73.056
32,1.3867,2.0625,-74.216
32,1.3867,2.1562,-74.788
32,1.3867,2.25,-79.935
32,1.3867,2.3438,-73.736
32,1.3867,2.4375,-67.658
32,1.3867,2.5312,-72.646
32,1.3867,2.625,-87.299
32,1.3867,2.7188,-82.636
32,1.3867,2.8125,-93.477
32,1.3867,2.9062,-92.073
32,1.3867,3.0,-99.902
32,1.3867,3.0938,-86.613
32,1.3867,3.1875,-91.546
32,1.3867,3.2812,-87.241
32,1.3867,3.375,-66.13
32,1.3867,3.4688,-75.394
32,1.3867,3.5625,-75.564
32,1.3867,3.6562,-94.386
32,1.3867,3.75,-85.293
32,1.3867,3.8438,-81.15
32,1.3867,3.9375,-76.928
32,1.3867,4.0312,-73.391
32,1.3867,4.125,-78.336
32,1.3867,4.2188,-89.429
32,1.3867,4.3125,-90.061
32,1.3867,4.4062,-85.584
32,1.3867,4.5,-90.323
32,1.3867,4.5938,-96.637
32,1.3867,4.6875,-93.364
32,1.3867,4.7812,-93.819
32,1.3867,4.875,-93.515
32,1.3867,4.9688,-88.419
32,1.3867,5.0625,-87.416
32,1.3867,5.1562,-90.927
32,1.3867,5.25,-82.598
32,1.3867,5.3438,-80.533
32,1.3867,5.4375,-85.168
32,1.3867,5.5312,-91.085
32,1.3867,5.625,-96.694
32,1.3867,5.7188,-87.081
32,1.3867,5.8125,-91.223
32,1.3867,5.9062,-91.476
32,1.3867,6.0,-87.414
32,1.3867,6.0938,-80.504
32,1.3867,6.1875,-74.284
32,1.3867,6.2812,-71.2
32,1.3867,6.375,-82.293
32,1.3867,6.4688,-71.872
32,1.3867,6.5625,-73.141
32,1.3867,6.6562,-79.181
32,1.3867,6.75,-82.427
32,1.3867,6.8438,-92.988
32,1.3867,6.9375,-88.304
32,1.3867,7.0312,-85.917
32,1.3867,7.125,-92.972
32,1.3867,7.2188,-88.165
32,1.3867,7.3125,-89.74
32,1.3867,7.4062,-92.81
32,1.3867,7.5,-79.779
32,1.3867,7.5938,-81.031
32,1.3867,7.6875,-88.635
32,1.3867,7.7812,-87.158
32,1.3867,7.875,-86.551
32,1.3867,7.9688,-77.825
32,1.3867,8.0625,-98.418
32,1.3867,8.1562,-86.574
32,1.3867,8.25,-98.294
32,1.3867,8.3438,-92.098
32,1.3867,8.4375,-88.749
32,1.3867,8.5312,-86.001
32,1.3867,8.625,-88.563
32,1.3867,8.7188,-90.057
32,1.3867,8.8125,-88.594
32,1.3867,8.9062,-90.126
32,1.3867,9.0,-84.018
32,1.3867,9.0938,-84.087
32,1.3867,9.1875,-84.214
32,1.3867,9.2812,-80.698
32,1.3867,9.375,-83.551
32,1.3867,9.4688,-78.413
32,1.3867,9.5625,-73.268
32,1.3867,9.6562,-74.452
32,1.3867,9.75,-77.14
32,1.3867,9.8438,-78.833
32,1.3867,9.9375,-77.313
32,1.3867,10.0312,-80.151
32,1.3867,10.125,-77.293
32,1.3867,10.2188,-78.506
32,1.3867,10.3125,-85.289
32,1.3867,10.4062,-77.336
32,1.3867,10.5,-92.169
32,1.3867,10.5938,-84.987
32,1.3867,10.6875,-92.533
32,1.3867,10.7812,-84.042
32,1.3867,10.875,-94.055
32,1.3867,10.9688,-84.383
32,1.3867,11.0625,-90.9
32,1.3867,11.1562,-88.377
32,1.3867,11.25,-88.285
32,1.3867,11.3438,-89.04
32,1.3867,11.4375,-96.332
32,1.3867,11.5312,-87.669
32,1.3867,11.625,-94.599
32,1.3867,11.7188,-93.189
32,1.3867,11.8125,-82.201
32,1.3867,11.9062,-81.964
32,1.3867,12.0,-81.867
32,1.3867,12.0938,-77.748
32,1.3867,12.1875,-82.211
32,1.3867,12.2812,-83.631
32,1.3867,12.375,-81.846
32,1.3867,12.4688,-79.617
32,1.3867,12.5625,-76.714
32,1.3867,12.6562,-81.303
32,1.3867,12.75,-80.735
32,1.3867,12.8438,-82.999
32,1.3867,12.9375,-78.217
32,1.3867,13.0312,-97.593
32,1.3867,13.125,-83.49
32,1.3867,13.2188,-87.852
32,1.3867,13.3125,-84.869
32,1.3867,13.4062,-82.954
32,1.3867,13.5,-84.428
32,1.3867,13.5938,-85.049
32,1.3867,13.6875,-93.405
32,1.3867,13.7812,-85.622
32,1.3867,13.875,-92.719
32,1.3867,13.9688,-91.964
32,1.3867,14.0625,-93.775
32,1.3867,14.1562,-92.142
32,1.3867,14.25,-93.885
32,1.3867,14.3438,-94.298
32,1.3867,14.4375,-97.502
32,1.3867,14.5312,-93.243
32,1.3867,14.625,-96.597
32,1.3867,14.7188,-98.416
32,1.3867,14.8125,-93.075
32,1.3867,14.9062,-98.601
32,1.3867,15.0,-92.171
32,1.3867,15.0938,-99.513
32,1.3867,15.1875,-96.173
32,1.3867,15.2812,-92.247
32,1.3867,15.375,-95.539
32,1.3867,15.4688,-91.104
32,1.3867,15.5625,-98.651
32,1.3867,15.6562,-96.71
32,1.3867,15.75,-98.236
32,1.3867,15.8438,-97.755
32,1.3867,15.9375,-99.585
33,1.4293,0.0,-71.506
33,1.4293,0.0938,-77.953
33,1.4293,0.1875,-37.18
33,1.4293,0.2812,-60.157
33,1.4293,0.375,-67.831
33,1.4293,0.4688,-60.963
33,1.4293,0.5625,-77.171
33,1.4293,0.6562,-66.381
33,1.4293,0.75,-77.178
33,1.4293,0.8438,-58.325
33,1.4293,0.9375,-88.787
33,1.4293,1.0312,-81.602
33,1.4293,1.125,-78.464
33,1.4293,1.2188,-86.399
33,1.4293,1.3125,-61.083
33,1.4293,1.4062,-81.825
33,1.4293,1.5,-81.249
33,1.4293,1.5938,-77.554
33,1.4293,1.6875,-76.843
33,1.4293,1.7812,-77.583
33,1.4293,1.875,-81.674
33,1.4293,1.9688,-73.978
33,1.4293,2.0625,-86.886
33,1.4293,2.1562,-72.311
33,1.4293,2.25,-85.83
33,1.4293,2.3438,-69.642
33,1.4293,2.4375,-72.909
33,1.4293,2.5312,-70.894
33,1.4293,2.625,-81.087
33,1.4293,2.7188,-76.679
33,1.4293,2.8125,-76.765
33,1.4293,2.9062,-90.459
33,1.4293,3.0,-92.708
33,1.4293,3.0938,-98.054
33,1.4293,3.1875,-97.421
33,1.4293,3.2812,-92.213
33,1.4293,3.375,-88.468
33,1.4293,3.4688,-95.135
33,1.4293,3.5625,-93.609
33,1.4293,3.6562,-85.561
33,1.4293,3.75,-87.289
33,1.4293,3.8438,-88.231
33,1.4293,3.9375,-96.495
33,1.4293,4.0312,-83.979
33,1.4293,4.125,-83.049
33,1.4293,4.2188,-84.028
33,1.4293,4.3125,-87.056
33,1.4293,4.4062,-90.134
33,1.4293,4.5,-86.747
33,1.4293,4.5938,-99.112
33,1.4293,4.6875,-99.619
33,1.4293,4.7812,-98.296
33,1.4293,4.875,-89.117
33,1.4293,4.9688,-97.912
33,1.4293,5.0625,-89.076
33,1.4293,5.1562,-98.302
33,1.4293,5.25,-91.712
33,1.4293,5.3438,-82.821
33,1.4293,5.4375,-92.732
33,1.4293,5.5312,-90.358
33,1.4293,5.625,-98.104
33,1.4293,5.7188,-90.129
33,1.4293,5.8125,-99.498
33,1.4293,5.9062,-97.963
33,1.4293,6.0,-98.045
33,1.4293,6.0938,-90.388
33,1.4293,6.1875,-79.075
33,1.4293,6.2812,-77.768
33,1.4293,6.375,-78.617
33,1.4293,6.4688,-98.619
33,1.4293,6.5625,-86.328
33,1.4293,6.6562,-98.237
33,1.4293,6.75,-92.166
33,1.4293,6.8438,-99.273
33,1.4293,6.9375,-83.503
33,1.4293,7.0312,-79.357
33,1.4293,7.125,-84.421
33,1.4293,7.2188,-95.863
33,1.4293,7.3125,-88.735
33,1.4293,7.4062,-97.331
33,1.4293,7.5,-99.565
33,1.4293,7.5938,-92.784
33,1.4293,7.6875,-91.874
33,1.4293,7.7812,-94.928
33,1.4293,7.875,-96.199
33,1.4293,7.9688,-99.215
33,1.4293,8.0625,-95.587
33,1.4293,8.1562,-90.03
33,1.4293,8.25,-81.906
33,1.4293,8.3438,-90.053
33,1.4293,8.4375,-90.905
33,1.4293,8.5312,-95.918
33,1.4293,8.625,-90.851
33,1.4293,8.7188,-98.618
33,1.4293,8.8125,-96.251
33,1.4293,8.9062,-99.957
33,1.4293,9.0,-90.955
33,1.4293,9.0938,-93.078
33,1.4293,9.1875,-97.344
33,1.4293,9.2812,-88.061
33,1.4293,9.375,-91.664
33,1.4293,9.4688,-84.521
33,1.4293,9.5625,-91.057
33,1.4293,9.6562,-79.582
33,1.4293,9.75,-85.904
33,1.4293,9.8438,-88.301
33,1.4293,9.9375,-93.758
33,1.4293,10.0312,-89.963
33,1.4293,10.125,-99.349
33,1.4293,10.2188,-93.914
33,1.4293,10.3125,-82.627
33,1.4293,10.4062,-83.538
33,1.4293,10.5,-89.175
33,1.4293,10.5938,-94.401
33,1.4293,10.6875,-98.281
33,1.4293,10.7812,-97.565
33,1.4293,10.875,-99.102
33,1.4293,10.9688,-98.166
33,1.4293,11.0625,-98.999
33,1.4293,11.1562,-99.659
33,1.4293,11.25,-99.624
33,1.4293,11.3438,-99.005
33,1.4293,11.4375,-95.309
33,1.4293,11.5312,-98.197
33,1.4293,11.625,-98.322
33,1.4293,11.7188,-99.774
33,1.4293,11.8125,-97.255
33,1.4293,11.9062,-96.749
33,1.4293,12.0,-97.71
33,1.4293,12.0938,-93.808
33,1.4293,12.1875,-98.185
33,1.4293,12.2812,-96.241
33,1.4293,12.375,-96.47
33,1.4293,12.4688,-93.747
33,1.4293,12.5625,-86.944
33,1.4293,12.6562,-90.182
33,1.4293,12.75,-86.638
33,1.4293,12.8438,-91.715
33,1.4293,12.9375,-98.865
33,1.4293,13.0312,-93.833
33,1.4293,13.125,-98.526
33,1.4293,13.2188,-98.898
33,1.4293,13.3125,-96.268
33,1.4293,13.4062,-96.106
33,1.4293,13.5,-95.737
33,1.4293,13.5938,-99.982
33,1.4293,13.6875,-99.034
33,1.4293,13.7812,-98.357
33,1.4293,13.875,-97.703
33,1.4293,13.9688,-99.276
33,1.4293,14.0625,-98.913
33,1.4293,14.1562,-99.95
33,1.4293,14.25,-97.089
33,1.4293,14.3438,-99.22
33,1.4293,14.4375,-98.923
33,1.4293,14.5312,-99.902
33,1.4293,14.625,-99.328
33,1.4293,14.7188,-98.942
33,1.4293,14.8125,-99.704
33,1.4293,14.9062,-99.696
33,1.4293,15.0,-99.285
33,1.4293,15.0938,-97.846
33,1.4293,15.1875,-97.889
33,1.4293,15.2812,-99.502
33,1.4293,15.375,-99.572
33,1.4293,15.4688,-99.163
33,1.4293,15.5625,-99.624
33,1.4293,15.6562,-98.335
33,1.4293,15.75,-98.642
33,1.4293,15.8438,-99.8
33,1.4293,15.9375,-99.27
34,1.472,0.0,-73.104
34,1.472,0.0938,-83.208
34,1.472,0.1875,-36.879
34,1.472,0.2812,-61.89
34,1.472,0.375,-82.335
34,1.472,0.4688,-77.987
34,1.472,0.5625,-88.391
34,1.472,0.6562,-66.548
34,1.472,0.75,-76.396
34,1.472,0.8438,-57.276
34,1.472,0.9375,-89.705
34,1.472,1.0312,-77.622
34,1.472,1.125,-72.451
34,1.472,1.2188,-92.959
34,1.472,1.3125,-65.492
34,1.472,1.4062,-79.986
34,1.472,1.5,-76.282
34,1.472,1.5938,-84.263
34,1.472,1.6875,-73.585
34,1.472,1.7812,-74.421
34,1.472,1.875,-87.072
34,1.472,1.9688,-92.389
34,1.472,2.0625,-79.218
34,1.472,2.1562,-72.715
34,1.472,2.25,-75.047
34,1.472,2.3438,-67.599
34,1.472,2.4375,-72.678
34,1.472,2.5312,-80.69
34,1.472,2.625,-91.381
34,1.472,2.7188,-89.766
34,1.472,2.8125,-95.951
34,1.472,2.9062,-91.826
34,1.472,3.0,-95.952
34,1.472,3.0938,-93.86
34,1.472,3.1875,-96.964
34,1.472,3.2812,-91.582
34,1.472,3.375,-92.38
34,1.472,3.4688,-87.681
34,1.472,3.5625,-82.782
34,1.472,3.6562,-83.768
34,1.472,3.75,-86.602
34,1.472,3.8438,-88.226
34,1.472,3.9375,-80.888
34,1.472,4.0312,-87.787
34,1.472,4.125,-88.309
34,1.472,4.2188,-88.784
34,1.472,4.3125,-89.512
34,1.472,4.4062,-84.975
34,1.472,4.5,-89.079
34,1.472,4.5938,-96.43
34,1.472,4.6875,-90.79
34,1.472,4.7812,-94.836
34,1.472,4.875,-91.428
34,1.472,4.9688,-90.454
34,1.472,5.0625,-98.482
34,1.472,5.1562,-85.586
34,1.472,5.25,-90.669
34,1.472,5.3438,-78.574
34,1.472,5.4375,-91.766
34,1.472,5.5312,-90.94
34,1.472,5.625,-96.911
34,1.472,5.7188,-98.743
34,1.472,5.8125,-96.608
34,1.472,5.9062,-97.366
34,1.472,6.0,-92.225
34,1.472,6.0938,-88.524
34,1.472,6.1875,-88.452
34,1.472,6.2812,-85.261
34,1.472,6.375,-87.492
34,1.472,6.4688,-93.198
34,1.472,6.5625,-96.036
34,1.472,6.6562,-87.274
34,1.472,6.75,-87.731
34,1.472,6.8438,-83.439
34,1.472,6.9375,-87.82
34,1.472,7.0312,-87.543
34,1.472,7.125,-88.393
34,1.472,7.2188,-95.725
34,1.472,7.3125,-93.398
34,1.472,7.4062,-95.495
34,1.472,7.5,-93.816
34,1.472,7.5938,-95.584
34,1.472,7.6875,-89.747
34,1.472,7.7812,-95.42
34,1.472,7.875,-92.295
34,1.472,7.9688,-87.283
34,1.472,8.0625,-86.05
34,1.472,8.1562,-91.227
34,1.472,8.25,-95.895
34,1.472,8.3438,-94.07
34,1.472,8.4375,-94.101
34,1.472,8.5312,-96.945
34,1.472,8.625,-93.551
34,1.472,8.7188,-93.28
34,1.472,8.8125,-87.677
34,1.472,8.9062,-96.943
34,1.472,9.0,-87.032
34,1.472,9.0938,-92.332
34,1.472,9.1875,-86.405
34,1.472,9.2812,-87.542
34,1.472,9.375,-96.868
34,1.472,9.4688,-87.848
34,1.472,9.5625,-91.412
34,1.472,9.6562,-94.369
34,1.472,9.75,-95.037
34,1.472,9.8438,-91.428
34,1.472,9.9375,-93.571
34,1.472,10.0312,-86.506
34,1.472,10.125,-97.052
34,1.472,10.2188,-86.23
34,1.472,10.3125,-89.348
34,1.472,10.4062,-96.244
34,1.472,10.5,-98.899
34,1.472,10.5938,-98.526
34,1.472,10.6875,-96.553
34,1.472,10.7812,-98.01
34,1.472,10.875,-99.031
34,1.472,10.9688,-95.779
34,1.472,11.0625,-93.079
34,1.472,11.1562,-97.892
34,1.472,11.25,-93.889
34,1.472,11.3438,-98.235
34,1.472,11.4375,-94.722
34,1.472,11.5312,-99.116
34,1.472,11.625,-92.129
34,1.472,11.7188,-94.749
34,1.472,11.8125,-90.984
34,1.472,11.9062,-99.355
34,1.472,12.0,-99.948
34,1.472,12.0938,-94.574
34,1.472,12.1875,-88.228
34,1.472,12.2812,-96.343
34,1.472,12.375,-85.555
34,1.472,12.4688,-82.606
34,1.472,12.5625,-84.516
34,1.472,12.6562,-93.393
34,1.472,12.75,-84.216
34,1.472,12.8438,-83.768
34,1.472,12.9375,-91.025
34,1.472,13.0312,-90.689
34,1.472,13.125,-95.446
34,1.472,13.2188,-92.669
34,1.472,13.3125,-99.723
34,1.472,13.4062,-98.842
34,1.472,13.5,-99.796
34,1.472,13.5938,-97.429
34,1.472,13.6875,-99.727
34,1.472,13.7812,-99.272
34,1.472,13.875,-99.758
34,1.472,13.9688,-96.0
34,1.472,14.0625,-96.408
34,1.472,14.1562,-98.914
34,1.472,14.25,-98.567
34,1.472,14.3438,-99.549
34,1.472,14.4375,-98.757
34,1.472,14.5312,-99.786
34,1.472,14.625,-99.489
34,1.472,14.7188,-99.666
34,1.472,14.8125,-99.872
34,1.472,14.9062,-99.761
34,1.472,15.0,-99.87
34,1.472,15.0938,-99.951
34,1.472,15.1875,-99.52
34,1.472,15.2812,-99.593
34,1.472,15.375,-99.93
34,1.472,15.4688,-99.991
34,1.472,15.5625,-99.712
34,1.472,15.6562,-98.3
34,1.472,15.75,-99.444
34,1.472,15.8438,-99.828
34,1.472,15.9375,-99.776
35,1.5147,0.0,-65.605
35,1.5147,0.0938,-77.296
35,1.5147,0.1875,-42.299
35,1.5147,0.2812,-60.905
35,1.5147,0.375,-80.404
35,1.5147,0.4688,-79.528
35,1.5147,0.5625,-80.717
35,1.5147,0.6562,-67.021
35,1.5147,0.75,-70.782
35,1.5147,0.8438,-65.871
35,1.5147,0.9375,-78.042
35,1.5147,1.0312,-92.554
35,1.5147,1.125,-81.711
35,1.5147,1.2188,-81.265
35,1.5147,1.3125,-74.164
35,1.5147,1.4062,-79.083
35,1.5147,1.5,-76.258
35,1.5147,1.5938,-86.023
35,1.5147,1.6875,-74.569
35,1.5147,1.7812,-85.001
35,1.5147,1.875,-87.947
35,1.5147,1.9688,-85.004
35,1.5147,2.0625,-85.136
35,1.5147,2.1562,-79.42
35,1.5147,2.25,-85.354
35,1.5147,2.3438,-76.323
35,1.5147,2.4375,-74.698
35,1.5147,2.5312,-83.299
35,1.5147,2.625,-86.931
35,1.5147,2.7188,-89.314
35,1.5147,2.8125,-88.512
35,1.5147,2.9062,-87.842
35,1.5147,3.0,-87.706
35,1.5147,3.0938,-94.469
35,1.5147,3.1875,-93.771
35,1.5147,3.2812,-90.786
35,1.5147,3.375,-89.163
35,1.5147,3.4688,-98.731
35,1.5147,3.5625,-85.276
35,1.5147,3.6562,-94.437
35,1.5147,3.75,-84.706
35,1.5147,3.8438,-93.093
35,1.5147,3.9375,-78.265
35,1.5147,4.0312,-80.248
35,1.5147,4.125,-78.199
35,1.5147,4.2188,-77.581
35,1.5147,4.3125,-73.66
35,1.5147,4.4062,-87.853
35,1.5147,4.5,-78.107
35,1.5147,4.5938,-80.958
35,1.5147,4.6875,-77.265
35,1.5147,4.7812,-89.124
35,1.5147,4.875,-86.673
35,1.5147,4.9688,-93.037
35,1.5147,5.0625,-85.789
35,1.5147,5.1562,-91.638
35,1.5147,5.25,-83.51
35,1.5147,5.3438,-87.431
35,1.5147,5.4375,-87.761
35,1.5147,5.5312,-88.846
35,1.5147,5.625,-90.719
35,1.5147,5.7188,-98.592
35,1.5147,5.8125,-99.248
35,1.5147,5.9062,-89.539
35,1.5147,6.0,-93.357
35,1.5147,6.0938,-86.846
35,1.5147,6.1875,-93.242
35,1.5147,6.2812,-94.19
35,1.5147,6.375,-92.761
35,1.5147,6.4688,-87.091
35,1.5147,6.5625,-90.861
35,1.5147,6.6562,-88.039
35,1.5147,6.75,-91.778
35,1.5147,6.8438,-89.511
35,1.5147,6.9375,-94.66
35,1.5147,7.0312,-92.939
35,1.5147,7.125,-94.091
35,1.5147,7.2188,-87.139
35,1.5147,7.3125,-91.116
35,1.5147,7.4062,-90.482
35,1.5147,7.5,-88.513
35,1.5147,7.5938,-89.943
35,1.5147,7.6875,-89.15
35,1.5147,7.7812,-98.112
35,1.5147,7.875,-91.862
35,1.5147,7.9688,-93.06
35,1.5147,8.0625,-96.831
35,1.5147,8.1562,-89.541
35,1.5147,8.25,-98.913
35,1.5147,8.3438,-93.114
35,1.5147,8.4375,-90.084
35,1.5147,8.5312,-97.086
35,1.5147,8.625,-89.715
35,1.5147,8.7188,-92.293
35,1.5147,8.8125,-82.016
35,1.5147,8.9062,-87.763
35,1.5147,9.0,-84.54
35,1.5147,9.0938,-89.758
35,1.5147,9.1875,-87.028
35,1.5147,9.2812,-88.41
35,1.5147,9.375,-81.043
35,1.5147,9.4688,-91.157
35,1.5147,9.5625,-94.93
35,1.5147,9.6562,-98.909
35,1.5147,9.75,-97.36
35,1.5147,9.8438,-86.85
35,1.5147,9.9375,-86.237
35,1.5147,10.0312,-93.467
35,1.5147,10.125,-89.816
35,1.5147,10.2188,-89.807
35,1.5147,10.3125,-89.763
35,1.5147,10.4062,-89.194
35,1.5147,10.5,-95.165
35,1.5147,10.5938,-93.379
35,1.5147,10.6875,-98.468
35,1.5147,10.7812,-96.588
35,1.5147,10.875,-98.912
35,1.5147,10.9688,-99.342
35,1.5147,11.0625,-97.828
35,1.5147,11.1562,-93.16
35,1.5147,11.25,-93.4
35,1.5147,11.3438,-93.131
35,1.5147,11.4375,-91.539
35,1.5147,11.5312,-99.31
35,1.5147,11.625,-93.603
35,1.5147,11.7188,-90.759
35,1.5147,11.8125,-98.555
35,1.5147,11.9062,-99.155
35,1.5147,12.0,-98.523
35,1.5147,12.0938,-94.806
35,1.5147,12.1875,-92.89
35,1.5147,12.2812,-92.647
35,1.5147,12.375,-91.016
35,1.5147,12.4688,-86.476
35,1.5147,12.5625,-91.064
35,1.5147,12.6562,-87.874
35,1.5147,12.75,-98.338
35,1.5147,12.8438,-89.545
35,1.5147,12.9375,-89.578
35,1.5147,13.0312,-89.307
35,1.5147,13.125,-89.818
35,1.5147,13.2188,-96.637
35,1.5147,13.3125,-96.323
35,1.5147,13.4062,-98.13
35,1.5147,13.5,-97.184
35,1.5147,13.5938,-99.966
35,1.5147,13.6875,-97.797
35,1.5147,13.7812,-98.398
35,1.5147,13.875,-99.714
35,1.5147,13.9688,-99.456
35,1.5147,14.0625,-99.577
35,1.5147,14.1562,-96.103
35,1.5147,14.25,-98.077
35,1.5147,14.3438,-99.497
35,1.5147,14.4375,-98.339
35,1.5147,14.5312,-98.515
35,1.5147,14.625,-97.165
35,1.5147,14.7188,-99.994
35,1.5147,14.8125,-99.875
35,1.5147,14.9062,-99.438
35,1.5147,15.0,-99.369
35,1.5147,15.0938,-98.149
35,1.5147,15.1875,-99.917
35,1.5147,15.2812,-99.878
35,1.5147,15.375,-98.818
35,1.5147,15.4688,-99.702
35,1.5147,15.5625,-99.299
35,1.5147,15.6562,-99.21
35,1.5147,15.75,-99.907
35,1.5147,15.8438,-99.284
35,1.5147,15.9375,-99.981
36,1.5573,0.0,-76.884
36,1.5573,0.0938,-72.51
36,1.5573,0.1875,-61.634
36,1.5573,0.2812,-58.099
36,1.5573,0.375,-63.763
36,1.5573,0.4688,-72.143
36,1.5573,0.5625,-64.666
36,1.5573,0.6562,-71.381
36,1.5573,0.75,-98.849
36,1.5573,0.8438,-81.117
36,1.5573,0.9375,-79.557
36,1.5573,1.0312,-69.258
36,1.5573,1.125,-72.375
36,1.5573,1.2188,-71.509
36,1.5573,1.3125,-65.799
36,1.5573,1.4062,-67.347
36,1.5573,1.5,-68.569
36,1.5573,1.5938,-68.378
36,1.5573,1.6875,-68.582
36,1.5573,1.7812,-74.986
36,1.5573,1.875,-87.897
36,1.5573,1.9688,-73.472
36,1.5573,2.0625,-76.034
36,1.5573,2.1562,-72.242
36,1.5573,2.25,-68.854
36,1.5573,2.3438,-78.019
36,1.5573,2.4375,-77.976
36,1.5573,2.5312,-80.935
36,1.5573,2.625,-74.502
36,1.5573,2.7188,-72.602
36,1.5573,2.8125,-67.689
36,1.5573,2.9062,-73.209
36,1.5573,3.0,-68.878
36,1.5573,3.0938,-84.466
36,1.5573,3.1875,-78.819
36,1.5573,3.2812,-79.332
36,1.5573,3.375,-75.359
36,1.5573,3.4688,-78.026
36,1.5573,3.5625,-85.923
36,1.5573,3.6562,-78.985
36,1.5573,3.75,-84.035
36,1.5573,3.8438,-83.927
36,1.5573,3.9375,-84.381
36,1.5573,4.0312,-85.654
36,1.5573,4.125,-79.082
36,1.5573,4.2188,-79.054
36,1.5573,4.3125,-75.651
36,1.5573,4.4062,-76.741
36,1.5573,4.5,-75.594
36,1.5573,4.5938,-85.056
36,1.5573,4.6875,-86.196
36,1.5573,4.7812,-83.638
36,1.5573,4.875,-79.503
36,1.5573,4.9688,-82.217
36,1.5573,5.0625,-88.042
36,1.5573,5.1562,-84.808
36,1.5573,5.25,-80.924
36,1.5573,5.3438,-84.904
36,1.5573,5.4375,-78.682
36,1.5573,5.5312,-79.951
36,1.5573,5.625,-84.761
36,1.5573,5.7188,-83.603
36,1.5573,5.8125,-91.85
36,1.5573,5.9062,-88.77
36,1.5573,6.0,-92.968
36,1.5573,6.0938,-90.743
36,1.5573,6.1875,-75.259
36,1.5573,6.2812,-70.392
36,1.5573,6.375,-78.672
36,1.5573,6.4688,-69.803
36,1.5573,6.5625,-78.291
36,1.5573,6.6562,-84.104
36,1.5573,6.75,-94.974
36,1.5573,6.8438,-83.352
36,1.5573,6.9375,-80.79
36,1.5573,7.0312,-79.622
36,1.5573,7.125,-79.171
36,1.5573,7.2188,-72.825
36,1.5573,7.3125,-71.968
36,1.5573,7.4062,-80.153
36,1.5573,7.5,-87.231
36,1.5573,7.5938,-79.424
36,1.5573,7.6875,-75.827
36,1.5573,7.7812,-78.817
36,1.5573,7.875,-76.251
36,1.5573,7.9688,-84.962
36,1.5573,8.0625,-88.556
36,1.5573,8.1562,-80.592
36,1.5573,8.25,-90.227
36,1.5573,8.3438,-77.234
36,1.5573,8.4375,-75.068
36,1.5573,8.5312,-88.109
36,1.5573,8.625,-76.943
36,1.5573,8.7188,-82.579
36,1.5573,8.8125,-77.311
36,1.5573,8.9062,-73.741
36,1.5573,9.0,-80.278
36,1.5573,9.0938,-78.294
36,1.5573,9.1875,-76.203
36,1.5573,9.2812,-74.454
36,1.5573,9.375,-81.342
36,1.5573,9.4688,-88.934
36,1.5573,9.5625,-80.875
36,1.5573,9.6562,-75.835
36,1.5573,9.75,-77.718
36,1.5573,9.8438,-75.328
36,1.5573,9.9375,-84.779
36,1.5573,10.0312,-75.573
36,1.5573,10.125,-77.445
36,1.5573,10.2188,-81.653
36,1.5573,10.3125,-85.981
36,1.5573,10.4062,-83.699
36,1.5573,10.5,-89.203
36,1.5573,10.5938,-81.243
36,1.5573,10.6875,-85.412
36,1.5573,10.7812,-91.998
36,1.5573,10.875,-86.15
36,1.5573,10.9688,-92.227
36,1.5573,11.0625,-99.046
36,1.5573,11.1562,-89.252
36,1.5573,11.25,-94.037
36,1.5573,11.3438,-90.702
36,1.5573,11.4375,-90.813
36,1.5573,11.5312,-81.303
36,1.5573,11.625,-80.193
36,1.5573,11.7188,-83.328
36,1.5573,11.8125,-84.803
36,1.5573,11.9062,-92.041
36,1.5573,12.0,-99.943
36,1.5573,12.0938,-84.722
36,1.5573,12.1875,-82.716
36,1.5573,12.2812,-80.601
36,1.5573,12.375,-80.543
36,1.5573,12.4688,-83.173
36,1.5573,12.5625,-93.301
36,1.5573,12.6562,-91.469
36,1.5573,12.75,-87.681
36,1.5573,12.8438,-86.693
36,1.5573,12.9375,-85.733
36,1.5573,13.0312,-89.04
36,1.5573,13.125,-87.608
36,1.5573,13.2188,-95.488
36,1.5573,13.3125,-88.587
36,1.5573,13.4062,-91.849
36,1.5573,13.5,-91.833
36,1.5573,13.5938,-96.865
36,1.5573,13.6875,-90.214
36,1.5573,13.7812,-85.624
36,1.5573,13.875,-91.494
36,1.5573,13.9688,-95.379
36,1.5573,14.0625,-93.832
36,1.5573,14.1562,-99.865
36,1.5573,14.25,-93.539
36,1.5573,14.3438,-88.49
36,1.5573,14.4375,-97.918
36,1.5573,14.5312,-96.661
36,1.5573,14.625,-97.002
36,1.5573,14.7188,-90.27
36,1.5573,14.8125,-99.98
36,1.5573,14.9062,-95.531
36,1.5573,15.0,-90.265
36,1.5573,15.0938,-93.316
36,1.5573,15.1875,-93.067
36,1.5573,15.2812,-95.353
36,1.5573,15.375,-88.978
36,1.5573,15.4688,-99.566
36,1.5573,15.5625,-92.526
36,1.5573,15.6562,-92.286
36,1.5573,15.75,-99.571
36,1.5573,15.8438,-97.631
36,1.5573,15.9375,-95.136
37,1.6,0.0,-64.494
37,1.6,0.0938,-40.136
37,1.6,0.1875,-55.413
37,1.6,0.2812,-65.692
37,1.6,0.375,-60.883
37,1.6,0.4688,-58.935
37,1.6,0.5625,-87.873
37,1.6,0.6562,-61.759
37,1.6,0.75,-64.102
37,1.6,0.8438,-61.277
37,1.6,0.9375,-61.381
37,1.6,1.0312,-66.51
37,1.6,1.125,-66.033
37,1.6,1.2188,-74.923
37,1.6,1.3125,-76.436
37,1.6,1.4062,-66.177
37,1.6,1.5,-77.456
37,1.6,1.5938,-75.423
37,1.6,1.6875,-69.705
37,1.6,1.7812,-84.184
37,1.6,1.875,-80.712
37,1.6,1.9688,-90.492
37,1.6,2.0625,-68.846
37,1.6,2.1562,-86.168
37,1.6,2.25,-74.958
37,1.6,2.3438,-86.88
37,1.6,2.4375,-96.062
37,1.6,2.5312,-80.831
37,1.6,2.625,-82.956
37,1.6,2.7188,-96.22
37,1.6,2.8125,-88.76
37,1.6,2.9062,-86.07
37,1.6,3.0,-82.258
37,1.6,3.0938,-94.155
37,1.6,3.1875,-86.136
37,1.6,3.2812,-77.608
37,1.6,3.375,-86.807
37,1.6,3.4688,-80.279
37,1.6,3.5625,-93.146
37,1.6,3.6562,-79.576
37,1.6,3.75,-82.433
37,1.6,3.8438,-86.556
37,1.6,3.9375,-78.279
37,1.6,4.0312,-90.612
37,1.6,4.125,-85.611
37,1.6,4.2188,-85.535
37,1.6,4.3125,-81.354
37,1.6,4.4062,-78.619
37,1.6,4.5,-82.039
37,1.6,4.5938,-86.508
37,1.6,4.6875,-86.872
37,1.6,4.7812,-82.778
37,1.6,4.875,-87.417
37,1.6,4.9688,-86.939
37,1.6,5.0625,-82.525
37,1.6,5.1562,-81.564
37,1.6,5.25,-80.435
37,1.6,5.3438,-81.524
37,1.6,5.4375,-77.99
37,1.6,5.5312,-86.651
37,1.6,5.625,-83.178
37,1.6,5.7188,-78.179
37,1.6,5.8125,-84.941
37,1.6,5.9062,-93.767
37,1.6,6.0,-90.508
37,1.6,6.0938,-83.655
37,1.6,6.1875,-77.534
37,1.6,6.2812,-81.928
37,1.6,6.375,-75.467
37,1.6,6.4688,-79.916
37,1.6,6.5625,-82.903
37,1.6,6.6562,-87.594
37,1.6,6.75,-80.895
37,1.6,6.8438,-77.877
37,1.6,6.9375,-77.772
37,1.6,7.0312,-94.159
37,1.6,7.125,-78.176
37,1.6,7.2188,-93.738
37,1.6,7.3125,-90.859
37,1.6,7.4062,-92.041
37,1.6,7.5,-75.29
37,1.6,7.5938,-79.839
37,1.6,7.6875,-83.365
37,1.6,7.7812,-88.542
37,1.6,7.875,-82.046
37,1.6,7.9688,-78.117
37,1.6,8.0625,-90.171
37,1.6,8.1562,-72.905
37,1.6,8.25,-82.446
37,1.6,8.3438,-80.801
37,1.6,8.4375,-76.079
37,1.6,8.5312,-81.673
37,1.6,8.625,-75.921
37,1.6,8.7188,-79.865
37,1.6,8.8125,-71.253
37,1.6,8.9062,-77.605
37,1.6,9.0,-78.175
37,1.6,9.0938,-76.329
37,1.6,9.1875,-75.446
37,1.6,9.2812,-70.917
37,1.6,9.375,-88.654
37,1.6,9.4688,-84.727
37,1.6,9.5625,-78.68
37,1.6,9.6562,-81.392
37,1.6,9.75,-82.041
37,1.6,9.8438,-86.071
37,1.6,9.9375,-79.976
37,1.6,10.0312,-89.662
37,1.6,10.125,-81.166
37,1.6,10.2188,-87.302
37,1.6,10.3125,-82.114
37,1.6,10.4062,-83.301
37,1.6,10.5,-83.347
37,1.6,10.5938,-90.239
37,1.6,10.6875,-94.631
37,1.6,10.7812,-79.566
37,1.6,10.875,-82.806
37,1.6,10.9688,-98.831
37,1.6,11.0625,-94.272
37,1.6,11.1562,-86.16
37,1.6,11.25,-83.441
37,1.6,11.3438,-89.343
37,1.6,11.4375,-97.793
37,1.6,11.5312,-87.504
37,1.6,11.625,-89.097
37,1.6,11.7188,-82.682
37,1.6,11.8125,-86.537
37,1.6,11.9062,-86.886
37,1.6,12.0,-87.587
37,1.6,12.0938,-82.976
37,1.6,12.1875,-83.44
37,1.6,12.2812,-93.473
37,1.6,12.375,-89.944
37,1.6,12.4688,-89.87
37,1.6,12.5625,-87.406
37,1.6,12.6562,-86.73
37,1.6,12.75,-89.526
37,1.6,12.8438,-79.44
37,1.6,12.9375,-85.421
37,1.6,13.0312,-90.49
37,1.6,13.125,-91.021
37,1.6,13.2188,-86.81
37,1.6,13.3125,-84.422
37,1.6,13.4062,-88.59
37,1.6,13.5,-89.963
37,1.6,13.5938,-94.155
37,1.6,13.6875,-94.306
37,1.6,13.7812,-88.138
37,1.6,13.875,-86.336
37,1.6,13.9688,-99.307
37,1.6,14.0625,-84.069
37,1.6,14.1562,-99.7
37,1.6,14.25,-87.099
37,1.6,14.3438,-86.142
37,1.6,14.4375,-96.126
37,1.6,14.5312,-93.4
37,1.6,14.625,-85.762
37,1.6,14.7188,-99.415
37,1.6,14.8125,-94.804
37,1.6,14.9062,-92.354
37,1.6,15.0,-95.851
37,1.6,15.0938,-96.562
37,1.6,15.1875,-98.902
37,1.6,15.2812,-95.998
37,1.6,15.375,-96.009
37,1.6,15.4688,-93.143
37,1.6,15.5625,-94.986
37,1.6,15.6562,-95.814
37,1.6,15.75,-93.516
37,1.6,15.8438,-94.0
37,1.6,15.9375,-97.322
38,1.6427,0.0,-60.674
38,1.6427,0.0938,-37.652
38,1.6427,0.1875,-41.693
38,1.6427,0.2812,-60.957
38,1.6427,0.375,-54.857
38,1.6427,0.4688,-48.147
38,1.6427,0.5625,-72.618
38,1.6427,0.6562,-43.936
38,1.6427,0.75,-59.068
38,1.6427,0.8438,-58.111
38,1.6427,0.9375,-68.81
38,1.6427,1.0312,-75.931
38,1.6427,1.125,-66.936
38,1.6427,1.2188,-81.174
38,1.6427,1.3125,-64.888
38,1.6427,1.4062,-77.169
38,1.6427,1.5,-72.66
38,1.6427,1.5938,-81.309
38,1.6427,1.6875,-90.848
38,1.6427,1.7812,-81.954
38,1.6427,1.875,-78.356
38,1.6427,1.9688,-84.607
38,1.6427,2.0625,-95.562
38,1.6427,2.1562,-89.63
38,1.6427,2.25,-84.528
38,1.6427,2.3438,-79.935
38,1.6427,2.4375,-82.43
38,1.6427,2.5312,-80.387
38,1.6427,2.625,-93.793
38,1.6427,2.7188,-90.626
38,1.6427,2.8125,-86.171
38,1.6427,2.9062,-87.482
38,1.6427,3.0,-87.58
38,1.6427,3.0938,-85.657
38,1.6427,3.1875,-84.789
38,1.6427,3.2812,-89.353
38,1.6427,3.375,-87.645
38,1.6427,3.4688,-89.431
38,1.6427,3.5625,-84.296
38,1.6427,3.6562,-89.284
38,1.6427,3.75,-87.912
38,1.6427,3.8438,-91.256
38,1.6427,3.9375,-83.87
38,1.6427,4.0312,-90.037
38,1.6427,4.125,-92.973
38,1.6427,4.2188,-91.448
38,1.6427,4.3125,-90.166
38,1.6427,4.4062,-90.684
38,1.6427,4.5,-85.434
38,1.6427,4.5938,-88.097
38,1.6427,4.6875,-93.247
38,1.6427,4.7812,-91.725
38,1.6427,4.875,-82.839
38,1.6427,4.9688,-89.973
38,1.6427,5.0625,-93.529
38,1.6427,5.1562,-84.469
38,1.6427,5.25,-85.333
38,1.6427,5.3438,-80.932
38,1.6427,5.4375,-88.73
38,1.6427,5.5312,-94.193
38,1.6427,5.625,-87.989
38,1.6427,5.7188,-80.716
38,1.6427,5.8125,-91.45
38,1.6427,5.9062,-81.753
38,1.6427,6.0,-89.089
38,1.6427,6.0938,-88.432
38,1.6427,6.1875,-86.759
38,1.6427,6.2812,-86.377
38,1.6427,6.375,-89.396
38,1.6427,6.4688,-86.778
38,1.6427,6.5625,-87.405
38,1.6427,6.6562,-84.342
38,1.6427,6.75,-81.038
38,1.6427,6.8438,-76.098
38,1.6427,6.9375,-80.374
38,1.6427,7.0312,-70.556
38,1.6427,7.125,-89.935
38,1.6427,7.2188,-80.606
38,1.6427,7.3125,-74.514
38,1.6427,7.4062,-80.868
38,1.6427,7.5,-81.452
38,1.6427,7.5938,-79.782
38,1.6427,7.6875,-76.147
38,1.6427,7.7812,-79.533
38,1.6427,7.875,-77.722
38,1.6427,7.9688,-77.561
38,1.6427,8.0625,-82.183
38,1.6427,8.1562,-71.285
38,1.6427,8.25,-71.901
38,1.6427,8.3438,-73.061
38,1.6427,8.4375,-85.593
38,1.6427,8.5312,-83.505
38,1.6427,8.625,-61.256
38,1.6427,8.7188,-65.396
38,1.6427,8.8125,-63.534
38,1.6427,8.9062,-56.838
38,1.6427,9.0,-72.174
38,1.6427,9.0938,-66.687
38,1.6427,9.1875,-68.506
38,1.6427,9.2812,-74.24
38,1.6427,9.375,-80.079
38,1.6427,9.4688,-81.896
38,1.6427,9.5625,-78.714
38,1.6427,9.6562,-74.028
38,1.6427,9.75,-81.869
38,1.6427,9.8438,-91.318
38,1.6427,9.9375,-82.571
38,1.6427,10.0312,-82.772
38,1.6427,10.125,-84.359
38,1.6427,10.2188,-81.137
38,1.6427,10.3125,-77.011
38,1.6427,10.4062,-80.312
38,1.6427,10.5,-79.866
38,1.6427,10.5938,-82.261
38,1.6427,10.6875,-75.878
38,1.6427,10.7812,-76.154
38,1.6427,10.875,-79.687
38,1.6427,10.9688,-83.408
38,1.6427,11.0625,-82.115
38,1.6427,11.1562,-84.102
38,1.6427,11.25,-82.824
38,1.6427,11.3438,-93.409
38,1.6427,11.4375,-85.895
38,1.6427,11.5312,-91.118
38,1.6427,11.625,-88.013
38,1.6427,11.7188,-80.999
38,1.6427,11.8125,-74.31
38,1.6427,11.9062,-86.207
38,1.6427,12.0,-74.449
38,1.6427,12.0938,-85.459
38,1.6427,12.1875,-81.283
38,1.6427,12.2812,-82.19
38,1.6427,12.375,-82.696
38,1.6427,12.4688,-80.981
38,1.6427,12.5625,-83.781
38,1.6427,12.6562,-77.88
38,1.6427,12.75,-72.781
38,1.6427,12.8438,-81.722
38,1.6427,12.9375,-82.936
38,1.6427,13.0312,-87.138
38,1.6427,13.125,-90.595
38,1.6427,13.2188,-94.178
38,1.6427,13.3125,-92.31
38,1.6427,13.4062,-82.948
38,1.6427,13.5,-99.505
38,1.6427,13.5938,-87.475
38,1.6427,13.6875,-94.113
38,1.6427,13.7812,-95.655
38,1.6427,13.875,-97.686
38,1.6427,13.9688,-99.976
38,1.6427,14.0625,-94.287
38,1.6427,14.1562,-99.353
38,1.6427,14.25,-90.162
38,1.6427,14.3438,-95.367
38,1.6427,14.4375,-96.418
38,1.6427,14.5312,-98.648
38,1.6427,14.625,-99.907
38,1.6427,14.7188,-90.129
38,1.6427,14.8125,-89.195
38,1.6427,14.9062,-96.737
38,1.6427,15.0,-96.274
38,1.6427,15.0938,-94.525
38,1.6427,15.1875,-93.835
38,1.6427,15.2812,-94.624
38,1.6427,15.375,-92.064
38,1.6427,15.4688,-98.817
38,1.6427,15.5625,-95.731
38,1.6427,15.6562,-95.567
38,1.6427,15.75,-96.138
38,1.6427,15.8438,-96.462
38,1.6427,15.9375,-95.611
39,1.6853,0.0,-55.551
39,1.6853,0.0938,-37.7
39,1.6853,0.1875,-44.552
39,1.6853,0.2812,-70.299
39,1.6853,0.375,-71.456
39,1.6853,0.4688,-48.087
39,1.6853,0.5625,-78.708
39,1.6853,0.6562,-39.634
39,1.6853,0.75,-77.178
39,1.6853,0.8438,-61.484
39,1.6853,0.9375,-79.897
39,1.6853,1.0312,-79.545
39,1.6853,1.125,-74.258
39,1.6853,1.2188,-79.18
39,1.6853,1.3125,-69.435
39,1.6853,1.4062,-84.598
39,1.6853,1.5,-76.074
39,1.6853,1.5938,-81.779
39,1.6853,1.6875,-82.333
39,1.6853,1.7812,-77.415
39,1.6853,1.875,-91.706
39,1.6853,1.9688,-81.672
39,1.6853,2.0625,-89.099
39,1.6853,2.1562,-82.66
39,1.6853,2.25,-89.674
39,1.6853,2.3438,-80.471
39,1.6853,2.4375,-73.063
39,1.6853,2.5312,-88.74
39,1.6853,2.625,-77.823
39,1.6853,2.7188,-89.067
39,1.6853,2.8125,-96.772
39,1.6853,2.9062,-98.806
39,1.6853,3.0,-97.53
39,1.6853,3.0938,-83.646
39,1.6853,3.1875,-93.858
39,1.6853,3.2812,-85.662
39,1.6853,3.375,-93.974
39,1.6853,3.4688,-97.006
39,1.6853,3.5625,-91.721
39,1.6853,3.6562,-89.407
39,1.6853,3.75,-73.605
39,1.6853,3.8438,-87.268
39,1.6853,3.9375,-87.012
39,1.6853,4.0312,-98.717
39,1.6853,4.125,-95.892
39,1.6853,4.2188,-94.577
39,1.6853,4.3125,-96.902
39,1.6853,4.4062,-87.716
39,1.6853,4.5,-98.066
39,1.6853,4.5938,-87.864
39,1.6853,4.6875,-95.366
39,1.6853,4.7812,-93.759
39,1.6853,4.875,-81.707
39,1.6853,4.9688,-94.031
39,1.6853,5.0625,-74.052
39,1.6853,5.1562,-96.121
39,1.6853,5.25,-86.448
39,1.6853,5.3438,-91.673
39,1.6853,5.4375,-92.931
39,1.6853,5.5312,-88.239
39,1.6853,5.625,-97.22
39,1.6853,5.7188,-82.337
39,1.6853,5.8125,-99.468
39,1.6853,5.9062,-96.115
39,1.6853,6.0,-97.149
39,1.6853,6.0938,-94.964
39,1.6853,6.1875,-77.97
39,1.6853,6.2812,-92.684
39,1.6853,6.375,-81.103
39,1.6853,6.4688,-91.313
39,1.6853,6.5625,-81.377
39,1.6853,6.6562,-86.915
39,1.6853,6.75,-90.163
39,1.6853,6.8438,-74.534
39,1.6853,6.9375,-75.545
39,1.6853,7.0312,-74.414
39,1.6853,7.125,-76.427
39,1.6853,7.2188,-78.434
39,1.6853,7.3125,-86.174
39,1.6853,7.4062,-80.244
39,1.6853,7.5,-74.665
39,1.6853,7.5938,-92.365
39,1.6853,7.6875,-75.62
39,1.6853,7.7812,-86.316
39,1.6853,7.875,-88.711
39,1.6853,7.9688,-73.341
39,1.6853,8.0625,-79.705
39,1.6853,8.1562,-73.966
39,1.6853,8.25,-85.062
39,1.6853,8.3438,-72.999
39,1.6853,8.4375,-75.561
39,1.6853,8.5312,-92.493
39,1.6853,8.625,-77.719
39,1.6853,8.7188,-75.82
39,1.6853,8.8125,-61.561
39,1.6853,8.9062,-81.879
39,1.6853,9.0,-72.696
39,1.6853,9.0938,-76.18
39,1.6853,9.1875,-83.135
39,1.6853,9.2812,-88.41
39,1.6853,9.375,-95.193
39,1.6853,9.4688,-76.741
39,1.6853,9.5625,-88.361
39,1.6853,9.6562,-76.337
39,1.6853,9.75,-87.837
39,1.6853,9.8438,-80.453
39,1.6853,9.9375,-77.822
39,1.6853,10.0312,-90.879
39,1.6853,10.125,-96.167
39,1.6853,10.2188,-88.033
39,1.6853,10.3125,-96.34
39,1.6853,10.4062,-95.749
39,1.6853,10.5,-89.144
39,1.6853,10.5938,-76.864
39,1.6853,10.6875,-84.191
39,1.6853,10.7812,-82.911
39,1.6853,10.875,-87.715
39,1.6853,10.9688,-82.226
39,1.6853,11.0625,-76.827
39,1.6853,11.1562,-93.516
39,1.6853,11.25,-93.935
39,1.6853,11.3438,-97.692
39,1.6853,11.4375,-91.691
39,1.6853,11.5312,-97.985
39,1.6853,11.625,-83.877
39,1.6853,11.7188,-86.754
39,1.6853,11.8125,-94.078
39,1.6853,11.9062,-95.724
39,1.6853,12.0,-86.693
39,1.6853,12.0938,-89.47
39,1.6853,12.1875,-85.389
39,1.6853,12.2812,-80.473
39,1.6853,12.375,-87.632
39,1.6853,12.4688,-84.158
39,1.6853,12.5625,-87.207
39,1.6853,12.6562,-86.926
39,1.6853,12.75,-98.924
39,1.6853,12.8438,-88.336
39,1.6853,12.9375,-92.28
39,1.6853,13.0312,-87.891
39,1.6853,13.125,-94.605
39,1.6853,13.2188,-95.956
39,1.6853,13.3125,-97.188
39,1.6853,13.4062,-96.499
39,1.6853,13.5,-98.59
39,1.6853,13.5938,-95.032
39,1.6853,13.6875,-93.925
39,1.6853,13.7812,-97.824
39,1.6853,13.875,-93.836
39,1.6853,13.9688,-98.839
39,1.6853,14.0625,-97.298
39,1.6853,14.1562,-99.183
39,1.6853,14.25,-95.632
39,1.6853,14.3438,-97.637
39,1.6853,14.4375,-99.668
39,1.6853,14.5312,-97.237
39,1.6853,14.625,-99.593
39,1.6853,14.7188,-96.176
39,1.6853,14.8125,-97.567
39,1.6853,14.9062,-97.916
39,1.6853,15.0,-99.09
39,1.6853,15.0938,-98.635
39,1.6853,15.1875,-99.093
39,1.6853,15.2812,-99.645
39,1.6853,15.375,-99.276
39,1.6853,15.4688,-99.768
39,1.6853,15.5625,-94.005
39,1.6853,15.6562,-98.692
39,1.6853,15.75,-97.471
39,1.6853,15.8438,-97.094
39,1.6853,15.9375,-93.336
40,1.728,0.0,-64.322
40,1.728,0.0938,-38.047
40,1.728,0.1875,-55.994
40,1.728,0.2812,-53.147
40,1.728,0.375,-58.603
40,1.728,0.4688,-35.797
40,1.728,0.5625,-81.047
40,1.728,0.6562,-52.054
40,1.728,0.75,-50.751
40,1.728,0.8438,-75.055
40,1.728,0.9375,-50.496
40,1.728,1.0312,-74.559
40,1.728,1.125,-71.278
40,1.728,1.2188,-70.445
40,1.728,1.3125,-78.472
40,1.728,1.4062,-72.8
40,1.728,1.5,-80.855
40,1.728,1.5938,-80.965
40,1.728,1.6875,-76.621
40,1.728,1.7812,-84.039
40,1.728,1.875,-75.067
40,1.728,1.9688,-81.269
40,1.728,2.0625,-85.148
40,1.728,2.1562,-81.382
40,1.728,2.25,-87.538
40,1.728,2.3438,-73.965
40,1.728,2.4375,-86.132
40,1.728,2.5312,-74.136
40,1.728,2.625,-69.124
40,1.728,2.7188,-85.295
40,1.728,2.8125,-88.114
40,1.728,2.9062,-91.595
40,1.728,3.0,-90.486
40,1.728,3.0938,-86.699
40,1.728,3.1875,-93.018
40,1.728,3.2812,-88.118
40,1.728,3.375,-88.123
40,1.728,3.4688,-85.787
40,1.728,3.5625,-85.226
40,1.728,3.6562,-80.708
40,1.728,3.75,-76.548
40,1.728,3.8438,-83.996
40,1.728,3.9375,-95.091
40,1.728,4.0312,-94.686
40,1.728,4.125,-93.452
40,1.728,4.2188,-85.413
40,1.728,4.3125,-92.758
40,1.728,4.4062,-90.922
40,1.728,4.5,-91.635
40,1.728,4.5938,-88.936
40,1.728,4.6875,-95.531
40,1.728,4.7812,-95.969
40,1.728,4.875,-94.414
40,1.728,4.9688,-74.986
40,1.728,5.0625,-76.067
40,1.728,5.1562,-87.516
40,1.728,5.25,-89.338
40,1.728,5.3438,-88.934
40,1.728,5.4375,-89.582
40,1.728,5.5312,-83.874
40,1.728,5.625,-91.118
40,1.728,5.7188,-88.176
40,1.728,5.8125,-89.348
40,1.728,5.9062,-98.215
40,1.728,6.0,-95.993
40,1.728,6.0938,-94.271
40,1.728,6.1875,-97.579
40,1.728,6.2812,-92.494
40,1.728,6.375,-82.487
40,1.728,6.4688,-80.518
40,1.728,6.5625,-74.071
40,1.728,6.6562,-87.227
40,1.728,6.75,-80.036
40,1.728,6.8438,-72.733
40,1.728,6.9375,-70.913
40,1.728,7.0312,-80.09
40,1.728,7.125,-82.061
40,1.728,7.2188,-90.709
40,1.728,7.3125,-74.786
40,1.728,7.4062,-76.086
40,1.728,7.5,-75.107
40,1.728,7.5938,-79.243
40,1.728,7.6875,-84.937
40,1.728,7.7812,-74.675
40,1.728,7.875,-73.264
40,1.728,7.9688,-71.968
40,1.728,8.0625,-80.382
40,1.728,8.1562,-71.75
40,1.728,8.25,-76.913
40,1.728,8.3438,-72.761
40,1.728,8.4375,-68.465
40,1.728,8.5312,-79.237
40,1.728,8.625,-66.096
40,1.728,8.7188,-65.142
40,1.728,8.8125,-66.794
40,1.728,8.9062,-71.356
40,1.728,9.0,-90.092
40,1.728,9.0938,-73.943
40,1.728,9.1875,-68.029
40,1.728,9.2812,-83.007
40,1.728,9.375,-77.801
40,1.728,9.4688,-78.248
40,1.728,9.5625,-82.992
40,1.728,9.6562,-78.644
40,1.728,9.75,-77.741
40,1.728,9.8438,-81.706
40,1.728,9.9375,-76.993
40,1.728,10.0312,-86.634
40,1.728,10.125,-92.431
40,1.728,10.2188,-84.32
40,1.728,10.3125,-83.809
40,1.728,10.4062,-82.081
40,1.728,10.5,-82.26
40,1.728,10.5938,-79.809
40,1.728,10.6875,-91.756
40,1.728,10.7812,-79.167
40,1.728,10.875,-74.334
40,1.728,10.9688,-78.817
40,1.728,11.0625,-78.663
40,1.728,11.1562,-76.365
40,1.728,11.25,-96.41
40,1.728,11.3438,-82.147
40,1.728,11.4375,-85.658
40,1.728,11.5312,-94.793
40,1.728,11.625,-88.027
40,1.728,11.7188,-84.901
40,1.728,11.8125,-99.432
40,1.728,11.9062,-81.371
40,1.728,12.0,-88.517
40,1.728,12.0938,-79.323
40,1.728,12.1875,-80.872
40,1.728,12.2812,-85.927
40,1.728,12.375,-84.252
40,1.728,12.4688,-81.801
40,1.728,12.5625,-86.637
40,1.728,12.6562,-87.383
40,1.728,12.75,-88.124
40,1.728,12.8438,-83.655
40,1.728,12.9375,-89.202
40,1.728,13.0312,-90.957
40,1.728,13.125,-95.444
40,1.728,13.2188,-95.757
40,1.728,13.3125,-95.698
40,1.728,13.4062,-97.11
40,1.728,13.5,-96.285
40,1.728,13.5938,-99.573
40,1.728,13.6875,-97.754
40,1.728,13.7812,-99.158
40,1.728,13.875,-96.586
40,1.728,13.9688,-97.641
40,1.728,14.0625,-99.163
40,1.728,14.1562,-95.653
40,1.728,14.25,-98.314
40,1.728,14.3438,-97.036
40,1.728,14.4375,-98.567
40,1.728,14.5312,-96.152
40,1.728,14.625,-99.386
40,1.728,14.7188,-97.993
40,1.728,14.8125,-99.178
40,1.728,14.9062,-99.95
40,1.728,15.0,-99.509
40,1.728,15.0938,-98.229
40,1.728,15.1875,-96.916
40,1.728,15.2812,-97.846
40,1.728,15.375,-95.729
40,1.728,15.4688,-98.35
40,1.728,15.5625,-99.362
40,1.728,15.6562,-99.496
40,1.728,15.75,-97.434
40,1.728,15.8438,-97.405
40,1.728,15.9375,-94.519
41,1.7707,0.0,-59.683
41,1.7707,0.0938,-38.802
41,1.7707,0.1875,-57.372
41,1.7707,0.2812,-41.738
41,1.7707,0.375,-65.243
41,1.7707,0.4688,-44.78
41,1.7707,0.5625,-74.889
41,1.7707,0.6562,-73.961
41,1.7707,0.75,-36.646
41,1.7707,0.8438,-61.441
41,1.7707,0.9375,-79.677
41,1.7707,1.0312,-61.097
41,1.7707,1.125,-79.351
41,1.7707,1.2188,-72.126
41,1.7707,1.3125,-81.699
41,1.7707,1.4062,-94.029
41,1.7707,1.5,-66.972
41,1.7707,1.5938,-96.158
41,1.7707,1.6875,-98.869
41,1.7707,1.7812,-82.799
41,1.7707,1.875,-88.073
41,1.7707,1.9688,-80.567
41,1.7707,2.0625,-97.243
41,1.7707,2.1562,-85.162
41,1.7707,2.25,-72.148
41,1.7707,2.3438,-86.49
41,1.7707,2.4375,-90.044
41,1.7707,2.5312,-78.024
41,1.7707,2.625,-94.267
41,1.7707,2.7188,-75.362
41,1.7707,2.8125,-88.391
41,1.7707,2.9062,-88.977
41,1.7707,3.0,-73.143
41,1.7707,3.0938,-99.261
41,1.7707,3.1875,-94.849
41,1.7707,3.2812,-85.875
41,1.7707,3.375,-98.33
41,1.7707,3.4688,-82.286
41,1.7707,3.5625,-84.682
41,1.7707,3.6562,-89.65
41,1.7707,3.75,-73.026
41,1.7707,3.8438,-89.925
41,1.7707,3.9375,-95.889
41,1.7707,4.0312,-88.475
41,1.7707,4.125,-94.239
41,1.7707,4.2188,-77.688
41,1.7707,4.3125,-93.781
41,1.7707,4.4062,-97.365
41,1.7707,4.5,-81.845
41,1.7707,4.5938,-95.196
41,1.7707,4.6875,-94.219
41,1.7707,4.7812,-98.856
41,1.7707,4.875,-86.06
41,1.7707,4.9688,-70.123
41,1.7707,5.0625,-83.518
41,1.7707,5.1562,-91.044
41,1.7707,5.25,-78.632
41,1.7707,5.3438,-95.078
41,1.7707,5.4375,-97.948
41,1.7707,5.5312,-84.909
41,1.7707,5.625,-87.174
41,1.7707,5.7188,-81.771
41,1.7707,5.8125,-98.278
41,1.7707,5.9062,-93.906
41,1.7707,6.0,-94.699
41,1.7707,6.0938,-98.627
41,1.7707,6.1875,-95.96
41,1.7707,6.2812,-92.241
41,1.7707,6.375,-84.172
41,1.7707,6.4688,-81.526
41,1.7707,6.5625,-82.811
41,1.7707,6.6562,-91.16
41,1.7707,6.75,-71.225
41,1.7707,6.8438,-78.26
41,1.7707,6.9375,-90.839
41,1.7707,7.0312,-76.255
41,1.7707,7.125,-75.758
41,1.7707,7.2188,-79.099
41,1.7707,7.3125,-72.015
41,1.7707,7.4062,-84.399
41,1.7707,7.5,-93.033
41,1.7707,7.5938,-85.37
41,1.7707,7.6875,-88.228
41,1.7707,7.7812,-81.158
41,1.7707,7.875,-77.267
41,1.7707,7.9688,-74.043
41,1.7707,8.0625,-70.883
41,1.7707,8.1562,-82.405
41,1.7707,8.25,-78.466
41,1.7707,8.3438,-77.661
41,1.7707,8.4375,-75.474
41,1.7707,8.5312,-73.55
41,1.7707,8.625,-76.131
41,1.7707,8.7188,-59.841
41,1.7707,8.8125,-67.097
41,1.7707,8.9062,-64.872
41,1.7707,9.0,-60.427
41,1.7707,9.0938,-69.103
41,1.7707,9.1875,-79.931
41,1.7707,9.2812,-71.267
41,1.7707,9.375,-84.25
41,1.7707,9.4688,-77.777
41,1.7707,9.5625,-90.448
41,1.7707,9.6562,-79.437
41,1.7707,9.75,-73.657
41,1.7707,9.8438,-83.362
41,1.7707,9.9375,-83.017
41,1.7707,10.0312,-87.407
41,1.7707,10.125,-77.019
41,1.7707,10.2188,-70.981
41,1.7707,10.3125,-77.218
41,1.7707,10.4062,-82.424
41,1.7707,10.5,-72.952
41,1.7707,10.5938,-79.088
41,1.7707,10.6875,-79.613
41,1.7707,10.7812,-74.532
41,1.7707,10.875,-76.861
41,1.7707,10.9688,-66.055
41,1.7707,11.0625,-73.567
41,1.7707,11.1562,-74.254
41,1.7707,11.25,-74.3
41,1.7707,11.3438,-80.706
41,1.7707,11.4375,-86.629
41,1.7707,11.5312,-77.501
41,1.7707,11.625,-91.646
41,1.7707,11.7188,-78.791
41,1.7707,11.8125,-82.71
41,1.7707,11.9062,-87.716
41,1.7707,12.0,-88.609
41,1.7707,12.0938,-94.876
41,1.7707,12.1875,-85.14
41,1.7707,12.2812,-77.915
41,1.7707,12.375,-96.066
41,1.7707,12.4688,-80.272
41,1.7707,12.5625,-96.322
41,1.7707,12.6562,-80.507
41,1.7707,12.75,-83.804
41,1.7707,12.8438,-89.632
41,1.7707,12.9375,-83.41
41,1.7707,13.0312,-87.598
41,1.7707,13.125,-83.408
41,1.7707,13.2188,-89.848
41,1.7707,13.3125,-95.251
41,1.7707,13.4062,-92.763
41,1.7707,13.5,-97.213
41,1.7707,13.5938,-98.744
41,1.7707,13.6875,-99.99
41,1.7707,13.7812,-99.031
41,1.7707,13.875,-99.082
41,1.7707,13.9688,-91.706
41,1.7707,14.0625,-96.332
41,1.7707,14.1562,-92.491
41,1.7707,14.25,-97.265
41,1.7707,14.3438,-99.114
41,1.7707,14.4375,-97.721
41,1.7707,14.5312,-99.862
41,1.7707,14.625,-97.581
41,1.7707,14.7188,-99.73
41,1.7707,14.8125,-95.831
41,1.7707,14.9062,-99.256
41,1.7707,15.0,-96.218
41,1.7707,15.0938,-98.096
41,1.7707,15.1875,-99.752
41,1.7707,15.2812,-94.17
41,1.7707,15.375,-98.389
41,1.7707,15.4688,-98.783
41,1.7707,15.5625,-95.145
41,1.7707,15.6562,-96.739
41,1.7707,15.75,-99.952
41,1.7707,15.8438,-98.914
41,1.7707,15.9375,-99.073
42,1.8133,0.0,-58.06
42,1.8133,0.0938,-39.326
42,1.8133,0.1875,-60.163
42,1.8133,0.2812,-49.735
42,1.8133,0.375,-62.786
42,1.8133,0.4688,-39.596
42,1.8133,0.5625,-78.419
42,1.8133,0.6562,-72.344
42,1.8133,0.75,-41.182
42,1.8133,0.8438,-63.879
42,1.8133,0.9375,-68.985
42,1.8133,1.0312,-78.597
42,1.8133,1.125,-76.809
42,1.8133,1.2188,-61.218
42,1.8133,1.3125,-81.545
42,1.8133,1.4062,-89.784
42,1.8133,1.5,-75.734
42,1.8133,1.5938,-96.55
42,1.8133,1.6875,-74.039
42,1.8133,1.7812,-86.216
42,1.8133,1.875,-86.674
42,1.8133,1.9688,-70.971
42,1.8133,2.0625,-88.759
42,1.8133,2.1562,-93.64
42,1.8133,2.25,-88.083
42,1.8133,2.3438,-91.132
42,1.8133,2.4375,-70.528
42,1.8133,2.5312,-87.811
42,1.8133,2.625,-87.19
42,1.8133,2.7188,-63.919
42,1.8133,2.8125,-98.926
42,1.8133,2.9062,-87.614
42,1.8133,3.0,-98.77
42,1.8133,3.0938,-96.546
42,1.8133,3.1875,-77.461
42,1.8133,3.2812,-94.868
42,1.8133,3.375,-95.748
42,1.8133,3.4688,-94.455
42,1.8133,3.5625,-93.469
42,1.8133,3.6562,-71.599
42,1.8133,3.75,-86.334
42,1.8133,3.8438,-89.545
42,1.8133,3.9375,-88.92
42,1.8133,4.0312,-92.562
42,1.8133,4.125,-88.735
42,1.8133,4.2188,-92.734
42,1.8133,4.3125,-95.08
42,1.8133,4.4062,-87.575
42,1.8133,4.5,-93.139
42,1.8133,4.5938,-90.103
42,1.8133,4.6875,-97.239
42,1.8133,4.7812,-89.894
42,1.8133,4.875,-70.393
42,1.8133,4.9688,-81.635
42,1.8133,5.0625,-84.903
42,1.8133,5.1562,-71.538
42,1.8133,5.25,-85.995
42,1.8133,5.3438,-92.295
42,1.8133,5.4375,-92.209
42,1.8133,5.5312,-94.844
42,1.8133,5.625,-74.468
42,1.8133,5.7188,-92.88
42,1.8133,5.8125,-99.127
42,1.8133,5.9062,-99.414
42,1.8133,6.0,-99.617
42,1.8133,6.0938,-97.504
42,1.8133,6.1875,-96.73
42,1.8133,6.2812,-96.547
42,1.8133,6.375,-77.626
42,1.8133,6.4688,-89.344
42,1.8133,6.5625,-87.81
42,1.8133,6.6562,-82.845
42,1.8133,6.75,-76.403
42,1.8133,6.8438,-86.771
42,1.8133,6.9375,-80.566
42,1.8133,7.0312,-87.936
42,1.8133,7.125,-88.174
42,1.8133,7.2188,-84.022
42,1.8133,7.3125,-83.538
42,1.8133,7.4062,-79.312
42,1.8133,7.5,-81.725
42,1.8133,7.5938,-92.541
42,1.8133,7.6875,-80.139
42,1.8133,7.7812,-79.862
42,1.8133,7.875,-80.16
42,1.8133,7.9688,-83.709
42,1.8133,8.0625,-86.392
42,1.8133,8.1562,-82.397
42,1.8133,8.25,-88.631
42,1.8133,8.3438,-77.141
42,1.8133,8.4375,-79.349
42,1.8133,8.5312,-73.384
42,1.8133,8.625,-71.637
42,1.8133,8.7188,-62.262
42,1.8133,8.8125,-68.642
42,1.8133,8.9062,-69.91
42,1.8133,9.0,-66.713
42,1.8133,9.0938,-67.287
42,1.8133,9.1875,-73.601
42,1.8133,9.2812,-73.43
42,1.8133,9.375,-75.757
42,1.8133,9.4688,-82.462
42,1.8133,9.5625,-77.834
42,1.8133,9.6562,-93.098
42,1.8133,9.75,-84.271
42,1.8133,9.8438,-93.988
42,1.8133,9.9375,-97.644
42,1.8133,10.0312,-71.794
42,1.8133,10.125,-77.835
42,1.8133,10.2188,-77.555
42,1.8133,10.3125,-70.904
42,1.8133,10.4062,-90.003
42,1.8133,10.5,-74.561
42,1.8133,10.5938,-79.772
42,1.8133,10.6875,-81.201
42,1.8133,10.7812,-67.62
42,1.8133,10.875,-74.867
42,1.8133,10.9688,-73.355
42,1.8133,11.0625,-73.413
42,1.8133,11.1562,-78.241
42,1.8133,11.25,-74.807
42,1.8133,11.3438,-87.474
42,1.8133,11.4375,-87.884
42,1.8133,11.5312,-90.226
42,1.8133,11.625,-81.276
42,1.8133,11.7188,-89.181
42,1.8133,11.8125,-81.884
42,1.8133,11.9062,-93.153
42,1.8133,12.0,-75.818
42,1.8133,12.0938,-87.175
42,1.8133,12.1875,-90.542
42,1.8133,12.2812,-88.307
42,1.8133,12.375,-87.16
42,1.8133,12.4688,-79.973
42,1.8133,12.5625,-76.803
42,1.8133,12.6562,-81.927
42,1.8133,12.75,-72.661
42,1.8133,12.8438,-79.08
42,1.8133,12.9375,-86.976
42,1.8133,13.0312,-80.41
42,1.8133,13.125,-91.539
42,1.8133,13.2188,-80.871
42,1.8133,13.3125,-90.927
42,1.8133,13.4062,-86.656
42,1.8133,13.5,-98.998
42,1.8133,13.5938,-97.263
42,1.8133,13.6875,-98.307
42,1.8133,13.7812,-98.903
42,1.8133,13.875,-96.182
42,1.8133,13.9688,-99.822
42,1.8133,14.0625,-94.179
42,1.8133,14.1562,-96.953
42,1.8133,14.25,-96.463
42,1.8133,14.3438,-93.84
42,1.8133,14.4375,-98.022
42,1.8133,14.5312,-95.054
42,1.8133,14.625,-98.955
42,1.8133,14.7188,-98.34
42,1.8133,14.8125,-96.328
42,1.8133,14.9062,-97.84
42,1.8133,15.0,-94.196
42,1.8133,15.0938,-93.644
42,1.8133,15.1875,-92.631
42,1.8133,15.2812,-89.519
42,1.8133,15.375,-98.563
42,1.8133,15.4688,-97.169
42,1.8133,15.5625,-98.009
42,1.8133,15.6562,-96.996
42,1.8133,15.75,-98.513
42,1.8133,15.8438,-99.095
42,1.8133,15.9375,-97.409
43,1.856,0.0,-56.51
43,1.856,0.0938,-40.212
43,1.856,0.1875,-69.204
43,1.856,0.2812,-45.122
43,1.856,0.375,-69.646
43,1.856,0.4688,-45.471
43,1.856,0.5625,-74.473
43,1.856,0.6562,-66.695
43,1.856,0.75,-36.786
43,1.856,0.8438,-70.157
43,1.856,0.9375,-77.77
43,1.856,1.0312,-68.002
43,1.856,1.125,-92.493
43,1.856,1.2188,-68.302
43,1.856,1.3125,-77.534
43,1.856,1.4062,-85.237
43,1.856,1.5,-68.302
43,1.856,1.5938,-85.32
43,1.856,1.6875,-93.015
43,1.856,1.7812,-85.066
43,1.856,1.875,-86.552
43,1.856,1.9688,-75.428
43,1.856,2.0625,-89.469
43,1.856,2.1562,-95.005
43,1.856,2.25,-83.695
43,1.856,2.3438,-90.904
43,1.856,2.4375,-93.596
43,1.856,2.5312,-93.574
43,1.856,2.625,-85.86
43,1.856,2.7188,-63.423
43,1.856,2.8125,-93.316
43,1.856,2.9062,-95.093
43,1.856,3.0,-82.715
43,1.856,3.0938,-98.949
43,1.856,3.1875,-89.285
43,1.856,3.2812,-98.721
43,1.856,3.375,-95.309
43,1.856,3.4688,-78.457
43,1.856,3.5625,-91.041
43,1.856,3.6562,-90.718
43,1.856,3.75,-80.304
43,1.856,3.8438,-95.803
43,1.856,3.9375,-90.06
43,1.856,4.0312,-93.097
43,1.856,4.125,-97.562
43,1.856,4.2188,-76.747
43,1.856,4.3125,-92.583
43,1.856,4.4062,-91.258
43,1.856,4.5,-98.471
43,1.856,4.5938,-96.64
43,1.856,4.6875,-88.321
43,1.856,4.7812,-90.834
43,1.856,4.875,-99.615
43,1.856,4.9688,-65.877
43,1.856,5.0625,-81.704
43,1.856,5.1562,-90.731
43,1.856,5.25,-91.923
43,1.856,5.3438,-98.477
43,1.856,5.4375,-95.533
43,1.856,5.5312,-95.258
43,1.856,5.625,-95.305
43,1.856,5.7188,-83.569
43,1.856,5.8125,-96.713
43,1.856,5.9062,-99.293
43,1.856,6.0,-95.883
43,1.856,6.0938,-99.042
43,1.856,6.1875,-96.49
43,1.856,6.2812,-94.154
43,1.856,6.375,-95.944
43,1.856,6.4688,-92.632
43,1.856,6.5625,-83.501
43,1.856,6.6562,-81.883
43,1.856,6.75,-83.527
43,1.856,6.8438,-88.386
43,1.856,6.9375,-83.444
43,1.856,7.0312,-83.085
43,1.856,7.125,-82.051
43,1.856,7.2188,-72.876
43,1.856,7.3125,-87.235
43,1.856,7.4062,-80.71
43,1.856,7.5,-87.429
43,1.856,7.5938,-78.805
43,1.856,7.6875,-95.906
43,1.856,7.7812,-78.025
43,1.856,7.875,-76.855
43,1.856,7.9688,-95.598
43,1.856,8.0625,-74.854
43,1.856,8.1562,-80.591
43,1.856,8.25,-86.255
43,1.856,8.3438,-85.357
43,1.856,8.4375,-76.878
43,1.856,8.5312,-70.691
43,1.856,8.625,-82.944
43,1.856,8.7188,-71.161
43,1.856,8.8125,-70.456
43,1.856,8.9062,-75.773
43,1.856,9.0,-66.901
43,1.856,9.0938,-76.019
43,1.856,9.1875,-81.482
43,1.856,9.2812,-75.134
43,1.856,9.375,-75.302
43,1.856,9.4688,-81.334
43,1.856,9.5625,-92.961
43,1.856,9.6562,-92.567
43,1.856,9.75,-80.63
43,1.856,9.8438,-80.793
43,1.856,9.9375,-84.16
43,1.856,10.0312,-78.714
43,1.856,10.125,-92.73
43,1.856,10.2188,-83.871
43,1.856,10.3125,-78.703
43,1.856,10.4062,-84.106
43,1.856,10.5,-80.626
43,1.856,10.5938,-77.35
43,1.856,10.6875,-77.681
43,1.856,10.7812,-85.877
43,1.856,10.875,-76.237
43,1.856,10.9688,-85.602
43,1.856,11.0625,-73.677
43,1.856,11.1562,-77.64
43,1.856,11.25,-84.718
43,1.856,11.3438,-77.669
43,1.856,11.4375,-81.773
43,1.856,11.5312,-90.083
43,1.856,11.625,-82.281
43,1.856,11.7188,-80.719
43,1.856,11.8125,-85.838
43,1.856,11.9062,-70.795
43,1.856,12.0,-83.911
43,1.856,12.0938,-81.747
43,1.856,12.1875,-83.5
43,1.856,12.2812,-97.562
43,1.856,12.375,-92.93
43,1.856,12.4688,-98.846
43,1.856,12.5625,-96.388
43,1.856,12.6562,-80.967
43,1.856,12.75,-88.117
43,1.856,12.8438,-82.584
43,1.856,12.9375,-83.429
43,1.856,13.0312,-87.343
43,1.856,13.125,-81.16
43,1.856,13.2188,-83.89
43,1.856,13.3125,-84.269
43,1.856,13.4062,-90.714
43,1.856,13.5,-97.534
43,1.856,13.5938,-96.595
43,1.856,13.6875,-98.213
43,1.856,13.7812,-99.973
43,1.856,13.875,-99.905
43,1.856,13.9688,-98.284
43,1.856,14.0625,-97.668
43,1.856,14.1562,-96.576
43,1.856,14.25,-96.699
43,1.856,14.3438,-98.073
43,1.856,14.4375,-99.129
43,1.856,14.5312,-97.807
43,1.856,14.625,-96.829
43,1.856,14.7188,-97.197
43,1.856,14.8125,-99.42
43,1.856,14.9062,-98.057
43,1.856,15.0,-99.261
43,1.856,15.0938,-96.702
43,1.856,15.1875,-95.358
43,1.856,15.2812,-99.184
43,1.856,15.375,-91.571
43,1.856,15.4688,-89.912
43,1.856,15.5625,-98.813
43,1.856,15.6562,-92.537
43,1.856,15.75,-99.098
43,1.856,15.8438,-97.897
43,1.856,15.9375,-99.723
44,1.8987,0.0,-57.993
44,1.8987,0.0938,-40.773
44,1.8987,0.1875,-59.474
44,1.8987,0.2812,-62.046
44,1.8987,0.375,-65.921
44,1.8987,0.4688,-44.54
44,1.8987,0.5625,-64.418
44,1.8987,0.6562,-53.211
44,1.8987,0.75,-44.059
44,1.8987,0.8438,-66.186
44,1.8987,0.9375,-57.309
44,1.8987,1.0312,-72.791
44,1.8987,1.125,-75.882
44,1.8987,1.2188,-79.212
44,1.8987,1.3125,-75.31
44,1.8987,1.4062,-71.024
44,1.8987,1.5,-83.001
44,1.8987,1.5938,-88.124
44,1.8987,1.6875,-84.709
44,1.8987,1.7812,-95.28
44,1.8987,1.875,-79.273
44,1.8987,1.9688,-91.053
44,1.8987,2.0625,-94.68
44,1.8987,2.1562,-87.882
44,1.8987,2.25,-84.733
44,1.8987,2.3438,-88.333
44,1.8987,2.4375,-91.876
44,1.8987,2.5312,-94.899
44,1.8987,2.625,-86.377
44,1.8987,2.7188,-81.71
44,1.8987,2.8125,-80.827
44,1.8987,2.9062,-90.029
44,1.8987,3.0,-93.189
44,1.8987,3.0938,-94.072
44,1.8987,3.1875,-87.534
44,1.8987,3.2812,-83.633
44,1.8987,3.375,-81.399
44,1.8987,3.4688,-81.801
44,1.8987,3.5625,-76.934
44,1.8987,3.6562,-82.183
44,1.8987,3.75,-77.593
44,1.8987,3.8438,-73.352
44,1.8987,3.9375,-92.2
44,1.8987,4.0312,-81.581
44,1.8987,4.125,-82.163
44,1.8987,4.2188,-94.882
44,1.8987,4.3125,-83.335
44,1.8987,4.4062,-81.401
44,1.8987,4.5,-83.375
44,1.8987,4.5938,-77.539
44,1.8987,4.6875,-82.516
44,1.8987,4.7812,-84.426
44,1.8987,4.875,-81.154
44,1.8987,4.9688,-82.599
44,1.8987,5.0625,-79.535
44,1.8987,5.1562,-86.843
44,1.8987,5.25,-84.275
44,1.8987,5.3438,-84.356
44,1.8987,5.4375,-91.063
44,1.8987,5.5312,-85.093
44,1.8987,5.625,-87.55
44,1.8987,5.7188,-90.57
44,1.8987,5.8125,-91.695
44,1.8987,5.9062,-96.159
44,1.8987,6.0,-98.442
44,1.8987,6.0938,-99.903
44,1.8987,6.1875,-96.729
44,1.8987,6.2812,-88.866
44,1.8987,6.375,-89.355
44,1.8987,6.4688,-81.024
44,1.8987,6.5625,-81.157
44,1.8987,6.6562,-90.014
44,1.8987,6.75,-75.498
44,1.8987,6.8438,-83.223
44,1.8987,6.9375,-76.251
44,1.8987,7.0312,-86.196
44,1.8987,7.125,-78.885
44,1.8987,7.2188,-71.621
44,1.8987,7.3125,-73.631
44,1.8987,7.4062,-78.606
44,1.8987,7.5,-77.498
44,1.8987,7.5938,-77.361
44,1.8987,7.6875,-85.005
44,1.8987,7.7812,-80.463
44,1.8987,7.875,-77.709
44,1.8987,7.9688,-72.362
44,1.8987,8.0625,-88.81
44,1.8987,8.1562,-71.462
44,1.8987,8.25,-72.723
44,1.8987,8.3438,-69.188
44,1.8987,8.4375,-68.065
44,1.8987,8.5312,-74.263
44,1.8987,8.625,-71.219
44,1.8987,8.7188,-63.783
44,1.8987,8.8125,-66.948
44,1.8987,8.9062,-61.454
44,1.8987,9.0,-67.951
44,1.8987,9.0938,-64.936
44,1.8987,9.1875,-60.282
44,1.8987,9.2812,-63.445
44,1.8987,9.375,-67.282
44,1.8987,9.4688,-77.693
44,1.8987,9.5625,-77.596
44,1.8987,9.6562,-71.964
44,1.8987,9.75,-81.25
44,1.8987,9.8438,-74.417
44,1.8987,9.9375,-87.747
44,1.8987,10.0312,-87.865
44,1.8987,10.125,-76.121
44,1.8987,10.2188,-80.27
44,1.8987,10.3125,-76.392
44,1.8987,10.4062,-73.913
44,1.8987,10.5,-71.949
44,1.8987,10.5938,-84.316
44,1.8987,10.6875,-72.897
44,1.8987,10.7812,-72.361
44,1.8987,10.875,-72.989
44,1.8987,10.9688,-69.667
44,1.8987,11.0625,-82.957
44,1.8987,11.1562,-76.745
44,1.8987,11.25,-71.397
44,1.8987,11.3438,-73.049
44,1.8987,11.4375,-84.058
44,1.8987,11.5312,-72.944
44,1.8987,11.625,-83.201
44,1.8987,11.7188,-83.279
44,1.8987,11.8125,-72.262
44,1.8987,11.9062,-81.015
44,1.8987,12.0,-72.033
44,1.8987,12.0938,-71.2
44,1.8987,12.1875,-80.677
44,1.8987,12.2812,-78.838
44,1.8987,12.375,-82.415
44,1.8987,12.4688,-84.129
44,1.8987,12.5625,-82.428
44,1.8987,12.6562,-73.465
44,1.8987,12.75,-78.44
44,1.8987,12.8438,-91.334
44,1.8987,12.9375,-75.324
44,1.8987,13.0312,-94.927
44,1.8987,13.125,-93.619
44,1.8987,13.2188,-77.552
44,1.8987,13.3125,-80.939
44,1.8987,13.4062,-78.541
44,1.8987,13.5,-89.097
44,1.8987,13.5938,-90.895
44,1.8987,13.6875,-85.488
44,1.8987,13.7812,-94.359
44,1.8987,13.875,-85.95
44,1.8987,13.9688,-88.565
44,1.8987,14.0625,-98.896
44,1.8987,14.1562,-91.527
44,1.8987,14.25,-98.683
44,1.8987,14.3438,-94.746
44,1.8987,14.4375,-91.128
44,1.8987,14.5312,-96.525
44,1.8987,14.625,-95.503
44,1.8987,14.7188,-95.927
44,1.8987,14.8125,-98.837
44,1.8987,14.9062,-94.287
44,1.8987,15.0,-96.697
44,1.8987,15.0938,-97.349
44,1.8987,15.1875,-90.808
44,1.8987,15.2812,-91.778
44,1.8987,15.375,-95.981
44,1.8987,15.4688,-91.282
44,1.8987,15.5625,-91.567
44,1.8987,15.6562,-86.744
44,1.8987,15.75,-92.888
44,1.8987,15.8438,-93.332
44,1.8987,15.9375,-96.549
45,1.9413,0.0,-61.853
45,1.9413,0.0938,-41.416
45,1.9413,0.1875,-46.785
45,1.9413,0.2812,-60.134
45,1.9413,0.375,-70.647
45,1.9413,0.4688,-39.063
45,1.9413,0.5625,-63.538
45,1.9413,0.6562,-41.178
45,1.9413,0.75,-61.328
45,1.9413,0.8438,-56.42
45,1.9413,0.9375,-69.771
45,1.9413,1.0312,-76.41
45,1.9413,1.125,-65.571
45,1.9413,1.2188,-80.881
45,1.9413,1.3125,-70.235
45,1.9413,1.4062,-80.808
45,1.9413,1.5,-85.403
45,1.9413,1.5938,-79.397
45,1.9413,1.6875,-88.67
45,1.9413,1.7812,-73.191
45,1.9413,1.875,-95.583
45,1.9413,1.9688,-78.16
45,1.9413,2.0625,-90.561
45,1.9413,2.1562,-91.576
45,1.9413,2.25,-91.555
45,1.9413,2.3438,-91.29
45,1.9413,2.4375,-72.196
45,1.9413,2.5312,-88.816
45,1.9413,2.625,-77.284
45,1.9413,2.7188,-84.067
45,1.9413,2.8125,-94.61
45,1.9413,2.9062,-85.672
45,1.9413,3.0,-89.606
45,1.9413,3.0938,-78.192
45,1.9413,3.1875,-90.531
45,1.9413,3.2812,-80.072
45,1.9413,3.375,-84.138
45,1.9413,3.4688,-72.7
45,1.9413,3.5625,-75.855
45,1.9413,3.6562,-88.232
45,1.9413,3.75,-83.79
45,1.9413,3.8438,-87.494
45,1.9413,3.9375,-88.175
45,1.9413,4.0312,-91.639
45,1.9413,4.125,-99.144
45,1.9413,4.2188,-87.802
45,1.9413,4.3125,-93.798
45,1.9413,4.4062,-90.911
45,1.9413,4.5,-92.067
45,1.9413,4.5938,-92.337
45,1.9413,4.6875,-96.635
45,1.9413,4.7812,-91.164
45,1.9413,4.875,-92.08
45,1.9413,4.9688,-98.894
45,1.9413,5.0625,-90.044
45,1.9413,5.1562,-96.2
45,1.9413,5.25,-98.52
45,1.9413,5.3438,-86.791
45,1.9413,5.4375,-96.397
45,1.9413,5.5312,-75.381
45,1.9413,5.625,-81.234
45,1.9413,5.7188,-73.274
45,1.9413,5.8125,-69.58
45,1.9413,5.9062,-89.411
45,1.9413,6.0,-90.918
45,1.9413,6.0938,-98.575
45,1.9413,6.1875,-97.772
45,1.9413,6.2812,-98.374
45,1.9413,6.375,-91.507
45,1.9413,6.4688,-97.667
45,1.9413,6.5625,-93.512
45,1.9413,6.6562,-91.956
45,1.9413,6.75,-89.077
45,1.9413,6.8438,-87.167
45,1.9413,6.9375,-79.539
45,1.9413,7.0312,-94.768
45,1.9413,7.125,-83.753
45,1.9413,7.2188,-99.935
45,1.9413,7.3125,-97.673
45,1.9413,7.4062,-88.616
45,1.9413,7.5,-92.906
45,1.9413,7.5938,-80.084
45,1.9413,7.6875,-76.977
45,1.9413,7.7812,-74.481
45,1.9413,7.875,-86.258
45,1.9413,7.9688,-86.94
45,1.9413,8.0625,-83.785
45,1.9413,8.1562,-81.121
45,1.9413,8.25,-74.524
45,1.9413,8.3438,-75.367
45,1.9413,8.4375,-72.688
45,1.9413,8.5312,-93.611
45,1.9413,8.625,-76.227
45,1.9413,8.7188,-59.836
45,1.9413,8.8125,-73.552
45,1.9413,8.9062,-56.421
45,1.9413,9.0,-68.614
45,1.9413,9.0938,-67.335
45,1.9413,9.1875,-68.213
45,1.9413,9.2812,-72.366
45,1.9413,9.375,-76.643
45,1.9413,9.4688,-86.231
45,1.9413,9.5625,-89.023
45,1.9413,9.6562,-88.609
45,1.9413,9.75,-90.153
45,1.9413,9.8438,-92.679
45,1.9413,9.9375,-85.498
45,1.9413,10.0312,-84.636
45,1.9413,10.125,-75.764
45,1.9413,10.2188,-79.341
45,1.9413,10.3125,-74.074
45,1.9413,10.4062,-76.68
45,1.9413,10.5,-69.003
45,1.9413,10.5938,-74.963
45,1.9413,10.6875,-72.534
45,1.9413,10.7812,-76.352
45,1.9413,10.875,-83.387
45,1.9413,10.9688,-69.735
45,1.9413,11.0625,-74.228
45,1.9413,11.1562,-70.63
45,1.9413,11.25,-75.216
45,1.9413,11.3438,-78.337
45,1.9413,11.4375,-80.903
45,1.9413,11.5312,-84.483
45,1.9413,11.625,-79.847
45,1.9413,11.7188,-95.173
45,1.9413,11.8125,-71.936
45,1.9413,11.9062,-82.249
45,1.9413,12.0,-76.486
45,1.9413,12.0938,-80.383
45,1.9413,12.1875,-88.85
45,1.9413,12.2812,-82.153
45,1.9413,12.375,-90.631
45,1.9413,12.4688,-83.001
45,1.9413,12.5625,-90.167
45,1.9413,12.6562,-82.866
45,1.9413,12.75,-88.752
45,1.9413,12.8438,-73.056
45,1.9413,12.9375,-81.306
45,1.9413,13.0312,-77.665
45,1.9413,13.125,-72.787
45,1.9413,13.2188,-85.172
45,1.9413,13.3125,-85.625
45,1.9413,13.4062,-84.561
45,1.9413,13.5,-85.648
45,1.9413,13.5938,-91.245
45,1.9413,13.6875,-94.611
45,1.9413,13.7812,-86.329
45,1.9413,13.875,-95.097
45,1.9413,13.9688,-85.347
45,1.9413,14.0625,-91.067
45,1.9413,14.1562,-89.003
45,1.9413,14.25,-97.273
45,1.9413,14.3438,-97.221
45,1.9413,14.4375,-99.386
45,1.9413,14.5312,-98.545
45,1.9413,14.625,-95.517
45,1.9413,14.7188,-97.69
45,1.9413,14.8125,-97.277
45,1.9413,14.9062,-96.123
45,1.9413,15.0,-91.954
45,1.9413,15.0938,-95.515
45,1.9413,15.1875,-99.334
45,1.9413,15.2812,-91.991
45,1.9413,15.375,-95.241
45,1.9413,15.4688,-95.928
45,1.9413,15.5625,-94.805
45,1.9413,15.6562,-95.584
45,1.9413,15.75,-96.527
45,1.9413,15.8438,-97.508
45,1.9413,15.9375,-99.75
46,1.984,0.0,-56.771
46,1.984,0.0938,-42.139
46,1.984,0.1875,-47.263
46,1.984,0.2812,-57.486
46,1.984,0.375,-73.857
46,1.984,0.4688,-49.602
46,1.984,0.5625,-78.645
46,1.984,0.6562,-39.939
46,1.984,0.75,-60.779
46,1.984,0.8438,-42.012
46,1.984,0.9375,-65.212
46,1.984,1.0312,-82.975
46,1.984,1.125,-59.196
46,1.984,1.2188,-81.272
46,1.984,1.3125,-57.887
46,1.984,1.4062,-88.318
46,1.984,1.5,-66.888
46,1.984,1.5938,-92.746
46,1.984,1.6875,-88.529
46,1.984,1.7812,-85.27
46,1.984,1.875,-88.786
46,1.984,1.9688,-69.917
46,1.984,2.0625,-93.23
46,1.984,2.1562,-68.766
46,1.984,2.25,-89.179
46,1.984,2.3438,-76.75
46,1.984,2.4375,-85.104
46,1.984,2.5312,-92.689
46,1.984,2.625,-66.299
46,1.984,2.7188,-93.165
46,1.984,2.8125,-65.828
46,1.984,2.9062,-95.908
46,1.984,3.0,-88.51
46,1.984,3.0938,-82.11
46,1.984,3.1875,-85.505
46,1.984,3.2812,-69.798
46,1.984,3.375,-74.522
46,1.984,3.4688,-57.593
46,1.984,3.5625,-87.191
46,1.984,3.6562,-76.746
46,1.984,3.75,-89.172
46,1.984,3.8438,-90.133
46,1.984,3.9375,-83.647
46,1.984,4.0312,-94.242
46,1.984,4.125,-74.882
46,1.984,4.2188,-93.37
46,1.984,4.3125,-81.672
46,1.984,4.4062,-97.646
46,1.984,4.5,-98.013
46,1.984,4.5938,-96.341
46,1.984,4.6875,-97.45
46,1.984,4.7812,-92.046
46,1.984,4.875,-94.538
46,1.984,4.9688,-83.246
46,1.984,5.0625,-98.301
46,1.984,5.1562,-86.479
46,1.984,5.25,-93.626
46,1.984,5.3438,-94.892
46,1.984,5.4375,-82.249
46,1.984,5.5312,-89.801
46,1.984,5.625,-72.766
46,1.984,5.7188,-82.267
46,1.984,5.8125,-86.681
46,1.984,5.9062,-92.636
46,1.984,6.0,-96.886
46,1.984,6.0938,-96.254
46,1.984,6.1875,-95.765
46,1.984,6.2812,-81.586
46,1.984,6.375,-90.736
46,1.984,6.4688,-86.253
46,1.984,6.5625,-94.184
46,1.984,6.6562,-99.409
46,1.984,6.75,-93.273
46,1.984,6.8438,-95.575
46,1.984,6.9375,-83.247
46,1.984,7.0312,-92.563
46,1.984,7.125,-98.163
46,1.984,7.2188,-87.371
46,1.984,7.3125,-95.034
46,1.984,7.4062,-88.688
46,1.984,7.5,-93.201
46,1.984,7.5938,-79.919
46,1.984,7.6875,-90.688
46,1.984,7.7812,-96.211
46,1.984,7.875,-89.581
46,1.984,7.9688,-96.174
46,1.984,8.0625,-91.842
46,1.984,8.1562,-95.212
46,1.984,8.25,-91.575
46,1.984,8.3438,-91.604
46,1.984,8.4375,-84.706
46,1.984,8.5312,-84.363
46,1.984,8.625,-82.536
46,1.984,8.7188,-74.972
46,1.984,8.8125,-79.56
46,1.984,8.9062,-60.207
46,1.984,9.0,-81.577
46,1.984,9.0938,-59.0
46,1.984,9.1875,-74.647
46,1.984,9.2812,-78.76
46,1.984,9.375,-76.877
46,1.984,9.4688,-91.011
46,1.984,9.5625,-91.915
46,1.984,9.6562,-98.948
46,1.984,9.75,-87.773
46,1.984,9.8438,-93.578
46,1.984,9.9375,-90.184
46,1.984,10.0312,-88.783
46,1.984,10.125,-97.966
46,1.984,10.2188,-83.322
46,1.984,10.3125,-90.082
46,1.984,10.4062,-87.012
46,1.984,10.5,-93.349
46,1.984,10.5938,-86.376
46,1.984,10.6875,-84.489
46,1.984,10.7812,-87.971
46,1.984,10.875,-88.148
46,1.984,10.9688,-90.975
46,1.984,11.0625,-92.205
46,1.984,11.1562,-93.364
46,1.984,11.25,-90.33
46,1.984,11.3438,-89.476
46,1.984,11.4375,-92.21
46,1.984,11.5312,-89.885
46,1.984,11.625,-92.579
46,1.984,11.7188,-83.144
46,1.984,11.8125,-99.048
46,1.984,11.9062,-84.188
46,1.984,12.0,-84.24
46,1.984,12.0938,-81.858
46,1.984,12.1875,-83.9
46,1.984,12.2812,-89.757
46,1.984,12.375,-92.043
46,1.984,12.4688,-95.983
46,1.984,12.5625,-88.148
46,1.984,12.6562,-95.136
46,1.984,12.75,-94.367
46,1.984,12.8438,-95.517
46,1.984,12.9375,-89.073
46,1.984,13.0312,-87.415
46,1.984,13.125,-97.745
46,1.984,13.2188,-84.824
46,1.984,13.3125,-86.245
46,1.984,13.4062,-88.924
46,1.984,13.5,-93.838
46,1.984,13.5938,-83.226
46,1.984,13.6875,-83.593
46,1.984,13.7812,-98.132
46,1.984,13.875,-97.148
46,1.984,13.9688,-89.593
46,1.984,14.0625,-93.539
46,1.984,14.1562,-96.586
46,1.984,14.25,-90.782
46,1.984,14.3438,-90.232
46,1.984,14.4375,-95.443
46,1.984,14.5312,-98.054
46,1.984,14.625,-98.852
46,1.984,14.7188,-94.337
46,1.984,14.8125,-91.174
46,1.984,14.9062,-98.015
46,1.984,15.0,-93.363
46,1.984,15.0938,-97.494
46,1.984,15.1875,-98.088
46,1.984,15.2812,-99.52
46,1.984,15.375,-98.581
46,1.984,15.4688,-98.966
46,1.984,15.5625,-95.731
46,1.984,15.6562,-98.998
46,1.984,15.75,-97.876
46,1.984,15.8438,-97.678
46,1.984,15.9375,-99.288
47,2.0267,0.0,-66.295
47,2.0267,0.0938,-42.992
47,2.0267,0.1875,-50.471
47,2.0267,0.2812,-65.484
47,2.0267,0.375,-67.788
47,2.0267,0.4688,-51.233
47,2.0267,0.5625,-78.066
47,2.0267,0.6562,-38.241
47,2.0267,0.75,-62.083
47,2.0267,0.8438,-48.567
47,2.0267,0.9375,-61.155
47,2.0267,1.0312,-72.565
47,2.0267,1.125,-47.891
47,2.0267,1.2188,-93.046
47,2.0267,1.3125,-56.031
47,2.0267,1.4062,-81.984
47,2.0267,1.5,-71.268
47,2.0267,1.5938,-80.876
47,2.0267,1.6875,-86.489
47,2.0267,1.7812,-71.453
47,2.0267,1.875,-98.362
47,2.0267,1.9688,-67.783
47,2.0267,2.0625,-96.043
47,2.0267,2.1562,-76.658
47,2.0267,2.25,-76.942
47,2.0267,2.3438,-81.25
47,2.0267,2.4375,-62.293
47,2.0267,2.5312,-89.428
47,2.0267,2.625,-61.513
47,2.0267,2.7188,-80.184
47,2.0267,2.8125,-75.387
47,2.0267,2.9062,-87.588
47,2.0267,3.0,-87.594
47,2.0267,3.0938,-72.428
47,2.0267,3.1875,-85.736
47,2.0267,3.2812,-63.174
47,2.0267,3.375,-78.599
47,2.0267,3.4688,-59.693
47,2.0267,3.5625,-72.828
47,2.0267,3.6562,-90.333
47,2.0267,3.75,-70.984
47,2.0267,3.8438,-91.552
47,2.0267,3.9375,-71.154
47,2.0267,4.0312,-95.808
47,2.0267,4.125,-83.862
47,2.0267,4.2188,-88.83
47,2.0267,4.3125,-89.701
47,2.0267,4.4062,-83.729
47,2.0267,4.5,-96.918
47,2.0267,4.5938,-85.888
47,2.0267,4.6875,-97.02
47,2.0267,4.7812,-92.129
47,2.0267,4.875,-97.831
47,2.0267,4.9688,-99.067
47,2.0267,5.0625,-86.591
47,2.0267,5.1562,-98.259
47,2.0267,5.25,-85.269
47,2.0267,5.3438,-92.638
47,2.0267,5.4375,-85.56
47,2.0267,5.5312,-85.603
47,2.0267,5.625,-88.471
47,2.0267,5.7188,-77.219
47,2.0267,5.8125,-87.803
47,2.0267,5.9062,-75.336
47,2.0267,6.0,-88.476
47,2.0267,6.0938,-89.981
47,2.0267,6.1875,-92.175
47,2.0267,6.2812,-96.888
47,2.0267,6.375,-90.427
47,2.0267,6.4688,-94.755
47,2.0267,6.5625,-83.716
47,2.0267,6.6562,-87.573
47,2.0267,6.75,-81.528
47,2.0267,6.8438,-83.664
47,2.0267,6.9375,-86.88
47,2.0267,7.0312,-81.669
47,2.0267,7.125,-79.32
47,2.0267,7.2188,-77.359
47,2.0267,7.3125,-84.164
47,2.0267,7.4062,-92.629
47,2.0267,7.5,-80.6
47,2.0267,7.5938,-86.818
47,2.0267,7.6875,-89.134
47,2.0267,7.7812,-81.72
47,2.0267,7.875,-84.132
47,2.0267,7.9688,-90.86
47,2.0267,8.0625,-93.091
47,2.0267,8.1562,-96.677
47,2.0267,8.25,-97.576
47,2.0267,8.3438,-98.714
47,2.0267,8.4375,-93.971
47,2.0267,8.5312,-87.914
47,2.0267,8.625,-90.311
47,2.0267,8.7188,-93.028
47,2.0267,8.8125,-85.025
47,2.0267,8.9062,-79.947
47,2.0267,9.0,-70.773
47,2.0267,9.0938,-77.455
47,2.0267,9.1875,-60.004
47,2.0267,9.2812,-67.399
47,2.0267,9.375,-68.486
47,2.0267,9.4688,-74.746
47,2.0267,9.5625,-86.764
47,2.0267,9.6562,-81.528
47,2.0267,9.75,-92.818
47,2.0267,9.8438,-97.545
47,2.0267,9.9375,-99.181
47,2.0267,10.0312,-85.877
47,2.0267,10.125,-89.477
47,2.0267,10.2188,-82.952
47,2.0267,10.3125,-85.0
47,2.0267,10.4062,-94.771
47,2.0267,10.5,-94.238
47,2.0267,10.5938,-87.16
47,2.0267,10.6875,-78.622
47,2.0267,10.7812,-82.841
47,2.0267,10.875,-86.876
47,2.0267,10.9688,-81.802
47,2.0267,11.0625,-91.142
47,2.0267,11.1562,-89.602
47,2.0267,11.25,-93.608
47,2.0267,11.3438,-98.227
47,2.0267,11.4375,-96.94
47,2.0267,11.5312,-99.058
47,2.0267,11.625,-91.354
47,2.0267,11.7188,-99.164
47,2.0267,11.8125,-88.069
47,2.0267,11.9062,-92.861
47,2.0267,12.0,-88.293
47,2.0267,12.0938,-94.273
47,2.0267,12.1875,-96.053
47,2.0267,12.2812,-89.167
47,2.0267,12.375,-85.218
47,2.0267,12.4688,-83.583
47,2.0267,12.5625,-90.127
47,2.0267,12.6562,-88.726
47,2.0267,12.75,-80.295
47,2.0267,12.8438,-86.6
47,2.0267,12.9375,-86.766
47,2.0267,13.0312,-91.346
47,2.0267,13.125,-90.93
47,2.0267,13.2188,-79.483
47,2.0267,13.3125,-74.902
47,2.0267,13.4062,-88.888
47,2.0267,13.5,-82.774
47,2.0267,13.5938,-85.95
47,2.0267,13.6875,-89.181
47,2.0267,13.7812,-90.881
47,2.0267,13.875,-89.322
47,2.0267,13.9688,-86.305
47,2.0267,14.0625,-84.499
47,2.0267,14.1562,-82.911
47,2.0267,14.25,-86.803
47,2.0267,14.3438,-88.34
47,2.0267,14.4375,-95.919
47,2.0267,14.5312,-89.014
47,2.0267,14.625,-94.24
47,2.0267,14.7188,-95.515
47,2.0267,14.8125,-91.06
47,2.0267,14.9062,-96.525
47,2.0267,15.0,-99.745
47,2.0267,15.0938,-94.599
47,2.0267,15.1875,-93.655
47,2.0267,15.2812,-98.497
47,2.0267,15.375,-99.964
47,2.0267,15.4688,-95.835
47,2.0267,15.5625,-99.384
47,2.0267,15.6562,-95.551
47,2.0267,15.75,-99.714
47,2.0267,15.8438,-96.173
47,2.0267,15.9375,-90.402
48,2.0693,0.0,-85.961
48,2.0693,0.0938,-43.963
48,2.0693,0.1875,-34.769
48,2.0693,0.2812,-59.99
48,2.0693,0.375,-53.329
48,2.0693,0.4688,-59.829
48,2.0693,0.5625,-60.621
48,2.0693,0.6562,-46.354
48,2.0693,0.75,-55.064
48,2.0693,0.8438,-77.492
48,2.0693,0.9375,-56.258
48,2.0693,1.0312,-71.125
48,2.0693,1.125,-50.58
48,2.0693,1.2188,-70.432
48,2.0693,1.3125,-87.224
48,2.0693,1.4062,-74.724
48,2.0693,1.5,-75.523
48,2.0693,1.5938,-75.007
48,2.0693,1.6875,-64.042
48,2.0693,1.7812,-69.36
48,2.0693,1.875,-66.951
48,2.0693,1.9688,-69.551
48,2.0693,2.0625,-62.558
48,2.0693,2.1562,-79.574
48,2.0693,2.25,-54.227
48,2.0693,2.3438,-72.032
48,2.0693,2.4375,-67.084
48,2.0693,2.5312,-72.15
48,2.0693,2.625,-68.971
48,2.0693,2.7188,-72.345
48,2.0693,2.8125,-64.989
48,2.0693,2.9062,-65.84
48,2.0693,3.0,-81.65
48,2.0693,3.0938,-78.514
48,2.0693,3.1875,-62.645
48,2.0693,3.2812,-68.158
48,2.0693,3.375,-76.055
48,2.0693,3.4688,-59.998
48,2.0693,3.5625,-67.735
48,2.0693,3.6562,-71.058
48,2.0693,3.75,-70.071
48,2.0693,3.8438,-78.948
48,2.0693,3.9375,-76.911
48,2.0693,4.0312,-66.785
48,2.0693,4.125,-71.782
48,2.0693,4.2188,-83.192
48,2.0693,4.3125,-75.569
48,2.0693,4.4062,-75.867
48,2.0693,4.5,-84.704
48,2.0693,4.5938,-68.648
48,2.0693,4.6875,-81.154
48,2.0693,4.7812,-68.268
48,2.0693,4.875,-82.959
48,2.0693,4.9688,-67.609
48,2.0693,5.0625,-74.426
48,2.0693,5.1562,-68.312
48,2.0693,5.25,-68.298
48,2.0693,5.3438,-69.12
48,2.0693,5.4375,-77.146
48,2.0693,5.5312,-71.381
48,2.0693,5.625,-85.707
48,2.0693,5.7188,-75.902
48,2.0693,5.8125,-75.181
48,2.0693,5.9062,-74.374
48,2.0693,6.0,-77.477
48,2.0693,6.0938,-81.828
48,2.0693,6.1875,-91.226
48,2.0693,6.2812,-80.019
48,2.0693,6.375,-82.083
48,2.0693,6.4688,-80.937
48,2.0693,6.5625,-85.014
48,2.0693,6.6562,-80.961
48,2.0693,6.75,-79.279
48,2.0693,6.8438,-81.719
48,2.0693,6.9375,-83.479
48,2.0693,7.0312,-76.875
48,2.0693,7.125,-82.908
48,2.0693,7.2188,-69.236
48,2.0693,7.3125,-78.352
48,2.0693,7.4062,-78.973
48,2.0693,7.5,-77.486
48,2.0693,7.5938,-85.849
48,2.0693,7.6875,-90.78
48,2.0693,7.7812,-77.176
48,2.0693,7.875,-82.981
48,2.0693,7.9688,-79.141
48,2.0693,8.0625,-96.528
48,2.0693,8.1562,-87.444
48,2.0693,8.25,-82.647
48,2.0693,8.3438,-82.72
48,2.0693,8.4375,-80.884
48,2.0693,8.5312,-79.902
48,2.0693,8.625,-86.33
48,2.0693,8.7188,-74.231
48,2.0693,8.8125,-81.356
48,2.0693,8.9062,-76.007
48,2.0693,9.0,-79.472
48,2.0693,9.0938,-74.411
48,2.0693,9.1875,-72.388
48,2.0693,9.2812,-74.358
48,2.0693,9.375,-81.884
48,2.0693,9.4688,-80.586
48,2.0693,9.5625,-83.693
48,2.0693,9.6562,-83.496
48,2.0693,9.75,-80.545
48,2.0693,9.8438,-86.065
48,2.0693,9.9375,-79.282
48,2.0693,10.0312,-84.828
48,2.0693,10.125,-83.799
48,2.0693,10.2188,-74.891
48,2.0693,10.3125,-79.006
48,2.0693,10.4062,-92.461
48,2.0693,10.5,-82.352
48,2.0693,10.5938,-79.673
48,2.0693,10.6875,-79.553
48,2.0693,10.7812,-82.222
48,2.0693,10.875,-81.848
48,2.0693,10.9688,-74.525
48,2.0693,11.0625,-85.676
48,2.0693,11.1562,-93.005
48,2.0693,11.25,-83.587
48,2.0693,11.3438,-96.44
48,2.0693,11.4375,-83.531
48,2.0693,11.5312,-87.522
48,2.0693,11.625,-87.952
48,2.0693,11.7188,-85.619
48,2.0693,11.8125,-98.121
48,2.0693,11.9062,-89.906
48,2.0693,12.0,-87.121
48,2.0693,12.0938,-86.872
48,2.0693,12.1875,-84.421
48,2.0693,12.2812,-84.626
48,2.0693,12.375,-97.968
48,2.0693,12.4688,-84.051
48,2.0693,12.5625,-82.601
48,2.0693,12.6562,-90.573
48,2.0693,12.75,-77.591
48,2.0693,12.8438,-88.853
48,2.0693,12.9375,-80.649
48,2.0693,13.0312,-82.816
48,2.0693,13.125,-82.979
48,2.0693,13.2188,-81.679
48,2.0693,13.3125,-74.632
48,2.0693,13.4062,-81.826
48,2.0693,13.5,-83.905
48,2.0693,13.5938,-87.898
48,2.0693,13.6875,-80.934
48,2.0693,13.7812,-85.212
48,2.0693,13.875,-89.262
48,2.0693,13.9688,-98.191
48,2.0693,14.0625,-85.562
48,2.0693,14.1562,-93.388
48,2.0693,14.25,-94.791
48,2.0693,14.3438,-92.695
48,2.0693,14.4375,-91.075
48,2.0693,14.5312,-89.813
48,2.0693,14.625,-87.174
48,2.0693,14.7188,-86.087
48,2.0693,14.8125,-98.09
48,2.0693,14.9062,-99.644
48,2.0693,15.0,-95.29
48,2.0693,15.0938,-90.877
48,2.0693,15.1875,-89.714
48,2.0693,15.2812,-92.728
48,2.0693,15.375,-95.426
48,2.0693,15.4688,-96.747
48,2.0693,15.5625,-94.839
48,2.0693,15.6562,-94.675
48,2.0693,15.75,-89.206
48,2.0693,15.8438,-95.94
48,2.0693,15.9375,-92.984
49,2.112,0.0,-62.089
49,2.112,0.0938,-45.142
49,2.112,0.1875,-32.996
49,2.112,0.2812,-65.298
49,2.112,0.375,-50.975
49,2.112,0.4688,-72.738
49,2.112,0.5625,-59.812
49,2.112,0.6562,-62.777
49,2.112,0.75,-56.219
49,2.112,0.8438,-76.34
49,2.112,0.9375,-60.887
49,2.112,1.0312,-84.632
49,2.112,1.125,-72.722
49,2.112,1.2188,-73.157
49,2.112,1.3125,-68.769
49,2.112,1.4062,-77.401
49,2.112,1.5,-74.386
49,2.112,1.5938,-79.66
49,2.112,1.6875,-75.963
49,2.112,1.7812,-81.454
49,2.112,1.875,-76.088
49,2.112,1.9688,-81.925
49,2.112,2.0625,-76.212
49,2.112,2.1562,-78.636
49,2.112,2.25,-74.652
49,2.112,2.3438,-81.274
49,2.112,2.4375,-75.044
49,2.112,2.5312,-86.697
49,2.112,2.625,-78.335
49,2.112,2.7188,-80.125
49,2.112,2.8125,-74.378
49,2.112,2.9062,-85.119
49,2.112,3.0,-78.46
49,2.112,3.0938,-85.623
49,2.112,3.1875,-80.899
49,2.112,3.2812,-81.736
49,2.112,3.375,-81.663
49,2.112,3.4688,-73.459
49,2.112,3.5625,-74.34
49,2.112,3.6562,-75.368
49,2.112,3.75,-74.061
49,2.112,3.8438,-81.237
49,2.112,3.9375,-84.317
49,2.112,4.0312,-80.852
49,2.112,4.125,-69.654
49,2.112,4.2188,-76.011
49,2.112,4.3125,-83.227
49,2.112,4.4062,-72.365
49,2.112,4.5,-71.187
49,2.112,4.5938,-72.918
49,2.112,4.6875,-73.457
49,2.112,4.7812,-82.035
49,2.112,4.875,-72.25
49,2.112,4.9688,-77.186
49,2.112,5.0625,-85.971
49,2.112,5.1562,-70.091
49,2.112,5.25,-65.803
49,2.112,5.3438,-67.475
49,2.112,5.4375,-78.496
49,2.112,5.5312,-70.194
49,2.112,5.625,-68.039
49,2.112,5.7188,-75.491
49,2.112,5.8125,-68.968
49,2.112,5.9062,-80.72
49,2.112,6.0,-81.412
49,2.112,6.0938,-74.477
49,2.112,6.1875,-69.663
49,2.112,6.2812,-74.208
49,2.112,6.375,-79.595
49,2.112,6.4688,-65.993
49,2.112,6.5625,-63.3
49,2.112,6.6562,-69.83
49,2.112,6.75,-71.03
49,2.112,6.8438,-75.815
49,2.112,6.9375,-72.426
49,2.112,7.0312,-76.247
49,2.112,7.125,-66.464
49,2.112,7.2188,-70.582
49,2.112,7.3125,-71.091
49,2.112,7.4062,-70.166
49,2.112,7.5,-73.961
49,2.112,7.5938,-71.807
49,2.112,7.6875,-71.233
49,2.112,7.7812,-78.447
49,2.112,7.875,-69.222
49,2.112,7.9688,-69.115
49,2.112,8.0625,-72.409
49,2.112,8.1562,-78.285
49,2.112,8.25,-79.86
49,2.112,8.3438,-71.833
49,2.112,8.4375,-67.539
49,2.112,8.5312,-63.336
49,2.112,8.625,-66.275
49,2.112,8.7188,-65.087
49,2.112,8.8125,-71.858
49,2.112,8.9062,-62.863
49,2.112,9.0,-71.827
49,2.112,9.0938,-72.559
49,2.112,9.1875,-82.333
49,2.112,9.2812,-66.885
49,2.112,9.375,-77.836
49,2.112,9.4688,-67.955
49,2.112,9.5625,-70.28
49,2.112,9.6562,-66.383
49,2.112,9.75,-72.922
49,2.112,9.8438,-66.644
49,2.112,9.9375,-67.492
49,2.112,10.0312,-92.427
49,2.112,10.125,-68.457
49,2.112,10.2188,-67.56
49,2.112,10.3125,-72.357
49,2.112,10.4062,-73.664
49,2.112,10.5,-86.996
49,2.112,10.5938,-66.798
49,2.112,10.6875,-69.55
49,2.112,10.7812,-76.242
49,2.112,10.875,-69.421
49,2.112,10.9688,-79.119
49,2.112,11.0625,-75.664
49,2.112,11.1562,-78.537
49,2.112,11.25,-69.572
49,2.112,11.3438,-74.31
49,2.112,11.4375,-69.887
49,2.112,11.5312,-72.393
49,2.112,11.625,-75.567
49,2.112,11.7188,-70.562
49,2.112,11.8125,-71.706
49,2.112,11.9062,-75.225
49,2.112,12.0,-79.412
49,2.112,12.0938,-76.238
49,2.112,12.1875,-76.53
49,2.112,12.2812,-76.109
49,2.112,12.375,-78.922
49,2.112,12.4688,-69.583
49,2.112,12.5625,-72.708
49,2.112,12.6562,-75.687
49,2.112,12.75,-74.907
49,2.112,12.8438,-65.993
49,2.112,12.9375,-72.475
49,2.112,13.0312,-73.285
49,2.112,13.125,-87.53
49,2.112,13.2188,-72.732
49,2.112,13.3125,-71.477
49,2.112,13.4062,-70.791
49,2.112,13.5,-67.129
49,2.112,13.5938,-78.493
49,2.112,13.6875,-78.008
49,2.112,13.7812,-73.731
49,2.112,13.875,-78.711
49,2.112,13.9688,-76.895
49,2.112,14.0625,-75.559
49,2.112,14.1562,-81.733
49,2.112,14.25,-93.105
49,2.112,14.3438,-75.508
49,2.112,14.4375,-78.682
49,2.112,14.5312,-82.023
49,2.112,14.625,-81.571
49,2.112,14.7188,-85.611
49,2.112,14.8125,-90.359
49,2.112,14.9062,-87.115
49,2.112,15.0,-79.634
49,2.112,15.0938,-85.743
49,2.112,15.1875,-83.197
49,2.112,15.2812,-85.572
49,2.112,15.375,-79.392
49,2.112,15.4688,-92.838
49,2.112,15.5625,-85.45
49,2.112,15.6562,-86.603
49,2.112,15.75,-88.424
49,2.112,15.8438,-91.108
49,2.112,15.9375,-92.343
50,2.1547,0.0,-79.474
50,2.1547,0.0938,-45.106
50,2.1547,0.1875,-32.76
50,2.1547,0.2812,-75.493
50,2.1547,0.375,-50.88
50,2.1547,0.4688,-61.453
50,2.1547,0.5625,-60.447
50,2.1547,0.6562,-68.484
50,2.1547,0.75,-62.869
50,2.1547,0.8438,-67.535
50,2.1547,0.9375,-61.413
50,2.1547,1.0312,-84.575
50,2.1547,1.125,-76.216
50,2.1547,1.2188,-77.672
50,2.1547,1.3125,-73.16
50,2.1547,1.4062,-93.836
50,2.1547,1.5,-83.089
50,2.1547,1.5938,-81.163
50,2.1547,1.6875,-83.371
50,2.1547,1.7812,-78.659
50,2.1547,1.875,-85.147
50,2.1547,1.9688,-88.685
50,2.1547,2.0625,-83.843
50,2.1547,2.1562,-81.907
50,2.1547,2.25,-79.135
50,2.1547,2.3438,-84.316
50,2.1547,2.4375,-82.188
50,2.1547,2.5312,-85.693
50,2.1547,2.625,-80.189
50,2.1547,2.7188,-80.971
50,2.1547,2.8125,-94.522
50,2.1547,2.9062,-83.679
50,2.1547,3.0,-87.548
50,2.1547,3.0938,-86.241
50,2.1547,3.1875,-89.258
50,2.1547,3.2812,-94.725
50,2.1547,3.375,-86.288
50,2.1547,3.4688,-88.122
50,2.1547,3.5625,-89.895
50,2.1547,3.6562,-85.123
50,2.1547,3.75,-83.388
50,2.1547,3.8438,-82.599
50,2.1547,3.9375,-81.155
50,2.1547,4.0312,-81.578
50,2.1547,4.125,-87.795
50,2.1547,4.2188,-96.533
50,2.1547,4.3125,-93.004
50,2.1547,4.4062,-86.028
50,2.1547,4.5,-74.671
50,2.1547,4.5938,-86.395
50,2.1547,4.6875,-79.925
50,2.1547,4.7812,-81.045
50,2.1547,4.875,-86.345
50,2.1547,4.9688,-82.741
50,2.1547,5.0625,-79.5
50,2.1547,5.1562,-79.239
50,2.1547,5.25,-76.231
50,2.1547,5.3438,-82.502
50,2.1547,5.4375,-75.628
50,2.1547,5.5312,-75.734
50,2.1547,5.625,-74.295
50,2.1547,5.7188,-85.956
50,2.1547,5.8125,-82.348
50,2.1547,5.9062,-88.052
50,2.1547,6.0,-85.976
50,2.1547,6.0938,-81.923
50,2.1547,6.1875,-78.382
50,2.1547,6.2812,-76.322
50,2.1547,6.375,-84.606
50,2.1547,6.4688,-77.458
50,2.1547,6.5625,-85.412
50,2.1547,6.6562,-77.258
50,2.1547,6.75,-75.34
50,2.1547,6.8438,-80.646
50,2.1547,6.9375,-75.33
50,2.1547,7.0312,-84.213
50,2.1547,7.125,-74.949
50,2.1547,7.2188,-75.934
50,2.1547,7.3125,-83.779
50,2.1547,7.4062,-72.956
50,2.1547,7.5,-65.602
50,2.1547,7.5938,-74.533
50,2.1547,7.6875,-79.945
50,2.1547,7.7812,-79.378
50,2.1547,7.875,-84.751
50,2.1547,7.9688,-74.077
50,2.1547,8.0625,-79.067
50,2.1547,8.1562,-72.819
50,2.1547,8.25,-84.321
50,2.1547,8.3438,-94.631
50,2.1547,8.4375,-74.535
50,2.1547,8.5312,-69.295
50,2.1547,8.625,-75.824
50,2.1547,8.7188,-66.778
50,2.1547,8.8125,-77.682
50,2.1547,8.9062,-67.277
50,2.1547,9.0,-71.405
50,2.1547,9.0938,-80.698
50,2.1547,9.1875,-66.135
50,2.1547,9.2812,-66.979
50,2.1547,9.375,-71.79
50,2.1547,9.4688,-65.972
50,2.1547,9.5625,-73.54
50,2.1547,9.6562,-71.562
50,2.1547,9.75,-71.028
50,2.1547,9.8438,-74.349
50,2.1547,9.9375,-73.448
50,2.1547,10.0312,-70.897
50,2.1547,10.125,-67.02
50,2.1547,10.2188,-68.028
50,2.1547,10.3125,-80.108
50,2.1547,10.4062,-78.524
50,2.1547,10.5,-69.602
50,2.1547,10.5938,-71.12
50,2.1547,10.6875,-93.905
50,2.1547,10.7812,-78.064
50,2.1547,10.875,-74.131
50,2.1547,10.9688,-68.478
50,2.1547,11.0625,-73.116
50,2.1547,11.1562,-71.982
50,2.1547,11.25,-73.671
50,2.1547,11.3438,-76.623
50,2.1547,11.4375,-68.082
50,2.1547,11.5312,-69.936
50,2.1547,11.625,-76.966
50,2.1547,11.7188,-74.124
50,2.1547,11.8125,-66.4
50,2.1547,11.9062,-67.932
50,2.1547,12.0,-70.299
50,2.1547,12.0938,-76.952
50,2.1547,12.1875,-62.915
50,2.1547,12.2812,-67.556
50,2.1547,12.375,-75.639
50,2.1547,12.4688,-74.653
50,2.1547,12.5625,-64.653
50,2.1547,12.6562,-74.113
50,2.1547,12.75,-80.476
50,2.1547,12.8438,-64.947
50,2.1547,12.9375,-75.553
50,2.1547,13.0312,-74.716
50,2.1547,13.125,-67.238
50,2.1547,13.2188,-71.175
50,2.1547,13.3125,-73.718
50,2.1547,13.4062,-77.814
50,2.1547,13.5,-81.021
50,2.1547,13.5938,-80.936
50,2.1547,13.6875,-78.619
50,2.1547,13.7812,-78.868
50,2.1547,13.875,-72.718
50,2.1547,13.9688,-79.73
50,2.1547,14.0625,-84.867
50,2.1547,14.1562,-83.704
50,2.1547,14.25,-75.808
50,2.1547,14.3438,-82.949
50,2.1547,14.4375,-95.551
50,2.1547,14.5312,-81.124
50,2.1547,14.625,-79.458
50,2.1547,14.7188,-88.988
50,2.1547,14.8125,-78.879
50,2.1547,14.9062,-85.346
50,2.1547,15.0,-81.753
50,2.1547,15.0938,-86.535
50,2.1547,15.1875,-95.236
50,2.1547,15.2812,-87.264
50,2.1547,15.375,-99.08
50,2.1547,15.4688,-89.434
50,2.1547,15.5625,-93.603
50,2.1547,15.6562,-86.436
50,2.1547,15.75,-95.275
50,2.1547,15.8438,-88.03
50,2.1547,15.9375,-91.245
51,2.1973,0.0,-72.761
51,2.1973,0.0938,-46.266
51,2.1973,0.1875,-33.731
51,2.1973,0.2812,-83.475
51,2.1973,0.375,-50.796
51,2.1973,0.4688,-63.009
51,2.1973,0.5625,-59.615
51,2.1973,0.6562,-68.773
51,2.1973,0.75,-60.551
51,2.1973,0.8438,-62.946
51,2.1973,0.9375,-66.08
51,2.1973,1.0312,-87.074
51,2.1973,1.125,-72.483
51,2.1973,1.2188,-86.409
51,2.1973,1.3125,-76.268
51,2.1973,1.4062,-81.642
51,2.1973,1.5,-87.112
51,2.1973,1.5938,-89.978
51,2.1973,1.6875,-78.594
51,2.1973,1.7812,-81.313
51,2.1973,1.875,-76.192
51,2.1973,1.9688,-84.905
51,2.1973,2.0625,-95.783
51,2.1973,2.1562,-92.066
51,2.1973,2.25,-78.442
51,2.1973,2.3438,-88.893
51,2.1973,2.4375,-95.076
51,2.1973,2.5312,-80.399
51,2.1973,2.625,-86.997
51,2.1973,2.7188,-88.527
51,2.1973,2.8125,-99.429
51,2.1973,2.9062,-96.177
51,2.1973,3.0,-84.972
51,2.1973,3.0938,-97.305
51,2.1973,3.1875,-88.39
51,2.1973,3.2812,-88.57
51,2.1973,3.375,-87.727
51,2.1973,3.4688,-90.57
51,2.1973,3.5625,-90.299
51,2.1973,3.6562,-80.856
51,2.1973,3.75,-80.022
51,2.1973,3.8438,-89.973
51,2.1973,3.9375,-89.042
51,2.1973,4.0312,-90.683
51,2.1973,4.125,-81.507
51,2.1973,4.2188,-82.506
51,2.1973,4.3125,-80.135
51,2.1973,4.4062,-79.476
51,2.1973,4.5,-81.545
51,2.1973,4.5938,-81.187
51,2.1973,4.6875,-85.645
51,2.1973,4.7812,-84.385
51,2.1973,4.875,-84.096
51,2.1973,4.9688,-77.163
51,2.1973,5.0625,-92.765
51,2.1973,5.1562,-88.712
51,2.1973,5.25,-77.25
51,2.1973,5.3438,-77.537
51,2.1973,5.4375,-75.013
51,2.1973,5.5312,-83.861
51,2.1973,5.625,-83.895
51,2.1973,5.7188,-82.567
51,2.1973,5.8125,-95.59
51,2.1973,5.9062,-82.104
51,2.1973,6.0,-94.554
51,2.1973,6.0938,-78.995
51,2.1973,6.1875,-78.658
51,2.1973,6.2812,-85.792
51,2.1973,6.375,-72.029
51,2.1973,6.4688,-77.119
51,2.1973,6.5625,-70.059
51,2.1973,6.6562,-73.681
51,2.1973,6.75,-78.812
51,2.1973,6.8438,-75.154
51,2.1973,6.9375,-72.207
51,2.1973,7.0312,-79.859
51,2.1973,7.125,-76.236
51,2.1973,7.2188,-68.61
51,2.1973,7.3125,-82.541
51,2.1973,7.4062,-75.4
51,2.1973,7.5,-71.592
51,2.1973,7.5938,-71.232
51,2.1973,7.6875,-74.39
51,2.1973,7.7812,-74.0
51,2.1973,7.875,-82.603
51,2.1973,7.9688,-74.236
51,2.1973,8.0625,-74.44
51,2.1973,8.1562,-75.594
51,2.1973,8.25,-92.549
51,2.1973,8.3438,-79.14
51,2.1973,8.4375,-75.985
51,2.1973,8.5312,-78.423
51,2.1973,8.625,-71.236
51,2.1973,8.7188,-71.603
51,2.1973,8.8125,-70.368
51,2.1973,8.9062,-72.961
51,2.1973,9.0,-67.591
51,2.1973,9.0938,-70.975
51,2.1973,9.1875,-83.0
51,2.1973,9.2812,-64.769
51,2.1973,9.375,-75.148
51,2.1973,9.4688,-68.794
51,2.1973,9.5625,-69.652
51,2.1973,9.6562,-69.333
51,2.1973,9.75,-77.543
51,2.1973,9.8438,-69.652
51,2.1973,9.9375,-84.438
51,2.1973,10.0312,-73.849
51,2.1973,10.125,-74.051
51,2.1973,10.2188,-69.448
51,2.1973,10.3125,-73.064
51,2.1973,10.4062,-67.628
51,2.1973,10.5,-73.402
51,2.1973,10.5938,-73.721
51,2.1973,10.6875,-69.07
51,2.1973,10.7812,-67.53
51,2.1973,10.875,-67.804
51,2.1973,10.9688,-75.458
51,2.1973,11.0625,-66.328
51,2.1973,11.1562,-72.308
51,2.1973,11.25,-68.064
51,2.1973,11.3438,-72.896
51,2.1973,11.4375,-79.802
51,2.1973,11.5312,-77.826
51,2.1973,11.625,-73.202
51,2.1973,11.7188,-75.9
51,2.1973,11.8125,-70.991
51,2.1973,11.9062,-80.179
51,2.1973,12.0,-72.885
51,2.1973,12.0938,-76.444
51,2.1973,12.1875,-67.856
51,2.1973,12.2812,-67.588
51,2.1973,12.375,-70.884
51,2.1973,12.4688,-80.88
51,2.1973,12.5625,-72.87
51,2.1973,12.6562,-66.743
51,2.1973,12.75,-70.237
51,2.1973,12.8438,-69.142
51,2.1973,12.9375,-74.018
51,2.1973,13.0312,-69.644
51,2.1973,13.125,-82.248
51,2.1973,13.2188,-68.761
51,2.1973,13.3125,-75.449
51,2.1973,13.4062,-84.986
51,2.1973,13.5,-76.284
51,2.1973,13.5938,-68.039
51,2.1973,13.6875,-85.853
51,2.1973,13.7812,-80.182
51,2.1973,13.875,-79.513
51,2.1973,13.9688,-81.693
51,2.1973,14.0625,-83.872
51,2.1973,14.1562,-82.617
51,2.1973,14.25,-87.414
51,2.1973,14.3438,-78.789
51,2.1973,14.4375,-86.944
51,2.1973,14.5312,-81.42
51,2.1973,14.625,-84.799
51,2.1973,14.7188,-83.969
51,2.1973,14.8125,-82.14
51,2.1973,14.9062,-95.195
51,2.1973,15.0,-83.617
51,2.1973,15.0938,-92.272
51,2.1973,15.1875,-89.583
51,2.1973,15.2812,-83.833
51,2.1973,15.375,-89.246
51,2.1973,15.4688,-86.223
51,2.1973,15.5625,-91.517
51,2.1973,15.6562,-82.471
51,2.1973,15.75,-87.258
51,2.1973,15.8438,-94.826
51,2.1973,15.9375,-98.73
52,2.24,0.0,-66.689
52,2.24,0.0938,-47.647
52,2.24,0.1875,-32.412
52,2.24,0.2812,-65.535
52,2.24,0.375,-43.145
52,2.24,0.4688,-63.672
52,2.24,0.5625,-53.373
52,2.24,0.6562,-61.352
52,2.24,0.75,-61.148
52,2.24,0.8438,-71.254
52,2.24,0.9375,-65.867
52,2.24,1.0312,-73.211
52,2.24,1.125,-68.172
52,2.24,1.2188,-82.417
52,2.24,1.3125,-64.932
52,2.24,1.4062,-67.816
52,2.24,1.5,-57.401
52,2.24,1.5938,-58.195
52,2.24,1.6875,-59.204
52,2.24,1.7812,-66.096
52,2.24,1.875,-70.567
52,2.24,1.9688,-84.712
52,2.24,2.0625,-68.495
52,2.24,2.1562,-84.009
52,2.24,2.25,-61.231
52,2.24,2.3438,-75.93
52,2.24,2.4375,-69.773
52,2.24,2.5312,-72.932
52,2.24,2.625,-81.14
52,2.24,2.7188,-84.86
52,2.24,2.8125,-73.32
52,2.24,2.9062,-76.535
52,2.24,3.0,-79.092
52,2.24,3.0938,-80.011
52,2.24,3.1875,-90.826
52,2.24,3.2812,-83.277
52,2.24,3.375,-75.42
52,2.24,3.4688,-86.536
52,2.24,3.5625,-76.238
52,2.24,3.6562,-79.525
52,2.24,3.75,-73.937
52,2.24,3.8438,-74.972
52,2.24,3.9375,-65.633
52,2.24,4.0312,-87.026
52,2.24,4.125,-71.818
52,2.24,4.2188,-77.397
52,2.24,4.3125,-83.734
52,2.24,4.4062,-83.837
52,2.24,4.5,-75.9
52,2.24,4.5938,-86.103
52,2.24,4.6875,-78.971
52,2.24,4.7812,-81.067
52,2.24,4.875,-75.424
52,2.24,4.9688,-75.255
52,2.24,5.0625,-72.704
52,2.24,5.1562,-75.752
52,2.24,5.25,-76.803
52,2.24,5.3438,-73.656
52,2.24,5.4375,-84.632
52,2.24,5.5312,-69.157
52,2.24,5.625,-77.558
52,2.24,5.7188,-69.528
52,2.24,5.8125,-87.309
52,2.24,5.9062,-75.195
52,2.24,6.0,-77.96
52,2.24,6.0938,-83.438
52,2.24,6.1875,-77.869
52,2.24,6.2812,-72.913
52,2.24,6.375,-76.152
52,2.24,6.4688,-67.906
52,2.24,6.5625,-71.571
52,2.24,6.6562,-67.564
52,2.24,6.75,-73.485
52,2.24,6.8438,-72.029
52,2.24,6.9375,-74.154
52,2.24,7.0312,-74.297
52,2.24,7.125,-77.361
52,2.24,7.2188,-73.15
52,2.24,7.3125,-66.184
52,2.24,7.4062,-73.518
52,2.24,7.5,-70.749
52,2.24,7.5938,-66.666
52,2.24,7.6875,-76.063
52,2.24,7.7812,-70.561
52,2.24,7.875,-78.959
52,2.24,7.9688,-80.248
52,2.24,8.0625,-87.09
52,2.24,8.1562,-81.254
52,2.24,8.25,-73.259
52,2.24,8.3438,-90.014
52,2.24,8.4375,-78.715
52,2.24,8.5312,-80.346
52,2.24,8.625,-75.535
52,2.24,8.7188,-81.946
52,2.24,8.8125,-75.067
52,2.24,8.9062,-75.92
52,2.24,9.0,-81.62
52,2.24,9.0938,-70.778
52,2.24,9.1875,-79.918
52,2.24,9.2812,-71.857
52,2.24,9.375,-73.243
52,2.24,9.4688,-75.337
52,2.24,9.5625,-71.373
52,2.24,9.6562,-76.022
52,2.24,9.75,-73.99
52,2.24,9.8438,-71.513
52,2.24,9.9375,-84.115
52,2.24,10.0312,-79.796
52,2.24,10.125,-79.452
52,2.24,10.2188,-89.121
52,2.24,10.3125,-81.928
52,2.24,10.4062,-88.88
52,2.24,10.5,-75.048
52,2.24,10.5938,-80.326
52,2.24,10.6875,-86.905
52,2.24,10.7812,-80.155
52,2.24,10.875,-85.457
52,2.24,10.9688,-82.125
52,2.24,11.0625,-80.028
52,2.24,11.1562,-97.657
52,2.24,11.25,-87.111
52,2.24,11.3438,-88.141
52,2.24,11.4375,-86.397
52,2.24,11.5312,-81.55
52,2.24,11.625,-84.575
52,2.24,11.7188,-83.563
52,2.24,11.8125,-83.31
52,2.24,11.9062,-90.263
52,2.24,12.0,-79.024
52,2.24,12.0938,-80.491
52,2.24,12.1875,-91.763
52,2.24,12.2812,-77.413
52,2.24,12.375,-90.577
52,2.24,12.4688,-90.421
52,2.24,12.5625,-72.724
52,2.24,12.6562,-88.388
52,2.24,12.75,-74.061
52,2.24,12.8438,-83.889
52,2.24,12.9375,-82.235
52,2.24,13.0312,-74.163
52,2.24,13.125,-77.509
52,2.24,13.2188,-75.07
52,2.24,13.3125,-85.779
52,2.24,13.4062,-77.639
52,2.24,13.5,-84.181
52,2.24,13.5938,-84.282
52,2.24,13.6875,-83.13
52,2.24,13.7812,-82.19
52,2.24,13.875,-78.944
52,2.24,13.9688,-90.132
52,2.24,14.0625,-81.818
52,2.24,14.1562,-81.241
52,2.24,14.25,-83.658
52,2.24,14.3438,-99.087
52,2.24,14.4375,-88.227
52,2.24,14.5312,-94.787
52,2.24,14.625,-88.418
52,2.24,14.7188,-91.171
52,2.24,14.8125,-93.422
52,2.24,14.9062,-96.312
52,2.24,15.0,-94.466
52,2.24,15.0938,-93.802
52,2.24,15.1875,-99.012
52,2.24,15.2812,-97.416
52,2.24,15.375,-97.383
52,2.24,15.4688,-93.824
52,2.24,15.5625,-97.522
52,2.24,15.6562,-91.994
52,2.24,15.75,-92.074
52,2.24,15.8438,-95.894
52,2.24,15.9375,-88.436
53,2.2827,0.0,-75.084
53,2.2827,0.0938,-49.013
53,2.2827,0.1875,-29.863
53,2.2827,0.2812,-78.073
53,2.2827,0.375,-35.201
53,2.2827,0.4688,-57.76
53,2.2827,0.5625,-40.415
53,2.2827,0.6562,-68.081
53,2.2827,0.75,-49.267
53,2.2827,0.8438,-71.6
53,2.2827,0.9375,-51.362
53,2.2827,1.0312,-90.6
53,2.2827,1.125,-56.073
53,2.2827,1.2188,-89.889
53,2.2827,1.3125,-59.701
53,2.2827,1.4062,-79.242
53,2.2827,1.5,-48.516
53,2.2827,1.5938,-66.402
53,2.2827,1.6875,-40.477
53,2.2827,1.7812,-76.347
53,2.2827,1.875,-52.57
53,2.2827,1.9688,-81.773
53,2.2827,2.0625,-58.373
53,2.2827,2.1562,-76.159
53,2.2827,2.25,-48.195
53,2.2827,2.3438,-70.355
53,2.2827,2.4375,-57.535
53,2.2827,2.5312,-77.941
53,2.2827,2.625,-65.427
53,2.2827,2.7188,-87.871
53,2.2827,2.8125,-70.132
53,2.2827,2.9062,-84.258
53,2.2827,3.0,-76.22
53,2.2827,3.0938,-92.346
53,2.2827,3.1875,-75.811
53,2.2827,3.2812,-87.26
53,2.2827,3.375,-74.033
53,2.2827,3.4688,-87.597
53,2.2827,3.5625,-71.436
53,2.2827,3.6562,-82.851
53,2.2827,3.75,-70.36
53,2.2827,3.8438,-84.889
53,2.2827,3.9375,-72.36
53,2.2827,4.0312,-88.726
53,2.2827,4.125,-83.615
53,2.2827,4.2188,-95.08
53,2.2827,4.3125,-91.707
53,2.2827,4.4062,-92.182
53,2.2827,4.5,-87.199
53,2.2827,4.5938,-94.888
53,2.2827,4.6875,-87.352
53,2.2827,4.7812,-77.369
53,2.2827,4.875,-72.14
53,2.2827,4.9688,-65.376
53,2.2827,5.0625,-67.385
53,2.2827,5.1562,-69.65
53,2.2827,5.25,-75.928
53,2.2827,5.3438,-69.951
53,2.2827,5.4375,-84.171
53,2.2827,5.5312,-73.114
53,2.2827,5.625,-76.084
53,2.2827,5.7188,-85.499
53,2.2827,5.8125,-79.589
53,2.2827,5.9062,-77.035
53,2.2827,6.0,-75.165
53,2.2827,6.0938,-61.865
53,2.2827,6.1875,-72.938
53,2.2827,6.2812,-68.343
53,2.2827,6.375,-75.153
53,2.2827,6.4688,-67.664
53,2.2827,6.5625,-72.116
53,2.2827,6.6562,-64.491
53,2.2827,6.75,-79.146
53,2.2827,6.8438,-62.99
53,2.2827,6.9375,-70.925
53,2.2827,7.0312,-63.105
53,2.2827,7.125,-81.525
53,2.2827,7.2188,-65.055
53,2.2827,7.3125,-78.351
53,2.2827,7.4062,-63.713
53,2.2827,7.5,-73.999
53,2.2827,7.5938,-65.212
53,2.2827,7.6875,-83.072
53,2.2827,7.7812,-76.385
53,2.2827,7.875,-85.807
53,2.2827,7.9688,-71.557
53,2.2827,8.0625,-82.482
53,2.2827,8.1562,-67.864
53,2.2827,8.25,-74.963
53,2.2827,8.3438,-58.361
53,2.2827,8.4375,-73.345
53,2.2827,8.5312,-64.5
53,2.2827,8.625,-72.295
53,2.2827,8.7188,-64.453
53,2.2827,8.8125,-78.213
53,2.2827,8.9062,-63.602
53,2.2827,9.0,-68.624
53,2.2827,9.0938,-60.71
53,2.2827,9.1875,-71.744
53,2.2827,9.2812,-71.666
53,2.2827,9.375,-70.542
53,2.2827,9.4688,-61.153
53,2.2827,9.5625,-63.84
53,2.2827,9.6562,-61.953
53,2.2827,9.75,-73.776
53,2.2827,9.8438,-65.197
53,2.2827,9.9375,-76.932
53,2.2827,10.0312,-74.089
53,2.2827,10.125,-78.593
53,2.2827,10.2188,-82.98
53,2.2827,10.3125,-86.25
53,2.2827,10.4062,-96.399
53,2.2827,10.5,-80.526
53,2.2827,10.5938,-95.5
53,2.2827,10.6875,-91.25
53,2.2827,10.7812,-92.945
53,2.2827,10.875,-89.567
53,2.2827,10.9688,-88.947
53,2.2827,11.0625,-81.45
53,2.2827,11.1562,-81.972
53,2.2827,11.25,-86.122
53,2.2827,11.3438,-91.369
53,2.2827,11.4375,-83.442
53,2.2827,11.5312,-81.281
53,2.2827,11.625,-83.85
53,2.2827,11.7188,-90.541
53,2.2827,11.8125,-94.708
53,2.2827,11.9062,-90.386
53,2.2827,12.0,-83.923
53,2.2827,12.0938,-80.82
53,2.2827,12.1875,-87.113
53,2.2827,12.2812,-81.517
53,2.2827,12.375,-84.018
53,2.2827,12.4688,-73.872
53,2.2827,12.5625,-78.797
53,2.2827,12.6562,-73.574
53,2.2827,12.75,-77.803
53,2.2827,12.8438,-68.695
53,2.2827,12.9375,-74.362
53,2.2827,13.0312,-74.395
53,2.2827,13.125,-78.848
53,2.2827,13.2188,-74.388
53,2.2827,13.3125,-78.828
53,2.2827,13.4062,-76.413
53,2.2827,13.5,-80.388
53,2.2827,13.5938,-83.424
53,2.2827,13.6875,-84.384
53,2.2827,13.7812,-88.438
53,2.2827,13.875,-81.782
53,2.2827,13.9688,-87.981
53,2.2827,14.0625,-79.834
53,2.2827,14.1562,-84.279
53,2.2827,14.25,-82.994
53,2.2827,14.3438,-86.626
53,2.2827,14.4375,-86.274
53,2.2827,14.5312,-87.776
53,2.2827,14.625,-86.16
53,2.2827,14.7188,-94.898
53,2.2827,14.8125,-85.927
53,2.2827,14.9062,-92.441
53,2.2827,15.0,-90.69
53,2.2827,15.0938,-92.733
53,2.2827,15.1875,-98.225
53,2.2827,15.2812,-90.37
53,2.2827,15.375,-95.099
53,2.2827,15.4688,-90.897
53,2.2827,15.5625,-92.748
53,2.2827,15.6562,-94.593
53,2.2827,15.75,-93.738
53,2.2827,15.8438,-99.174
53,2.2827,15.9375,-99.362
54,2.3253,0.0,-67.603
54,2.3253,0.0938,-50.076
54,2.3253,0.1875,-29.81
54,2.3253,0.2812,-71.55
54,2.3253,0.375,-38.686
54,2.3253,0.4688,-66.002
54,2.3253,0.5625,-38.189
54,2.3253,0.6562,-67.058
54,2.3253,0.75,-48.408
54,2.3253,0.8438,-75.843
54,2.3253,0.9375,-51.425
54,2.3253,1.0312,-92.514
54,2.3253,1.125,-54.748
54,2.3253,1.2188,-80.977
54,2.3253,1.3125,-58.512
54,2.3253,1.4062,-85.764
54,2.3253,1.5,-48.723
54,2.3253,1.5938,-71.124
54,2.3253,1.6875,-42.423
54,2.3253,1.7812,-66.66
54,2.3253,1.875,-46.644
54,2.3253,1.9688,-72.522
54,2.3253,2.0625,-55.888
54,2.3253,2.1562,-75.558
54,2.3253,2.25,-47.786
54,2.3253,2.3438,-64.247
54,2.3253,2.4375,-51.028
54,2.3253,2.5312,-74.914
54,2.3253,2.625,-59.93
54,2.3253,2.7188,-78.881
54,2.3253,2.8125,-66.537
54,2.3253,2.9062,-96.044
54,2.3253,3.0,-67.889
54,2.3253,3.0938,-86.279
54,2.3253,3.1875,-70.271
54,2.3253,3.2812,-92.25
54,2.3253,3.375,-70.091
54,2.3253,3.4688,-88.032
54,2.3253,3.5625,-66.012
54,2.3253,3.6562,-79.828
54,2.3253,3.75,-64.389
54,2.3253,3.8438,-76.636
54,2.3253,3.9375,-63.227
54,2.3253,4.0312,-94.386
54,2.3253,4.125,-75.816
54,2.3253,4.2188,-95.705
54,2.3253,4.3125,-86.288
54,2.3253,4.4062,-93.577
54,2.3253,4.5,-87.536
54,2.3253,4.5938,-84.626
54,2.3253,4.6875,-80.718
54,2.3253,4.7812,-77.772
54,2.3253,4.875,-78.534
54,2.3253,4.9688,-64.8
54,2.3253,5.0625,-63.177
54,2.3253,5.1562,-71.112
54,2.3253,5.25,-68.741
54,2.3253,5.3438,-72.955
54,2.3253,5.4375,-67.04
54,2.3253,5.5312,-79.489
54,2.3253,5.625,-73.641
54,2.3253,5.7188,-74.984
54,2.3253,5.8125,-71.423
54,2.3253,5.9062,-79.045
54,2.3253,6.0,-66.277
54,2.3253,6.0938,-66.141
54,2.3253,6.1875,-65.478
54,2.3253,6.2812,-71.795
54,2.3253,6.375,-66.859
54,2.3253,6.4688,-71.853
54,2.3253,6.5625,-79.847
54,2.3253,6.6562,-74.623
54,2.3253,6.75,-69.815
54,2.3253,6.8438,-66.917
54,2.3253,6.9375,-74.669
54,2.3253,7.0312,-72.489
54,2.3253,7.125,-72.965
54,2.3253,7.2188,-70.28
54,2.3253,7.3125,-70.872
54,2.3253,7.4062,-68.878
54,2.3253,7.5,-78.657
54,2.3253,7.5938,-76.732
54,2.3253,7.6875,-85.096
54,2.3253,7.7812,-91.036
54,2.3253,7.875,-76.054
54,2.3253,7.9688,-75.227
54,2.3253,8.0625,-72.587
54,2.3253,8.1562,-72.992
54,2.3253,8.25,-62.207
54,2.3253,8.3438,-61.156
54,2.3253,8.4375,-62.506
54,2.3253,8.5312,-64.661
54,2.3253,8.625,-72.739
54,2.3253,8.7188,-70.613
54,2.3253,8.8125,-67.777
54,2.3253,8.9062,-66.724
54,2.3253,9.0,-74.267
54,2.3253,9.0938,-64.25
54,2.3253,9.1875,-75.199
54,2.3253,9.2812,-67.511
54,2.3253,9.375,-76.87
54,2.3253,9.4688,-77.002
54,2.3253,9.5625,-72.446
54,2.3253,9.6562,-68.07
54,2.3253,9.75,-77.96
54,2.3253,9.8438,-77.535
54,2.3253,9.9375,-82.161
54,2.3253,10.0312,-84.234
54,2.3253,10.125,-79.935
54,2.3253,10.2188,-78.742
54,2.3253,10.3125,-84.49
54,2.3253,10.4062,-88.915
54,2.3253,10.5,-95.869
54,2.3253,10.5938,-93.519
54,2.3253,10.6875,-90.311
54,2.3253,10.7812,-93.423
54,2.3253,10.875,-98.7
54,2.3253,10.9688,-85.772
54,2.3253,11.0625,-88.249
54,2.3253,11.1562,-97.655
54,2.3253,11.25,-85.007
54,2.3253,11.3438,-87.231
54,2.3253,11.4375,-80.16
54,2.3253,11.5312,-76.586
54,2.3253,11.625,-82.562
54,2.3253,11.7188,-84.047
54,2.3253,11.8125,-87.941
54,2.3253,11.9062,-89.538
54,2.3253,12.0,-79.896
54,2.3253,12.0938,-78.889
54,2.3253,12.1875,-80.037
54,2.3253,12.2812,-78.392
54,2.3253,12.375,-79.262
54,2.3253,12.4688,-75.703
54,2.3253,12.5625,-79.45
54,2.3253,12.6562,-86.208
54,2.3253,12.75,-72.647
54,2.3253,12.8438,-84.429
54,2.3253,12.9375,-72.822
54,2.3253,13.0312,-77.145
54,2.3253,13.125,-83.484
54,2.3253,13.2188,-76.343
54,2.3253,13.3125,-78.973
54,2.3253,13.4062,-78.803
54,2.3253,13.5,-85.635
54,2.3253,13.5938,-93.287
54,2.3253,13.6875,-88.824
54,2.3253,13.7812,-95.169
54,2.3253,13.875,-89.127
54,2.3253,13.9688,-95.836
54,2.3253,14.0625,-85.312
54,2.3253,14.1562,-93.229
54,2.3253,14.25,-90.471
54,2.3253,14.3438,-91.13
54,2.3253,14.4375,-90.929
54,2.3253,14.5312,-95.949
54,2.3253,14.625,-97.454
54,2.3253,14.7188,-98.176
54,2.3253,14.8125,-94.378
54,2.3253,14.9062,-96.268
54,2.3253,15.0,-98.119
54,2.3253,15.0938,-98.351
54,2.3253,15.1875,-97.039
54,2.3253,15.2812,-94.971
54,2.3253,15.375,-98.643
54,2.3253,15.4688,-95.249
54,2.3253,15.5625,-99.847
54,2.3253,15.6562,-99.943
54,2.3253,15.75,-99.878
54,2.3253,15.8438,-99.522
54,2.3253,15.9375,-98.97
55,2.368,0.0,-62.8
55,2.368,0.0938,-51.61
55,2.368,0.1875,-39.657
55,2.368,0.2812,-77.733
55,2.368,0.375,-49.483
55,2.368,0.4688,-88.223
55,2.368,0.5625,-56.601
55,2.368,0.6562,-50.2
55,2.368,0.75,-64.304
55,2.368,0.8438,-49.754
55,2.368,0.9375,-67.114
55,2.368,1.0312,-55.65
55,2.368,1.125,-77.845
55,2.368,1.2188,-58.469
55,2.368,1.3125,-78.48
55,2.368,1.4062,-64.678
55,2.368,1.5,-72.488
55,2.368,1.5938,-60.066
55,2.368,1.6875,-52.995
55,2.368,1.7812,-55.599
55,2.368,1.875,-45.075
55,2.368,1.9688,-77.582
55,2.368,2.0625,-56.528
55,2.368,2.1562,-73.619
55,2.368,2.25,-58.733
55,2.368,2.3438,-71.035
55,2.368,2.4375,-56.032
55,2.368,2.5312,-56.485
55,2.368,2.625,-71.218
55,2.368,2.7188,-69.745
55,2.368,2.8125,-70.463
55,2.368,2.9062,-65.562
55,2.368,3.0,-90.048
55,2.368,3.0938,-76.703
55,2.368,3.1875,-88.909
55,2.368,3.2812,-74.589
55,2.368,3.375,-97.784
55,2.368,3.4688,-79.846
55,2.368,3.5625,-76.095
55,2.368,3.6562,-91.635
55,2.368,3.75,-68.243
55,2.368,3.8438,-77.618
55,2.368,3.9375,-68.491
55,2.368,4.0312,-75.452
55,2.368,4.125,-69.297
55,2.368,4.2188,-94.221
55,2.368,4.3125,-89.403
55,2.368,4.4062,-84.086
55,2.368,4.5,-82.784
55,2.368,4.5938,-83.269
55,2.368,4.6875,-79.895
55,2.368,4.7812,-79.482
55,2.368,4.875,-73.888
55,2.368,4.9688,-69.432
55,2.368,5.0625,-72.122
55,2.368,5.1562,-70.515
55,2.368,5.25,-67.475
55,2.368,5.3438,-64.541
55,2.368,5.4375,-65.35
55,2.368,5.5312,-68.725
55,2.368,5.625,-66.277
55,2.368,5.7188,-78.838
55,2.368,5.8125,-72.23
55,2.368,5.9062,-67.866
55,2.368,6.0,-64.85
55,2.368,6.0938,-70.365
55,2.368,6.1875,-67.793
55,2.368,6.2812,-74.214
55,2.368,6.375,-63.985
55,2.368,6.4688,-63.401
55,2.368,6.5625,-63.631
55,2.368,6.6562,-62.674
55,2.368,6.75,-71.861
55,2.368,6.8438,-81.007
55,2.368,6.9375,-71.3
55,2.368,7.0312,-64.808
55,2.368,7.125,-71.173
55,2.368,7.2188,-71.398
55,2.368,7.3125,-80.282
55,2.368,7.4062,-75.6
55,2.368,7.5,-76.362
55,2.368,7.5938,-82.502
55,2.368,7.6875,-93.047
55,2.368,7.7812,-76.672
55,2.368,7.875,-88.303
55,2.368,7.9688,-90.229
55,2.368,8.0625,-75.929
55,2.368,8.1562,-79.869
55,2.368,8.25,-77.708
55,2.368,8.3438,-75.033
55,2.368,8.4375,-76.428
55,2.368,8.5312,-77.767
55,2.368,8.625,-65.456
55,2.368,8.7188,-77.573
55,2.368,8.8125,-79.582
55,2.368,8.9062,-73.436
55,2.368,9.0,-85.262
55,2.368,9.0938,-66.919
55,2.368,9.1875,-73.093
55,2.368,9.2812,-69.201
55,2.368,9.375,-74.519
55,2.368,9.4688,-71.718
55,2.368,9.5625,-67.534
55,2.368,9.6562,-74.751
55,2.368,9.75,-76.279
55,2.368,9.8438,-71.102
55,2.368,9.9375,-74.288
55,2.368,10.0312,-77.056
55,2.368,10.125,-73.015
55,2.368,10.2188,-77.38
55,2.368,10.3125,-71.464
55,2.368,10.4062,-75.425
55,2.368,10.5,-71.375
55,2.368,10.5938,-72.227
55,2.368,10.6875,-79.652
55,2.368,10.7812,-83.327
55,2.368,10.875,-84.601
55,2.368,10.9688,-90.168
55,2.368,11.0625,-87.256
55,2.368,11.1562,-94.681
55,2.368,11.25,-90.437
55,2.368,11.3438,-88.166
55,2.368,11.4375,-90.049
55,2.368,11.5312,-80.937
55,2.368,11.625,-78.054
55,2.368,11.7188,-73.346
55,2.368,11.8125,-74.638
55,2.368,11.9062,-74.818
55,2.368,12.0,-74.202
55,2.368,12.0938,-79.463
55,2.368,12.1875,-81.172
55,2.368,12.2812,-83.158
55,2.368,12.375,-79.216
55,2.368,12.4688,-75.371
55,2.368,12.5625,-85.149
55,2.368,12.6562,-74.014
55,2.368,12.75,-81.396
55,2.368,12.8438,-74.104
55,2.368,12.9375,-71.795
55,2.368,13.0312,-71.867
55,2.368,13.125,-74.798
55,2.368,13.2188,-75.266
55,2.368,13.3125,-81.745
55,2.368,13.4062,-78.126
55,2.368,13.5,-72.397
55,2.368,13.5938,-81.002
55,2.368,13.6875,-73.754
55,2.368,13.7812,-90.74
55,2.368,13.875,-78.2
55,2.368,13.9688,-81.668
55,2.368,14.0625,-90.864
55,2.368,14.1562,-93.054
55,2.368,14.25,-90.955
55,2.368,14.3438,-97.263
55,2.368,14.4375,-97.383
55,2.368,14.5312,-94.823
55,2.368,14.625,-91.272
55,2.368,14.7188,-94.93
55,2.368,14.8125,-98.003
55,2.368,14.9062,-93.606
55,2.368,15.0,-92.83
55,2.368,15.0938,-96.911
55,2.368,15.1875,-98.081
55,2.368,15.2812,-93.687
55,2.368,15.375,-94.48
55,2.368,15.4688,-92.118
55,2.368,15.5625,-94.978
55,2.368,15.6562,-98.031
55,2.368,15.75,-94.519
55,2.368,15.8438,-98.582
55,2.368,15.9375,-94.934
56,2.4107,0.0,-60.645
56,2.4107,0.0938,-51.836
56,2.4107,0.1875,-36.572
56,2.4107,0.2812,-67.757
56,2.4107,0.375,-58.286
56,2.4107,0.4688,-63.309
56,2.4107,0.5625,-63.17
56,2.4107,0.6562,-48.667
56,2.4107,0.75,-66.209
56,2.4107,0.8438,-46.378
56,2.4107,0.9375,-75.271
56,2.4107,1.0312,-60.342
56,2.4107,1.125,-84.138
56,2.4107,1.2188,-70.757
56,2.4107,1.3125,-85.545
56,2.4107,1.4062,-82.519
56,2.4107,1.5,-67.598
56,2.4107,1.5938,-71.659
56,2.4107,1.6875,-49.974
56,2.4107,1.7812,-76.96
56,2.4107,1.875,-43.082
56,2.4107,1.9688,-84.907
56,2.4107,2.0625,-63.816
56,2.4107,2.1562,-77.115
56,2.4107,2.25,-76.949
56,2.4107,2.3438,-79.215
56,2.4107,2.4375,-85.152
56,2.4107,2.5312,-49.428
56,2.4107,2.625,-70.014
56,2.4107,2.7188,-61.448
56,2.4107,2.8125,-83.217
56,2.4107,2.9062,-65.912
56,2.4107,3.0,-86.432
56,2.4107,3.0938,-79.528
56,2.4107,3.1875,-84.825
56,2.4107,3.2812,-85.881
56,2.4107,3.375,-81.614
56,2.4107,3.4688,-82.279
56,2.4107,3.5625,-68.241
56,2.4107,3.6562,-86.132
56,2.4107,3.75,-66.534
56,2.4107,3.8438,-83.298
56,2.4107,3.9375,-72.906
56,2.4107,4.0312,-88.171
56,2.4107,4.125,-78.414
56,2.4107,4.2188,-88.084
56,2.4107,4.3125,-80.751
56,2.4107,4.4062,-73.241
56,2.4107,4.5,-76.145
56,2.4107,4.5938,-66.57
56,2.4107,4.6875,-73.85
56,2.4107,4.7812,-72.797
56,2.4107,4.875,-85.76
56,2.4107,4.9688,-83.64
56,2.4107,5.0625,-74.466
56,2.4107,5.1562,-64.103
56,2.4107,5.25,-69.766
56,2.4107,5.3438,-86.216
56,2.4107,5.4375,-59.249
56,2.4107,5.5312,-67.133
56,2.4107,5.625,-65.443
56,2.4107,5.7188,-71.317
56,2.4107,5.8125,-79.679
56,2.4107,5.9062,-76.469
56,2.4107,6.0,-76.267
56,2.4107,6.0938,-67.442
56,2.4107,6.1875,-73.998
56,2.4107,6.2812,-53.34
56,2.4107,6.375,-61.148
56,2.4107,6.4688,-66.938
56,2.4107,6.5625,-77.361
56,2.4107,6.6562,-63.124
56,2.4107,6.75,-88.655
56,2.4107,6.8438,-81.214
56,2.4107,6.9375,-84.32
56,2.4107,7.0312,-81.045
56,2.4107,7.125,-66.237
56,2.4107,7.2188,-87.269
56,2.4107,7.3125,-74.554
56,2.4107,7.4062,-81.834
56,2.4107,7.5,-71.65
56,2.4107,7.5938,-74.478
56,2.4107,7.6875,-71.579
56,2.4107,7.7812,-90.096
56,2.4107,7.875,-76.34
56,2.4107,7.9688,-75.794
56,2.4107,8.0625,-72.986
56,2.4107,8.1562,-80.359
56,2.4107,8.25,-72.835
56,2.4107,8.3438,-67.315
56,2.4107,8.4375,-72.543
56,2.4107,8.5312,-58.004
56,2.4107,8.625,-75.502
56,2.4107,8.7188,-72.466
56,2.4107,8.8125,-68.325
56,2.4107,8.9062,-79.443
56,2.4107,9.0,-61.679
56,2.4107,9.0938,-65.187
56,2.4107,9.1875,-70.137
56,2.4107,9.2812,-72.157
56,2.4107,9.375,-73.303
56,2.4107,9.4688,-78.254
56,2.4107,9.5625,-73.413
56,2.4107,9.6562,-71.149
56,2.4107,9.75,-74.88
56,2.4107,9.8438,-69.416
56,2.4107,9.9375,-95.627
56,2.4107,10.0312,-71.692
56,2.4107,10.125,-75.892
56,2.4107,10.2188,-79.467
56,2.4107,10.3125,-75.29
56,2.4107,10.4062,-73.282
56,2.4107,10.5,-86.797
56,2.4107,10.5938,-76.056
56,2.4107,10.6875,-79.964
56,2.4107,10.7812,-87.98
56,2.4107,10.875,-83.182
56,2.4107,10.9688,-96.273
56,2.4107,11.0625,-92.931
56,2.4107,11.1562,-97.389
56,2.4107,11.25,-91.171
56,2.4107,11.3438,-99.628
56,2.4107,11.4375,-82.182
56,2.4107,11.5312,-80.521
56,2.4107,11.625,-83.029
56,2.4107,11.7188,-72.579
56,2.4107,11.8125,-73.325
56,2.4107,11.9062,-84.532
56,2.4107,12.0,-74.013
56,2.4107,12.0938,-87.978
56,2.4107,12.1875,-71.634
56,2.4107,12.2812,-80.969
56,2.4107,12.375,-79.166
56,2.4107,12.4688,-75.521
56,2.4107,12.5625,-84.148
56,2.4107,12.6562,-76.638
56,2.4107,12.75,-72.018
56,2.4107,12.8438,-92.942
56,2.4107,12.9375,-76.404
56,2.4107,13.0312,-82.556
56,2.4107,13.125,-81.774
56,2.4107,13.2188,-87.682
56,2.4107,13.3125,-83.408
56,2.4107,13.4062,-79.357
56,2.4107,13.5,-85.934
56,2.4107,13.5938,-76.948
56,2.4107,13.6875,-84.475
56,2.4107,13.7812,-75.978
56,2.4107,13.875,-91.774
56,2.4107,13.9688,-81.546
56,2.4107,14.0625,-93.169
56,2.4107,14.1562,-91.063
56,2.4107,14.25,-90.712
56,2.4107,14.3438,-99.459
56,2.4107,14.4375,-95.077
56,2.4107,14.5312,-97.555
56,2.4107,14.625,-91.814
56,2.4107,14.7188,-91.257
56,2.4107,14.8125,-96.539
56,2.4107,14.9062,-90.141
56,2.4107,15.0,-95.36
56,2.4107,15.0938,-95.217
56,2.4107,15.1875,-97.396
56,2.4107,15.2812,-95.68
56,2.4107,15.375,-93.887
56,2.4107,15.4688,-88.453
56,2.4107,15.5625,-89.444
56,2.4107,15.6562,-86.668
56,2.4107,15.75,-94.515
56,2.4107,15.8438,-88.364
56,2.4107,15.9375,-94.17
57,2.4533,0.0,-78.895
57,2.4533,0.0938,-53.976
57,2.4533,0.1875,-34.497
57,2.4533,0.2812,-67.97
57,2.4533,0.375,-53.806
57,2.4533,0.4688,-67.247
57,2.4533,0.5625,-62.522
57,2.4533,0.6562,-61.271
57,2.4533,0.75,-65.257
57,2.4533,0.8438,-50.75
57,2.4533,0.9375,-69.479
57,2.4533,1.0312,-61.842
57,2.4533,1.125,-77.616
57,2.4533,1.2188,-63.194
57,2.4533,1.3125,-77.092
57,2.4533,1.4062,-74.445
57,2.4533,1.5,-76.906
57,2.4533,1.5938,-86.205
57,2.4533,1.6875,-64.225
57,2.4533,1.7812,-74.19
57,2.4533,1.875,-42.912
57,2.4533,1.9688,-95.058
57,2.4533,2.0625,-54.157
57,2.4533,2.1562,-76.21
57,2.4533,2.25,-59.326
57,2.4533,2.3438,-90.411
57,2.4533,2.4375,-68.401
57,2.4533,2.5312,-63.168
57,2.4533,2.625,-77.397
57,2.4533,2.7188,-71.937
57,2.4533,2.8125,-77.639
57,2.4533,2.9062,-65.568
57,2.4533,3.0,-87.496
57,2.4533,3.0938,-68.234
57,2.4533,3.1875,-87.321
57,2.4533,3.2812,-68.853
57,2.4533,3.375,-83.125
57,2.4533,3.4688,-78.909
57,2.4533,3.5625,-95.939
57,2.4533,3.6562,-87.926
57,2.4533,3.75,-82.866
57,2.4533,3.8438,-79.227
57,2.4533,3.9375,-70.257
57,2.4533,4.0312,-76.815
57,2.4533,4.125,-56.525
57,2.4533,4.2188,-81.824
57,2.4533,4.3125,-74.277
57,2.4533,4.4062,-79.599
57,2.4533,4.5,-78.396
57,2.4533,4.5938,-86.071
57,2.4533,4.6875,-94.609
57,2.4533,4.7812,-91.014
57,2.4533,4.875,-70.175
57,2.4533,4.9688,-66.249
57,2.4533,5.0625,-72.411
57,2.4533,5.1562,-58.398
57,2.4533,5.25,-69.258
57,2.4533,5.3438,-62.18
57,2.4533,5.4375,-69.815
57,2.4533,5.5312,-89.916
57,2.4533,5.625,-86.628
57,2.4533,5.7188,-76.895
57,2.4533,5.8125,-74.055
57,2.4533,5.9062,-82.316
57,2.4533,6.0,-66.047
57,2.4533,6.0938,-75.302
57,2.4533,6.1875,-57.447
57,2.4533,6.2812,-65.689
57,2.4533,6.375,-60.51
57,2.4533,6.4688,-68.529
57,2.4533,6.5625,-71.211
57,2.4533,6.6562,-75.09
57,2.4533,6.75,-99.724
57,2.4533,6.8438,-92.524
57,2.4533,6.9375,-84.526
57,2.4533,7.0312,-74.773
57,2.4533,7.125,-84.409
57,2.4533,7.2188,-64.837
57,2.4533,7.3125,-80.196
57,2.4533,7.4062,-75.435
57,2.4533,7.5,-78.781
57,2.4533,7.5938,-80.793
57,2.4533,7.6875,-78.865
57,2.4533,7.7812,-79.075
57,2.4533,7.875,-80.721
57,2.4533,7.9688,-73.349
57,2.4533,8.0625,-61.074
57,2.4533,8.1562,-70.328
57,2.4533,8.25,-57.519
57,2.4533,8.3438,-73.386
57,2.4533,8.4375,-63.229
57,2.4533,8.5312,-74.838
57,2.4533,8.625,-94.287
57,2.4533,8.7188,-77.864
57,2.4533,8.8125,-99.46
57,2.4533,8.9062,-66.632
57,2.4533,9.0,-74.472
57,2.4533,9.0938,-59.296
57,2.4533,9.1875,-65.108
57,2.4533,9.2812,-65.378
57,2.4533,9.375,-71.643
57,2.4533,9.4688,-70.316
57,2.4533,9.5625,-73.489
57,2.4533,9.6562,-91.231
57,2.4533,9.75,-90.486
57,2.4533,9.8438,-78.896
57,2.4533,9.9375,-76.066
57,2.4533,10.0312,-74.566
57,2.4533,10.125,-69.606
57,2.4533,10.2188,-79.028
57,2.4533,10.3125,-65.784
57,2.4533,10.4062,-81.154
57,2.4533,10.5,-83.967
57,2.4533,10.5938,-90.269
57,2.4533,10.6875,-86.659
57,2.4533,10.7812,-95.859
57,2.4533,10.875,-89.557
57,2.4533,10.9688,-93.371
57,2.4533,11.0625,-99.333
57,2.4533,11.1562,-89.023
57,2.4533,11.25,-87.248
57,2.4533,11.3438,-77.658
57,2.4533,11.4375,-86.262
57,2.4533,11.5312,-80.237
57,2.4533,11.625,-92.724
57,2.4533,11.7188,-82.637
57,2.4533,11.8125,-74.321
57,2.4533,11.9062,-82.629
57,2.4533,12.0,-78.657
57,2.4533,12.0938,-78.247
57,2.4533,12.1875,-69.732
57,2.4533,12.2812,-74.334
57,2.4533,12.375,-80.342
57,2.4533,12.4688,-91.282
57,2.4533,12.5625,-77.143
57,2.4533,12.6562,-82.706
57,2.4533,12.75,-80.857
57,2.4533,12.8438,-82.267
57,2.4533,12.9375,-78.475
57,2.4533,13.0312,-71.134
57,2.4533,13.125,-80.925
57,2.4533,13.2188,-79.803
57,2.4533,13.3125,-82.631
57,2.4533,13.4062,-89.773
57,2.4533,13.5,-85.237
57,2.4533,13.5938,-79.724
57,2.4533,13.6875,-88.224
57,2.4533,13.7812,-83.957
57,2.4533,13.875,-92.338
57,2.4533,13.9688,-89.329
57,2.4533,14.0625,-88.454
57,2.4533,14.1562,-97.15
57,2.4533,14.25,-84.423
57,2.4533,14.3438,-85.611
57,2.4533,14.4375,-84.843
57,2.4533,14.5312,-92.913
57,2.4533,14.625,-85.53
57,2.4533,14.7188,-90.782
57,2.4533,14.8125,-87.492
57,2.4533,14.9062,-88.678
57,2.4533,15.0,-96.172
57,2.4533,15.0938,-90.948
57,2.4533,15.1875,-99.021
57,2.4533,15.2812,-91.046
57,2.4533,15.375,-94.814
57,2.4533,15.4688,-95.847
57,2.4533,15.5625,-95.793
57,2.4533,15.6562,-94.421
57,2.4533,15.75,-99.299
57,2.4533,15.8438,-97.984
57,2.4533,15.9375,-98.661
58,2.496,0.0,-68.69
58,2.496,0.0938,-53.769
58,2.496,0.1875,-38.91
58,2.496,0.2812,-46.409
58,2.496,0.375,-42.94
58,2.496,0.4688,-53.405
58,2.496,0.5625,-47.268
58,2.496,0.6562,-60.973
58,2.496,0.75,-63.839
58,2.496,0.8438,-64.15
58,2.496,0.9375,-65.584
58,2.496,1.0312,-66.312
58,2.496,1.125,-73.34
58,2.496,1.2188,-67.659
58,2.496,1.3125,-72.725
58,2.496,1.4062,-61.376
58,2.496,1.5,-71.703
58,2.496,1.5938,-64.076
58,2.496,1.6875,-66.891
58,2.496,1.7812,-59.417
58,2.496,1.875,-64.601
58,2.496,1.9688,-66.73
58,2.496,2.0625,-67.29
58,2.496,2.1562,-68.3
58,2.496,2.25,-67.24
58,2.496,2.3438,-75.849
58,2.496,2.4375,-58.234
58,2.496,2.5312,-72.25
58,2.496,2.625,-59.363
58,2.496,2.7188,-71.725
58,2.496,2.8125,-66.008
58,2.496,2.9062,-68.812
58,2.496,3.0,-71.408
58,2.496,3.0938,-61.311
58,2.496,3.1875,-68.872
58,2.496,3.2812,-72.783
58,2.496,3.375,-66.327
58,2.496,3.4688,-76.037
58,2.496,3.5625,-90.456
58,2.496,3.6562,-83.87
58,2.496,3.75,-68.466
58,2.496,3.8438,-79.512
58,2.496,3.9375,-83.892
58,2.496,4.0312,-77.843
58,2.496,4.125,-72.482
58,2.496,4.2188,-72.126
58,2.496,4.3125,-78.683
58,2.496,4.4062,-72.6
58,2.496,4.5,-79.085
58,2.496,4.5938,-79.094
58,2.496,4.6875,-73.825
58,2.496,4.7812,-85.381
58,2.496,4.875,-81.139
58,2.496,4.9688,-76.063
58,2.496,5.0625,-73.055
58,2.496,5.1562,-73.579
58,2.496,5.25,-75.288
58,2.496,5.3438,-67.587
58,2.496,5.4375,-74.425
58,2.496,5.5312,-71.861
58,2.496,5.625,-74.491
58,2.496,5.7188,-69.66
58,2.496,5.8125,-72.991
58,2.496,5.9062,-71.428
58,2.496,6.0,-72.75
58,2.496,6.0938,-72.857
58,2.496,6.1875,-79.55
58,2.496,6.2812,-71.081
58,2.496,6.375,-68.126
58,2.496,6.4688,-84.417
58,2.496,6.5625,-70.987
58,2.496,6.6562,-67.519
58,2.496,6.75,-71.776
58,2.496,6.8438,-82.32
58,2.496,6.9375,-74.364
58,2.496,7.0312,-80.79
58,2.496,7.125,-85.434
58,2.496,7.2188,-81.229
58,2.496,7.3125,-79.862
58,2.496,7.4062,-73.427
58,2.496,7.5,-78.443
58,2.496,7.5938,-82.992
58,2.496,7.6875,-77.065
58,2.496,7.7812,-73.834
58,2.496,7.875,-79.331
58,2.496,7.9688,-75.173
58,2.496,8.0625,-89.96
58,2.496,8.1562,-76.578
58,2.496,8.25,-87.118
58,2.496,8.3438,-76.815
58,2.496,8.4375,-80.813
58,2.496,8.5312,-78.893
58,2.496,8.625,-73.504
58,2.496,8.7188,-88.492
58,2.496,8.8125,-76.937
58,2.496,8.9062,-80.625
58,2.496,9.0,-72.545
58,2.496,9.0938,-81.669
58,2.496,9.1875,-79.494
58,2.496,9.2812,-75.691
58,2.496,9.375,-84.758
58,2.496,9.4688,-78.177
58,2.496,9.5625,-77.58
58,2.496,9.6562,-90.584
58,2.496,9.75,-90.189
58,2.496,9.8438,-90.2
58,2.496,9.9375,-82.757
58,2.496,10.0312,-93.534
58,2.496,10.125,-92.151
58,2.496,10.2188,-81.374
58,2.496,10.3125,-82.637
58,2.496,10.4062,-77.94
58,2.496,10.5,-83.352
58,2.496,10.5938,-85.19
58,2.496,10.6875,-89.908
58,2.496,10.7812,-83.591
58,2.496,10.875,-78.962
58,2.496,10.9688,-79.537
58,2.496,11.0625,-80.864
58,2.496,11.1562,-93.366
58,2.496,11.25,-90.693
58,2.496,11.3438,-85.59
58,2.496,11.4375,-81.613
58,2.496,11.5312,-90.036
58,2.496,11.625,-83.843
58,2.496,11.7188,-81.319
58,2.496,11.8125,-88.481
58,2.496,11.9062,-84.793
58,2.496,12.0,-85.513
58,2.496,12.0938,-82.995
58,2.496,12.1875,-79.123
58,2.496,12.2812,-83.86
58,2.496,12.375,-87.884
58,2.496,12.4688,-83.037
58,2.496,12.5625,-76.98
58,2.496,12.6562,-78.998
58,2.496,12.75,-79.359
58,2.496,12.8438,-89.903
58,2.496,12.9375,-82.898
58,2.496,13.0312,-83.469
58,2.496,13.125,-82.308
58,2.496,13.2188,-82.542
58,2.496,13.3125,-79.846
58,2.496,13.4062,-92.324
58,2.496,13.5,-91.139
58,2.496,13.5938,-87.058
58,2.496,13.6875,-96.716
58,2.496,13.7812,-86.48
58,2.496,13.875,-87.271
58,2.496,13.9688,-85.22
58,2.496,14.0625,-88.174
58,2.496,14.1562,-86.384
58,2.496,14.25,-86.695
58,2.496,14.3438,-85.332
58,2.496,14.4375,-83.908
58,2.496,14.5312,-86.956
58,2.496,14.625,-80.515
58,2.496,14.7188,-82.56
58,2.496,14.8125,-81.893
58,2.496,14.9062,-97.556
58,2.496,15.0,-85.261
58,2.496,15.0938,-87.457
58,2.496,15.1875,-93.23
58,2.496,15.2812,-88.43
58,2.496,15.375,-96.341
58,2.496,15.4688,-92.852
58,2.496,15.5625,-97.441
58,2.496,15.6562,-99.547
58,2.496,15.75,-93.523
58,2.496,15.8438,-95.191
58,2.496,15.9375,-99.809
59,2.5387,0.0,-67.095
59,2.5387,0.0938,-57.45
59,2.5387,0.1875,-46.44
59,2.5387,0.2812,-45.421
59,2.5387,0.375,-52.327
59,2.5387,0.4688,-50.035
59,2.5387,0.5625,-62.834
59,2.5387,0.6562,-58.662
59,2.5387,0.75,-62.545
59,2.5387,0.8438,-64.32
59,2.5387,0.9375,-62.281
59,2.5387,1.0312,-69.287
59,2.5387,1.125,-68.754
59,2.5387,1.2188,-70.856
59,2.5387,1.3125,-67.778
59,2.5387,1.4062,-70.978
59,2.5387,1.5,-59.712
59,2.5387,1.5938,-59.433
59,2.5387,1.6875,-61.039
59,2.5387,1.7812,-74.24
59,2.5387,1.875,-59.415
59,2.5387,1.9688,-80.361
59,2.5387,2.0625,-81.78
59,2.5387,2.1562,-70.298
59,2.5387,2.25,-75.488
59,2.5387,2.3438,-63.778
59,2.5387,2.4375,-78.215
59,2.5387,2.5312,-92.182
59,2.5387,2.625,-80.527
59,2.5387,2.7188,-81.491
59,2.5387,2.8125,-86.576
59,2.5387,2.9062,-96.914
59,2.5387,3.0,-86.676
59,2.5387,3.0938,-52.59
59,2.5387,3.1875,-87.786
59,2.5387,3.2812,-83.44
59,2.5387,3.375,-91.744
59,2.5387,3.4688,-83.402
59,2.5387,3.5625,-93.259
59,2.5387,3.6562,-82.938
59,2.5387,3.75,-62.558
59,2.5387,3.8438,-86.075
59,2.5387,3.9375,-86.681
59,2.5387,4.0312,-64.794
59,2.5387,4.125,-86.459
59,2.5387,4.2188,-89.07
59,2.5387,4.3125,-90.443
59,2.5387,4.4062,-67.569
59,2.5387,4.5,-95.194
59,2.5387,4.5938,-89.031
59,2.5387,4.6875,-73.729
59,2.5387,4.7812,-87.206
59,2.5387,4.875,-76.329
59,2.5387,4.9688,-84.837
59,2.5387,5.0625,-94.475
59,2.5387,5.1562,-85.741
59,2.5387,5.25,-73.824
59,2.5387,5.3438,-86.033
59,2.5387,5.4375,-76.524
59,2.5387,5.5312,-74.217
59,2.5387,5.625,-84.001
59,2.5387,5.7188,-88.087
59,2.5387,5.8125,-93.012
59,2.5387,5.9062,-85.367
59,2.5387,6.0,-83.547
59,2.5387,6.0938,-87.208
59,2.5387,6.1875,-76.822
59,2.5387,6.2812,-79.557
59,2.5387,6.375,-72.735
59,2.5387,6.4688,-79.811
59,2.5387,6.5625,-87.148
59,2.5387,6.6562,-76.904
59,2.5387,6.75,-77.138
59,2.5387,6.8438,-98.838
59,2.5387,6.9375,-84.947
59,2.5387,7.0312,-90.642
59,2.5387,7.125,-92.779
59,2.5387,7.2188,-91.168
59,2.5387,7.3125,-84.483
59,2.5387,7.4062,-84.106
59,2.5387,7.5,-87.108
59,2.5387,7.5938,-88.462
59,2.5387,7.6875,-83.955
59,2.5387,7.7812,-96.983
59,2.5387,7.875,-93.266
59,2.5387,7.9688,-91.594
59,2.5387,8.0625,-91.274
59,2.5387,8.1562,-86.038
59,2.5387,8.25,-92.71
59,2.5387,8.3438,-84.8
59,2.5387,8.4375,-81.085
59,2.5387,8.5312,-78.908
59,2.5387,8.625,-73.73
59,2.5387,8.7188,-81.649
59,2.5387,8.8125,-82.356
59,2.5387,8.9062,-78.782
59,2.5387,9.0,-92.242
59,2.5387,9.0938,-80.761
59,2.5387,9.1875,-77.418
59,2.5387,9.2812,-82.243
59,2.5387,9.375,-77.563
59,2.5387,9.4688,-77.715
59,2.5387,9.5625,-83.369
59,2.5387,9.6562,-77.89
59,2.5387,9.75,-82.753
59,2.5387,9.8438,-91.758
59,2.5387,9.9375,-92.446
59,2.5387,10.0312,-79.777
59,2.5387,10.125,-88.873
59,2.5387,10.2188,-86.158
59,2.5387,10.3125,-81.929
59,2.5387,10.4062,-85.945
59,2.5387,10.5,-87.961
59,2.5387,10.5938,-92.275
59,2.5387,10.6875,-90.865
59,2.5387,10.7812,-89.291
59,2.5387,10.875,-89.316
59,2.5387,10.9688,-93.651
59,2.5387,11.0625,-92.19
59,2.5387,11.1562,-93.673
59,2.5387,11.25,-88.171
59,2.5387,11.3438,-84.735
59,2.5387,11.4375,-95.367
59,2.5387,11.5312,-91.639
59,2.5387,11.625,-97.937
59,2.5387,11.7188,-91.29
59,2.5387,11.8125,-88.646
59,2.5387,11.9062,-83.137
59,2.5387,12.0,-81.452
59,2.5387,12.0938,-93.572
59,2.5387,12.1875,-82.931
59,2.5387,12.2812,-85.349
59,2.5387,12.375,-87.162
59,2.5387,12.4688,-86.417
59,2.5387,12.5625,-94.724
59,2.5387,12.6562,-85.607
59,2.5387,12.75,-90.75
59,2.5387,12.8438,-85.332
59,2.5387,12.9375,-92.517
59,2.5387,13.0312,-90.9
59,2.5387,13.125,-89.404
59,2.5387,13.2188,-92.173
59,2.5387,13.3125,-85.371
59,2.5387,13.4062,-87.108
59,2.5387,13.5,-87.436
59,2.5387,13.5938,-98.927
59,2.5387,13.6875,-90.701
59,2.5387,13.7812,-91.075
59,2.5387,13.875,-98.45
59,2.5387,13.9688,-89.409
59,2.5387,14.0625,-98.479
59,2.5387,14.1562,-93.576
59,2.5387,14.25,-95.213
59,2.5387,14.3438,-94.822
59,2.5387,14.4375,-99.287
59,2.5387,14.5312,-99.979
59,2.5387,14.625,-98.381
59,2.5387,14.7188,-99.744
59,2.5387,14.8125,-99.655
59,2.5387,14.9062,-98.462
59,2.5387,15.0,-99.927
59,2.5387,15.0938,-98.727
59,2.5387,15.1875,-99.782
59,2.5387,15.2812,-99.43
59,2.5387,15.375,-97.147
59,2.5387,15.4688,-98.366
59,2.5387,15.5625,-99.654
59,2.5387,15.6562,-97.314
59,2.5387,15.75,-99.145
59,2.5387,15.8438,-96.834
59,2.5387,15.9375,-99.67
60,2.5813,0.0,-65.431
60,2.5813,0.0938,-57.149
60,2.5813,0.1875,-48.806
60,2.5813,0.2812,-41.395
60,2.5813,0.375,-54.954
60,2.5813,0.4688,-47.077
60,2.5813,0.5625,-57.839
60,2.5813,0.6562,-49.752
60,2.5813,0.75,-69.389
60,2.5813,0.8438,-50.117
60,2.5813,0.9375,-59.836
60,2.5813,1.0312,-63.89
60,2.5813,1.125,-69.236
60,2.5813,1.2188,-69.289
60,2.5813,1.3125,-56.119
60,2.5813,1.4062,-55.091
60,2.5813,1.5,-49.718
60,2.5813,1.5938,-70.869
60,2.5813,1.6875,-58.045
60,2.5813,1.7812,-78.886
60,2.5813,1.875,-76.494
60,2.5813,1.9688,-76.809
60,2.5813,2.0625,-79.299
60,2.5813,2.1562,-64.007
60,2.5813,2.25,-78.946
60,2.5813,2.3438,-61.203
60,2.5813,2.4375,-69.485
60,2.5813,2.5312,-73.8
60,2.5813,2.625,-85.458
60,2.5813,2.7188,-77.844
60,2.5813,2.8125,-73.128
60,2.5813,2.9062,-87.048
60,2.5813,3.0,-80.525
60,2.5813,3.0938,-56.603
60,2.5813,3.1875,-73.223
60,2.5813,3.2812,-79.525
60,2.5813,3.375,-74.443
60,2.5813,3.4688,-82.808
60,2.5813,3.5625,-81.727
60,2.5813,3.6562,-89.559
60,2.5813,3.75,-80.104
60,2.5813,3.8438,-78.781
60,2.5813,3.9375,-81.843
60,2.5813,4.0312,-65.616
60,2.5813,4.125,-81.753
60,2.5813,4.2188,-80.41
60,2.5813,4.3125,-84.959
60,2.5813,4.4062,-73.039
60,2.5813,4.5,-85.913
60,2.5813,4.5938,-90.83
60,2.5813,4.6875,-76.621
60,2.5813,4.7812,-91.793
60,2.5813,4.875,-86.243
60,2.5813,4.9688,-99.85
60,2.5813,5.0625,-95.382
60,2.5813,5.1562,-80.371
60,2.5813,5.25,-69.483
60,2.5813,5.3438,-69.462
60,2.5813,5.4375,-67.128
60,2.5813,5.5312,-67.373
60,2.5813,5.625,-84.09
60,2.5813,5.7188,-86.653
60,2.5813,5.8125,-92.304
60,2.5813,5.9062,-91.269
60,2.5813,6.0,-81.547
60,2.5813,6.0938,-77.687
60,2.5813,6.1875,-72.333
60,2.5813,6.2812,-69.892
60,2.5813,6.375,-74.396
60,2.5813,6.4688,-80.729
60,2.5813,6.5625,-82.905
60,2.5813,6.6562,-72.775
60,2.5813,6.75,-78.337
60,2.5813,6.8438,-67.072
60,2.5813,6.9375,-78.462
60,2.5813,7.0312,-79.924
60,2.5813,7.125,-80.062
60,2.5813,7.2188,-81.329
60,2.5813,7.3125,-72.354
60,2.5813,7.4062,-86.919
60,2.5813,7.5,-71.998
60,2.5813,7.5938,-73.941
60,2.5813,7.6875,-83.852
60,2.5813,7.7812,-94.64
60,2.5813,7.875,-93.933
60,2.5813,7.9688,-96.862
60,2.5813,8.0625,-96.864
60,2.5813,8.1562,-86.272
60,2.5813,8.25,-84.768
60,2.5813,8.3438,-90.894
60,2.5813,8.4375,-93.436
60,2.5813,8.5312,-78.213
60,2.5813,8.625,-73.758
60,2.5813,8.7188,-70.299
60,2.5813,8.8125,-85.521
60,2.5813,8.9062,-80.707
60,2.5813,9.0,-68.429
60,2.5813,9.0938,-79.442
60,2.5813,9.1875,-67.706
60,2.5813,9.2812,-75.854
60,2.5813,9.375,-66.803
60,2.5813,9.4688,-75.864
60,2.5813,9.5625,-71.779
60,2.5813,9.6562,-86.495
60,2.5813,9.75,-82.463
60,2.5813,9.8438,-83.656
60,2.5813,9.9375,-79.335
60,2.5813,10.0312,-75.211
60,2.5813,10.125,-74.802
60,2.5813,10.2188,-72.123
60,2.5813,10.3125,-76.849
60,2.5813,10.4062,-78.721
60,2.5813,10.5,-92.29
60,2.5813,10.5938,-75.294
60,2.5813,10.6875,-79.901
60,2.5813,10.7812,-82.085
60,2.5813,10.875,-98.567
60,2.5813,10.9688,-84.047
60,2.5813,11.0625,-93.865
60,2.5813,11.1562,-89.303
60,2.5813,11.25,-89.64
60,2.5813,11.3438,-86.752
60,2.5813,11.4375,-83.416
60,2.5813,11.5312,-89.786
60,2.5813,11.625,-79.867
60,2.5813,11.7188,-81.116
60,2.5813,11.8125,-76.9
60,2.5813,11.9062,-80.72
60,2.5813,12.0,-83.134
60,2.5813,12.0938,-79.569
60,2.5813,12.1875,-81.351
60,2.5813,12.2812,-85.317
60,2.5813,12.375,-87.959
60,2.5813,12.4688,-88.219
60,2.5813,12.5625,-89.202
60,2.5813,12.6562,-86.926
60,2.5813,12.75,-81.674
60,2.5813,12.8438,-81.435
60,2.5813,12.9375,-79.91
60,2.5813,13.0312,-82.796
60,2.5813,13.125,-73.202
60,2.5813,13.2188,-85.454
60,2.5813,13.3125,-81.937
60,2.5813,13.4062,-79.556
60,2.5813,13.5,-89.758
60,2.5813,13.5938,-90.773
60,2.5813,13.6875,-80.696
60,2.5813,13.7812,-90.664
60,2.5813,13.875,-97.588
60,2.5813,13.9688,-82.484
60,2.5813,14.0625,-86.205
60,2.5813,14.1562,-80.603
60,2.5813,14.25,-83.743
60,2.5813,14.3438,-93.059
60,2.5813,14.4375,-91.964
60,2.5813,14.5312,-93.615
60,2.5813,14.625,-99.469
60,2.5813,14.7188,-97.916
60,2.5813,14.8125,-97.329
60,2.5813,14.9062,-94.291
60,2.5813,15.0,-97.735
60,2.5813,15.0938,-96.896
60,2.5813,15.1875,-97.355
60,2.5813,15.2812,-93.436
60,2.5813,15.375,-98.233
60,2.5813,15.4688,-98.874
60,2.5813,15.5625,-94.634
60,2.5813,15.6562,-99.535
60,2.5813,15.75,-98.826
60,2.5813,15.8438,-99.043
60,2.5813,15.9375,-99.709
61,2.624,0.0,-77.139
61,2.624,0.0938,-56.668
61,2.624,0.1875,-40.351
61,2.624,0.2812,-40.676
61,2.624,0.375,-65.637
61,2.624,0.4688,-41.954
61,2.624,0.5625,-60.815
61,2.624,0.6562,-46.641
61,2.624,0.75,-70.274
61,2.624,0.8438,-57.606
61,2.624,0.9375,-60.851
61,2.624,1.0312,-72.137
61,2.624,1.125,-54.533
61,2.624,1.2188,-78.867
61,2.624,1.3125,-43.428
61,2.624,1.4062,-70.394
61,2.624,1.5,-67.531
61,2.624,1.5938,-68.428
61,2.624,1.6875,-66.276
61,2.624,1.7812,-64.493
61,2.624,1.875,-64.206
61,2.624,1.9688,-68.098
61,2.624,2.0625,-75.98
61,2.624,2.1562,-76.101
61,2.624,2.25,-64.267
61,2.624,2.3438,-78.807
61,2.624,2.4375,-73.412
61,2.624,2.5312,-82.485
61,2.624,2.625,-73.224
61,2.624,2.7188,-89.941
61,2.624,2.8125,-74.545
61,2.624,2.9062,-85.542
61,2.624,3.0,-86.869
61,2.624,3.0938,-59.21
61,2.624,3.1875,-87.739
61,2.624,3.2812,-73.088
61,2.624,3.375,-84.945
61,2.624,3.4688,-79.722
61,2.624,3.5625,-78.543
61,2.624,3.6562,-87.345
61,2.624,3.75,-74.407
61,2.624,3.8438,-90.105
61,2.624,3.9375,-77.085
61,2.624,4.0312,-68.329
61,2.624,4.125,-81.409
61,2.624,4.2188,-86.734
61,2.624,4.3125,-92.595
61,2.624,4.4062,-74.5
61,2.624,4.5,-95.893
61,2.624,4.5938,-86.468
61,2.624,4.6875,-86.391
61,2.624,4.7812,-90.099
61,2.624,4.875,-87.862
61,2.624,4.9688,-94.242
61,2.624,5.0625,-81.427
61,2.624,5.1562,-84.877
61,2.624,5.25,-66.631
61,2.624,5.3438,-74.372
61,2.624,5.4375,-82.009
61,2.624,5.5312,-73.127
61,2.624,5.625,-92.336
61,2.624,5.7188,-98.873
61,2.624,5.8125,-96.166
61,2.624,5.9062,-94.881
61,2.624,6.0,-93.309
61,2.624,6.0938,-89.209
61,2.624,6.1875,-74.413
61,2.624,6.2812,-86.413
61,2.624,6.375,-89.796
61,2.624,6.4688,-79.495
61,2.624,6.5625,-77.073
61,2.624,6.6562,-77.754
61,2.624,6.75,-77.845
61,2.624,6.8438,-71.168
61,2.624,6.9375,-89.391
61,2.624,7.0312,-79.629
61,2.624,7.125,-90.17
61,2.624,7.2188,-74.897
61,2.624,7.3125,-83.997
61,2.624,7.4062,-77.771
61,2.624,7.5,-74.812
61,2.624,7.5938,-75.799
61,2.624,7.6875,-86.914
61,2.624,7.7812,-93.146
61,2.624,7.875,-95.811
61,2.624,7.9688,-88.107
61,2.624,8.0625,-87.586
61,2.624,8.1562,-83.848
61,2.624,8.25,-87.269
61,2.624,8.3438,-86.264
61,2.624,8.4375,-88.942
61,2.624,8.5312,-87.753
61,2.624,8.625,-75.122
61,2.624,8.7188,-69.036
61,2.624,8.8125,-74.977
61,2.624,8.9062,-78.716
61,2.624,9.0,-72.235
61,2.624,9.0938,-85.231
61,2.624,9.1875,-71.199
61,2.624,9.2812,-78.914
61,2.624,9.375,-76.935
61,2.624,9.4688,-85.011
61,2.624,9.5625,-74.703
61,2.624,9.6562,-83.548
61,2.624,9.75,-84.979
61,2.624,9.8438,-76.818
61,2.624,9.9375,-84.086
61,2.624,10.0312,-79.032
61,2.624,10.125,-83.097
61,2.624,10.2188,-77.457
61,2.624,10.3125,-76.485
61,2.624,10.4062,-75.527
61,2.624,10.5,-83.922
61,2.624,10.5938,-79.403
61,2.624,10.6875,-92.269
61,2.624,10.7812,-89.378
61,2.624,10.875,-87.329
61,2.624,10.9688,-89.807
61,2.624,11.0625,-81.823
61,2.624,11.1562,-87.54
61,2.624,11.25,-88.225
61,2.624,11.3438,-87.335
61,2.624,11.4375,-86.299
61,2.624,11.5312,-84.031
61,2.624,11.625,-75.451
61,2.624,11.7188,-80.978
61,2.624,11.8125,-82.207
61,2.624,11.9062,-78.777
61,2.624,12.0,-79.869
61,2.624,12.0938,-86.447
61,2.624,12.1875,-84.087
61,2.624,12.2812,-93.003
61,2.624,12.375,-88.074
61,2.624,12.4688,-94.375
61,2.624,12.5625,-89.195
61,2.624,12.6562,-76.732
61,2.624,12.75,-84.787
61,2.624,12.8438,-77.189
61,2.624,12.9375,-90.061
61,2.624,13.0312,-80.259
61,2.624,13.125,-90.521
61,2.624,13.2188,-86.096
61,2.624,13.3125,-93.074
61,2.624,13.4062,-84.15
61,2.624,13.5,-87.655
61,2.624,13.5938,-82.576
61,2.624,13.6875,-96.311
61,2.624,13.7812,-95.391
61,2.624,13.875,-93.932
61,2.624,13.9688,-92.648
61,2.624,14.0625,-93.535
61,2.624,14.1562,-91.983
61,2.624,14.25,-98.106
61,2.624,14.3438,-94.206
61,2.624,14.4375,-93.197
61,2.624,14.5312,-94.331
61,2.624,14.625,-93.975
61,2.624,14.7188,-96.779
61,2.624,14.8125,-95.267
61,2.624,14.9062,-94.354
61,2.624,15.0,-92.099
61,2.624,15.0938,-96.475
61,2.624,15.1875,-92.705
61,2.624,15.2812,-99.835
61,2.624,15.375,-94.612
61,2.624,15.4688,-96.901
61,2.624,15.5625,-94.357
61,2.624,15.6562,-98.127
61,2.624,15.75,-92.937
61,2.624,15.8438,-96.43
61,2.624,15.9375,-93.927
62,2.6667,0.0,-60.213
62,2.6667,0.0938,-58.28
62,2.6667,0.1875,-40.556
62,2.6667,0.2812,-40.802
62,2.6667,0.375,-65.352
62,2.6667,0.4688,-40.112
62,2.6667,0.5625,-65.066
62,2.6667,0.6562,-50.789
62,2.6667,0.75,-76.416
62,2.6667,0.8438,-56.536
62,2.6667,0.9375,-59.32
62,2.6667,1.0312,-72.842
62,2.6667,1.125,-55.025
62,2.6667,1.2188,-72.241
62,2.6667,1.3125,-49.121
62,2.6667,1.4062,-79.307
62,2.6667,1.5,-63.997
62,2.6667,1.5938,-70.648
62,2.6667,1.6875,-61.266
62,2.6667,1.7812,-68.228
62,2.6667,1.875,-66.436
62,2.6667,1.9688,-73.084
62,2.6667,2.0625,-76.222
62,2.6667,2.1562,-76.77
62,2.6667,2.25,-74.351
62,2.6667,2.3438,-79.473
62,2.6667,2.4375,-66.536
62,2.6667,2.5312,-73.412
62,2.6667,2.625,-77.169
62,2.6667,2.7188,-80.746
62,2.6667,2.8125,-73.933
62,2.6667,2.9062,-91.515
62,2.6667,3.0,-97.901
62,2.6667,3.0938,-63.117
62,2.6667,3.1875,-93.239
62,2.6667,3.2812,-78.788
62,2.6667,3.375,-89.981
62,2.6667,3.4688,-81.945
62,2.6667,3.5625,-82.312
62,2.6667,3.6562,-92.916
62,2.6667,3.75,-74.833
62,2.6667,3.8438,-92.99
62,2.6667,3.9375,-82.604
62,2.6667,4.0312,-73.046
62,2.6667,4.125,-85.961
62,2.6667,4.2188,-87.515
62,2.6667,4.3125,-91.071
62,2.6667,4.4062,-77.808
62,2.6667,4.5,-95.085
62,2.6667,4.5938,-89.172
62,2.6667,4.6875,-86.654
62,2.6667,4.7812,-86.41
62,2.6667,4.875,-90.848
62,2.6667,4.9688,-87.332
62,2.6667,5.0625,-99.634
62,2.6667,5.1562,-92.003
62,2.6667,5.25,-92.818
62,2.6667,5.3438,-74.518
62,2.6667,5.4375,-83.343
62,2.6667,5.5312,-71.032
62,2.6667,5.625,-91.186
62,2.6667,5.7188,-89.954
62,2.6667,5.8125,-94.595
62,2.6667,5.9062,-94.894
62,2.6667,6.0,-89.016
62,2.6667,6.0938,-90.336
62,2.6667,6.1875,-73.368
62,2.6667,6.2812,-82.322
62,2.6667,6.375,-78.218
62,2.6667,6.4688,-89.454
62,2.6667,6.5625,-84.345
62,2.6667,6.6562,-82.318
62,2.6667,6.75,-90.826
62,2.6667,6.8438,-74.447
62,2.6667,6.9375,-81.499
62,2.6667,7.0312,-78.692
62,2.6667,7.125,-86.124
62,2.6667,7.2188,-83.646
62,2.6667,7.3125,-87.659
62,2.6667,7.4062,-82.546
62,2.6667,7.5,-73.887
62,2.6667,7.5938,-79.623
62,2.6667,7.6875,-72.492
62,2.6667,7.7812,-98.493
62,2.6667,7.875,-95.817
62,2.6667,7.9688,-92.867
62,2.6667,8.0625,-90.586
62,2.6667,8.1562,-81.76
62,2.6667,8.25,-84.986
62,2.6667,8.3438,-81.87
62,2.6667,8.4375,-95.635
62,2.6667,8.5312,-80.057
62,2.6667,8.625,-82.767
62,2.6667,8.7188,-77.28
62,2.6667,8.8125,-72.344
62,2.6667,8.9062,-83.27
62,2.6667,9.0,-75.317
62,2.6667,9.0938,-91.641
62,2.6667,9.1875,-71.771
62,2.6667,9.2812,-78.559
62,2.6667,9.375,-81.933
62,2.6667,9.4688,-81.142
62,2.6667,9.5625,-81.645
62,2.6667,9.6562,-81.347
62,2.6667,9.75,-88.862
62,2.6667,9.8438,-82.507
62,2.6667,9.9375,-76.051
62,2.6667,10.0312,-85.94
62,2.6667,10.125,-74.325
62,2.6667,10.2188,-85.819
62,2.6667,10.3125,-79.27
62,2.6667,10.4062,-75.464
62,2.6667,10.5,-98.521
62,2.6667,10.5938,-72.601
62,2.6667,10.6875,-83.758
62,2.6667,10.7812,-91.391
62,2.6667,10.875,-82.449
62,2.6667,10.9688,-95.154
62,2.6667,11.0625,-92.037
62,2.6667,11.1562,-92.642
62,2.6667,11.25,-83.366
62,2.6667,11.3438,-97.446
62,2.6667,11.4375,-87.691
62,2.6667,11.5312,-91.627
62,2.6667,11.625,-94.287
62,2.6667,11.7188,-80.27
62,2.6667,11.8125,-78.158
62,2.6667,11.9062,-80.451
62,2.6667,12.0,-88.949
62,2.6667,12.0938,-85.58
62,2.6667,12.1875,-90.479
62,2.6667,12.2812,-96.492
62,2.6667,12.375,-89.986
62,2.6667,12.4688,-97.357
62,2.6667,12.5625,-87.85
62,2.6667,12.6562,-89.655
62,2.6667,12.75,-84.791
62,2.6667,12.8438,-84.685
62,2.6667,12.9375,-83.636
62,2.6667,13.0312,-90.871
62,2.6667,13.125,-81.165
62,2.6667,13.2188,-89.494
62,2.6667,13.3125,-82.031
62,2.6667,13.4062,-83.989
62,2.6667,13.5,-84.115
62,2.6667,13.5938,-98.308
62,2.6667,13.6875,-90.142
62,2.6667,13.7812,-90.499
62,2.6667,13.875,-94.414
62,2.6667,13.9688,-97.157
62,2.6667,14.0625,-99.346
62,2.6667,14.1562,-98.283
62,2.6667,14.25,-93.972
62,2.6667,14.3438,-99.396
62,2.6667,14.4375,-96.366
62,2.6667,14.5312,-99.035
62,2.6667,14.625,-95.969
62,2.6667,14.7188,-99.515
62,2.6667,14.8125,-92.064
62,2.6667,14.9062,-95.25
62,2.6667,15.0,-95.844
62,2.6667,15.0938,-93.252
62,2.6667,15.1875,-91.382
62,2.6667,15.2812,-88.921
62,2.6667,15.375,-99.804
62,2.6667,15.4688,-92.879
62,2.6667,15.5625,-97.825
62,2.6667,15.6562,-98.895
62,2.6667,15.75,-95.689
62,2.6667,15.8438,-98.023
62,2.6667,15.9375,-94.691
63,2.7093,0.0,-69.913
63,2.7093,0.0938,-60.291
63,2.7093,0.1875,-40.478
63,2.7093,0.2812,-40.843
63,2.7093,0.375,-67.359
63,2.7093,0.4688,-48.74
63,2.7093,0.5625,-80.416
63,2.7093,0.6562,-50.248
63,2.7093,0.75,-74.952
63,2.7093,0.8438,-58.254
63,2.7093,0.9375,-56.717
63,2.7093,1.0312,-72.182
63,2.7093,1.125,-65.103
63,2.7093,1.2188,-71.694
63,2.7093,1.3125,-55.004
63,2.7093,1.4062,-75.918
63,2.7093,1.5,-63.107
63,2.7093,1.5938,-80.286
63,2.7093,1.6875,-74.374
63,2.7093,1.7812,-84.352
63,2.7093,1.875,-65.615
63,2.7093,1.9688,-77.04
63,2.7093,2.0625,-78.041
63,2.7093,2.1562,-69.744
63,2.7093,2.25,-72.468
63,2.7093,2.3438,-61.91
63,2.7093,2.4375,-87.826
63,2.7093,2.5312,-71.553
63,2.7093,2.625,-81.41
63,2.7093,2.7188,-80.78
63,2.7093,2.8125,-78.039
63,2.7093,2.9062,-84.6
63,2.7093,3.0,-84.531
63,2.7093,3.0938,-70.26
63,2.7093,3.1875,-84.451
63,2.7093,3.2812,-89.402
63,2.7093,3.375,-95.677
63,2.7093,3.4688,-82.812
63,2.7093,3.5625,-82.99
63,2.7093,3.6562,-78.762
63,2.7093,3.75,-85.534
63,2.7093,3.8438,-84.401
63,2.7093,3.9375,-92.671
63,2.7093,4.0312,-77.366
63,2.7093,4.125,-84.117
63,2.7093,4.2188,-94.032
63,2.7093,4.3125,-82.93
63,2.7093,4.4062,-97.818
63,2.7093,4.5,-94.913
63,2.7093,4.5938,-93.128
63,2.7093,4.6875,-88.035
63,2.7093,4.7812,-83.289
63,2.7093,4.875,-84.073
63,2.7093,4.9688,-91.032
63,2.7093,5.0625,-95.987
63,2.7093,5.1562,-90.197
63,2.7093,5.25,-87.223
63,2.7093,5.3438,-89.403
63,2.7093,5.4375,-85.801
63,2.7093,5.5312,-95.396
63,2.7093,5.625,-88.44
63,2.7093,5.7188,-95.127
63,2.7093,5.8125,-91.811
63,2.7093,5.9062,-98.767
63,2.7093,6.0,-97.472
63,2.7093,6.0938,-86.27
63,2.7093,6.1875,-84.239
63,2.7093,6.2812,-71.777
63,2.7093,6.375,-79.754
63,2.7093,6.4688,-74.149
63,2.7093,6.5625,-85.015
63,2.7093,6.6562,-91.672
63,2.7093,6.75,-84.412
63,2.7093,6.8438,-83.714
63,2.7093,6.9375,-84.465
63,2.7093,7.0312,-96.483
63,2.7093,7.125,-80.896
63,2.7093,7.2188,-87.129
63,2.7093,7.3125,-83.68
63,2.7093,7.4062,-88.818
63,2.7093,7.5,-80.219
63,2.7093,7.5938,-79.459
63,2.7093,7.6875,-86.511
63,2.7093,7.7812,-80.953
63,2.7093,7.875,-96.093
63,2.7093,7.9688,-88.091
63,2.7093,8.0625,-96.459
63,2.7093,8.1562,-81.542
63,2.7093,8.25,-92.312
63,2.7093,8.3438,-92.646
63,2.7093,8.4375,-86.956
63,2.7093,8.5312,-89.406
63,2.7093,8.625,-90.109
63,2.7093,8.7188,-83.233
63,2.7093,8.8125,-86.003
63,2.7093,8.9062,-77.295
63,2.7093,9.0,-84.154
63,2.7093,9.0938,-80.144
63,2.7093,9.1875,-79.251
63,2.7093,9.2812,-79.628
63,2.7093,9.375,-78.058
63,2.7093,9.4688,-96.135
63,2.7093,9.5625,-95.353
63,2.7093,9.6562,-92.507
63,2.7093,9.75,-87.704
63,2.7093,9.8438,-82.725
63,2.7093,9.9375,-93.213
63,2.7093,10.0312,-86.096
63,2.7093,10.125,-91.498
63,2.7093,10.2188,-77.484
63,2.7093,10.3125,-87.67
63,2.7093,10.4062,-72.853
63,2.7093,10.5,-95.448
63,2.7093,10.5938,-84.793
63,2.7093,10.6875,-74.995
63,2.7093,10.7812,-90.27
63,2.7093,10.875,-77.64
63,2.7093,10.9688,-92.426
63,2.7093,11.0625,-97.27
63,2.7093,11.1562,-92.061
63,2.7093,11.25,-96.366
63,2.7093,11.3438,-93.254
63,2.7093,11.4375,-97.557
63,2.7093,11.5312,-85.956
63,2.7093,11.625,-81.543
63,2.7093,11.7188,-76.576
63,2.7093,11.8125,-77.381
63,2.7093,11.9062,-90.899
63,2.7093,12.0,-77.446
63,2.7093,12.0938,-86.495
63,2.7093,12.1875,-84.888
63,2.7093,12.2812,-89.298
63,2.7093,12.375,-83.242
63,2.7093,12.4688,-90.56
63,2.7093,12.5625,-90.421
63,2.7093,12.6562,-86.465
63,2.7093,12.75,-85.555
63,2.7093,12.8438,-86.179
63,2.7093,12.9375,-91.729
63,2.7093,13.0312,-83.588
63,2.7093,13.125,-82.204
63,2.7093,13.2188,-87.764
63,2.7093,13.3125,-82.153
63,2.7093,13.4062,-88.365
63,2.7093,13.5,-91.476
63,2.7093,13.5938,-89.964
63,2.7093,13.6875,-93.299
63,2.7093,13.7812,-96.377
63,2.7093,13.875,-98.951
63,2.7093,13.9688,-99.752
63,2.7093,14.0625,-95.646
63,2.7093,14.1562,-98.76
63,2.7093,14.25,-94.126
63,2.7093,14.3438,-98.627
63,2.7093,14.4375,-99.009
63,2.7093,14.5312,-96.85
63,2.7093,14.625,-99.617
63,2.7093,14.7188,-98.366
63,2.7093,14.8125,-97.337
63,2.7093,14.9062,-98.986
63,2.7093,15.0,-99.011
63,2.7093,15.0938,-94.179
63,2.7093,15.1875,-96.176
63,2.7093,15.2812,-87.325
63,2.7093,15.375,-98.904
63,2.7093,15.4688,-90.504
63,2.7093,15.5625,-87.462
63,2.7093,15.6562,-94.416
63,2.7093,15.75,-91.899
63,2.7093,15.8438,-99.008
63,2.7093,15.9375,-95.954
64,2.752,0.0,-83.766
64,2.752,0.0938,-63.164
64,2.752,0.1875,-60.031
64,2.752,0.2812,-40.73
64,2.752,0.375,-57.791
64,2.752,0.4688,-55.16
64,2.752,0.5625,-70.387
64,2.752,0.6562,-59.049
64,2.752,0.75,-78.379
64,2.752,0.8438,-64.316
64,2.752,0.9375,-55.206
64,2.752,1.0312,-77.503
64,2.752,1.125,-70.332
64,2.752,1.2188,-88.618
64,2.752,1.3125,-69.641
64,2.752,1.4062,-78.687
64,2.752,1.5,-74.271
64,2.752,1.5938,-81.361
64,2.752,1.6875,-72.287
64,2.752,1.7812,-82.393
64,2.752,1.875,-59.445
64,2.752,1.9688,-84.789
64,2.752,2.0625,-87.098
64,2.752,2.1562,-71.289
64,2.752,2.25,-77.651
64,2.752,2.3438,-95.123
64,2.752,2.4375,-80.495
64,2.752,2.5312,-75.103
64,2.752,2.625,-86.024
64,2.752,2.7188,-85.747
64,2.752,2.8125,-76.357
64,2.752,2.9062,-92.012
64,2.752,3.0,-95.517
64,2.752,3.0938,-66.957
64,2.752,3.1875,-98.356
64,2.752,3.2812,-92.708
64,2.752,3.375,-96.743
64,2.752,3.4688,-91.857
64,2.752,3.5625,-92.125
64,2.752,3.6562,-90.015
64,2.752,3.75,-91.251
64,2.752,3.8438,-97.973
64,2.752,3.9375,-96.133
64,2.752,4.0312,-83.553
64,2.752,4.125,-97.417
64,2.752,4.2188,-99.718
64,2.752,4.3125,-98.746
64,2.752,4.4062,-99.81
64,2.752,4.5,-99.461
64,2.752,4.5938,-98.658
64,2.752,4.6875,-97.191
64,2.752,4.7812,-94.421
64,2.752,4.875,-89.494
64,2.752,4.9688,-93.517
64,2.752,5.0625,-96.971
64,2.752,5.1562,-85.538
64,2.752,5.25,-92.199
64,2.752,5.3438,-94.525
64,2.752,5.4375,-90.522
64,2.752,5.5312,-90.452
64,2.752,5.625,-90.09
64,2.752,5.7188,-92.892
64,2.752,5.8125,-90.666
64,2.752,5.9062,-95.784
64,2.752,6.0,-94.3
64,2.752,6.0938,-97.552
64,2.752,6.1875,-95.025
64,2.752,6.2812,-83.257
64,2.752,6.375,-88.088
64,2.752,6.4688,-86.016
64,2.752,6.5625,-97.627
64,2.752,6.6562,-93.562
64,2.752,6.75,-91.918
64,2.752,6.8438,-95.273
64,2.752,6.9375,-90.875
64,2.752,7.0312,-94.607
64,2.752,7.125,-92.525
64,2.752,7.2188,-96.074
64,2.752,7.3125,-99.56
64,2.752,7.4062,-95.239
64,2.752,7.5,-95.638
64,2.752,7.5938,-95.804
64,2.752,7.6875,-96.643
64,2.752,7.7812,-99.065
64,2.752,7.875,-98.552
64,2.752,7.9688,-98.703
64,2.752,8.0625,-95.9
64,2.752,8.1562,-97.801
64,2.752,8.25,-92.603
64,2.752,8.3438,-96.756
64,2.752,8.4375,-92.948
64,2.752,8.5312,-96.86
64,2.752,8.625,-92.659
64,2.752,8.7188,-90.837
64,2.752,8.8125,-90.245
64,2.752,8.9062,-87.718
64,2.752,9.0,-92.478
64,2.752,9.0938,-89.944
64,2.752,9.1875,-83.503
64,2.752,9.2812,-90.105
64,2.752,9.375,-96.92
64,2.752,9.4688,-99.199
64,2.752,9.5625,-96.184
64,2.752,9.6562,-97.163
64,2.752,9.75,-87.093
64,2.752,9.8438,-94.42
64,2.752,9.9375,-96.249
64,2.752,10.0312,-99.29
64,2.752,10.125,-97.995
64,2.752,10.2188,-99.349
64,2.752,10.3125,-94.625
64,2.752,10.4062,-97.675
64,2.752,10.5,-90.442
64,2.752,10.5938,-84.845
64,2.752,10.6875,-89.552
64,2.752,10.7812,-90.278
64,2.752,10.875,-99.603
64,2.752,10.9688,-97.578
64,2.752,11.0625,-99.174
64,2.752,11.1562,-99.893
64,2.752,11.25,-92.573
64,2.752,11.3438,-96.5
64,2.752,11.4375,-98.606
64,2.752,11.5312,-91.122
64,2.752,11.625,-92.342
64,2.752,11.7188,-91.365
64,2.752,11.8125,-92.604
64,2.752,11.9062,-91.168
64,2.752,12.0,-93.739
64,2.752,12.0938,-94.895
64,2.752,12.1875,-90.866
64,2.752,12.2812,-99.585
64,2.752,12.375,-95.681
64,2.752,12.4688,-94.011
64,2.752,12.5625,-98.068
64,2.752,12.6562,-91.472
64,2.752,12.75,-97.234
64,2.752,12.8438,-98.756
64,2.752,12.9375,-99.756
64,2.752,13.0312,-99.003
64,2.752,13.125,-99.189
64,2.752,13.2188,-96.768
64,2.752,13.3125,-99.647
64,2.752,13.4062,-99.153
64,2.752,13.5,-99.244
64,2.752,13.5938,-99.088
64,2.752,13.6875,-99.335
64,2.752,13.7812,-99.701
64,2.752,13.875,-99.68
64,2.752,13.9688,-99.756
64,2.752,14.0625,-99.963
64,2.752,14.1562,-99.343
64,2.752,14.25,-99.811
64,2.752,14.3438,-99.391
64,2.752,14.4375,-99.688
64,2.752,14.5312,-99.764
64,2.752,14.625,-99.797
64,2.752,14.7188,-99.553
64,2.752,14.8125,-99.702
64,2.752,14.9062,-99.677
64,2.752,15.0,-99.645
64,2.752,15.0938,-99.193
64,2.752,15.1875,-98.329
64,2.752,15.2812,-99.908
64,2.752,15.375,-99.941
64,2.752,15.4688,-98.785
64,2.752,15.5625,-98.999
64,2.752,15.6562,-98.877
64,2.752,15.75,-99.854
64,2.752,15.8438,-99.152
64,2.752,15.9375,-99.036
65,2.7947,0.0,-58.49
65,2.7947,0.0938,-50.228
65,2.7947,0.1875,-36.649
65,2.7947,0.2812,-41.511
65,2.7947,0.375,-63.407
65,2.7947,0.4688,-61.796
65,2.7947,0.5625,-73.63
65,2.7947,0.6562,-57.427
65,2.7947,0.75,-68.762
65,2.7947,0.8438,-65.805
65,2.7947,0.9375,-56.836
65,2.7947,1.0312,-72.466
65,2.7947,1.125,-65.609
65,2.7947,1.2188,-71.86
65,2.7947,1.3125,-68.655
65,2.7947,1.4062,-67.68
65,2.7947,1.5,-67.453
65,2.7947,1.5938,-78.763
65,2.7947,1.6875,-72.188
65,2.7947,1.7812,-73.045
65,2.7947,1.875,-64.811
65,2.7947,1.9688,-76.807
65,2.7947,2.0625,-69.643
65,2.7947,2.1562,-72.764
65,2.7947,2.25,-82.33
65,2.7947,2.3438,-68.681
65,2.7947,2.4375,-70.723
65,2.7947,2.5312,-73.338
65,2.7947,2.625,-66.294
65,2.7947,2.7188,-66.965
65,2.7947,2.8125,-71.612
65,2.7947,2.9062,-65.632
65,2.7947,3.0,-65.467
65,2.7947,3.0938,-78.19
65,2.7947,3.1875,-68.905
65,2.7947,3.2812,-73.816
65,2.7947,3.375,-74.763
65,2.7947,3.4688,-67.862
65,2.7947,3.5625,-65.169
65,2.7947,3.6562,-68.011
65,2.7947,3.75,-71.137
65,2.7947,3.8438,-66.714
65,2.7947,3.9375,-60.065
65,2.7947,4.0312,-68.041
65,2.7947,4.125,-65.347
65,2.7947,4.2188,-69.579
65,2.7947,4.3125,-63.773
65,2.7947,4.4062,-66.497
65,2.7947,4.5,-67.963
65,2.7947,4.5938,-64.121
65,2.7947,4.6875,-68.685
65,2.7947,4.7812,-69.091
65,2.7947,4.875,-74.041
65,2.7947,4.9688,-76.735
65,2.7947,5.0625,-73.537
65,2.7947,5.1562,-70.333
65,2.7947,5.25,-67.104
65,2.7947,5.3438,-65.581
65,2.7947,5.4375,-65.466
65,2.7947,5.5312,-66.485
65,2.7947,5.625,-65.637
65,2.7947,5.7188,-69.229
65,2.7947,5.8125,-65.569
65,2.7947,5.9062,-68.407
65,2.7947,6.0,-71.778
65,2.7947,6.0938,-73.737
65,2.7947,6.1875,-68.501
65,2.7947,6.2812,-86.884
65,2.7947,6.375,-71.107
65,2.7947,6.4688,-61.854
65,2.7947,6.5625,-85.675
65,2.7947,6.6562,-67.87
65,2.7947,6.75,-67.488
65,2.7947,6.8438,-66.255
65,2.7947,6.9375,-60.675
65,2.7947,7.0312,-60.662
65,2.7947,7.125,-69.035
65,2.7947,7.2188,-68.975
65,2.7947,7.3125,-72.16
65,2.7947,7.4062,-68.527
65,2.7947,7.5,-64.477
65,2.7947,7.5938,-63.391
65,2.7947,7.6875,-67.186
65,2.7947,7.7812,-71.5
65,2.7947,7.875,-68.09
65,2.7947,7.9688,-64.218
65,2.7947,8.0625,-64.233
65,2.7947,8.1562,-81.285
65,2.7947,8.25,-69.158
65,2.7947,8.3438,-69.439
65,2.7947,8.4375,-62.944
65,2.7947,8.5312,-65.178
65,2.7947,8.625,-67.2
65,2.7947,8.7188,-63.628
65,2.7947,8.8125,-72.783
65,2.7947,8.9062,-73.216
65,2.7947,9.0,-66.879
65,2.7947,9.0938,-60.49
65,2.7947,9.1875,-65.352
65,2.7947,9.2812,-61.979
65,2.7947,9.375,-67.174
65,2.7947,9.4688,-70.662
65,2.7947,9.5625,-76.396
65,2.7947,9.6562,-77.382
65,2.7947,9.75,-77.461
65,2.7947,9.8438,-66.094
65,2.7947,9.9375,-71.796
65,2.7947,10.0312,-67.088
65,2.7947,10.125,-69.761
65,2.7947,10.2188,-78.233
65,2.7947,10.3125,-81.792
65,2.7947,10.4062,-70.898
65,2.7947,10.5,-71.838
65,2.7947,10.5938,-75.565
65,2.7947,10.6875,-74.047
65,2.7947,10.7812,-75.209
65,2.7947,10.875,-71.902
65,2.7947,10.9688,-80.599
65,2.7947,11.0625,-70.454
65,2.7947,11.1562,-65.785
65,2.7947,11.25,-65.037
65,2.7947,11.3438,-60.782
65,2.7947,11.4375,-66.144
65,2.7947,11.5312,-63.351
65,2.7947,11.625,-65.264
65,2.7947,11.7188,-65.447
65,2.7947,11.8125,-78.807
65,2.7947,11.9062,-68.641
65,2.7947,12.0,-69.197
65,2.7947,12.0938,-75.452
65,2.7947,12.1875,-65.455
65,2.7947,12.2812,-65.761
65,2.7947,12.375,-65.369
65,2.7947,12.4688,-63.921
65,2.7947,12.5625,-61.467
65,2.7947,12.6562,-60.641
65,2.7947,12.75,-56.022
65,2.7947,12.8438,-57.19
65,2.7947,12.9375,-64.408
65,2.7947,13.0312,-64.357
65,2.7947,13.125,-75.879
65,2.7947,13.2188,-68.708
65,2.7947,13.3125,-76.457
65,2.7947,13.4062,-65.778
65,2.7947,13.5,-66.76
65,2.7947,13.5938,-58.54
65,2.7947,13.6875,-59.536
65,2.7947,13.7812,-63.509
65,2.7947,13.875,-61.465
65,2.7947,13.9688,-70.022
65,2.7947,14.0625,-63.805
65,2.7947,14.1562,-63.305
65,2.7947,14.25,-71.139
65,2.7947,14.3438,-69.874
65,2.7947,14.4375,-63.632
65,2.7947,14.5312,-66.201
65,2.7947,14.625,-65.681
65,2.7947,14.7188,-63.518
65,2.7947,14.8125,-66.107
65,2.7947,14.9062,-62.607
65,2.7947,15.0,-73.979
65,2.7947,15.0938,-71.034
65,2.7947,15.1875,-64.03
65,2.7947,15.2812,-82.54
65,2.7947,15.375,-73.327
65,2.7947,15.4688,-63.201
65,2.7947,15.5625,-66.312
65,2.7947,15.6562,-62.935
65,2.7947,15.75,-85.889
65,2.7947,15.8438,-63.255
65,2.7947,15.9375,-60.869
66,2.8373,0.0,-57.361
66,2.8373,0.0938,-50.432
66,2.8373,0.1875,-54.761
66,2.8373,0.2812,-72.013
66,2.8373,0.375,-61.827
66,2.8373,0.4688,-62.832
66,2.8373,0.5625,-68.046
66,2.8373,0.6562,-68.694
66,2.8373,0.75,-73.051
66,2.8373,0.8438,-66.731
66,2.8373,0.9375,-76.055
66,2.8373,1.0312,-81.081
66,2.8373,1.125,-76.172
66,2.8373,1.2188,-75.228
66,2.8373,1.3125,-68.545
66,2.8373,1.4062,-78.531
66,2.8373,1.5,-72.015
66,2.8373,1.5938,-68.621
66,2.8373,1.6875,-69.453
66,2.8373,1.7812,-79.178
66,2.8373,1.875,-70.313
66,2.8373,1.9688,-87.108
66,2.8373,2.0625,-77.501
66,2.8373,2.1562,-80.788
66,2.8373,2.25,-72.161
66,2.8373,2.3438,-80.463
66,2.8373,2.4375,-78.538
66,2.8373,2.5312,-75.532
66,2.8373,2.625,-79.723
66,2.8373,2.7188,-84.773
66,2.8373,2.8125,-78.218
66,2.8373,2.9062,-85.889
66,2.8373,3.0,-83.985
66,2.8373,3.0938,-81.755
66,2.8373,3.1875,-83.874
66,2.8373,3.2812,-86.37
66,2.8373,3.375,-85.979
66,2.8373,3.4688,-80.239
66,2.8373,3.5625,-78.536
66,2.8373,3.6562,-82.062
66,2.8373,3.75,-85.164
66,2.8373,3.8438,-90.449
66,2.8373,3.9375,-91.477
66,2.8373,4.0312,-83.102
66,2.8373,4.125,-82.849
66,2.8373,4.2188,-88.806
66,2.8373,4.3125,-91.056
66,2.8373,4.4062,-87.829
66,2.8373,4.5,-81.887
66,2.8373,4.5938,-81.591
66,2.8373,4.6875,-88.37
66,2.8373,4.7812,-85.42
66,2.8373,4.875,-77.089
66,2.8373,4.9688,-80.701
66,2.8373,5.0625,-91.447
66,2.8373,5.1562,-83.683
66,2.8373,5.25,-89.759
66,2.8373,5.3438,-80.429
66,2.8373,5.4375,-85.607
66,2.8373,5.5312,-81.84
66,2.8373,5.625,-91.575
66,2.8373,5.7188,-80.476
66,2.8373,5.8125,-81.001
66,2.8373,5.9062,-97.91
66,2.8373,6.0,-83.81
66,2.8373,6.0938,-89.637
66,2.8373,6.1875,-87.052
66,2.8373,6.2812,-90.389
66,2.8373,6.375,-91.709
66,2.8373,6.4688,-76.664
66,2.8373,6.5625,-83.423
66,2.8373,6.6562,-80.244
66,2.8373,6.75,-86.889
66,2.8373,6.8438,-77.928
66,2.8373,6.9375,-90.681
66,2.8373,7.0312,-88.841
66,2.8373,7.125,-85.194
66,2.8373,7.2188,-96.753
66,2.8373,7.3125,-90.999
66,2.8373,7.4062,-86.701
66,2.8373,7.5,-78.476
66,2.8373,7.5938,-89.053
66,2.8373,7.6875,-83.682
66,2.8373,7.7812,-84.156
66,2.8373,7.875,-89.742
66,2.8373,7.9688,-82.96
66,2.8373,8.0625,-83.436
66,2.8373,8.1562,-88.319
66,2.8373,8.25,-91.325
66,2.8373,8.3438,-95.825
66,2.8373,8.4375,-90.451
66,2.8373,8.5312,-87.437
66,2.8373,8.625,-89.574
66,2.8373,8.7188,-85.999
66,2.8373,8.8125,-81.52
66,2.8373,8.9062,-81.182
66,2.8373,9.0,-86.415
66,2.8373,9.0938,-83.468
66,2.8373,9.1875,-86.756
66,2.8373,9.2812,-99.874
66,2.8373,9.375,-87.536
66,2.8373,9.4688,-84.656
66,2.8373,9.5625,-80.743
66,2.8373,9.6562,-82.549
66,2.8373,9.75,-86.127
66,2.8373,9.8438,-90.563
66,2.8373,9.9375,-86.711
66,2.8373,10.0312,-96.846
66,2.8373,10.125,-98.065
66,2.8373,10.2188,-94.566
66,2.8373,10.3125,-87.117
66,2.8373,10.4062,-91.442
66,2.8373,10.5,-93.156
66,2.8373,10.5938,-89.721
66,2.8373,10.6875,-89.982
66,2.8373,10.7812,-87.058
66,2.8373,10.875,-88.424
66,2.8373,10.9688,-93.04
66,2.8373,11.0625,-95.78
66,2.8373,11.1562,-81.449
66,2.8373,11.25,-84.436
66,2.8373,11.3438,-92.272
66,2.8373,11.4375,-98.74
66,2.8373,11.5312,-93.993
66,2.8373,11.625,-91.359
66,2.8373,11.7188,-97.969
66,2.8373,11.8125,-92.686
66,2.8373,11.9062,-91.668
66,2.8373,12.0,-89.37
66,2.8373,12.0938,-96.864
66,2.8373,12.1875,-92.659
66,2.8373,12.2812,-90.794
66,2.8373,12.375,-99.261
66,2.8373,12.4688,-92.742
66,2.8373,12.5625,-92.842
66,2.8373,12.6562,-88.288
66,2.8373,12.75,-90.646
66,2.8373,12.8438,-92.089
66,2.8373,12.9375,-95.6
66,2.8373,13.0312,-92.775
66,2.8373,13.125,-88.354
66,2.8373,13.2188,-96.884
66,2.8373,13.3125,-98.37
66,2.8373,13.4062,-98.824
66,2.8373,13.5,-98.874
66,2.8373,13.5938,-94.415
66,2.8373,13.6875,-97.614
66,2.8373,13.7812,-95.668
66,2.8373,13.875,-97.129
66,2.8373,13.9688,-94.684
66,2.8373,14.0625,-98.138
66,2.8373,14.1562,-94.958
66,2.8373,14.25,-91.171
66,2.8373,14.3438,-93.89
66,2.8373,14.4375,-85.251
66,2.8373,14.5312,-95.135
66,2.8373,14.625,-94.307
66,2.8373,14.7188,-90.704
66,2.8373,14.8125,-98.716
66,2.8373,14.9062,-90.992
66,2.8373,15.0,-97.146
66,2.8373,15.0938,-98.706
66,2.8373,15.1875,-98.703
66,2.8373,15.2812,-94.87
66,2.8373,15.375,-90.838
66,2.8373,15.4688,-93.005
66,2.8373,15.5625,-91.365
66,2.8373,15.6562,-94.614
66,2.8373,15.75,-96.86
66,2.8373,15.8438,-96.744
66,2.8373,15.9375,-89.192
67,2.88,0.0,-77.713
67,2.88,0.0938,-60.306
67,2.88,0.1875,-59.734
67,2.88,0.2812,-75.907
67,2.88,0.375,-63.483
67,2.88,0.4688,-68.248
67,2.88,0.5625,-65.497
67,2.88,0.6562,-70.434
67,2.88,0.75,-73.527
67,2.88,0.8438,-64.862
67,2.88,0.9375,-78.39
67,2.88,1.0312,-77.343
67,2.88,1.125,-88.275
67,2.88,1.2188,-78.159
67,2.88,1.3125,-68.248
67,2.88,1.4062,-82.201
67,2.88,1.5,-68.655
67,2.88,1.5938,-69.938
67,2.88,1.6875,-81.273
67,2.88,1.7812,-70.835
67,2.88,1.875,-73.554
67,2.88,1.9688,-81.0
67,2.88,2.0625,-76.197
67,2.88,2.1562,-82.034
67,2.88,2.25,-76.577
67,2.88,2.3438,-75.795
67,2.88,2.4375,-77.847
67,2.88,2.5312,-81.037
67,2.88,2.625,-85.79
67,2.88,2.7188,-78.009
67,2.88,2.8125,-80.385
67,2.88,2.9062,-96.003
67,2.88,3.0,-82.806
67,2.88,3.0938,-82.364
67,2.88,3.1875,-75.675
67,2.88,3.2812,-84.059
67,2.88,3.375,-83.899
67,2.88,3.4688,-81.642
67,2.88,3.5625,-78.428
67,2.88,3.6562,-84.694
67,2.88,3.75,-81.19
67,2.88,3.8438,-85.07
67,2.88,3.9375,-78.755
67,2.88,4.0312,-84.433
67,2.88,4.125,-97.194
67,2.88,4.2188,-90.35
67,2.88,4.3125,-91.236
67,2.88,4.4062,-91.169
67,2.88,4.5,-98.742
67,2.88,4.5938,-82.211
67,2.88,4.6875,-75.517
67,2.88,4.7812,-82.913
67,2.88,4.875,-76.449
67,2.88,4.9688,-78.627
67,2.88,5.0625,-73.835
67,2.88,5.1562,-91.754
67,2.88,5.25,-96.308
67,2.88,5.3438,-93.248
67,2.88,5.4375,-87.439
67,2.88,5.5312,-90.348
67,2.88,5.625,-94.296
67,2.88,5.7188,-79.727
67,2.88,5.8125,-77.428
67,2.88,5.9062,-78.293
67,2.88,6.0,-85.172
67,2.88,6.0938,-89.548
67,2.88,6.1875,-84.569
67,2.88,6.2812,-87.261
67,2.88,6.375,-88.951
67,2.88,6.4688,-81.306
67,2.88,6.5625,-79.69
67,2.88,6.6562,-80.459
67,2.88,6.75,-76.798
67,2.88,6.8438,-85.152
67,2.88,6.9375,-80.816
67,2.88,7.0312,-83.734
67,2.88,7.125,-91.665
67,2.88,7.2188,-82.069
67,2.88,7.3125,-81.243
67,2.88,7.4062,-91.881
67,2.88,7.5,-89.311
67,2.88,7.5938,-87.109
67,2.88,7.6875,-88.665
67,2.88,7.7812,-96.903
67,2.88,7.875,-84.528
67,2.88,7.9688,-82.733
67,2.88,8.0625,-82.435
67,2.88,8.1562,-93.745
67,2.88,8.25,-88.585
67,2.88,8.3438,-95.633
67,2.88,8.4375,-86.281
67,2.88,8.5312,-88.193
67,2.88,8.625,-87.147
67,2.88,8.7188,-92.146
67,2.88,8.8125,-82.68
67,2.88,8.9062,-83.489
67,2.88,9.0,-88.981
67,2.88,9.0938,-79.104
67,2.88,9.1875,-86.248
67,2.88,9.2812,-98.418
67,2.88,9.375,-86.467
67,2.88,9.4688,-81.481
67,2.88,9.5625,-78.795
67,2.88,9.6562,-91.841
67,2.88,9.75,-88.191
67,2.88,9.8438,-83.962
67,2.88,9.9375,-86.494
67,2.88,10.0312,-94.454
67,2.88,10.125,-85.861
67,2.88,10.2188,-83.779
67,2.88,10.3125,-79.599
67,2.88,10.4062,-86.799
67,2.88,10.5,-86.061
67,2.88,10.5938,-86.765
67,2.88,10.6875,-85.433
67,2.88,10.7812,-88.399
67,2.88,10.875,-91.65
67,2.88,10.9688,-90.96
67,2.88,11.0625,-93.574
67,2.88,11.1562,-99.674
67,2.88,11.25,-98.65
67,2.88,11.3438,-96.623
67,2.88,11.4375,-92.533
67,2.88,11.5312,-99.297
67,2.88,11.625,-97.579
67,2.88,11.7188,-95.178
67,2.88,11.8125,-96.992
67,2.88,11.9062,-97.849
67,2.88,12.0,-96.213
67,2.88,12.0938,-98.16
67,2.88,12.1875,-99.69
67,2.88,12.2812,-98.952
67,2.88,12.375,-97.202
67,2.88,12.4688,-99.404
67,2.88,12.5625,-99.134
67,2.88,12.6562,-99.947
67,2.88,12.75,-98.502
67,2.88,12.8438,-98.38
67,2.88,12.9375,-96.602
67,2.88,13.0312,-97.277
67,2.88,13.125,-94.178
67,2.88,13.2188,-97.189
67,2.88,13.3125,-99.365
67,2.88,13.4062,-97.62
67,2.88,13.5,-99.518
67,2.88,13.5938,-98.323
67,2.88,13.6875,-99.225
67,2.88,13.7812,-96.397
67,2.88,13.875,-99.807
67,2.88,13.9688,-99.413
67,2.88,14.0625,-97.619
67,2.88,14.1562,-96.857
67,2.88,14.25,-98.208
67,2.88,14.3438,-99.16
67,2.88,14.4375,-99.457
67,2.88,14.5312,-98.597
67,2.88,14.625,-99.661
67,2.88,14.7188,-99.71
67,2.88,14.8125,-99.85
67,2.88,14.9062,-98.077
67,2.88,15.0,-99.283
67,2.88,15.0938,-99.906
67,2.88,15.1875,-98.736
67,2.88,15.2812,-99.905
67,2.88,15.375,-99.601
67,2.88,15.4688,-99.888
67,2.88,15.5625,-99.243
67,2.88,15.6562,-99.995
67,2.88,15.75,-99.827
67,2.88,15.8438,-97.287
67,2.88,15.9375,-99.551
68,2.9227,0.0,-83.197
68,2.9227,0.0938,-70.343
68,2.9227,0.1875,-61.991
68,2.9227,0.2812,-72.208
68,2.9227,0.375,-65.306
68,2.9227,0.4688,-62.506
68,2.9227,0.5625,-68.076
68,2.9227,0.6562,-79.686
68,2.9227,0.75,-76.59
68,2.9227,0.8438,-70.026
68,2.9227,0.9375,-73.686
68,2.9227,1.0312,-79.912
68,2.9227,1.125,-79.028
68,2.9227,1.2188,-91.072
68,2.9227,1.3125,-57.478
68,2.9227,1.4062,-83.274
68,2.9227,1.5,-69.717
68,2.9227,1.5938,-74.029
68,2.9227,1.6875,-73.474
68,2.9227,1.7812,-69.734
68,2.9227,1.875,-94.239
68,2.9227,1.9688,-85.79
68,2.9227,2.0625,-87.65
68,2.9227,2.1562,-76.189
68,2.9227,2.25,-76.894
68,2.9227,2.3438,-80.029
68,2.9227,2.4375,-79.344
68,2.9227,2.5312,-83.229
68,2.9227,2.625,-93.059
68,2.9227,2.7188,-89.462
68,2.9227,2.8125,-79.401
68,2.9227,2.9062,-83.656
68,2.9227,3.0,-80.342
68,2.9227,3.0938,-83.938
68,2.9227,3.1875,-87.952
68,2.9227,3.2812,-82.809
68,2.9227,3.375,-87.268
68,2.9227,3.4688,-87.438
68,2.9227,3.5625,-90.383
68,2.9227,3.6562,-92.721
68,2.9227,3.75,-81.113
68,2.9227,3.8438,-87.863
68,2.9227,3.9375,-86.921
68,2.9227,4.0312,-83.595
68,2.9227,4.125,-95.197
68,2.9227,4.2188,-87.415
68,2.9227,4.3125,-95.423
68,2.9227,4.4062,-86.676
68,2.9227,4.5,-87.388
68,2.9227,4.5938,-88.296
68,2.9227,4.6875,-90.648
68,2.9227,4.7812,-76.469
68,2.9227,4.875,-83.535
68,2.9227,4.9688,-87.257
68,2.9227,5.0625,-85.763
68,2.9227,5.1562,-85.169
68,2.9227,5.25,-89.36
68,2.9227,5.3438,-85.181
68,2.9227,5.4375,-92.597
68,2.9227,5.5312,-83.812
68,2.9227,5.625,-91.274
68,2.9227,5.7188,-85.5
68,2.9227,5.8125,-87.985
68,2.9227,5.9062,-86.002
68,2.9227,6.0,-95.305
68,2.9227,6.0938,-92.771
68,2.9227,6.1875,-85.606
68,2.9227,6.2812,-98.846
68,2.9227,6.375,-78.771
68,2.9227,6.4688,-93.464
68,2.9227,6.5625,-95.128
68,2.9227,6.6562,-86.357
68,2.9227,6.75,-81.888
68,2.9227,6.8438,-80.994
68,2.9227,6.9375,-87.217
68,2.9227,7.0312,-80.016
68,2.9227,7.125,-82.99
68,2.9227,7.2188,-91.776
68,2.9227,7.3125,-88.009
68,2.9227,7.4062,-85.663
68,2.9227,7.5,-94.276
68,2.9227,7.5938,-82.572
68,2.9227,7.6875,-86.423
68,2.9227,7.7812,-91.542
68,2.9227,7.875,-80.696
68,2.9227,7.9688,-88.34
68,2.9227,8.0625,-87.247
68,2.9227,8.1562,-94.743
68,2.9227,8.25,-92.755
68,2.9227,8.3438,-89.832
68,2.9227,8.4375,-89.881
68,2.9227,8.5312,-84.642
68,2.9227,8.625,-90.049
68,2.9227,8.7188,-89.887
68,2.9227,8.8125,-86.852
68,2.9227,8.9062,-98.99
68,2.9227,9.0,-84.809
68,2.9227,9.0938,-94.648
68,2.9227,9.1875,-87.075
68,2.9227,9.2812,-91.583
68,2.9227,9.375,-82.971
68,2.9227,9.4688,-86.446
68,2.9227,9.5625,-95.312
68,2.9227,9.6562,-83.519
68,2.9227,9.75,-87.569
68,2.9227,9.8438,-89.821
68,2.9227,9.9375,-89.527
68,2.9227,10.0312,-96.946
68,2.9227,10.125,-98.542
68,2.9227,10.2188,-97.6
68,2.9227,10.3125,-90.983
68,2.9227,10.4062,-90.301
68,2.9227,10.5,-94.003
68,2.9227,10.5938,-94.089
68,2.9227,10.6875,-92.642
68,2.9227,10.7812,-98.456
68,2.9227,10.875,-97.768
68,2.9227,10.9688,-94.109
68,2.9227,11.0625,-94.402
68,2.9227,11.1562,-98.454
68,2.9227,11.25,-99.559
68,2.9227,11.3438,-96.623
68,2.9227,11.4375,-95.084
68,2.9227,11.5312,-98.557
68,2.9227,11.625,-95.545
68,2.9227,11.7188,-92.578
68,2.9227,11.8125,-95.781
68,2.9227,11.9062,-96.581
68,2.9227,12.0,-99.855
68,2.9227,12.0938,-98.339
68,2.9227,12.1875,-96.714
68,2.9227,12.2812,-97.139
68,2.9227,12.375,-97.298
68,2.9227,12.4688,-99.394
68,2.9227,12.5625,-96.616
68,2.9227,12.6562,-90.58
68,2.9227,12.75,-95.883
68,2.9227,12.8438,-96.21
68,2.9227,12.9375,-99.037
68,2.9227,13.0312,-99.006
68,2.9227,13.125,-98.344
68,2.9227,13.2188,-98.752
68,2.9227,13.3125,-94.814
68,2.9227,13.4062,-98.991
68,2.9227,13.5,-99.586
68,2.9227,13.5938,-99.393
68,2.9227,13.6875,-99.55
68,2.9227,13.7812,-99.617
68,2.9227,13.875,-99.418
68,2.9227,13.9688,-98.09
68,2.9227,14.0625,-98.775
68,2.9227,14.1562,-98.486
68,2.9227,14.25,-99.924
68,2.9227,14.3438,-98.052
68,2.9227,14.4375,-99.679
68,2.9227,14.5312,-99.928
68,2.9227,14.625,-99.75
68,2.9227,14.7188,-99.772
68,2.9227,14.8125,-99.362
68,2.9227,14.9062,-99.836
68,2.9227,15.0,-99.516
68,2.9227,15.0938,-99.92
68,2.9227,15.1875,-99.313
68,2.9227,15.2812,-99.906
68,2.9227,15.375,-99.568
68,2.9227,15.4688,-99.864
68,2.9227,15.5625,-99.83
68,2.9227,15.6562,-99.848
68,2.9227,15.75,-99.847
68,2.9227,15.8438,-99.679
68,2.9227,15.9375,-99.999
69,2.9653,0.0,-97.454
69,2.9653,0.0938,-74.945
69,2.9653,0.1875,-56.943
69,2.9653,0.2812,-65.305
69,2.9653,0.375,-63.728
69,2.9653,0.4688,-64.515
69,2.9653,0.5625,-67.462
69,2.9653,0.6562,-68.599
69,2.9653,0.75,-72.919
69,2.9653,0.8438,-69.216
69,2.9653,0.9375,-79.572
69,2.9653,1.0312,-79.617
69,2.9653,1.125,-83.981
69,2.9653,1.2188,-81.751
69,2.9653,1.3125,-64.831
69,2.9653,1.4062,-87.362
69,2.9653,1.5,-73.845
69,2.9653,1.5938,-79.347
69,2.9653,1.6875,-71.325
69,2.9653,1.7812,-80.368
69,2.9653,1.875,-70.28
69,2.9653,1.9688,-80.015
69,2.9653,2.0625,-82.666
69,2.9653,2.1562,-78.482
69,2.9653,2.25,-84.493
69,2.9653,2.3438,-79.33
69,2.9653,2.4375,-87.041
69,2.9653,2.5312,-81.889
69,2.9653,2.625,-88.459
69,2.9653,2.7188,-82.1
69,2.9653,2.8125,-84.646
69,2.9653,2.9062,-83.579
69,2.9653,3.0,-89.448
69,2.9653,3.0938,-76.909
69,2.9653,3.1875,-89.688
69,2.9653,3.2812,-88.72
69,2.9653,3.375,-87.862
69,2.9653,3.4688,-89.022
69,2.9653,3.5625,-91.191
69,2.9653,3.6562,-92.932
69,2.9653,3.75,-82.247
69,2.9653,3.8438,-93.784
69,2.9653,3.9375,-89.882
69,2.9653,4.0312,-89.737
69,2.9653,4.125,-86.216
69,2.9653,4.2188,-98.36
69,2.9653,4.3125,-91.69
69,2.9653,4.4062,-87.408
69,2.9653,4.5,-86.242
69,2.9653,4.5938,-87.115
69,2.9653,4.6875,-85.082
69,2.9653,4.7812,-98.378
69,2.9653,4.875,-99.612
69,2.9653,4.9688,-93.734
69,2.9653,5.0625,-89.325
69,2.9653,5.1562,-91.269
69,2.9653,5.25,-98.103
69,2.9653,5.3438,-89.457
69,2.9653,5.4375,-87.407
69,2.9653,5.5312,-88.939
69,2.9653,5.625,-85.414
69,2.9653,5.7188,-88.672
69,2.9653,5.8125,-94.134
69,2.9653,5.9062,-90.192
69,2.9653,6.0,-94.433
69,2.9653,6.0938,-92.279
69,2.9653,6.1875,-96.819
69,2.9653,6.2812,-97.373
69,2.9653,6.375,-91.291
69,2.9653,6.4688,-91.429
69,2.9653,6.5625,-86.441
69,2.9653,6.6562,-86.404
69,2.9653,6.75,-85.856
69,2.9653,6.8438,-91.537
69,2.9653,6.9375,-92.321
69,2.9653,7.0312,-93.891
69,2.9653,7.125,-94.26
69,2.9653,7.2188,-89.99
69,2.9653,7.3125,-95.26
69,2.9653,7.4062,-90.978
69,2.9653,7.5,-91.204
69,2.9653,7.5938,-95.24
69,2.9653,7.6875,-96.887
69,2.9653,7.7812,-94.718
69,2.9653,7.875,-85.422
69,2.9653,7.9688,-88.054
69,2.9653,8.0625,-91.301
69,2.9653,8.1562,-97.903
69,2.9653,8.25,-95.67
69,2.9653,8.3438,-99.843
69,2.9653,8.4375,-98.712
69,2.9653,8.5312,-99.312
69,2.9653,8.625,-99.237
69,2.9653,8.7188,-97.782
69,2.9653,8.8125,-96.324
69,2.9653,8.9062,-99.212
69,2.9653,9.0,-96.641
69,2.9653,9.0938,-94.563
69,2.9653,9.1875,-93.914
69,2.9653,9.2812,-99.565
69,2.9653,9.375,-96.123
69,2.9653,9.4688,-98.273
69,2.9653,9.5625,-95.726
69,2.9653,9.6562,-97.595
69,2.9653,9.75,-97.026
69,2.9653,9.8438,-94.593
69,2.9653,9.9375,-99.554
69,2.9653,10.0312,-97.438
69,2.9653,10.125,-94.37
69,2.9653,10.2188,-87.471
69,2.9653,10.3125,-92.044
69,2.9653,10.4062,-99.962
69,2.9653,10.5,-90.845
69,2.9653,10.5938,-94.778
69,2.9653,10.6875,-96.162
69,2.9653,10.7812,-98.128
69,2.9653,10.875,-97.344
69,2.9653,10.9688,-97.448
69,2.9653,11.0625,-98.024
69,2.9653,11.1562,-97.518
69,2.9653,11.25,-96.163
69,2.9653,11.3438,-99.887
69,2.9653,11.4375,-97.246
69,2.9653,11.5312,-99.102
69,2.9653,11.625,-99.641
69,2.9653,11.7188,-99.281
69,2.9653,11.8125,-99.533
69,2.9653,11.9062,-99.734
69,2.9653,12.0,-99.912
69,2.9653,12.0938,-99.713
69,2.9653,12.1875,-98.581
69,2.9653,12.2812,-99.899
69,2.9653,12.375,-99.001
69,2.9653,12.4688,-99.636
69,2.9653,12.5625,-99.734
69,2.9653,12.6562,-99.41
69,2.9653,12.75,-99.757
69,2.9653,12.8438,-98.43
69,2.9653,12.9375,-98.618
69,2.9653,13.0312,-98.67
69,2.9653,13.125,-98.899
69,2.9653,13.2188,-99.872
69,2.9653,13.3125,-98.24
69,2.9653,13.4062,-98.736
69,2.9653,13.5,-96.526
69,2.9653,13.5938,-97.747
69,2.9653,13.6875,-99.59
69,2.9653,13.7812,-99.869
69,2.9653,13.875,-99.309
69,2.9653,13.9688,-99.966
69,2.9653,14.0625,-99.994
69,2.9653,14.1562,-99.975
69,2.9653,14.25,-99.515
69,2.9653,14.3438,-99.75
69,2.9653,14.4375,-99.651
69,2.9653,14.5312,-99.714
69,2.9653,14.625,-99.806
69,2.9653,14.7188,-99.889
69,2.9653,14.8125,-99.975
69,2.9653,14.9062,-99.958
69,2.9653,15.0,-99.992
69,2.9653,15.0938,-99.858
69,2.9653,15.1875,-99.994
69,2.9653,15.2812,-99.991
69,2.9653,15.375,-99.91
69,2.9653,15.4688,-99.73
69,2.9653,15.5625,-99.641
69,2.9653,15.6562,-99.878
69,2.9653,15.75,-99.924
69,2.9653,15.8438,-99.907
69,2.9653,15.9375,-99.966
70,3.008,0.0,-87.375
70,3.008,0.0938,-74.695
70,3.008,0.1875,-55.318
70,3.008,0.2812,-65.875
70,3.008,0.375,-63.288
70,3.008,0.4688,-63.132
70,3.008,0.5625,-76.234
70,3.008,0.6562,-80.187
70,3.008,0.75,-76.52
70,3.008,0.8438,-87.111
70,3.008,0.9375,-79.552
70,3.008,1.0312,-87.938
70,3.008,1.125,-85.639
70,3.008,1.2188,-92.51
70,3.008,1.3125,-73.782
70,3.008,1.4062,-84.568
70,3.008,1.5,-72.839
70,3.008,1.5938,-83.853
70,3.008,1.6875,-74.066
70,3.008,1.7812,-76.368
70,3.008,1.875,-72.788
70,3.008,1.9688,-85.484
70,3.008,2.0625,-80.203
70,3.008,2.1562,-84.161
70,3.008,2.25,-78.13
70,3.008,2.3438,-92.211
70,3.008,2.4375,-88.028
70,3.008,2.5312,-82.546
70,3.008,2.625,-92.714
70,3.008,2.7188,-89.758
70,3.008,2.8125,-94.673
70,3.008,2.9062,-90.599
70,3.008,3.0,-87.965
70,3.008,3.0938,-82.486
70,3.008,3.1875,-95.056
70,3.008,3.2812,-97.912
70,3.008,3.375,-98.456
70,3.008,3.4688,-94.376
70,3.008,3.5625,-93.9
70,3.008,3.6562,-99.01
70,3.008,3.75,-91.942
70,3.008,3.8438,-98.841
70,3.008,3.9375,-97.623
70,3.008,4.0312,-92.105
70,3.008,4.125,-94.131
70,3.008,4.2188,-98.229
70,3.008,4.3125,-95.869
70,3.008,4.4062,-95.616
70,3.008,4.5,-96.935
70,3.008,4.5938,-96.458
70,3.008,4.6875,-97.263
70,3.008,4.7812,-98.912
70,3.008,4.875,-95.318
70,3.008,4.9688,-95.14
70,3.008,5.0625,-98.622
70,3.008,5.1562,-98.273
70,3.008,5.25,-92.363
70,3.008,5.3438,-95.732
70,3.008,5.4375,-90.783
70,3.008,5.5312,-96.005
70,3.008,5.625,-99.778
70,3.008,5.7188,-99.791
70,3.008,5.8125,-94.488
70,3.008,5.9062,-99.594
70,3.008,6.0,-99.675
70,3.008,6.0938,-96.669
70,3.008,6.1875,-92.12
70,3.008,6.2812,-91.246
70,3.008,6.375,-94.942
70,3.008,6.4688,-92.286
70,3.008,6.5625,-98.262
70,3.008,6.6562,-98.066
70,3.008,6.75,-99.084
70,3.008,6.8438,-98.787
70,3.008,6.9375,-94.942
70,3.008,7.0312,-99.584
70,3.008,7.125,-96.229
70,3.008,7.2188,-96.672
70,3.008,7.3125,-99.567
70,3.008,7.4062,-98.1
70,3.008,7.5,-93.802
70,3.008,7.5938,-94.75
70,3.008,7.6875,-99.781
70,3.008,7.7812,-97.197
70,3.008,7.875,-99.104
70,3.008,7.9688,-98.074
70,3.008,8.0625,-97.459
70,3.008,8.1562,-98.139
70,3.008,8.25,-99.625
70,3.008,8.3438,-99.194
70,3.008,8.4375,-99.816
70,3.008,8.5312,-95.223
70,3.008,8.625,-99.279
70,3.008,8.7188,-98.206
70,3.008,8.8125,-98.106
70,3.008,8.9062,-99.605
70,3.008,9.0,-97.556
70,3.008,9.0938,-98.254
70,3.008,9.1875,-98.471
70,3.008,9.2812,-99.663
70,3.008,9.375,-99.026
70,3.008,9.4688,-98.972
70,3.008,9.5625,-99.175
70,3.008,9.6562,-99.601
70,3.008,9.75,-99.174
70,3.008,9.8438,-99.918
70,3.008,9.9375,-99.732
70,3.008,10.0312,-99.881
70,3.008,10.125,-99.079
70,3.008,10.2188,-99.952
70,3.008,10.3125,-99.656
70,3.008,10.4062,-95.168
70,3.008,10.5,-99.528
70,3.008,10.5938,-98.885
70,3.008,10.6875,-97.722
70,3.008,10.7812,-99.768
70,3.008,10.875,-99.286
70,3.008,10.9688,-99.949
70,3.008,11.0625,-99.671
70,3.008,11.1562,-99.754
70,3.008,11.25,-99.753
70,3.008,11.3438,-99.332
70,3.008,11.4375,-99.875
70,3.008,11.5312,-99.961
70,3.008,11.625,-100.0
70,3.008,11.7188,-99.307
70,3.008,11.8125,-99.671
70,3.008,11.9062,-99.672
70,3.008,12.0,-98.769
70,3.008,12.0938,-99.964
70,3.008,12.1875,-99.634
70,3.008,12.2812,-99.986
70,3.008,12.375,-99.744
70,3.008,12.4688,-99.915
70,3.008,12.5625,-99.691
70,3.008,12.6562,-99.927
70,3.008,12.75,-99.144
70,3.008,12.8438,-99.545
70,3.008,12.9375,-99.832
70,3.008,13.0312,-99.915
70,3.008,13.125,-99.967
70,3.008,13.2188,-99.919
70,3.008,13.3125,-99.979
70,3.008,13.4062,-99.975
70,3.008,13.5,-99.715
70,3.008,13.5938,-99.779
70,3.008,13.6875,-99.659
70,3.008,13.7812,-99.421
70,3.008,13.875,-99.715
70,3.008,13.9688,-99.923
70,3.008,14.0625,-99.917
70,3.008,14.1562,-99.959
70,3.008,14.25,-99.979
70,3.008,14.3438,-99.967
70,3.008,14.4375,-99.826
70,3.008,14.5312,-99.97
70,3.008,14.625,-99.818
70,3.008,14.7188,-99.941
70,3.008,14.8125,-99.782
70,3.008,14.9062,-99.963
70,3.008,15.0,-99.931
70,3.008,15.0938,-99.947
70,3.008,15.1875,-99.9
70,3.008,15.2812,-99.918
70,3.008,15.375,-99.981
70,3.008,15.4688,-99.956
70,3.008,15.5625,-99.967
70,3.008,15.6562,-99.988
70,3.008,15.75,-99.998
70,3.008,15.8438,-99.904
70,3.008,15.9375,-99.988
71,3.0507,0.0,-99.835
71,3.0507,0.0938,-74.18
71,3.0507,0.1875,-78.7
71,3.0507,0.2812,-71.878
71,3.0507,0.375,-76.266
71,3.0507,0.4688,-65.967
71,3.0507,0.5625,-80.891
71,3.0507,0.6562,-75.03
71,3.0507,0.75,-71.509
71,3.0507,0.8438,-79.777
71,3.0507,0.9375,-90.659
71,3.0507,1.0312,-85.613
71,3.0507,1.125,-81.62
71,3.0507,1.2188,-92.308
71,3.0507,1.3125,-65.826
71,3.0507,1.4062,-85.628
71,3.0507,1.5,-77.753
71,3.0507,1.5938,-85.54
71,3.0507,1.6875,-73.906
71,3.0507,1.7812,-79.257
71,3.0507,1.875,-71.594
71,3.0507,1.9688,-95.185
71,3.0507,2.0625,-85.801
71,3.0507,2.1562,-78.463
71,3.0507,2.25,-82.897
71,3.0507,2.3438,-90.524
71,3.0507,2.4375,-87.76
71,3.0507,2.5312,-78.14
71,3.0507,2.625,-98.569
71,3.0507,2.7188,-89.878
71,3.0507,2.8125,-88.144
71,3.0507,2.9062,-91.033
71,3.0507,3.0,-99.963
71,3.0507,3.0938,-83.543
71,3.0507,3.1875,-96.949
71,3.0507,3.2812,-98.774
71,3.0507,3.375,-95.383
71,3.0507,3.4688,-96.36
71,3.0507,3.5625,-93.358
71,3.0507,3.6562,-96.845
71,3.0507,3.75,-92.584
71,3.0507,3.8438,-98.817
71,3.0507,3.9375,-95.412
71,3.0507,4.0312,-93.431
71,3.0507,4.125,-97.374
71,3.0507,4.2188,-99.432
71,3.0507,4.3125,-99.69
71,3.0507,4.4062,-97.508
71,3.0507,4.5,-98.603
71,3.0507,4.5938,-99.38
71,3.0507,4.6875,-97.726
71,3.0507,4.7812,-98.981
71,3.0507,4.875,-99.003
71,3.0507,4.9688,-98.861
71,3.0507,5.0625,-98.072
71,3.0507,5.1562,-99.492
71,3.0507,5.25,-98.429
71,3.0507,5.3438,-99.846
71,3.0507,5.4375,-92.499
71,3.0507,5.5312,-99.486
71,3.0507,5.625,-99.28
71,3.0507,5.7188,-99.835
71,3.0507,5.8125,-99.934
71,3.0507,5.9062,-97.167
71,3.0507,6.0,-99.912
71,3.0507,6.0938,-96.584
71,3.0507,6.1875,-99.626
71,3.0507,6.2812,-91.503
71,3.0507,6.375,-99.488
71,3.0507,6.4688,-99.46
71,3.0507,6.5625,-98.624
71,3.0507,6.6562,-98.966
71,3.0507,6.75,-99.997
71,3.0507,6.8438,-99.568
71,3.0507,6.9375,-96.996
71,3.0507,7.0312,-99.177
71,3.0507,7.125,-99.66
71,3.0507,7.2188,-98.905
71,3.0507,7.3125,-99.264
71,3.0507,7.4062,-97.924
71,3.0507,7.5,-97.994
71,3.0507,7.5938,-99.845
71,3.0507,7.6875,-99.406
71,3.0507,7.7812,-98.486
71,3.0507,7.875,-99.92
71,3.0507,7.9688,-98.718
71,3.0507,8.0625,-99.34
71,3.0507,8.1562,-99.708
71,3.0507,8.25,-96.456
71,3.0507,8.3438,-98.863
71,3.0507,8.4375,-99.269
71,3.0507,8.5312,-99.587
71,3.0507,8.625,-99.725
71,3.0507,8.7188,-96.616
71,3.0507,8.8125,-99.396
71,3.0507,8.9062,-97.571
71,3.0507,9.0,-99.543
71,3.0507,9.0938,-97.774
71,3.0507,9.1875,-99.395
71,3.0507,9.2812,-99.833
71,3.0507,9.375,-99.846
71,3.0507,9.4688,-99.645
71,3.0507,9.5625,-99.889
71,3.0507,9.6562,-99.934
71,3.0507,9.75,-99.733
71,3.0507,9.8438,-99.925
71,3.0507,9.9375,-99.507
71,3.0507,10.0312,-99.318
71,3.0507,10.125,-99.278
71,3.0507,10.2188,-99.885
71,3.0507,10.3125,-99.952
71,3.0507,10.4062,-98.543
71,3.0507,10.5,-99.859
71,3.0507,10.5938,-99.995
71,3.0507,10.6875,-99.304
71,3.0507,10.7812,-99.626
71,3.0507,10.875,-99.654
71,3.0507,10.9688,-99.925
71,3.0507,11.0625,-99.611
71,3.0507,11.1562,-99.882
71,3.0507,11.25,-99.943
71,3.0507,11.3438,-99.793
71,3.0507,11.4375,-99.925
71,3.0507,11.5312,-99.996
71,3.0507,11.625,-99.68
71,3.0507,11.7188,-99.734
71,3.0507,11.8125,-99.994
71,3.0507,11.9062,-99.943
71,3.0507,12.0,-99.962
71,3.0507,12.0938,-99.879
71,3.0507,12.1875,-99.928
71,3.0507,12.2812,-99.733
71,3.0507,12.375,-99.954
71,3.0507,12.4688,-99.978
71,3.0507,12.5625,-99.976
71,3.0507,12.6562,-99.927
71,3.0507,12.75,-99.646
71,3.0507,12.8438,-99.639
71,3.0507,12.9375,-99.999
71,3.0507,13.0312,-99.862
71,3.0507,13.125,-99.959
71,3.0507,13.2188,-99.96
71,3.0507,13.3125,-99.721
71,3.0507,13.4062,-99.965
71,3.0507,13.5,-99.892
71,3.0507,13.5938,-99.619
71,3.0507,13.6875,-99.881
71,3.0507,13.7812,-99.902
71,3.0507,13.875,-99.763
71,3.0507,13.9688,-99.889
71,3.0507,14.0625,-99.963
71,3.0507,14.1562,-99.98
71,3.0507,14.25,-99.784
71,3.0507,14.3438,-99.546
71,3.0507,14.4375,-99.98
71,3.0507,14.5312,-99.901
71,3.0507,14.625,-99.998
71,3.0507,14.7188,-99.957
71,3.0507,14.8125,-99.977
71,3.0507,14.9062,-99.757
71,3.0507,15.0,-99.992
71,3.0507,15.0938,-99.878
71,3.0507,15.1875,-99.864
71,3.0507,15.2812,-99.992
71,3.0507,15.375,-99.985
71,3.0507,15.4688,-99.923
71,3.0507,15.5625,-99.981
71,3.0507,15.6562,-99.97
71,3.0507,15.75,-99.94
71,3.0507,15.8438,-99.91
71,3.0507,15.9375,-99.666
72,3.0933,0.0,-69.706
72,3.0933,0.0938,-74.221
72,3.0933,0.1875,-57.393
72,3.0933,0.2812,-57.449
72,3.0933,0.375,-54.897
72,3.0933,0.4688,-58.704
72,3.0933,0.5625,-67.199
72,3.0933,0.6562,-83.659
72,3.0933,0.75,-77.811
72,3.0933,0.8438,-74.16
72,3.0933,0.9375,-83.514
72,3.0933,1.0312,-90.742
72,3.0933,1.125,-78.271
72,3.0933,1.2188,-91.972
72,3.0933,1.3125,-70.885
72,3.0933,1.4062,-75.81
72,3.0933,1.5,-80.063
72,3.0933,1.5938,-63.366
72,3.0933,1.6875,-72.23
72,3.0933,1.7812,-64.048
72,3.0933,1.875,-64.114
72,3.0933,1.9688,-72.179
72,3.0933,2.0625,-72.589
72,3.0933,2.1562,-79.793
72,3.0933,2.25,-81.778
72,3.0933,2.3438,-86.618
72,3.0933,2.4375,-86.113
72,3.0933,2.5312,-88.405
72,3.0933,2.625,-99.937
72,3.0933,2.7188,-76.502
72,3.0933,2.8125,-93.804
72,3.0933,2.9062,-82.144
72,3.0933,3.0,-85.408
72,3.0933,3.0938,-82.33
72,3.0933,3.1875,-84.368
72,3.0933,3.2812,-91.684
72,3.0933,3.375,-84.045
72,3.0933,3.4688,-86.809
72,3.0933,3.5625,-86.557
72,3.0933,3.6562,-87.084
72,3.0933,3.75,-88.017
72,3.0933,3.8438,-82.204
72,3.0933,3.9375,-85.01
72,3.0933,4.0312,-83.24
72,3.0933,4.125,-78.044
72,3.0933,4.2188,-81.124
72,3.0933,4.3125,-79.855
72,3.0933,4.4062,-93.258
72,3.0933,4.5,-94.576
72,3.0933,4.5938,-97.931
72,3.0933,4.6875,-95.907
72,3.0933,4.7812,-95.995
72,3.0933,4.875,-95.176
72,3.0933,4.9688,-96.152
72,3.0933,5.0625,-99.787
72,3.0933,5.1562,-96.144
72,3.0933,5.25,-97.134
72,3.0933,5.3438,-96.068
72,3.0933,5.4375,-89.792
72,3.0933,5.5312,-96.117
72,3.0933,5.625,-93.085
72,3.0933,5.7188,-99.754
72,3.0933,5.8125,-99.025
72,3.0933,5.9062,-98.392
72,3.0933,6.0,-96.075
72,3.0933,6.0938,-99.793
72,3.0933,6.1875,-94.338
72,3.0933,6.2812,-96.421
72,3.0933,6.375,-97.656
72,3.0933,6.4688,-93.404
72,3.0933,6.5625,-98.657
72,3.0933,6.6562,-99.463
72,3.0933,6.75,-96.814
72,3.0933,6.8438,-98.281
72,3.0933,6.9375,-99.513
72,3.0933,7.0312,-96.789
72,3.0933,7.125,-98.85
72,3.0933,7.2188,-99.354
72,3.0933,7.3125,-99.974
72,3.0933,7.4062,-95.069
72,3.0933,7.5,-98.085
72,3.0933,7.5938,-98.943
72,3.0933,7.6875,-97.666
72,3.0933,7.7812,-98.419
72,3.0933,7.875,-99.756
72,3.0933,7.9688,-93.905
72,3.0933,8.0625,-99.994
72,3.0933,8.1562,-92.464
72,3.0933,8.25,-94.809
72,3.0933,8.3438,-83.941
72,3.0933,8.4375,-85.878
72,3.0933,8.5312,-91.168
72,3.0933,8.625,-89.119
72,3.0933,8.7188,-90.793
72,3.0933,8.8125,-97.54
72,3.0933,8.9062,-90.293
72,3.0933,9.0,-95.458
72,3.0933,9.0938,-91.424
72,3.0933,9.1875,-88.582
72,3.0933,9.2812,-97.689
72,3.0933,9.375,-81.203
72,3.0933,9.4688,-94.546
72,3.0933,9.5625,-89.574
72,3.0933,9.6562,-95.057
72,3.0933,9.75,-86.175
72,3.0933,9.8438,-89.464
72,3.0933,9.9375,-92.53
72,3.0933,10.0312,-86.057
72,3.0933,10.125,-95.402
72,3.0933,10.2188,-91.284
72,3.0933,10.3125,-92.243
72,3.0933,10.4062,-94.89
72,3.0933,10.5,-86.751
72,3.0933,10.5938,-88.577
72,3.0933,10.6875,-95.657
72,3.0933,10.7812,-89.892
72,3.0933,10.875,-94.863
72,3.0933,10.9688,-96.778
72,3.0933,11.0625,-97.498
72,3.0933,11.1562,-92.758
72,3.0933,11.25,-95.736
72,3.0933,11.3438,-91.338
72,3.0933,11.4375,-93.446
72,3.0933,11.5312,-90.3
72,3.0933,11.625,-85.564
72,3.0933,11.7188,-94.369
72,3.0933,11.8125,-93.288
72,3.0933,11.9062,-99.983
72,3.0933,12.0,-88.466
72,3.0933,12.0938,-94.112
72,3.0933,12.1875,-90.551
72,3.0933,12.2812,-98.241
72,3.0933,12.375,-97.981
72,3.0933,12.4688,-90.358
72,3.0933,12.5625,-95.42
72,3.0933,12.6562,-97.307
72,3.0933,12.75,-96.71
72,3.0933,12.8438,-97.045
72,3.0933,12.9375,-99.257
72,3.0933,13.0312,-88.133
72,3.0933,13.125,-94.622
72,3.0933,13.2188,-91.458
72,3.0933,13.3125,-89.868
72,3.0933,13.4062,-93.945
72,3.0933,13.5,-97.866
72,3.0933,13.5938,-96.178
72,3.0933,13.6875,-93.156
72,3.0933,13.7812,-96.915
72,3.0933,13.875,-97.73
72,3.0933,13.9688,-97.596
72,3.0933,14.0625,-98.259
72,3.0933,14.1562,-97.857
72,3.0933,14.25,-99.663
72,3.0933,14.3438,-99.985
72,3.0933,14.4375,-99.135
72,3.0933,14.5312,-99.176
72,3.0933,14.625,-99.733
72,3.0933,14.7188,-97.674
72,3.0933,14.8125,-99.362
72,3.0933,14.9062,-99.147
72,3.0933,15.0,-99.327
72,3.0933,15.0938,-99.18
72,3.0933,15.1875,-99.064
72,3.0933,15.2812,-99.483
72,3.0933,15.375,-99.978
72,3.0933,15.4688,-99.023
72,3.0933,15.5625,-99.539
72,3.0933,15.6562,-99.28
72,3.0933,15.75,-99.247
72,3.0933,15.8438,-99.887
72,3.0933,15.9375,-99.851
73,3.136,0.0,-66.412
73,3.136,0.0938,-58.4
73,3.136,0.1875,-62.54
73,3.136,0.2812,-52.909
73,3.136,0.375,-43.953
73,3.136,0.4688,-49.48
73,3.136,0.5625,-77.536
73,3.136,0.6562,-68.249
73,3.136,0.75,-74.031
73,3.136,0.8438,-66.272
73,3.136,0.9375,-75.173
73,3.136,1.0312,-70.208
73,3.136,1.125,-70.878
73,3.136,1.2188,-70.984
73,3.136,1.3125,-62.683
73,3.136,1.4062,-61.783
73,3.136,1.5,-53.323
73,3.136,1.5938,-50.162
73,3.136,1.6875,-54.136
73,3.136,1.7812,-56.484
73,3.136,1.875,-55.751
73,3.136,1.9688,-57.118
73,3.136,2.0625,-66.893
73,3.136,2.1562,-71.643
73,3.136,2.25,-76.156
73,3.136,2.3438,-74.165
73,3.136,2.4375,-83.524
73,3.136,2.5312,-87.232
73,3.136,2.625,-76.366
73,3.136,2.7188,-74.139
73,3.136,2.8125,-80.611
73,3.136,2.9062,-95.951
73,3.136,3.0,-94.101
73,3.136,3.0938,-81.246
73,3.136,3.1875,-79.703
73,3.136,3.2812,-80.248
73,3.136,3.375,-88.321
73,3.136,3.4688,-87.451
73,3.136,3.5625,-87.874
73,3.136,3.6562,-83.684
73,3.136,3.75,-83.745
73,3.136,3.8438,-85.433
73,3.136,3.9375,-89.775
73,3.136,4.0312,-84.298
73,3.136,4.125,-83.141
73,3.136,4.2188,-80.001
73,3.136,4.3125,-70.355
73,3.136,4.4062,-84.133
73,3.136,4.5,-88.657
73,3.136,4.5938,-93.961
73,3.136,4.6875,-99.523
73,3.136,4.7812,-97.09
73,3.136,4.875,-97.409
73,3.136,4.9688,-96.327
73,3.136,5.0625,-95.137
73,3.136,5.1562,-97.038
73,3.136,5.25,-95.593
73,3.136,5.3438,-98.043
73,3.136,5.4375,-91.642
73,3.136,5.5312,-99.869
73,3.136,5.625,-90.554
73,3.136,5.7188,-99.895
73,3.136,5.8125,-96.742
73,3.136,5.9062,-98.424
73,3.136,6.0,-96.891
73,3.136,6.0938,-97.187
73,3.136,6.1875,-94.638
73,3.136,6.2812,-96.015
73,3.136,6.375,-99.259
73,3.136,6.4688,-98.57
73,3.136,6.5625,-95.847
73,3.136,6.6562,-93.488
73,3.136,6.75,-96.922
73,3.136,6.8438,-98.899
73,3.136,6.9375,-99.571
73,3.136,7.0312,-99.961
73,3.136,7.125,-97.289
73,3.136,7.2188,-98.798
73,3.136,7.3125,-96.109
73,3.136,7.4062,-96.231
73,3.136,7.5,-97.267
73,3.136,7.5938,-99.412
73,3.136,7.6875,-97.692
73,3.136,7.7812,-96.177
73,3.136,7.875,-99.556
73,3.136,7.9688,-98.173
73,3.136,8.0625,-95.612
73,3.136,8.1562,-96.783
73,3.136,8.25,-98.791
73,3.136,8.3438,-90.743
73,3.136,8.4375,-84.911
73,3.136,8.5312,-80.893
73,3.136,8.625,-85.631
73,3.136,8.7188,-86.493
73,3.136,8.8125,-84.898
73,3.136,8.9062,-99.54
73,3.136,9.0,-83.515
73,3.136,9.0938,-93.25
73,3.136,9.1875,-75.469
73,3.136,9.2812,-81.365
73,3.136,9.375,-93.922
73,3.136,9.4688,-83.321
73,3.136,9.5625,-77.408
73,3.136,9.6562,-82.326
73,3.136,9.75,-82.051
73,3.136,9.8438,-83.503
73,3.136,9.9375,-87.609
73,3.136,10.0312,-82.25
73,3.136,10.125,-81.738
73,3.136,10.2188,-84.665
73,3.136,10.3125,-84.095
73,3.136,10.4062,-81.842
73,3.136,10.5,-77.937
73,3.136,10.5938,-87.717
73,3.136,10.6875,-87.411
73,3.136,10.7812,-81.591
73,3.136,10.875,-80.275
73,3.136,10.9688,-87.342
73,3.136,11.0625,-98.148
73,3.136,11.1562,-94.859
73,3.136,11.25,-90.774
73,3.136,11.3438,-83.569
73,3.136,11.4375,-86.687
73,3.136,11.5312,-88.025
73,3.136,11.625,-90.173
73,3.136,11.7188,-76.706
73,3.136,11.8125,-78.829
73,3.136,11.9062,-84.361
73,3.136,12.0,-85.94
73,3.136,12.0938,-92.635
73,3.136,12.1875,-82.33
73,3.136,12.2812,-81.16
73,3.136,12.375,-88.113
73,3.136,12.4688,-98.552
73,3.136,12.5625,-88.109
73,3.136,12.6562,-98.437
73,3.136,12.75,-91.087
73,3.136,12.8438,-98.652
73,3.136,12.9375,-93.241
73,3.136,13.0312,-85.479
73,3.136,13.125,-83.316
73,3.136,13.2188,-89.571
73,3.136,13.3125,-80.405
73,3.136,13.4062,-79.697
73,3.136,13.5,-79.504
73,3.136,13.5938,-87.775
73,3.136,13.6875,-90.18
73,3.136,13.7812,-78.981
73,3.136,13.875,-80.885
73,3.136,13.9688,-89.935
73,3.136,14.0625,-99.821
73,3.136,14.1562,-99.617
73,3.136,14.25,-98.256
73,3.136,14.3438,-91.816
73,3.136,14.4375,-87.967
73,3.136,14.5312,-90.304
73,3.136,14.625,-87.021
73,3.136,14.7188,-87.15
73,3.136,14.8125,-93.044
73,3.136,14.9062,-96.519
73,3.136,15.0,-99.773
73,3.136,15.0938,-99.548
73,3.136,15.1875,-98.121
73,3.136,15.2812,-97.454
73,3.136,15.375,-97.555
73,3.136,15.4688,-98.34
73,3.136,15.5625,-97.605
73,3.136,15.6562,-99.774
73,3.136,15.75,-97.783
73,3.136,15.8438,-98.063
73,3.136,15.9375,-97.94
74,3.1787,0.0,-71.332
74,3.1787,0.0938,-79.038
74,3.1787,0.1875,-46.465
74,3.1787,0.2812,-55.798
74,3.1787,0.375,-57.941
74,3.1787,0.4688,-51.796
74,3.1787,0.5625,-70.078
74,3.1787,0.6562,-54.261
74,3.1787,0.75,-75.135
74,3.1787,0.8438,-68.62
74,3.1787,0.9375,-71.908
74,3.1787,1.0312,-80.468
74,3.1787,1.125,-62.614
74,3.1787,1.2188,-76.635
74,3.1787,1.3125,-51.567
74,3.1787,1.4062,-57.812
74,3.1787,1.5,-60.39
74,3.1787,1.5938,-58.741
74,3.1787,1.6875,-70.847
74,3.1787,1.7812,-55.788
74,3.1787,1.875,-65.341
74,3.1787,1.9688,-58.105
74,3.1787,2.0625,-76.609
74,3.1787,2.1562,-72.52
74,3.1787,2.25,-73.897
74,3.1787,2.3438,-81.41
74,3.1787,2.4375,-80.534
74,3.1787,2.5312,-85.824
74,3.1787,2.625,-69.243
74,3.1787,2.7188,-84.122
74,3.1787,2.8125,-76.92
74,3.1787,2.9062,-77.97
74,3.1787,3.0,-79.954
74,3.1787,3.0938,-72.553
74,3.1787,3.1875,-79.461
74,3.1787,3.2812,-78.366
74,3.1787,3.375,-85.695
74,3.1787,3.4688,-86.14
74,3.1787,3.5625,-84.298
74,3.1787,3.6562,-85.938
74,3.1787,3.75,-83.821
74,3.1787,3.8438,-83.493
74,3.1787,3.9375,-86.086
74,3.1787,4.0312,-88.179
74,3.1787,4.125,-83.644
74,3.1787,4.2188,-77.169
74,3.1787,4.3125,-76.545
74,3.1787,4.4062,-80.227
74,3.1787,4.5,-86.521
74,3.1787,4.5938,-91.55
74,3.1787,4.6875,-98.823
74,3.1787,4.7812,-95.85
74,3.1787,4.875,-97.362
74,3.1787,4.9688,-98.271
74,3.1787,5.0625,-99.792
74,3.1787,5.1562,-94.803
74,3.1787,5.25,-96.415
74,3.1787,5.3438,-87.805
74,3.1787,5.4375,-93.247
74,3.1787,5.5312,-93.208
74,3.1787,5.625,-94.575
74,3.1787,5.7188,-95.495
74,3.1787,5.8125,-98.142
74,3.1787,5.9062,-98.01
74,3.1787,6.0,-98.956
74,3.1787,6.0938,-99.313
74,3.1787,6.1875,-94.976
74,3.1787,6.2812,-91.884
74,3.1787,6.375,-92.303
74,3.1787,6.4688,-86.141
74,3.1787,6.5625,-85.846
74,3.1787,6.6562,-88.63
74,3.1787,6.75,-88.59
74,3.1787,6.8438,-93.749
74,3.1787,6.9375,-97.78
74,3.1787,7.0312,-98.802
74,3.1787,7.125,-94.733
74,3.1787,7.2188,-92.291
74,3.1787,7.3125,-94.66
74,3.1787,7.4062,-87.057
74,3.1787,7.5,-88.193
74,3.1787,7.5938,-84.713
74,3.1787,7.6875,-82.145
74,3.1787,7.7812,-87.666
74,3.1787,7.875,-82.208
74,3.1787,7.9688,-94.978
74,3.1787,8.0625,-89.445
74,3.1787,8.1562,-84.473
74,3.1787,8.25,-86.233
74,3.1787,8.3438,-78.641
74,3.1787,8.4375,-79.568
74,3.1787,8.5312,-72.383
74,3.1787,8.625,-84.082
74,3.1787,8.7188,-64.252
74,3.1787,8.8125,-64.889
74,3.1787,8.9062,-69.899
74,3.1787,9.0,-69.594
74,3.1787,9.0938,-74.874
74,3.1787,9.1875,-86.739
74,3.1787,9.2812,-72.872
74,3.1787,9.375,-75.794
74,3.1787,9.4688,-69.853
74,3.1787,9.5625,-64.79
74,3.1787,9.6562,-71.482
74,3.1787,9.75,-82.593
74,3.1787,9.8438,-77.049
74,3.1787,9.9375,-76.949
74,3.1787,10.0312,-73.626
74,3.1787,10.125,-75.371
74,3.1787,10.2188,-81.96
74,3.1787,10.3125,-68.257
74,3.1787,10.4062,-70.674
74,3.1787,10.5,-67.465
74,3.1787,10.5938,-73.632
74,3.1787,10.6875,-78.371
74,3.1787,10.7812,-76.238
74,3.1787,10.875,-89.967
74,3.1787,10.9688,-87.706
74,3.1787,11.0625,-84.992
74,3.1787,11.1562,-81.301
74,3.1787,11.25,-81.962
74,3.1787,11.3438,-75.775
74,3.1787,11.4375,-71.277
74,3.1787,11.5312,-78.249
74,3.1787,11.625,-71.837
74,3.1787,11.7188,-82.836
74,3.1787,11.8125,-69.089
74,3.1787,11.9062,-76.238
74,3.1787,12.0,-71.984
74,3.1787,12.0938,-79.361
74,3.1787,12.1875,-87.169
74,3.1787,12.2812,-83.671
74,3.1787,12.375,-90.105
74,3.1787,12.4688,-79.214
74,3.1787,12.5625,-82.91
74,3.1787,12.6562,-78.496
74,3.1787,12.75,-90.375
74,3.1787,12.8438,-81.988
74,3.1787,12.9375,-78.436
74,3.1787,13.0312,-86.871
74,3.1787,13.125,-72.42
74,3.1787,13.2188,-81.478
74,3.1787,13.3125,-76.018
74,3.1787,13.4062,-78.439
74,3.1787,13.5,-78.146
74,3.1787,13.5938,-81.637
74,3.1787,13.6875,-75.761
74,3.1787,13.7812,-73.669
74,3.1787,13.875,-82.741
74,3.1787,13.9688,-78.383
74,3.1787,14.0625,-86.985
74,3.1787,14.1562,-91.78
74,3.1787,14.25,-98.646
74,3.1787,14.3438,-97.545
74,3.1787,14.4375,-96.222
74,3.1787,14.5312,-84.086
74,3.1787,14.625,-84.646
74,3.1787,14.7188,-84.607
74,3.1787,14.8125,-82.373
74,3.1787,14.9062,-97.531
74,3.1787,15.0,-92.541
74,3.1787,15.0938,-86.077
74,3.1787,15.1875,-91.655
74,3.1787,15.2812,-88.805
74,3.1787,15.375,-94.504
74,3.1787,15.4688,-87.716
74,3.1787,15.5625,-87.853
74,3.1787,15.6562,-92.694
74,3.1787,15.75,-99.677
74,3.1787,15.8438,-99.571
74,3.1787,15.9375,-97.898
75,3.2213,0.0,-63.043
75,3.2213,0.0938,-83.908
75,3.2213,0.1875,-37.157
75,3.2213,0.2812,-64.802
75,3.2213,0.375,-56.718
75,3.2213,0.4688,-63.931
75,3.2213,0.5625,-66.927
75,3.2213,0.6562,-55.403
75,3.2213,0.75,-79.494
75,3.2213,0.8438,-59.434
75,3.2213,0.9375,-82.189
75,3.2213,1.0312,-59.665
75,3.2213,1.125,-81.568
75,3.2213,1.2188,-74.281
75,3.2213,1.3125,-62.674
75,3.2213,1.4062,-67.974
75,3.2213,1.5,-63.322
75,3.2213,1.5938,-73.528
75,3.2213,1.6875,-60.048
75,3.2213,1.7812,-91.275
75,3.2213,1.875,-62.017
75,3.2213,1.9688,-91.447
75,3.2213,2.0625,-71.838
75,3.2213,2.1562,-80.667
75,3.2213,2.25,-77.821
75,3.2213,2.3438,-74.413
75,3.2213,2.4375,-84.581
75,3.2213,2.5312,-70.192
75,3.2213,2.625,-80.806
75,3.2213,2.7188,-79.213
75,3.2213,2.8125,-91.445
75,3.2213,2.9062,-90.008
75,3.2213,3.0,-90.994
75,3.2213,3.0938,-85.939
75,3.2213,3.1875,-88.76
75,3.2213,3.2812,-97.229
75,3.2213,3.375,-87.91
75,3.2213,3.4688,-94.233
75,3.2213,3.5625,-94.543
75,3.2213,3.6562,-98.861
75,3.2213,3.75,-97.953
75,3.2213,3.8438,-97.674
75,3.2213,3.9375,-86.598
75,3.2213,4.0312,-87.507
75,3.2213,4.125,-95.233
75,3.2213,4.2188,-85.927
75,3.2213,4.3125,-93.926
75,3.2213,4.4062,-88.243
75,3.2213,4.5,-97.465
75,3.2213,4.5938,-92.586
75,3.2213,4.6875,-95.675
75,3.2213,4.7812,-96.158
75,3.2213,4.875,-98.207
75,3.2213,4.9688,-95.302
75,3.2213,5.0625,-97.077
75,3.2213,5.1562,-98.013
75,3.2213,5.25,-75.293
75,3.2213,5.3438,-76.817
75,3.2213,5.4375,-75.734
75,3.2213,5.5312,-86.327
75,3.2213,5.625,-97.284
75,3.2213,5.7188,-80.39
75,3.2213,5.8125,-92.033
75,3.2213,5.9062,-82.224
75,3.2213,6.0,-92.035
75,3.2213,6.0938,-85.106
75,3.2213,6.1875,-86.566
75,3.2213,6.2812,-88.022
75,3.2213,6.375,-95.941
75,3.2213,6.4688,-99.061
75,3.2213,6.5625,-97.714
75,3.2213,6.6562,-98.754
75,3.2213,6.75,-98.63
75,3.2213,6.8438,-97.701
75,3.2213,6.9375,-92.536
75,3.2213,7.0312,-94.154
75,3.2213,7.125,-97.534
75,3.2213,7.2188,-91.178
75,3.2213,7.3125,-98.231
75,3.2213,7.4062,-93.028
75,3.2213,7.5,-95.032
75,3.2213,7.5938,-86.475
75,3.2213,7.6875,-98.283
75,3.2213,7.7812,-93.817
75,3.2213,7.875,-92.51
75,3.2213,7.9688,-95.939
75,3.2213,8.0625,-91.992
75,3.2213,8.1562,-96.74
75,3.2213,8.25,-86.805
75,3.2213,8.3438,-84.049
75,3.2213,8.4375,-80.379
75,3.2213,8.5312,-85.263
75,3.2213,8.625,-74.996
75,3.2213,8.7188,-76.588
75,3.2213,8.8125,-79.255
75,3.2213,8.9062,-91.113
75,3.2213,9.0,-79.13
75,3.2213,9.0938,-87.528
75,3.2213,9.1875,-79.168
75,3.2213,9.2812,-89.407
75,3.2213,9.375,-84.444
75,3.2213,9.4688,-94.245
75,3.2213,9.5625,-79.784
75,3.2213,9.6562,-84.654
75,3.2213,9.75,-85.505
75,3.2213,9.8438,-88.478
75,3.2213,9.9375,-67.944
75,3.2213,10.0312,-83.665
75,3.2213,10.125,-74.84
75,3.2213,10.2188,-83.418
75,3.2213,10.3125,-90.267
75,3.2213,10.4062,-90.046
75,3.2213,10.5,-88.552
75,3.2213,10.5938,-87.38
75,3.2213,10.6875,-90.477
75,3.2213,10.7812,-94.916
75,3.2213,10.875,-99.671
75,3.2213,10.9688,-97.758
75,3.2213,11.0625,-96.149
75,3.2213,11.1562,-90.112
75,3.2213,11.25,-90.169
75,3.2213,11.3438,-95.714
75,3.2213,11.4375,-88.813
75,3.2213,11.5312,-93.802
75,3.2213,11.625,-90.161
75,3.2213,11.7188,-99.222
75,3.2213,11.8125,-84.736
75,3.2213,11.9062,-92.061
75,3.2213,12.0,-98.282
75,3.2213,12.0938,-91.332
75,3.2213,12.1875,-86.438
75,3.2213,12.2812,-94.496
75,3.2213,12.375,-81.333
75,3.2213,12.4688,-86.039
75,3.2213,12.5625,-77.17
75,3.2213,12.6562,-88.691
75,3.2213,12.75,-87.133
75,3.2213,12.8438,-87.386
75,3.2213,12.9375,-97.055
75,3.2213,13.0312,-88.227
75,3.2213,13.125,-90.469
75,3.2213,13.2188,-93.981
75,3.2213,13.3125,-85.148
75,3.2213,13.4062,-94.053
75,3.2213,13.5,-93.808
75,3.2213,13.5938,-86.942
75,3.2213,13.6875,-92.309
75,3.2213,13.7812,-92.612
75,3.2213,13.875,-94.523
75,3.2213,13.9688,-93.657
75,3.2213,14.0625,-97.163
75,3.2213,14.1562,-99.627
75,3.2213,14.25,-95.633
75,3.2213,14.3438,-94.195
75,3.2213,14.4375,-87.482
75,3.2213,14.5312,-87.165
75,3.2213,14.625,-89.841
75,3.2213,14.7188,-95.597
75,3.2213,14.8125,-98.052
75,3.2213,14.9062,-97.84
75,3.2213,15.0,-98.058
75,3.2213,15.0938,-98.564
75,3.2213,15.1875,-97.173
75,3.2213,15.2812,-97.028
75,3.2213,15.375,-98.141
75,3.2213,15.4688,-95.409
75,3.2213,15.5625,-96.978
75,3.2213,15.6562,-98.034
75,3.2213,15.75,-95.79
75,3.2213,15.8438,-96.542
75,3.2213,15.9375,-98.386
76,3.264,0.0,-77.195
76,3.264,0.0938,-66.485
76,3.264,0.1875,-38.058
76,3.264,0.2812,-60.048
76,3.264,0.375,-73.529
76,3.264,0.4688,-53.14
76,3.264,0.5625,-81.673
76,3.264,0.6562,-54.817
76,3.264,0.75,-77.553
76,3.264,0.8438,-64.198
76,3.264,0.9375,-75.76
76,3.264,1.0312,-79.637
76,3.264,1.125,-69.021
76,3.264,1.2188,-81.315
76,3.264,1.3125,-61.614
76,3.264,1.4062,-77.338
76,3.264,1.5,-60.556
76,3.264,1.5938,-73.242
76,3.264,1.6875,-76.342
76,3.264,1.7812,-64.567
76,3.264,1.875,-72.742
76,3.264,1.9688,-66.439
76,3.264,2.0625,-84.142
76,3.264,2.1562,-71.296
76,3.264,2.25,-73.276
76,3.264,2.3438,-79.174
76,3.264,2.4375,-70.574
76,3.264,2.5312,-79.402
76,3.264,2.625,-73.629
76,3.264,2.7188,-92.117
76,3.264,2.8125,-80.475
76,3.264,2.9062,-90.385
76,3.264,3.0,-96.635
76,3.264,3.0938,-80.505
76,3.264,3.1875,-84.72
76,3.264,3.2812,-81.549
76,3.264,3.375,-94.678
76,3.264,3.4688,-87.487
76,3.264,3.5625,-87.06
76,3.264,3.6562,-90.743
76,3.264,3.75,-89.278
76,3.264,3.8438,-86.176
76,3.264,3.9375,-81.809
76,3.264,4.0312,-85.655
76,3.264,4.125,-82.521
76,3.264,4.2188,-82.219
76,3.264,4.3125,-92.214
76,3.264,4.4062,-98.791
76,3.264,4.5,-91.455
76,3.264,4.5938,-92.215
76,3.264,4.6875,-88.254
76,3.264,4.7812,-90.839
76,3.264,4.875,-89.38
76,3.264,4.9688,-90.09
76,3.264,5.0625,-95.391
76,3.264,5.1562,-90.352
76,3.264,5.25,-84.631
76,3.264,5.3438,-76.132
76,3.264,5.4375,-93.545
76,3.264,5.5312,-92.095
76,3.264,5.625,-93.249
76,3.264,5.7188,-90.989
76,3.264,5.8125,-96.81
76,3.264,5.9062,-94.819
76,3.264,6.0,-88.163
76,3.264,6.0938,-94.658
76,3.264,6.1875,-92.451
76,3.264,6.2812,-90.639
76,3.264,6.375,-88.842
76,3.264,6.4688,-90.312
76,3.264,6.5625,-94.296
76,3.264,6.6562,-91.79
76,3.264,6.75,-93.313
76,3.264,6.8438,-93.867
76,3.264,6.9375,-99.264
76,3.264,7.0312,-89.006
76,3.264,7.125,-94.357
76,3.264,7.2188,-88.523
76,3.264,7.3125,-98.545
76,3.264,7.4062,-93.993
76,3.264,7.5,-92.354
76,3.264,7.5938,-97.823
76,3.264,7.6875,-90.804
76,3.264,7.7812,-99.898
76,3.264,7.875,-94.093
76,3.264,7.9688,-93.155
76,3.264,8.0625,-88.287
76,3.264,8.1562,-94.239
76,3.264,8.25,-82.936
76,3.264,8.3438,-77.479
76,3.264,8.4375,-73.099
76,3.264,8.5312,-75.249
76,3.264,8.625,-88.215
76,3.264,8.7188,-98.965
76,3.264,8.8125,-96.118
76,3.264,8.9062,-98.833
76,3.264,9.0,-94.928
76,3.264,9.0938,-97.021
76,3.264,9.1875,-86.869
76,3.264,9.2812,-89.21
76,3.264,9.375,-80.999
76,3.264,9.4688,-82.108
76,3.264,9.5625,-72.988
76,3.264,9.6562,-89.783
76,3.264,9.75,-73.822
76,3.264,9.8438,-98.311
76,3.264,9.9375,-72.693
76,3.264,10.0312,-74.888
76,3.264,10.125,-79.754
76,3.264,10.2188,-91.967
76,3.264,10.3125,-85.368
76,3.264,10.4062,-99.38
76,3.264,10.5,-95.57
76,3.264,10.5938,-96.817
76,3.264,10.6875,-93.469
76,3.264,10.7812,-96.604
76,3.264,10.875,-96.8
76,3.264,10.9688,-93.063
76,3.264,11.0625,-97.423
76,3.264,11.1562,-97.749
76,3.264,11.25,-95.493
76,3.264,11.3438,-89.839
76,3.264,11.4375,-97.632
76,3.264,11.5312,-91.148
76,3.264,11.625,-93.447
76,3.264,11.7188,-94.881
76,3.264,11.8125,-99.45
76,3.264,11.9062,-95.614
76,3.264,12.0,-90.219
76,3.264,12.0938,-92.108
76,3.264,12.1875,-85.499
76,3.264,12.2812,-95.425
76,3.264,12.375,-97.949
76,3.264,12.4688,-96.919
76,3.264,12.5625,-97.925
76,3.264,12.6562,-95.717
76,3.264,12.75,-85.361
76,3.264,12.8438,-93.575
76,3.264,12.9375,-95.092
76,3.264,13.0312,-95.825
76,3.264,13.125,-96.769
76,3.264,13.2188,-95.029
76,3.264,13.3125,-90.152
76,3.264,13.4062,-96.548
76,3.264,13.5,-90.392
76,3.264,13.5938,-91.139
76,3.264,13.6875,-97.202
76,3.264,13.7812,-98.818
76,3.264,13.875,-97.228
76,3.264,13.9688,-97.583
76,3.264,14.0625,-94.088
76,3.264,14.1562,-96.211
76,3.264,14.25,-89.351
76,3.264,14.3438,-96.344
76,3.264,14.4375,-90.888
76,3.264,14.5312,-99.155
76,3.264,14.625,-98.802
76,3.264,14.7188,-99.238
76,3.264,14.8125,-96.126
76,3.264,14.9062,-95.613
76,3.264,15.0,-96.777
76,3.264,15.0938,-95.776
76,3.264,15.1875,-99.394
76,3.264,15.2812,-99.1
76,3.264,15.375,-95.343
76,3.264,15.4688,-95.339
76,3.264,15.5625,-94.511
76,3.264,15.6562,-98.422
76,3.264,15.75,-98.681
76,3.264,15.8438,-99.821
76,3.264,15.9375,-98.691
77,3.3067,0.0,-86.371
77,3.3067,0.0938,-72.856
77,3.3067,0.1875,-40.072
77,3.3067,0.2812,-61.737
77,3.3067,0.375,-73.714
77,3.3067,0.4688,-53.359
77,3.3067,0.5625,-78.172
77,3.3067,0.6562,-58.7
77,3.3067,0.75,-83.008
77,3.3067,0.8438,-63.468
77,3.3067,0.9375,-75.805
77,3.3067,1.0312,-89.453
77,3.3067,1.125,-68.035
77,3.3067,1.2188,-90.44
77,3.3067,1.3125,-61.499
77,3.3067,1.4062,-79.76
77,3.3067,1.5,-58.272
77,3.3067,1.5938,-76.682
77,3.3067,1.6875,-78.731
77,3.3067,1.7812,-67.425
77,3.3067,1.875,-78.868
77,3.3067,1.9688,-62.24
77,3.3067,2.0625,-83.586
77,3.3067,2.1562,-65.578
77,3.3067,2.25,-79.932
77,3.3067,2.3438,-73.277
77,3.3067,2.4375,-60.319
77,3.3067,2.5312,-82.667
77,3.3067,2.625,-65.372
77,3.3067,2.7188,-93.511
77,3.3067,2.8125,-81.43
77,3.3067,2.9062,-95.14
77,3.3067,3.0,-86.362
77,3.3067,3.0938,-75.182
77,3.3067,3.1875,-88.989
77,3.3067,3.2812,-75.67
77,3.3067,3.375,-99.16
77,3.3067,3.4688,-90.3
77,3.3067,3.5625,-99.855
77,3.3067,3.6562,-99.24
77,3.3067,3.75,-88.568
77,3.3067,3.8438,-94.795
77,3.3067,3.9375,-81.496
77,3.3067,4.0312,-95.407
77,3.3067,4.125,-79.81
77,3.3067,4.2188,-86.361
77,3.3067,4.3125,-87.095
77,3.3067,4.4062,-94.65
77,3.3067,4.5,-98.147
77,3.3067,4.5938,-87.008
77,3.3067,4.6875,-96.619
77,3.3067,4.7812,-90.939
77,3.3067,4.875,-95.029
77,3.3067,4.9688,-99.159
77,3.3067,5.0625,-94.47
77,3.3067,5.1562,-84.412
77,3.3067,5.25,-69.89
77,3.3067,5.3438,-85.083
77,3.3067,5.4375,-77.4
77,3.3067,5.5312,-86.046
77,3.3067,5.625,-96.307
77,3.3067,5.7188,-78.876
77,3.3067,5.8125,-95.271
77,3.3067,5.9062,-78.162
77,3.3067,6.0,-98.988
77,3.3067,6.0938,-89.786
77,3.3067,6.1875,-88.557
77,3.3067,6.2812,-91.834
77,3.3067,6.375,-94.544
77,3.3067,6.4688,-95.963
77,3.3067,6.5625,-91.155
77,3.3067,6.6562,-97.379
77,3.3067,6.75,-92.642
77,3.3067,6.8438,-94.639
77,3.3067,6.9375,-91.421
77,3.3067,7.0312,-78.052
77,3.3067,7.125,-91.687
77,3.3067,7.2188,-91.544
77,3.3067,7.3125,-95.74
77,3.3067,7.4062,-85.404
77,3.3067,7.5,-93.381
77,3.3067,7.5938,-92.194
77,3.3067,7.6875,-99.016
77,3.3067,7.7812,-95.33
77,3.3067,7.875,-92.343
77,3.3067,7.9688,-97.138
77,3.3067,8.0625,-93.367
77,3.3067,8.1562,-93.294
77,3.3067,8.25,-88.099
77,3.3067,8.3438,-81.674
77,3.3067,8.4375,-81.168
77,3.3067,8.5312,-78.196
77,3.3067,8.625,-88.958
77,3.3067,8.7188,-85.872
77,3.3067,8.8125,-99.39
77,3.3067,8.9062,-97.872
77,3.3067,9.0,-89.475
77,3.3067,9.0938,-94.687
77,3.3067,9.1875,-81.291
77,3.3067,9.2812,-99.443
77,3.3067,9.375,-82.193
77,3.3067,9.4688,-85.903
77,3.3067,9.5625,-72.21
77,3.3067,9.6562,-80.567
77,3.3067,9.75,-77.074
77,3.3067,9.8438,-79.036
77,3.3067,9.9375,-76.34
77,3.3067,10.0312,-77.814
77,3.3067,10.125,-82.538
77,3.3067,10.2188,-97.525
77,3.3067,10.3125,-90.098
77,3.3067,10.4062,-93.684
77,3.3067,10.5,-98.519
77,3.3067,10.5938,-98.093
77,3.3067,10.6875,-97.123
77,3.3067,10.7812,-93.667
77,3.3067,10.875,-94.831
77,3.3067,10.9688,-94.336
77,3.3067,11.0625,-96.501
77,3.3067,11.1562,-94.843
77,3.3067,11.25,-95.605
77,3.3067,11.3438,-95.521
77,3.3067,11.4375,-99.814
77,3.3067,11.5312,-98.836
77,3.3067,11.625,-98.37
77,3.3067,11.7188,-92.304
77,3.3067,11.8125,-98.611
77,3.3067,11.9062,-93.08
77,3.3067,12.0,-96.688
77,3.3067,12.0938,-98.078
77,3.3067,12.1875,-97.073
77,3.3067,12.2812,-90.513
77,3.3067,12.375,-92.087
77,3.3067,12.4688,-97.395
77,3.3067,12.5625,-98.426
77,3.3067,12.6562,-99.363
77,3.3067,12.75,-95.545
77,3.3067,12.8438,-97.603
77,3.3067,12.9375,-97.184
77,3.3067,13.0312,-98.451
77,3.3067,13.125,-98.133
77,3.3067,13.2188,-93.248
77,3.3067,13.3125,-90.949
77,3.3067,13.4062,-99.344
77,3.3067,13.5,-97.985
77,3.3067,13.5938,-98.929
77,3.3067,13.6875,-97.122
77,3.3067,13.7812,-98.369
77,3.3067,13.875,-99.681
77,3.3067,13.9688,-93.945
77,3.3067,14.0625,-97.487
77,3.3067,14.1562,-92.372
77,3.3067,14.25,-95.504
77,3.3067,14.3438,-98.236
77,3.3067,14.4375,-96.129
77,3.3067,14.5312,-92.105
77,3.3067,14.625,-98.589
77,3.3067,14.7188,-92.989
77,3.3067,14.8125,-99.479
77,3.3067,14.9062,-97.22
77,3.3067,15.0,-99.21
77,3.3067,15.0938,-92.901
77,3.3067,15.1875,-96.296
77,3.3067,15.2812,-91.963
77,3.3067,15.375,-96.439
77,3.3067,15.4688,-99.308
77,3.3067,15.5625,-98.535
77,3.3067,15.6562,-98.418
77,3.3067,15.75,-98.156
77,3.3067,15.8438,-97.567
77,3.3067,15.9375,-96.311
78,3.3493,0.0,-86.89
78,3.3493,0.0938,-73.201
78,3.3493,0.1875,-38.89
78,3.3493,0.2812,-71.341
78,3.3493,0.375,-71.947
78,3.3493,0.4688,-54.011
78,3.3493,0.5625,-81.1
78,3.3493,0.6562,-59.205
78,3.3493,0.75,-74.191
78,3.3493,0.8438,-62.985
78,3.3493,0.9375,-73.63
78,3.3493,1.0312,-93.956
78,3.3493,1.125,-74.906
78,3.3493,1.2188,-84.672
78,3.3493,1.3125,-60.433
78,3.3493,1.4062,-73.816
78,3.3493,1.5,-59.026
78,3.3493,1.5938,-75.738
78,3.3493,1.6875,-81.384
78,3.3493,1.7812,-70.238
78,3.3493,1.875,-75.962
78,3.3493,1.9688,-63.574
78,3.3493,2.0625,-76.776
78,3.3493,2.1562,-63.011
78,3.3493,2.25,-77.371
78,3.3493,2.3438,-71.108
78,3.3493,2.4375,-64.054
78,3.3493,2.5312,-74.074
78,3.3493,2.625,-72.781
78,3.3493,2.7188,-94.881
78,3.3493,2.8125,-80.903
78,3.3493,2.9062,-89.297
78,3.3493,3.0,-88.163
78,3.3493,3.0938,-86.246
78,3.3493,3.1875,-86.481
78,3.3493,3.2812,-78.922
78,3.3493,3.375,-94.301
78,3.3493,3.4688,-84.953
78,3.3493,3.5625,-96.32
78,3.3493,3.6562,-98.123
78,3.3493,3.75,-94.292
78,3.3493,3.8438,-94.506
78,3.3493,3.9375,-87.823
78,3.3493,4.0312,-88.279
78,3.3493,4.125,-76.605
78,3.3493,4.2188,-99.422
78,3.3493,4.3125,-92.17
78,3.3493,4.4062,-99.5
78,3.3493,4.5,-99.777
78,3.3493,4.5938,-89.549
78,3.3493,4.6875,-95.772
78,3.3493,4.7812,-91.577
78,3.3493,4.875,-99.961
78,3.3493,4.9688,-95.491
78,3.3493,5.0625,-91.097
78,3.3493,5.1562,-78.52
78,3.3493,5.25,-76.49
78,3.3493,5.3438,-80.752
78,3.3493,5.4375,-77.17
78,3.3493,5.5312,-84.966
78,3.3493,5.625,-83.712
78,3.3493,5.7188,-90.673
78,3.3493,5.8125,-89.271
78,3.3493,5.9062,-92.976
78,3.3493,6.0,-98.916
78,3.3493,6.0938,-91.701
78,3.3493,6.1875,-92.98
78,3.3493,6.2812,-95.242
78,3.3493,6.375,-99.087
78,3.3493,6.4688,-99.752
78,3.3493,6.5625,-95.308
78,3.3493,6.6562,-91.467
78,3.3493,6.75,-90.132
78,3.3493,6.8438,-90.153
78,3.3493,6.9375,-91.81
78,3.3493,7.0312,-81.53
78,3.3493,7.125,-88.362
78,3.3493,7.2188,-93.982
78,3.3493,7.3125,-93.763
78,3.3493,7.4062,-94.026
78,3.3493,7.5,-89.633
78,3.3493,7.5938,-94.848
78,3.3493,7.6875,-95.83
78,3.3493,7.7812,-94.506
78,3.3493,7.875,-98.758
78,3.3493,7.9688,-92.336
78,3.3493,8.0625,-94.089
78,3.3493,8.1562,-86.267
78,3.3493,8.25,-92.512
78,3.3493,8.3438,-79.978
78,3.3493,8.4375,-78.909
78,3.3493,8.5312,-79.863
78,3.3493,8.625,-83.055
78,3.3493,8.7188,-89.494
78,3.3493,8.8125,-97.407
78,3.3493,8.9062,-97.68
78,3.3493,9.0,-87.729
78,3.3493,9.0938,-79.091
78,3.3493,9.1875,-78.76
78,3.3493,9.2812,-71.774
78,3.3493,9.375,-75.957
78,3.3493,9.4688,-64.088
78,3.3493,9.5625,-70.127
78,3.3493,9.6562,-68.978
78,3.3493,9.75,-79.056
78,3.3493,9.8438,-88.048
78,3.3493,9.9375,-75.745
78,3.3493,10.0312,-87.439
78,3.3493,10.125,-84.983
78,3.3493,10.2188,-85.518
78,3.3493,10.3125,-88.559
78,3.3493,10.4062,-99.422
78,3.3493,10.5,-94.192
78,3.3493,10.5938,-99.905
78,3.3493,10.6875,-90.191
78,3.3493,10.7812,-85.826
78,3.3493,10.875,-99.238
78,3.3493,10.9688,-87.589
78,3.3493,11.0625,-96.636
78,3.3493,11.1562,-89.791
78,3.3493,11.25,-99.421
78,3.3493,11.3438,-96.619
78,3.3493,11.4375,-90.598
78,3.3493,11.5312,-92.034
78,3.3493,11.625,-86.661
78,3.3493,11.7188,-94.461
78,3.3493,11.8125,-83.847
78,3.3493,11.9062,-85.604
78,3.3493,12.0,-89.172
78,3.3493,12.0938,-84.477
78,3.3493,12.1875,-96.892
78,3.3493,12.2812,-93.942
78,3.3493,12.375,-99.506
78,3.3493,12.4688,-98.238
78,3.3493,12.5625,-98.427
78,3.3493,12.6562,-98.586
78,3.3493,12.75,-98.742
78,3.3493,12.8438,-98.535
78,3.3493,12.9375,-92.559
78,3.3493,13.0312,-90.76
78,3.3493,13.125,-94.06
78,3.3493,13.2188,-95.753
78,3.3493,13.3125,-97.163
78,3.3493,13.4062,-91.3
78,3.3493,13.5,-96.459
78,3.3493,13.5938,-86.515
78,3.3493,13.6875,-97.133
78,3.3493,13.7812,-96.758
78,3.3493,13.875,-97.379
78,3.3493,13.9688,-98.393
78,3.3493,14.0625,-97.816
78,3.3493,14.1562,-96.872
78,3.3493,14.25,-98.942
78,3.3493,14.3438,-95.872
78,3.3493,14.4375,-98.326
78,3.3493,14.5312,-92.309
78,3.3493,14.625,-95.637
78,3.3493,14.7188,-95.575
78,3.3493,14.8125,-95.467
78,3.3493,14.9062,-93.279
78,3.3493,15.0,-92.079
78,3.3493,15.0938,-91.152
78,3.3493,15.1875,-93.292
78,3.3493,15.2812,-92.917
78,3.3493,15.375,-96.079
78,3.3493,15.4688,-99.286
78,3.3493,15.5625,-96.897
78,3.3493,15.6562,-96.538
78,3.3493,15.75,-96.307
78,3.3493,15.8438,-97.709
78,3.3493,15.9375,-98.52
79,3.392,0.0,-95.667
79,3.392,0.0938,-73.219
79,3.392,0.1875,-38.142
79,3.392,0.2812,-61.354
79,3.392,0.375,-65.797
79,3.392,0.4688,-55.533
79,3.392,0.5625,-82.1
79,3.392,0.6562,-61.732
79,3.392,0.75,-81.405
79,3.392,0.8438,-68.293
79,3.392,0.9375,-80.104
79,3.392,1.0312,-87.221
79,3.392,1.125,-73.54
79,3.392,1.2188,-84.81
79,3.392,1.3125,-65.586
79,3.392,1.4062,-97.334
79,3.392,1.5,-70.175
79,3.392,1.5938,-86.59
79,3.392,1.6875,-82.151
79,3.392,1.7812,-74.726
79,3.392,1.875,-77.197
79,3.392,1.9688,-74.134
79,3.392,2.0625,-81.099
79,3.392,2.1562,-71.115
79,3.392,2.25,-81.723
79,3.392,2.3438,-71.01
79,3.392,2.4375,-70.726
79,3.392,2.5312,-86.843
79,3.392,2.625,-90.456
79,3.392,2.7188,-92.14
79,3.392,2.8125,-86.824
79,3.392,2.9062,-92.307
79,3.392,3.0,-89.828
79,3.392,3.0938,-82.646
79,3.392,3.1875,-89.669
79,3.392,3.2812,-98.872
79,3.392,3.375,-92.605
79,3.392,3.4688,-86.764
79,3.392,3.5625,-95.717
79,3.392,3.6562,-87.01
79,3.392,3.75,-88.452
79,3.392,3.8438,-90.616
79,3.392,3.9375,-85.931
79,3.392,4.0312,-97.331
79,3.392,4.125,-85.624
79,3.392,4.2188,-91.165
79,3.392,4.3125,-86.423
79,3.392,4.4062,-89.668
79,3.392,4.5,-92.462
79,3.392,4.5938,-96.629
79,3.392,4.6875,-95.471
79,3.392,4.7812,-91.749
79,3.392,4.875,-88.175
79,3.392,4.9688,-92.028
79,3.392,5.0625,-85.07
79,3.392,5.1562,-87.276
79,3.392,5.25,-77.128
79,3.392,5.3438,-84.352
79,3.392,5.4375,-86.122
79,3.392,5.5312,-98.37
79,3.392,5.625,-94.789
79,3.392,5.7188,-86.982
79,3.392,5.8125,-93.522
79,3.392,5.9062,-92.543
79,3.392,6.0,-97.505
79,3.392,6.0938,-94.912
79,3.392,6.1875,-95.151
79,3.392,6.2812,-96.885
79,3.392,6.375,-96.514
79,3.392,6.4688,-89.176
79,3.392,6.5625,-92.3
79,3.392,6.6562,-98.767
79,3.392,6.75,-95.835
79,3.392,6.8438,-90.335
79,3.392,6.9375,-89.363
79,3.392,7.0312,-84.207
79,3.392,7.125,-81.07
79,3.392,7.2188,-88.555
79,3.392,7.3125,-87.323
79,3.392,7.4062,-93.189
79,3.392,7.5,-95.265
79,3.392,7.5938,-91.403
79,3.392,7.6875,-91.783
79,3.392,7.7812,-90.743
79,3.392,7.875,-91.963
79,3.392,7.9688,-88.454
79,3.392,8.0625,-87.802
79,3.392,8.1562,-90.007
79,3.392,8.25,-75.979
79,3.392,8.3438,-74.388
79,3.392,8.4375,-82.258
79,3.392,8.5312,-70.394
79,3.392,8.625,-81.422
79,3.392,8.7188,-79.369
79,3.392,8.8125,-99.405
79,3.392,8.9062,-96.244
79,3.392,9.0,-87.782
79,3.392,9.0938,-79.225
79,3.392,9.1875,-69.994
79,3.392,9.2812,-72.234
79,3.392,9.375,-68.41
79,3.392,9.4688,-70.514
79,3.392,9.5625,-63.495
79,3.392,9.6562,-73.009
79,3.392,9.75,-69.016
79,3.392,9.8438,-74.009
79,3.392,9.9375,-80.54
79,3.392,10.0312,-76.481
79,3.392,10.125,-79.913
79,3.392,10.2188,-81.148
79,3.392,10.3125,-76.268
79,3.392,10.4062,-82.976
79,3.392,10.5,-85.415
79,3.392,10.5938,-90.285
79,3.392,10.6875,-95.896
79,3.392,10.7812,-94.951
79,3.392,10.875,-94.269
79,3.392,10.9688,-93.006
79,3.392,11.0625,-86.028
79,3.392,11.1562,-98.449
79,3.392,11.25,-84.484
79,3.392,11.3438,-91.514
79,3.392,11.4375,-91.3
79,3.392,11.5312,-83.908
79,3.392,11.625,-95.705
79,3.392,11.7188,-85.83
79,3.392,11.8125,-89.742
79,3.392,11.9062,-90.324
79,3.392,12.0,-92.085
79,3.392,12.0938,-92.186
79,3.392,12.1875,-94.269
79,3.392,12.2812,-94.449
79,3.392,12.375,-97.472
79,3.392,12.4688,-97.328
79,3.392,12.5625,-97.077
79,3.392,12.6562,-90.835
79,3.392,12.75,-89.19
79,3.392,12.8438,-87.157
79,3.392,12.9375,-90.077
79,3.392,13.0312,-93.025
79,3.392,13.125,-96.949
79,3.392,13.2188,-88.122
79,3.392,13.3125,-87.222
79,3.392,13.4062,-86.339
79,3.392,13.5,-88.96
79,3.392,13.5938,-93.518
79,3.392,13.6875,-93.696
79,3.392,13.7812,-90.73
79,3.392,13.875,-95.134
79,3.392,13.9688,-87.525
79,3.392,14.0625,-98.374
79,3.392,14.1562,-90.1
79,3.392,14.25,-98.15
79,3.392,14.3438,-93.128
79,3.392,14.4375,-92.575
79,3.392,14.5312,-96.48
79,3.392,14.625,-90.719
79,3.392,14.7188,-92.758
79,3.392,14.8125,-86.542
79,3.392,14.9062,-93.625
79,3.392,15.0,-83.272
79,3.392,15.0938,-96.189
79,3.392,15.1875,-98.409
79,3.392,15.2812,-91.423
79,3.392,15.375,-90.956
79,3.392,15.4688,-99.82
79,3.392,15.5625,-88.984
79,3.392,15.6562,-95.405
79,3.392,15.75,-96.134
79,3.392,15.8438,-97.482
79,3.392,15.9375,-99.22
80,3.4347,0.0,-64.36
80,3.4347,0.0938,-81.518
80,3.4347,0.1875,-44.873
80,3.4347,0.2812,-53.935
80,3.4347,0.375,-61.622
80,3.4347,0.4688,-57.113
80,3.4347,0.5625,-77.881
80,3.4347,0.6562,-67.858
80,3.4347,0.75,-66.755
80,3.4347,0.8438,-72.961
80,3.4347,0.9375,-78.635
80,3.4347,1.0312,-81.072
80,3.4347,1.125,-71.427
80,3.4347,1.2188,-84.169
80,3.4347,1.3125,-77.709
80,3.4347,1.4062,-80.725
80,3.4347,1.5,-73.258
80,3.4347,1.5938,-69.129
80,3.4347,1.6875,-63.635
80,3.4347,1.7812,-69.602
80,3.4347,1.875,-78.995
80,3.4347,1.9688,-72.476
80,3.4347,2.0625,-84.02
80,3.4347,2.1562,-71.182
80,3.4347,2.25,-64.226
80,3.4347,2.3438,-72.408
80,3.4347,2.4375,-68.781
80,3.4347,2.5312,-80.003
80,3.4347,2.625,-81.227
80,3.4347,2.7188,-82.702
80,3.4347,2.8125,-90.85
80,3.4347,2.9062,-84.317
80,3.4347,3.0,-91.369
80,3.4347,3.0938,-77.899
80,3.4347,3.1875,-80.44
80,3.4347,3.2812,-70.98
80,3.4347,3.375,-71.352
80,3.4347,3.4688,-89.891
80,3.4347,3.5625,-87.148
80,3.4347,3.6562,-83.48
80,3.4347,3.75,-81.239
80,3.4347,3.8438,-77.19
80,3.4347,3.9375,-76.813
80,3.4347,4.0312,-82.162
80,3.4347,4.125,-72.468
80,3.4347,4.2188,-77.996
80,3.4347,4.3125,-76.318
80,3.4347,4.4062,-80.274
80,3.4347,4.5,-75.906
80,3.4347,4.5938,-84.054
80,3.4347,4.6875,-81.313
80,3.4347,4.7812,-77.048
80,3.4347,4.875,-87.682
80,3.4347,4.9688,-91.052
80,3.4347,5.0625,-82.612
80,3.4347,5.1562,-86.715
80,3.4347,5.25,-85.385
80,3.4347,5.3438,-78.433
80,3.4347,5.4375,-75.0
80,3.4347,5.5312,-83.268
80,3.4347,5.625,-78.1
80,3.4347,5.7188,-83.371
80,3.4347,5.8125,-84.67
80,3.4347,5.9062,-88.488
80,3.4347,6.0,-89.473
80,3.4347,6.0938,-88.846
80,3.4347,6.1875,-93.85
80,3.4347,6.2812,-85.85
80,3.4347,6.375,-99.314
80,3.4347,6.4688,-81.583
80,3.4347,6.5625,-81.646
80,3.4347,6.6562,-82.439
80,3.4347,6.75,-92.542
80,3.4347,6.8438,-87.399
80,3.4347,6.9375,-89.696
80,3.4347,7.0312,-87.6
80,3.4347,7.125,-82.785
80,3.4347,7.2188,-87.627
80,3.4347,7.3125,-84.832
80,3.4347,7.4062,-77.551
80,3.4347,7.5,-93.357
80,3.4347,7.5938,-75.747
80,3.4347,7.6875,-83.06
80,3.4347,7.7812,-80.072
80,3.4347,7.875,-77.423
80,3.4347,7.9688,-81.141
80,3.4347,8.0625,-72.183
80,3.4347,8.1562,-77.831
80,3.4347,8.25,-84.404
80,3.4347,8.3438,-74.269
80,3.4347,8.4375,-80.606
80,3.4347,8.5312,-83.002
80,3.4347,8.625,-79.651
80,3.4347,8.7188,-84.53
80,3.4347,8.8125,-79.622
80,3.4347,8.9062,-81.695
80,3.4347,9.0,-82.488
80,3.4347,9.0938,-79.636
80,3.4347,9.1875,-80.326
80,3.4347,9.2812,-82.494
80,3.4347,9.375,-76.004
80,3.4347,9.4688,-69.553
80,3.4347,9.5625,-64.939
80,3.4347,9.6562,-71.644
80,3.4347,9.75,-73.928
80,3.4347,9.8438,-76.233
80,3.4347,9.9375,-78.723
80,3.4347,10.0312,-85.57
80,3.4347,10.125,-82.181
80,3.4347,10.2188,-84.878
80,3.4347,10.3125,-91.184
80,3.4347,10.4062,-73.26
80,3.4347,10.5,-94.344
80,3.4347,10.5938,-76.43
80,3.4347,10.6875,-79.427
80,3.4347,10.7812,-83.128
80,3.4347,10.875,-91.962
80,3.4347,10.9688,-79.722
80,3.4347,11.0625,-84.664
80,3.4347,11.1562,-78.417
80,3.4347,11.25,-82.336
80,3.4347,11.3438,-81.681
80,3.4347,11.4375,-78.206
80,3.4347,11.5312,-84.191
80,3.4347,11.625,-80.689
80,3.4347,11.7188,-82.249
80,3.4347,11.8125,-95.616
80,3.4347,11.9062,-85.226
80,3.4347,12.0,-88.968
80,3.4347,12.0938,-84.244
80,3.4347,12.1875,-84.64
80,3.4347,12.2812,-93.736
80,3.4347,12.375,-97.625
80,3.4347,12.4688,-91.632
80,3.4347,12.5625,-86.374
80,3.4347,12.6562,-88.911
80,3.4347,12.75,-81.911
80,3.4347,12.8438,-83.623
80,3.4347,12.9375,-81.671
80,3.4347,13.0312,-90.566
80,3.4347,13.125,-86.113
80,3.4347,13.2188,-84.687
80,3.4347,13.3125,-86.911
80,3.4347,13.4062,-92.838
80,3.4347,13.5,-91.845
80,3.4347,13.5938,-86.089
80,3.4347,13.6875,-87.796
80,3.4347,13.7812,-94.217
80,3.4347,13.875,-97.372
80,3.4347,13.9688,-90.46
80,3.4347,14.0625,-99.558
80,3.4347,14.1562,-92.827
80,3.4347,14.25,-89.724
80,3.4347,14.3438,-99.832
80,3.4347,14.4375,-95.354
80,3.4347,14.5312,-98.188
80,3.4347,14.625,-86.543
80,3.4347,14.7188,-86.598
80,3.4347,14.8125,-98.123
80,3.4347,14.9062,-98.367
80,3.4347,15.0,-99.785
80,3.4347,15.0938,-93.139
80,3.4347,15.1875,-90.645
80,3.4347,15.2812,-99.161
80,3.4347,15.375,-97.728
80,3.4347,15.4688,-93.535
80,3.4347,15.5625,-96.812
80,3.4347,15.6562,-98.561
80,3.4347,15.75,-95.912
80,3.4347,15.8438,-97.383
80,3.4347,15.9375,-96.642
81,3.4773,0.0,-66.723
81,3.4773,0.0938,-78.403
81,3.4773,0.1875,-37.886
81,3.4773,0.2812,-64.676
81,3.4773,0.375,-58.274
81,3.4773,0.4688,-58.279
81,3.4773,0.5625,-76.015
81,3.4773,0.6562,-55.571
81,3.4773,0.75,-87.485
81,3.4773,0.8438,-64.304
81,3.4773,0.9375,-85.017
81,3.4773,1.0312,-75.571
81,3.4773,1.125,-79.051
81,3.4773,1.2188,-88.59
81,3.4773,1.3125,-78.879
81,3.4773,1.4062,-83.773
81,3.4773,1.5,-66.967
81,3.4773,1.5938,-77.108
81,3.4773,1.6875,-71.035
81,3.4773,1.7812,-82.019
81,3.4773,1.875,-69.375
81,3.4773,1.9688,-78.584
81,3.4773,2.0625,-74.364
81,3.4773,2.1562,-59.98
81,3.4773,2.25,-68.227
81,3.4773,2.3438,-54.941
81,3.4773,2.4375,-77.972
81,3.4773,2.5312,-77.323
81,3.4773,2.625,-91.462
81,3.4773,2.7188,-86.859
81,3.4773,2.8125,-87.094
81,3.4773,2.9062,-97.025
81,3.4773,3.0,-85.128
81,3.4773,3.0938,-85.464
81,3.4773,3.1875,-83.084
81,3.4773,3.2812,-89.261
81,3.4773,3.375,-88.072
81,3.4773,3.4688,-78.578
81,3.4773,3.5625,-75.597
81,3.4773,3.6562,-72.807
81,3.4773,3.75,-79.887
81,3.4773,3.8438,-79.609
81,3.4773,3.9375,-97.27
81,3.4773,4.0312,-85.949
81,3.4773,4.125,-89.432
81,3.4773,4.2188,-82.549
81,3.4773,4.3125,-76.541
81,3.4773,4.4062,-83.841
81,3.4773,4.5,-78.813
81,3.4773,4.5938,-96.701
81,3.4773,4.6875,-90.903
81,3.4773,4.7812,-92.124
81,3.4773,4.875,-89.994
81,3.4773,4.9688,-85.628
81,3.4773,5.0625,-96.061
81,3.4773,5.1562,-88.972
81,3.4773,5.25,-98.887
81,3.4773,5.3438,-74.813
81,3.4773,5.4375,-84.652
81,3.4773,5.5312,-80.004
81,3.4773,5.625,-89.071
81,3.4773,5.7188,-82.397
81,3.4773,5.8125,-92.862
81,3.4773,5.9062,-86.308
81,3.4773,6.0,-87.581
81,3.4773,6.0938,-88.898
81,3.4773,6.1875,-84.723
81,3.4773,6.2812,-79.119
81,3.4773,6.375,-81.469
81,3.4773,6.4688,-78.559
81,3.4773,6.5625,-81.838
81,3.4773,6.6562,-89.3
81,3.4773,6.75,-85.805
81,3.4773,6.8438,-78.425
81,3.4773,6.9375,-74.103
81,3.4773,7.0312,-70.642
81,3.4773,7.125,-71.443
81,3.4773,7.2188,-76.87
81,3.4773,7.3125,-73.768
81,3.4773,7.4062,-82.35
81,3.4773,7.5,-80.164
81,3.4773,7.5938,-74.518
81,3.4773,7.6875,-77.977
81,3.4773,7.7812,-77.29
81,3.4773,7.875,-72.206
81,3.4773,7.9688,-71.947
81,3.4773,8.0625,-69.144
81,3.4773,8.1562,-65.8
81,3.4773,8.25,-69.645
81,3.4773,8.3438,-60.907
81,3.4773,8.4375,-72.104
81,3.4773,8.5312,-81.938
81,3.4773,8.625,-89.185
81,3.4773,8.7188,-78.853
81,3.4773,8.8125,-83.45
81,3.4773,8.9062,-73.942
81,3.4773,9.0,-87.051
81,3.4773,9.0938,-69.843
81,3.4773,9.1875,-71.803
81,3.4773,9.2812,-75.768
81,3.4773,9.375,-71.054
81,3.4773,9.4688,-68.302
81,3.4773,9.5625,-68.85
81,3.4773,9.6562,-73.225
81,3.4773,9.75,-77.337
81,3.4773,9.8438,-89.629
81,3.4773,9.9375,-76.316
81,3.4773,10.0312,-94.222
81,3.4773,10.125,-79.828
81,3.4773,10.2188,-76.384
81,3.4773,10.3125,-72.006
81,3.4773,10.4062,-68.989
81,3.4773,10.5,-75.0
81,3.4773,10.5938,-75.181
81,3.4773,10.6875,-81.423
81,3.4773,10.7812,-78.426
81,3.4773,10.875,-78.937
81,3.4773,10.9688,-68.56
81,3.4773,11.0625,-71.759
81,3.4773,11.1562,-69.388
81,3.4773,11.25,-79.16
81,3.4773,11.3438,-79.549
81,3.4773,11.4375,-84.561
81,3.4773,11.5312,-81.639
81,3.4773,11.625,-87.86
81,3.4773,11.7188,-83.807
81,3.4773,11.8125,-88.958
81,3.4773,11.9062,-84.617
81,3.4773,12.0,-83.992
81,3.4773,12.0938,-82.779
81,3.4773,12.1875,-80.778
81,3.4773,12.2812,-80.034
81,3.4773,12.375,-81.808
81,3.4773,12.4688,-84.593
81,3.4773,12.5625,-87.411
81,3.4773,12.6562,-93.737
81,3.4773,12.75,-81.251
81,3.4773,12.8438,-85.629
81,3.4773,12.9375,-78.104
81,3.4773,13.0312,-80.884
81,3.4773,13.125,-83.754
81,3.4773,13.2188,-86.392
81,3.4773,13.3125,-81.807
81,3.4773,13.4062,-81.311
81,3.4773,13.5,-91.789
81,3.4773,13.5938,-83.337
81,3.4773,13.6875,-85.477
81,3.4773,13.7812,-89.81
81,3.4773,13.875,-92.471
81,3.4773,13.9688,-99.289
81,3.4773,14.0625,-89.43
81,3.4773,14.1562,-86.144
81,3.4773,14.25,-87.235
81,3.4773,14.3438,-93.105
81,3.4773,14.4375,-90.051
81,3.4773,14.5312,-94.719
81,3.4773,14.625,-90.714
81,3.4773,14.7188,-96.783
81,3.4773,14.8125,-98.833
81,3.4773,14.9062,-95.404
81,3.4773,15.0,-93.712
81,3.4773,15.0938,-92.876
81,3.4773,15.1875,-87.865
81,3.4773,15.2812,-97.93
81,3.4773,15.375,-99.083
81,3.4773,15.4688,-96.433
81,3.4773,15.5625,-99.745
81,3.4773,15.6562,-99.01
81,3.4773,15.75,-98.186
81,3.4773,15.8438,-99.953
81,3.4773,15.9375,-97.42
82,3.52,0.0,-81.894
82,3.52,0.0938,-76.111
82,3.52,0.1875,-38.744
82,3.52,0.2812,-68.898
82,3.52,0.375,-74.867
82,3.52,0.4688,-53.687
82,3.52,0.5625,-72.68
82,3.52,0.6562,-56.151
82,3.52,0.75,-90.17
82,3.52,0.8438,-59.848
82,3.52,0.9375,-84.231
82,3.52,1.0312,-84.669
82,3.52,1.125,-68.073
82,3.52,1.2188,-94.624
82,3.52,1.3125,-61.594
82,3.52,1.4062,-96.695
82,3.52,1.5,-68.454
82,3.52,1.5938,-83.137
82,3.52,1.6875,-79.454
82,3.52,1.7812,-71.414
82,3.52,1.875,-79.663
82,3.52,1.9688,-55.002
82,3.52,2.0625,-74.151
82,3.52,2.1562,-60.516
82,3.52,2.25,-75.585
82,3.52,2.3438,-70.569
82,3.52,2.4375,-64.146
82,3.52,2.5312,-85.063
82,3.52,2.625,-82.891
82,3.52,2.7188,-93.773
82,3.52,2.8125,-83.874
82,3.52,2.9062,-97.384
82,3.52,3.0,-92.776
82,3.52,3.0938,-88.398
82,3.52,3.1875,-97.769
82,3.52,3.2812,-79.992
82,3.52,3.375,-94.76
82,3.52,3.4688,-83.659
82,3.52,3.5625,-88.592
82,3.52,3.6562,-84.389
82,3.52,3.75,-82.556
82,3.52,3.8438,-84.35
82,3.52,3.9375,-83.307
82,3.52,4.0312,-90.618
82,3.52,4.125,-90.518
82,3.52,4.2188,-94.476
82,3.52,4.3125,-78.697
82,3.52,4.4062,-83.298
82,3.52,4.5,-92.955
82,3.52,4.5938,-82.103
82,3.52,4.6875,-87.949
82,3.52,4.7812,-94.548
82,3.52,4.875,-91.125
82,3.52,4.9688,-90.162
82,3.52,5.0625,-86.395
82,3.52,5.1562,-83.388
82,3.52,5.25,-76.258
82,3.52,5.3438,-86.96
82,3.52,5.4375,-88.419
82,3.52,5.5312,-85.835
82,3.52,5.625,-86.662
82,3.52,5.7188,-82.966
82,3.52,5.8125,-81.61
82,3.52,5.9062,-80.642
82,3.52,6.0,-87.396
82,3.52,6.0938,-97.44
82,3.52,6.1875,-91.988
82,3.52,6.2812,-89.211
82,3.52,6.375,-89.457
82,3.52,6.4688,-90.837
82,3.52,6.5625,-78.202
82,3.52,6.6562,-83.765
82,3.52,6.75,-83.65
82,3.52,6.8438,-79.622
82,3.52,6.9375,-75.274
82,3.52,7.0312,-74.557
82,3.52,7.125,-68.52
82,3.52,7.2188,-73.93
82,3.52,7.3125,-75.482
82,3.52,7.4062,-82.396
82,3.52,7.5,-74.276
82,3.52,7.5938,-76.94
82,3.52,7.6875,-73.562
82,3.52,7.7812,-73.286
82,3.52,7.875,-67.478
82,3.52,7.9688,-74.707
82,3.52,8.0625,-71.339
82,3.52,8.1562,-63.67
82,3.52,8.25,-67.129
82,3.52,8.3438,-66.466
82,3.52,8.4375,-76.558
82,3.52,8.5312,-84.069
82,3.52,8.625,-85.348
82,3.52,8.7188,-96.869
82,3.52,8.8125,-81.577
82,3.52,8.9062,-87.434
82,3.52,9.0,-74.778
82,3.52,9.0938,-83.941
82,3.52,9.1875,-69.27
82,3.52,9.2812,-69.113
82,3.52,9.375,-74.059
82,3.52,9.4688,-78.809
82,3.52,9.5625,-76.488
82,3.52,9.6562,-76.13
82,3.52,9.75,-79.908
82,3.52,9.8438,-76.52
82,3.52,9.9375,-82.596
82,3.52,10.0312,-77.559
82,3.52,10.125,-75.853
82,3.52,10.2188,-68.469
82,3.52,10.3125,-67.651
82,3.52,10.4062,-72.248
82,3.52,10.5,-73.403
82,3.52,10.5938,-76.328
82,3.52,10.6875,-73.883
82,3.52,10.7812,-87.096
82,3.52,10.875,-75.832
82,3.52,10.9688,-78.784
82,3.52,11.0625,-73.212
82,3.52,11.1562,-77.28
82,3.52,11.25,-86.95
82,3.52,11.3438,-80.859
82,3.52,11.4375,-79.943
82,3.52,11.5312,-81.155
82,3.52,11.625,-86.595
82,3.52,11.7188,-90.555
82,3.52,11.8125,-81.488
82,3.52,11.9062,-86.314
82,3.52,12.0,-79.516
82,3.52,12.0938,-81.26
82,3.52,12.1875,-91.793
82,3.52,12.2812,-87.729
82,3.52,12.375,-88.729
82,3.52,12.4688,-91.508
82,3.52,12.5625,-99.436
82,3.52,12.6562,-94.227
82,3.52,12.75,-99.549
82,3.52,12.8438,-97.464
82,3.52,12.9375,-89.555
82,3.52,13.0312,-89.93
82,3.52,13.125,-89.719
82,3.52,13.2188,-90.209
82,3.52,13.3125,-94.329
82,3.52,13.4062,-91.616
82,3.52,13.5,-92.917
82,3.52,13.5938,-98.947
82,3.52,13.6875,-97.075
82,3.52,13.7812,-90.524
82,3.52,13.875,-87.559
82,3.52,13.9688,-95.887
82,3.52,14.0625,-92.993
82,3.52,14.1562,-95.141
82,3.52,14.25,-89.524
82,3.52,14.3438,-88.754
82,3.52,14.4375,-94.563
82,3.52,14.5312,-96.717
82,3.52,14.625,-99.814
82,3.52,14.7188,-97.951
82,3.52,14.8125,-96.489
82,3.52,14.9062,-97.654
82,3.52,15.0,-99.09
82,3.52,15.0938,-90.555
82,3.52,15.1875,-90.555
82,3.52,15.2812,-97.259
82,3.52,15.375,-98.567
82,3.52,15.4688,-95.852
82,3.52,15.5625,-92.729
82,3.52,15.6562,-98.999
82,3.52,15.75,-98.693
82,3.52,15.8438,-95.379
82,3.52,15.9375,-98.856
83,3.5627,0.0,-89.677
83,3.5627,0.0938,-79.137
83,3.5627,0.1875,-39.28
83,3.5627,0.2812,-69.306
83,3.5627,0.375,-66.764
83,3.5627,0.4688,-53.187
83,3.5627,0.5625,-84.122
83,3.5627,0.6562,-56.038
83,3.5627,0.75,-77.183
83,3.5627,0.8438,-58.136
83,3.5627,0.9375,-83.53
83,3.5627,1.0312,-84.323
83,3.5627,1.125,-70.577
83,3.5627,1.2188,-90.172
83,3.5627,1.3125,-65.599
83,3.5627,1.4062,-74.698
83,3.5627,1.5,-64.011
83,3.5627,1.5938,-80.695
83,3.5627,1.6875,-81.815
83,3.5627,1.7812,-83.578
83,3.5627,1.875,-74.67
83,3.5627,1.9688,-57.595
83,3.5627,2.0625,-77.837
83,3.5627,2.1562,-59.9
83,3.5627,2.25,-83.581
83,3.5627,2.3438,-63.588
83,3.5627,2.4375,-71.986
83,3.5627,2.5312,-82.989
83,3.5627,2.625,-75.717
83,3.5627,2.7188,-97.778
83,3.5627,2.8125,-82.041
83,3.5627,2.9062,-98.907
83,3.5627,3.0,-96.704
83,3.5627,3.0938,-91.926
83,3.5627,3.1875,-94.246
83,3.5627,3.2812,-87.053
83,3.5627,3.375,-90.944
83,3.5627,3.4688,-83.846
83,3.5627,3.5625,-90.89
83,3.5627,3.6562,-82.7
83,3.5627,3.75,-77.582
83,3.5627,3.8438,-98.093
83,3.5627,3.9375,-84.662
83,3.5627,4.0312,-90.296
83,3.5627,4.125,-88.987
83,3.5627,4.2188,-87.948
83,3.5627,4.3125,-84.539
83,3.5627,4.4062,-75.333
83,3.5627,4.5,-82.321
83,3.5627,4.5938,-80.795
83,3.5627,4.6875,-94.395
83,3.5627,4.7812,-90.346
83,3.5627,4.875,-99.242
83,3.5627,4.9688,-96.933
83,3.5627,5.0625,-86.142
83,3.5627,5.1562,-94.419
83,3.5627,5.25,-76.586
83,3.5627,5.3438,-83.905
83,3.5627,5.4375,-86.795
83,3.5627,5.5312,-89.629
83,3.5627,5.625,-93.724
83,3.5627,5.7188,-89.075
83,3.5627,5.8125,-87.379
83,3.5627,5.9062,-83.01
83,3.5627,6.0,-92.24
83,3.5627,6.0938,-91.098
83,3.5627,6.1875,-97.1
83,3.5627,6.2812,-96.441
83,3.5627,6.375,-98.409
83,3.5627,6.4688,-91.829
83,3.5627,6.5625,-97.896
83,3.5627,6.6562,-93.644
83,3.5627,6.75,-87.739
83,3.5627,6.8438,-83.856
83,3.5627,6.9375,-75.565
83,3.5627,7.0312,-84.038
83,3.5627,7.125,-83.44
83,3.5627,7.2188,-76.613
83,3.5627,7.3125,-88.384
83,3.5627,7.4062,-74.115
83,3.5627,7.5,-78.029
83,3.5627,7.5938,-75.174
83,3.5627,7.6875,-81.2
83,3.5627,7.7812,-85.482
83,3.5627,7.875,-67.799
83,3.5627,7.9688,-65.753
83,3.5627,8.0625,-59.939
83,3.5627,8.1562,-65.916
83,3.5627,8.25,-63.17
83,3.5627,8.3438,-71.852
83,3.5627,8.4375,-67.923
83,3.5627,8.5312,-79.422
83,3.5627,8.625,-84.535
83,3.5627,8.7188,-77.588
83,3.5627,8.8125,-93.852
83,3.5627,8.9062,-81.662
83,3.5627,9.0,-85.193
83,3.5627,9.0938,-71.357
83,3.5627,9.1875,-62.645
83,3.5627,9.2812,-64.017
83,3.5627,9.375,-64.475
83,3.5627,9.4688,-75.683
83,3.5627,9.5625,-70.111
83,3.5627,9.6562,-71.904
83,3.5627,9.75,-66.488
83,3.5627,9.8438,-71.176
83,3.5627,9.9375,-85.046
83,3.5627,10.0312,-79.084
83,3.5627,10.125,-81.563
83,3.5627,10.2188,-75.325
83,3.5627,10.3125,-74.444
83,3.5627,10.4062,-71.138
83,3.5627,10.5,-86.985
83,3.5627,10.5938,-66.993
83,3.5627,10.6875,-84.781
83,3.5627,10.7812,-73.256
83,3.5627,10.875,-76.958
83,3.5627,10.9688,-74.799
83,3.5627,11.0625,-66.38
83,3.5627,11.1562,-73.62
83,3.5627,11.25,-75.921
83,3.5627,11.3438,-75.72
83,3.5627,11.4375,-68.006
83,3.5627,11.5312,-84.294
83,3.5627,11.625,-75.521
83,3.5627,11.7188,-82.224
83,3.5627,11.8125,-80.647
83,3.5627,11.9062,-84.48
83,3.5627,12.0,-81.009
83,3.5627,12.0938,-88.573
83,3.5627,12.1875,-78.974
83,3.5627,12.2812,-86.696
83,3.5627,12.375,-93.297
83,3.5627,12.4688,-94.964
83,3.5627,12.5625,-94.523
83,3.5627,12.6562,-94.589
83,3.5627,12.75,-93.667
83,3.5627,12.8438,-95.579
83,3.5627,12.9375,-94.814
83,3.5627,13.0312,-96.669
83,3.5627,13.125,-89.426
83,3.5627,13.2188,-95.873
83,3.5627,13.3125,-95.924
83,3.5627,13.4062,-99.379
83,3.5627,13.5,-97.112
83,3.5627,13.5938,-99.066
83,3.5627,13.6875,-97.144
83,3.5627,13.7812,-97.534
83,3.5627,13.875,-97.037
83,3.5627,13.9688,-98.818
83,3.5627,14.0625,-89.383
83,3.5627,14.1562,-93.386
83,3.5627,14.25,-99.042
83,3.5627,14.3438,-95.309
83,3.5627,14.4375,-94.412
83,3.5627,14.5312,-98.097
83,3.5627,14.625,-99.898
83,3.5627,14.7188,-97.939
83,3.5627,14.8125,-95.924
83,3.5627,14.9062,-94.669
83,3.5627,15.0,-98.625
83,3.5627,15.0938,-95.01
83,3.5627,15.1875,-99.689
83,3.5627,15.2812,-95.477
83,3.5627,15.375,-95.457
83,3.5627,15.4688,-97.83
83,3.5627,15.5625,-99.769
83,3.5627,15.6562,-97.776
83,3.5627,15.75,-99.786
83,3.5627,15.8438,-98.839
83,3.5627,15.9375,-97.962
84,3.6053,0.0,-85.085
84,3.6053,0.0938,-78.226
84,3.6053,0.1875,-38.388
84,3.6053,0.2812,-67.591
84,3.6053,0.375,-72.495
84,3.6053,0.4688,-54.04
84,3.6053,0.5625,-79.467
84,3.6053,0.6562,-56.021
84,3.6053,0.75,-81.036
84,3.6053,0.8438,-57.15
84,3.6053,0.9375,-86.398
84,3.6053,1.0312,-96.19
84,3.6053,1.125,-70.842
84,3.6053,1.2188,-88.302
84,3.6053,1.3125,-62.612
84,3.6053,1.4062,-84.283
84,3.6053,1.5,-57.864
84,3.6053,1.5938,-67.846
84,3.6053,1.6875,-77.553
84,3.6053,1.7812,-69.19
84,3.6053,1.875,-73.704
84,3.6053,1.9688,-62.408
84,3.6053,2.0625,-76.59
84,3.6053,2.1562,-61.984
84,3.6053,2.25,-75.705
84,3.6053,2.3438,-63.291
84,3.6053,2.4375,-74.604
84,3.6053,2.5312,-79.605
84,3.6053,2.625,-67.586
84,3.6053,2.7188,-90.667
84,3.6053,2.8125,-73.843
84,3.6053,2.9062,-99.495
84,3.6053,3.0,-87.432
84,3.6053,3.0938,-93.956
84,3.6053,3.1875,-97.9
84,3.6053,3.2812,-93.348
84,3.6053,3.375,-97.084
84,3.6053,3.4688,-90.912
84,3.6053,3.5625,-93.352
84,3.6053,3.6562,-89.179
84,3.6053,3.75,-91.623
84,3.6053,3.8438,-91.982
84,3.6053,3.9375,-97.283
84,3.6053,4.0312,-94.725
84,3.6053,4.125,-89.162
84,3.6053,4.2188,-93.281
84,3.6053,4.3125,-83.614
84,3.6053,4.4062,-86.041
84,3.6053,4.5,-80.759
84,3.6053,4.5938,-87.576
84,3.6053,4.6875,-87.667
84,3.6053,4.7812,-88.992
84,3.6053,4.875,-96.655
84,3.6053,4.9688,-93.133
84,3.6053,5.0625,-87.921
84,3.6053,5.1562,-88.657
84,3.6053,5.25,-80.491
84,3.6053,5.3438,-86.921
84,3.6053,5.4375,-99.329
84,3.6053,5.5312,-95.234
84,3.6053,5.625,-95.323
84,3.6053,5.7188,-91.685
84,3.6053,5.8125,-92.338
84,3.6053,5.9062,-96.5
84,3.6053,6.0,-98.704
84,3.6053,6.0938,-98.593
84,3.6053,6.1875,-98.956
84,3.6053,6.2812,-99.202
84,3.6053,6.375,-90.834
84,3.6053,6.4688,-94.483
84,3.6053,6.5625,-91.207
84,3.6053,6.6562,-97.633
84,3.6053,6.75,-86.113
84,3.6053,6.8438,-96.966
84,3.6053,6.9375,-86.145
84,3.6053,7.0312,-82.692
84,3.6053,7.125,-79.077
84,3.6053,7.2188,-78.587
84,3.6053,7.3125,-71.465
84,3.6053,7.4062,-90.032
84,3.6053,7.5,-81.432
84,3.6053,7.5938,-89.932
84,3.6053,7.6875,-73.267
84,3.6053,7.7812,-79.313
84,3.6053,7.875,-66.329
84,3.6053,7.9688,-70.802
84,3.6053,8.0625,-84.047
84,3.6053,8.1562,-89.085
84,3.6053,8.25,-63.971
84,3.6053,8.3438,-76.281
84,3.6053,8.4375,-70.449
84,3.6053,8.5312,-82.588
84,3.6053,8.625,-86.705
84,3.6053,8.7188,-76.35
84,3.6053,8.8125,-92.099
84,3.6053,8.9062,-71.986
84,3.6053,9.0,-77.955
84,3.6053,9.0938,-65.683
84,3.6053,9.1875,-63.904
84,3.6053,9.2812,-75.649
84,3.6053,9.375,-63.514
84,3.6053,9.4688,-69.446
84,3.6053,9.5625,-58.266
84,3.6053,9.6562,-73.831
84,3.6053,9.75,-76.151
84,3.6053,9.8438,-77.279
84,3.6053,9.9375,-73.568
84,3.6053,10.0312,-80.682
84,3.6053,10.125,-80.807
84,3.6053,10.2188,-74.332
84,3.6053,10.3125,-74.989
84,3.6053,10.4062,-66.573
84,3.6053,10.5,-71.956
84,3.6053,10.5938,-69.911
84,3.6053,10.6875,-78.33
84,3.6053,10.7812,-79.02
84,3.6053,10.875,-78.354
84,3.6053,10.9688,-73.097
84,3.6053,11.0625,-76.047
84,3.6053,11.1562,-75.958
84,3.6053,11.25,-78.587
84,3.6053,11.3438,-75.176
84,3.6053,11.4375,-72.339
84,3.6053,11.5312,-70.741
84,3.6053,11.625,-73.756
84,3.6053,11.7188,-75.396
84,3.6053,11.8125,-86.543
84,3.6053,11.9062,-80.538
84,3.6053,12.0,-73.666
84,3.6053,12.0938,-83.398
84,3.6053,12.1875,-82.811
84,3.6053,12.2812,-84.636
84,3.6053,12.375,-87.988
84,3.6053,12.4688,-94.448
84,3.6053,12.5625,-88.182
84,3.6053,12.6562,-96.245
84,3.6053,12.75,-91.905
84,3.6053,12.8438,-99.781
84,3.6053,12.9375,-91.947
84,3.6053,13.0312,-91.018
84,3.6053,13.125,-95.243
84,3.6053,13.2188,-86.349
84,3.6053,13.3125,-99.674
84,3.6053,13.4062,-90.879
84,3.6053,13.5,-93.919
84,3.6053,13.5938,-94.883
84,3.6053,13.6875,-98.847
84,3.6053,13.7812,-92.613
84,3.6053,13.875,-94.965
84,3.6053,13.9688,-90.708
84,3.6053,14.0625,-93.439
84,3.6053,14.1562,-89.245
84,3.6053,14.25,-90.379
84,3.6053,14.3438,-94.229
84,3.6053,14.4375,-95.332
84,3.6053,14.5312,-99.728
84,3.6053,14.625,-95.826
84,3.6053,14.7188,-98.737
84,3.6053,14.8125,-95.836
84,3.6053,14.9062,-93.936
84,3.6053,15.0,-89.412
84,3.6053,15.0938,-97.045
84,3.6053,15.1875,-92.938
84,3.6053,15.2812,-99.857
84,3.6053,15.375,-99.63
84,3.6053,15.4688,-99.561
84,3.6053,15.5625,-99.897
84,3.6053,15.6562,-97.925
84,3.6053,15.75,-97.674
84,3.6053,15.8438,-99.978
84,3.6053,15.9375,-96.573
85,3.648,0.0,-76.539
85,3.648,0.0938,-80.216
85,3.648,0.1875,-38.671
85,3.648,0.2812,-72.641
85,3.648,0.375,-64.12
85,3.648,0.4688,-52.235
85,3.648,0.5625,-80.04
85,3.648,0.6562,-57.059
85,3.648,0.75,-74.848
85,3.648,0.8438,-59.557
85,3.648,0.9375,-72.136
85,3.648,1.0312,-99.434
85,3.648,1.125,-67.565
85,3.648,1.2188,-83.569
85,3.648,1.3125,-69.309
85,3.648,1.4062,-82.329
85,3.648,1.5,-61.448
85,3.648,1.5938,-83.29
85,3.648,1.6875,-77.499
85,3.648,1.7812,-73.285
85,3.648,1.875,-97.214
85,3.648,1.9688,-67.273
85,3.648,2.0625,-85.079
85,3.648,2.1562,-64.739
85,3.648,2.25,-83.204
85,3.648,2.3438,-63.677
85,3.648,2.4375,-81.313
85,3.648,2.5312,-78.343
85,3.648,2.625,-70.902
85,3.648,2.7188,-94.397
85,3.648,2.8125,-77.558
85,3.648,2.9062,-90.497
85,3.648,3.0,-89.184
85,3.648,3.0938,-98.157
85,3.648,3.1875,-95.243
85,3.648,3.2812,-97.508
85,3.648,3.375,-99.771
85,3.648,3.4688,-99.603
85,3.648,3.5625,-98.32
85,3.648,3.6562,-93.797
85,3.648,3.75,-98.97
85,3.648,3.8438,-95.806
85,3.648,3.9375,-90.001
85,3.648,4.0312,-84.655
85,3.648,4.125,-93.981
85,3.648,4.2188,-99.163
85,3.648,4.3125,-86.445
85,3.648,4.4062,-94.5
85,3.648,4.5,-91.549
85,3.648,4.5938,-91.117
85,3.648,4.6875,-97.145
85,3.648,4.7812,-98.991
85,3.648,4.875,-99.958
85,3.648,4.9688,-99.243
85,3.648,5.0625,-93.061
85,3.648,5.1562,-84.997
85,3.648,5.25,-83.104
85,3.648,5.3438,-95.183
85,3.648,5.4375,-93.917
85,3.648,5.5312,-97.358
85,3.648,5.625,-88.501
85,3.648,5.7188,-92.162
85,3.648,5.8125,-91.199
85,3.648,5.9062,-96.018
85,3.648,6.0,-99.417
85,3.648,6.0938,-98.754
85,3.648,6.1875,-99.989
85,3.648,6.2812,-96.466
85,3.648,6.375,-96.751
85,3.648,6.4688,-95.532
85,3.648,6.5625,-95.728
85,3.648,6.6562,-91.658
85,3.648,6.75,-90.879
85,3.648,6.8438,-92.804
85,3.648,6.9375,-85.123
85,3.648,7.0312,-89.992
85,3.648,7.125,-82.405
85,3.648,7.2188,-78.535
85,3.648,7.3125,-73.84
85,3.648,7.4062,-79.083
85,3.648,7.5,-80.428
85,3.648,7.5938,-77.563
85,3.648,7.6875,-87.263
85,3.648,7.7812,-77.438
85,3.648,7.875,-76.041
85,3.648,7.9688,-76.703
85,3.648,8.0625,-67.19
85,3.648,8.1562,-75.36
85,3.648,8.25,-93.078
85,3.648,8.3438,-74.083
85,3.648,8.4375,-81.168
85,3.648,8.5312,-89.599
85,3.648,8.625,-93.382
85,3.648,8.7188,-93.876
85,3.648,8.8125,-86.05
85,3.648,8.9062,-83.785
85,3.648,9.0,-72.069
85,3.648,9.0938,-70.147
85,3.648,9.1875,-78.469
85,3.648,9.2812,-70.209
85,3.648,9.375,-70.352
85,3.648,9.4688,-64.501
85,3.648,9.5625,-74.045
85,3.648,9.6562,-70.746
85,3.648,9.75,-93.477
85,3.648,9.8438,-71.062
85,3.648,9.9375,-70.147
85,3.648,10.0312,-75.368
85,3.648,10.125,-78.564
85,3.648,10.2188,-82.161
85,3.648,10.3125,-85.865
85,3.648,10.4062,-77.83
85,3.648,10.5,-82.096
85,3.648,10.5938,-76.372
85,3.648,10.6875,-84.474
85,3.648,10.7812,-77.911
85,3.648,10.875,-82.303
85,3.648,10.9688,-87.474
85,3.648,11.0625,-80.153
85,3.648,11.1562,-87.445
85,3.648,11.25,-86.515
85,3.648,11.3438,-86.142
85,3.648,11.4375,-97.141
85,3.648,11.5312,-88.094
85,3.648,11.625,-92.567
85,3.648,11.7188,-91.393
85,3.648,11.8125,-86.737
85,3.648,11.9062,-86.779
85,3.648,12.0,-84.671
85,3.648,12.0938,-84.082
85,3.648,12.1875,-88.082
85,3.648,12.2812,-91.438
85,3.648,12.375,-95.616
85,3.648,12.4688,-98.415
85,3.648,12.5625,-93.898
85,3.648,12.6562,-85.539
85,3.648,12.75,-94.082
85,3.648,12.8438,-96.915
85,3.648,12.9375,-95.075
85,3.648,13.0312,-90.37
85,3.648,13.125,-89.335
85,3.648,13.2188,-86.931
85,3.648,13.3125,-87.846
85,3.648,13.4062,-83.431
85,3.648,13.5,-83.841
85,3.648,13.5938,-82.164
85,3.648,13.6875,-87.672
85,3.648,13.7812,-93.711
85,3.648,13.875,-87.277
85,3.648,13.9688,-94.734
85,3.648,14.0625,-94.821
85,3.648,14.1562,-95.591
85,3.648,14.25,-91.821
85,3.648,14.3438,-99.366
85,3.648,14.4375,-95.741
85,3.648,14.5312,-98.954
85,3.648,14.625,-96.224
85,3.648,14.7188,-91.203
85,3.648,14.8125,-97.922
85,3.648,14.9062,-98.868
85,3.648,15.0,-97.014
85,3.648,15.0938,-96.754
85,3.648,15.1875,-97.923
85,3.648,15.2812,-96.286
85,3.648,15.375,-94.535
85,3.648,15.4688,-99.345
85,3.648,15.5625,-94.862
85,3.648,15.6562,-97.951
85,3.648,15.75,-98.241
85,3.648,15.8438,-99.659
85,3.648,15.9375,-99.259
86,3.6907,0.0,-77.173
86,3.6907,0.0938,-85.222
86,3.6907,0.1875,-39.021
86,3.6907,0.2812,-60.342
86,3.6907,0.375,-61.248
86,3.6907,0.4688,-58.087
86,3.6907,0.5625,-79.242
86,3.6907,0.6562,-54.73
86,3.6907,0.75,-78.93
86,3.6907,0.8438,-52.677
86,3.6907,0.9375,-71.558
86,3.6907,1.0312,-69.906
86,3.6907,1.125,-78.786
86,3.6907,1.2188,-91.94
86,3.6907,1.3125,-68.686
86,3.6907,1.4062,-84.151
86,3.6907,1.5,-72.3
86,3.6907,1.5938,-84.041
86,3.6907,1.6875,-73.104
86,3.6907,1.7812,-88.598
86,3.6907,1.875,-87.097
86,3.6907,1.9688,-78.955
86,3.6907,2.0625,-87.101
86,3.6907,2.1562,-76.277
86,3.6907,2.25,-85.123
86,3.6907,2.3438,-63.114
86,3.6907,2.4375,-83.321
86,3.6907,2.5312,-81.741
86,3.6907,2.625,-91.894
86,3.6907,2.7188,-97.973
86,3.6907,2.8125,-97.683
86,3.6907,2.9062,-90.488
86,3.6907,3.0,-96.643
86,3.6907,3.0938,-98.748
86,3.6907,3.1875,-99.229
86,3.6907,3.2812,-93.735
86,3.6907,3.375,-99.195
86,3.6907,3.4688,-97.255
86,3.6907,3.5625,-95.962
86,3.6907,3.6562,-87.91
86,3.6907,3.75,-93.011
86,3.6907,3.8438,-88.487
86,3.6907,3.9375,-96.854
86,3.6907,4.0312,-83.167
86,3.6907,4.125,-99.229
86,3.6907,4.2188,-89.159
86,3.6907,4.3125,-99.281
86,3.6907,4.4062,-94.972
86,3.6907,4.5,-95.213
86,3.6907,4.5938,-87.786
86,3.6907,4.6875,-98.892
86,3.6907,4.7812,-90.856
86,3.6907,4.875,-93.377
86,3.6907,4.9688,-99.661
86,3.6907,5.0625,-97.002
86,3.6907,5.1562,-94.394
86,3.6907,5.25,-94.637
86,3.6907,5.3438,-89.672
86,3.6907,5.4375,-95.271
86,3.6907,5.5312,-99.224
86,3.6907,5.625,-93.789
86,3.6907,5.7188,-97.333
86,3.6907,5.8125,-90.11
86,3.6907,5.9062,-96.546
86,3.6907,6.0,-92.523
86,3.6907,6.0938,-95.978
86,3.6907,6.1875,-93.449
86,3.6907,6.2812,-91.683
86,3.6907,6.375,-91.281
86,3.6907,6.4688,-91.328
86,3.6907,6.5625,-97.025
86,3.6907,6.6562,-88.34
86,3.6907,6.75,-90.625
86,3.6907,6.8438,-80.177
86,3.6907,6.9375,-92.002
86,3.6907,7.0312,-75.161
86,3.6907,7.125,-78.127
86,3.6907,7.2188,-77.527
86,3.6907,7.3125,-88.428
86,3.6907,7.4062,-79.984
86,3.6907,7.5,-77.797
86,3.6907,7.5938,-82.977
86,3.6907,7.6875,-85.668
86,3.6907,7.7812,-75.703
86,3.6907,7.875,-75.467
86,3.6907,7.9688,-74.574
86,3.6907,8.0625,-73.019
86,3.6907,8.1562,-83.003
86,3.6907,8.25,-79.31
86,3.6907,8.3438,-76.933
86,3.6907,8.4375,-91.409
86,3.6907,8.5312,-95.439
86,3.6907,8.625,-95.742
86,3.6907,8.7188,-92.693
86,3.6907,8.8125,-95.027
86,3.6907,8.9062,-91.516
86,3.6907,9.0,-83.126
86,3.6907,9.0938,-79.455
86,3.6907,9.1875,-78.376
86,3.6907,9.2812,-77.275
86,3.6907,9.375,-86.63
86,3.6907,9.4688,-74.974
86,3.6907,9.5625,-79.883
86,3.6907,9.6562,-82.934
86,3.6907,9.75,-87.12
86,3.6907,9.8438,-94.861
86,3.6907,9.9375,-85.529
86,3.6907,10.0312,-84.168
86,3.6907,10.125,-96.305
86,3.6907,10.2188,-85.475
86,3.6907,10.3125,-85.835
86,3.6907,10.4062,-87.02
86,3.6907,10.5,-84.336
86,3.6907,10.5938,-91.605
86,3.6907,10.6875,-81.425
86,3.6907,10.7812,-85.94
86,3.6907,10.875,-85.177
86,3.6907,10.9688,-77.241
86,3.6907,11.0625,-88.786
86,3.6907,11.1562,-83.385
86,3.6907,11.25,-86.151
86,3.6907,11.3438,-83.936
86,3.6907,11.4375,-82.007
86,3.6907,11.5312,-87.254
86,3.6907,11.625,-84.508
86,3.6907,11.7188,-83.259
86,3.6907,11.8125,-93.246
86,3.6907,11.9062,-93.869
86,3.6907,12.0,-88.326
86,3.6907,12.0938,-92.277
86,3.6907,12.1875,-96.738
86,3.6907,12.2812,-90.603
86,3.6907,12.375,-93.132
86,3.6907,12.4688,-98.955
86,3.6907,12.5625,-91.201
86,3.6907,12.6562,-94.772
86,3.6907,12.75,-90.895
86,3.6907,12.8438,-85.542
86,3.6907,12.9375,-95.171
86,3.6907,13.0312,-97.609
86,3.6907,13.125,-85.886
86,3.6907,13.2188,-82.593
86,3.6907,13.3125,-91.749
86,3.6907,13.4062,-82.294
86,3.6907,13.5,-92.585
86,3.6907,13.5938,-83.655
86,3.6907,13.6875,-92.413
86,3.6907,13.7812,-96.574
86,3.6907,13.875,-91.795
86,3.6907,13.9688,-93.138
86,3.6907,14.0625,-90.198
86,3.6907,14.1562,-98.722
86,3.6907,14.25,-97.581
86,3.6907,14.3438,-94.623
86,3.6907,14.4375,-95.314
86,3.6907,14.5312,-98.222
86,3.6907,14.625,-97.775
86,3.6907,14.7188,-94.766
86,3.6907,14.8125,-99.596
86,3.6907,14.9062,-93.121
86,3.6907,15.0,-94.366
86,3.6907,15.0938,-94.783
86,3.6907,15.1875,-99.66
86,3.6907,15.2812,-98.231
86,3.6907,15.375,-99.95
86,3.6907,15.4688,-99.263
86,3.6907,15.5625,-99.804
86,3.6907,15.6562,-98.06
86,3.6907,15.75,-95.62
86,3.6907,15.8438,-97.046
86,3.6907,15.9375,-98.478
87,3.7333,0.0,-76.543
87,3.7333,0.0938,-79.162
87,3.7333,0.1875,-34.504
87,3.7333,0.2812,-65.987
87,3.7333,0.375,-37.109
87,3.7333,0.4688,-77.655
87,3.7333,0.5625,-49.261
87,3.7333,0.6562,-88.097
87,3.7333,0.75,-54.823
87,3.7333,0.8438,-70.478
87,3.7333,0.9375,-49.038
87,3.7333,1.0312,-65.76
87,3.7333,1.125,-62.627
87,3.7333,1.2188,-71.736
87,3.7333,1.3125,-71.946
87,3.7333,1.4062,-75.407
87,3.7333,1.5,-91.406
87,3.7333,1.5938,-75.424
87,3.7333,1.6875,-75.03
87,3.7333,1.7812,-78.071
87,3.7333,1.875,-78.508
87,3.7333,1.9688,-78.309
87,3.7333,2.0625,-91.378
87,3.7333,2.1562,-77.407
87,3.7333,2.25,-77.909
87,3.7333,2.3438,-75.938
87,3.7333,2.4375,-79.934
87,3.7333,2.5312,-75.284
87,3.7333,2.625,-94.476
87,3.7333,2.7188,-92.262
87,3.7333,2.8125,-90.933
87,3.7333,2.9062,-90.218
87,3.7333,3.0,-93.842
87,3.7333,3.0938,-82.01
87,3.7333,3.1875,-97.195
87,3.7333,3.2812,-94.402
87,3.7333,3.375,-99.902
87,3.7333,3.4688,-89.022
87,3.7333,3.5625,-89.19
87,3.7333,3.6562,-85.917
87,3.7333,3.75,-83.459
87,3.7333,3.8438,-83.882
87,3.7333,3.9375,-89.746
87,3.7333,4.0312,-92.266
87,3.7333,4.125,-88.901
87,3.7333,4.2188,-96.625
87,3.7333,4.3125,-93.075
87,3.7333,4.4062,-94.498
87,3.7333,4.5,-89.061
87,3.7333,4.5938,-94.405
87,3.7333,4.6875,-89.499
87,3.7333,4.7812,-85.512
87,3.7333,4.875,-85.196
87,3.7333,4.9688,-88.197
87,3.7333,5.0625,-93.149
87,3.7333,5.1562,-93.592
87,3.7333,5.25,-98.504
87,3.7333,5.3438,-97.303
87,3.7333,5.4375,-95.824
87,3.7333,5.5312,-97.59
87,3.7333,5.625,-92.504
87,3.7333,5.7188,-95.043
87,3.7333,5.8125,-94.874
87,3.7333,5.9062,-93.902
87,3.7333,6.0,-96.384
87,3.7333,6.0938,-96.505
87,3.7333,6.1875,-89.538
87,3.7333,6.2812,-77.989
87,3.7333,6.375,-81.243
87,3.7333,6.4688,-83.238
87,3.7333,6.5625,-85.085
87,3.7333,6.6562,-99.406
87,3.7333,6.75,-93.24
87,3.7333,6.8438,-94.127
87,3.7333,6.9375,-88.377
87,3.7333,7.0312,-86.185
87,3.7333,7.125,-80.894
87,3.7333,7.2188,-79.904
87,3.7333,7.3125,-85.34
87,3.7333,7.4062,-74.841
87,3.7333,7.5,-81.226
87,3.7333,7.5938,-79.35
87,3.7333,7.6875,-88.248
87,3.7333,7.7812,-77.95
87,3.7333,7.875,-84.738
87,3.7333,7.9688,-80.16
87,3.7333,8.0625,-79.252
87,3.7333,8.1562,-85.328
87,3.7333,8.25,-80.279
87,3.7333,8.3438,-91.553
87,3.7333,8.4375,-92.211
87,3.7333,8.5312,-87.884
87,3.7333,8.625,-85.803
87,3.7333,8.7188,-95.097
87,3.7333,8.8125,-87.512
87,3.7333,8.9062,-89.454
87,3.7333,9.0,-86.529
87,3.7333,9.0938,-82.904
87,3.7333,9.1875,-96.534
87,3.7333,9.2812,-85.265
87,3.7333,9.375,-85.796
87,3.7333,9.4688,-77.809
87,3.7333,9.5625,-78.425
87,3.7333,9.6562,-84.723
87,3.7333,9.75,-74.332
87,3.7333,9.8438,-82.115
87,3.7333,9.9375,-80.836
87,3.7333,10.0312,-84.436
87,3.7333,10.125,-90.138
87,3.7333,10.2188,-75.198
87,3.7333,10.3125,-79.259
87,3.7333,10.4062,-79.147
87,3.7333,10.5,-85.545
87,3.7333,10.5938,-80.98
87,3.7333,10.6875,-75.853
87,3.7333,10.7812,-87.252
87,3.7333,10.875,-76.245
87,3.7333,10.9688,-87.453
87,3.7333,11.0625,-77.072
87,3.7333,11.1562,-81.77
87,3.7333,11.25,-91.52
87,3.7333,11.3438,-78.94
87,3.7333,11.4375,-75.689
87,3.7333,11.5312,-79.243
87,3.7333,11.625,-68.722
87,3.7333,11.7188,-84.222
87,3.7333,11.8125,-76.232
87,3.7333,11.9062,-76.031
87,3.7333,12.0,-82.982
87,3.7333,12.0938,-88.088
87,3.7333,12.1875,-79.806
87,3.7333,12.2812,-84.56
87,3.7333,12.375,-86.223
87,3.7333,12.4688,-86.027
87,3.7333,12.5625,-79.983
87,3.7333,12.6562,-94.662
87,3.7333,12.75,-97.984
87,3.7333,12.8438,-91.158
87,3.7333,12.9375,-94.458
87,3.7333,13.0312,-95.155
87,3.7333,13.125,-92.508
87,3.7333,13.2188,-99.843
87,3.7333,13.3125,-98.428
87,3.7333,13.4062,-87.096
87,3.7333,13.5,-94.49
87,3.7333,13.5938,-84.359
87,3.7333,13.6875,-93.863
87,3.7333,13.7812,-82.152
87,3.7333,13.875,-84.05
87,3.7333,13.9688,-80.637
87,3.7333,14.0625,-81.425
87,3.7333,14.1562,-85.691
87,3.7333,14.25,-89.471
87,3.7333,14.3438,-93.714
87,3.7333,14.4375,-92.485
87,3.7333,14.5312,-93.311
87,3.7333,14.625,-97.169
87,3.7333,14.7188,-96.084
87,3.7333,14.8125,-89.624
87,3.7333,14.9062,-95.0
87,3.7333,15.0,-95.775
87,3.7333,15.0938,-96.336
87,3.7333,15.1875,-92.056
87,3.7333,15.2812,-93.365
87,3.7333,15.375,-90.948
87,3.7333,15.4688,-89.4
87,3.7333,15.5625,-94.79
87,3.7333,15.6562,-94.397
87,3.7333,15.75,-99.881
87,3.7333,15.8438,-99.213
87,3.7333,15.9375,-99.06
88,3.776,0.0,-74.785
88,3.776,0.0938,-83.061
88,3.776,0.1875,-34.883
88,3.776,0.2812,-73.029
88,3.776,0.375,-33.338
88,3.776,0.4688,-76.287
88,3.776,0.5625,-51.166
88,3.776,0.6562,-76.579
88,3.776,0.75,-48.725
88,3.776,0.8438,-78.81
88,3.776,0.9375,-36.715
88,3.776,1.0312,-75.134
88,3.776,1.125,-59.165
88,3.776,1.2188,-83.861
88,3.776,1.3125,-56.53
88,3.776,1.4062,-80.094
88,3.776,1.5,-67.803
88,3.776,1.5938,-77.06
88,3.776,1.6875,-66.252
88,3.776,1.7812,-90.956
88,3.776,1.875,-68.496
88,3.776,1.9688,-77.34
88,3.776,2.0625,-74.999
88,3.776,2.1562,-76.366
88,3.776,2.25,-73.962
88,3.776,2.3438,-80.567
88,3.776,2.4375,-65.885
88,3.776,2.5312,-89.261
88,3.776,2.625,-95.649
88,3.776,2.7188,-96.604
88,3.776,2.8125,-78.277
88,3.776,2.9062,-98.154
88,3.776,3.0,-81.942
88,3.776,3.0938,-96.673
88,3.776,3.1875,-80.471
88,3.776,3.2812,-94.127
88,3.776,3.375,-77.807
88,3.776,3.4688,-88.511
88,3.776,3.5625,-78.942
88,3.776,3.6562,-92.538
88,3.776,3.75,-85.594
88,3.776,3.8438,-95.586
88,3.776,3.9375,-88.355
88,3.776,4.0312,-95.868
88,3.776,4.125,-89.896
88,3.776,4.2188,-98.014
88,3.776,4.3125,-90.995
88,3.776,4.4062,-93.616
88,3.776,4.5,-88.631
88,3.776,4.5938,-88.724
88,3.776,4.6875,-81.081
88,3.776,4.7812,-88.579
88,3.776,4.875,-96.019
88,3.776,4.9688,-97.933
88,3.776,5.0625,-93.688
88,3.776,5.1562,-97.688
88,3.776,5.25,-95.203
88,3.776,5.3438,-96.07
88,3.776,5.4375,-79.696
88,3.776,5.5312,-97.798
88,3.776,5.625,-94.343
88,3.776,5.7188,-98.817
88,3.776,5.8125,-92.569
88,3.776,5.9062,-99.508
88,3.776,6.0,-94.558
88,3.776,6.0938,-89.396
88,3.776,6.1875,-74.266
88,3.776,6.2812,-84.545
88,3.776,6.375,-84.819
88,3.776,6.4688,-84.078
88,3.776,6.5625,-82.712
88,3.776,6.6562,-88.666
88,3.776,6.75,-85.716
88,3.776,6.8438,-89.647
88,3.776,6.9375,-94.011
88,3.776,7.0312,-85.323
88,3.776,7.125,-85.701
88,3.776,7.2188,-79.531
88,3.776,7.3125,-89.317
88,3.776,7.4062,-91.881
88,3.776,7.5,-98.063
88,3.776,7.5938,-91.757
88,3.776,7.6875,-99.29
88,3.776,7.7812,-98.149
88,3.776,7.875,-88.372
88,3.776,7.9688,-88.279
88,3.776,8.0625,-82.192
88,3.776,8.1562,-79.093
88,3.776,8.25,-83.794
88,3.776,8.3438,-80.441
88,3.776,8.4375,-95.015
88,3.776,8.5312,-80.854
88,3.776,8.625,-87.402
88,3.776,8.7188,-78.936
88,3.776,8.8125,-81.276
88,3.776,8.9062,-75.983
88,3.776,9.0,-81.7
88,3.776,9.0938,-74.778
88,3.776,9.1875,-82.193
88,3.776,9.2812,-82.165
88,3.776,9.375,-83.693
88,3.776,9.4688,-78.133
88,3.776,9.5625,-72.847
88,3.776,9.6562,-72.639
88,3.776,9.75,-85.655
88,3.776,9.8438,-86.025
88,3.776,9.9375,-83.685
88,3.776,10.0312,-79.646
88,3.776,10.125,-77.795
88,3.776,10.2188,-73.374
88,3.776,10.3125,-76.352
88,3.776,10.4062,-78.106
88,3.776,10.5,-79.315
88,3.776,10.5938,-80.529
88,3.776,10.6875,-75.633
88,3.776,10.7812,-79.131
88,3.776,10.875,-70.204
88,3.776,10.9688,-76.85
88,3.776,11.0625,-77.101
88,3.776,11.1562,-77.583
88,3.776,11.25,-81.06
88,3.776,11.3438,-75.284
88,3.776,11.4375,-72.161
88,3.776,11.5312,-93.748
88,3.776,11.625,-90.439
88,3.776,11.7188,-79.628
88,3.776,11.8125,-71.754
88,3.776,11.9062,-86.776
88,3.776,12.0,-87.125
88,3.776,12.0938,-79.448
88,3.776,12.1875,-81.999
88,3.776,12.2812,-80.722
88,3.776,12.375,-90.679
88,3.776,12.4688,-84.644
88,3.776,12.5625,-94.636
88,3.776,12.6562,-94.013
88,3.776,12.75,-95.707
88,3.776,12.8438,-89.494
88,3.776,12.9375,-91.595
88,3.776,13.0312,-96.739
88,3.776,13.125,-95.783
88,3.776,13.2188,-94.582
88,3.776,13.3125,-94.479
88,3.776,13.4062,-91.612
88,3.776,13.5,-92.531
88,3.776,13.5938,-87.684
88,3.776,13.6875,-92.463
88,3.776,13.7812,-90.005
88,3.776,13.875,-84.949
88,3.776,13.9688,-86.527
88,3.776,14.0625,-83.111
88,3.776,14.1562,-93.079
88,3.776,14.25,-85.882
88,3.776,14.3438,-87.771
88,3.776,14.4375,-93.182
88,3.776,14.5312,-94.211
88,3.776,14.625,-95.954
88,3.776,14.7188,-98.368
88,3.776,14.8125,-99.803
88,3.776,14.9062,-95.14
88,3.776,15.0,-94.027
88,3.776,15.0938,-96.245
88,3.776,15.1875,-98.318
88,3.776,15.2812,-99.247
88,3.776,15.375,-98.101
88,3.776,15.4688,-99.297
88,3.776,15.5625,-99.842
88,3.776,15.6562,-99.4
88,3.776,15.75,-97.467
88,3.776,15.8438,-98.195
88,3.776,15.9375,-99.442
89,3.8187,0.0,-72.551
89,3.8187,0.0938,-77.787
89,3.8187,0.1875,-34.769
89,3.8187,0.2812,-68.241
89,3.8187,0.375,-34.015
89,3.8187,0.4688,-68.541
89,3.8187,0.5625,-54.492
89,3.8187,0.6562,-88.227
89,3.8187,0.75,-49.855
89,3.8187,0.8438,-69.16
89,3.8187,0.9375,-40.773
89,3.8187,1.0312,-78.201
89,3.8187,1.125,-60.694
89,3.8187,1.2188,-95.294
89,3.8187,1.3125,-60.648
89,3.8187,1.4062,-82.804
89,3.8187,1.5,-77.126
89,3.8187,1.5938,-78.977
89,3.8187,1.6875,-78.068
89,3.8187,1.7812,-88.032
89,3.8187,1.875,-76.252
89,3.8187,1.9688,-88.122
89,3.8187,2.0625,-92.425
89,3.8187,2.1562,-87.158
89,3.8187,2.25,-88.28
89,3.8187,2.3438,-86.444
89,3.8187,2.4375,-83.039
89,3.8187,2.5312,-86.52
89,3.8187,2.625,-85.165
89,3.8187,2.7188,-92.807
89,3.8187,2.8125,-97.062
89,3.8187,2.9062,-94.164
89,3.8187,3.0,-94.4
89,3.8187,3.0938,-91.051
89,3.8187,3.1875,-90.626
89,3.8187,3.2812,-81.637
89,3.8187,3.375,-91.318
89,3.8187,3.4688,-75.185
89,3.8187,3.5625,-95.207
89,3.8187,3.6562,-76.124
89,3.8187,3.75,-88.936
89,3.8187,3.8438,-85.368
89,3.8187,3.9375,-97.292
89,3.8187,4.0312,-79.397
89,3.8187,4.125,-99.432
89,3.8187,4.2188,-86.613
89,3.8187,4.3125,-93.651
89,3.8187,4.4062,-84.34
89,3.8187,4.5,-89.675
89,3.8187,4.5938,-84.806
89,3.8187,4.6875,-77.819
89,3.8187,4.7812,-75.113
89,3.8187,4.875,-87.888
89,3.8187,4.9688,-86.584
89,3.8187,5.0625,-94.148
89,3.8187,5.1562,-90.184
89,3.8187,5.25,-95.285
89,3.8187,5.3438,-86.78
89,3.8187,5.4375,-85.817
89,3.8187,5.5312,-85.86
89,3.8187,5.625,-97.147
89,3.8187,5.7188,-94.626
89,3.8187,5.8125,-94.075
89,3.8187,5.9062,-96.575
89,3.8187,6.0,-96.845
89,3.8187,6.0938,-88.927
89,3.8187,6.1875,-98.516
89,3.8187,6.2812,-76.295
89,3.8187,6.375,-89.419
89,3.8187,6.4688,-83.156
89,3.8187,6.5625,-83.176
89,3.8187,6.6562,-83.896
89,3.8187,6.75,-98.717
89,3.8187,6.8438,-98.276
89,3.8187,6.9375,-92.498
89,3.8187,7.0312,-92.469
89,3.8187,7.125,-88.4
89,3.8187,7.2188,-91.014
89,3.8187,7.3125,-89.261
89,3.8187,7.4062,-91.923
89,3.8187,7.5,-98.769
89,3.8187,7.5938,-97.315
89,3.8187,7.6875,-93.463
89,3.8187,7.7812,-98.05
89,3.8187,7.875,-91.268
89,3.8187,7.9688,-94.454
89,3.8187,8.0625,-88.271
89,3.8187,8.1562,-79.53
89,3.8187,8.25,-86.868
89,3.8187,8.3438,-90.228
89,3.8187,8.4375,-99.091
89,3.8187,8.5312,-84.725
89,3.8187,8.625,-94.848
89,3.8187,8.7188,-78.516
89,3.8187,8.8125,-83.994
89,3.8187,8.9062,-78.774
89,3.8187,9.0,-91.635
89,3.8187,9.0938,-87.97
89,3.8187,9.1875,-76.584
89,3.8187,9.2812,-89.069
89,3.8187,9.375,-73.2
89,3.8187,9.4688,-76.272
89,3.8187,9.5625,-75.578
89,3.8187,9.6562,-84.673
89,3.8187,9.75,-86.03
89,3.8187,9.8438,-81.913
89,3.8187,9.9375,-85.669
89,3.8187,10.0312,-74.792
89,3.8187,10.125,-76.036
89,3.8187,10.2188,-71.763
89,3.8187,10.3125,-68.421
89,3.8187,10.4062,-73.998
89,3.8187,10.5,-71.706
89,3.8187,10.5938,-70.042
89,3.8187,10.6875,-78.083
89,3.8187,10.7812,-76.415
89,3.8187,10.875,-73.717
89,3.8187,10.9688,-88.266
89,3.8187,11.0625,-78.481
89,3.8187,11.1562,-86.528
89,3.8187,11.25,-80.156
89,3.8187,11.3438,-77.699
89,3.8187,11.4375,-79.929
89,3.8187,11.5312,-81.58
89,3.8187,11.625,-84.927
89,3.8187,11.7188,-75.979
89,3.8187,11.8125,-90.146
89,3.8187,11.9062,-81.589
89,3.8187,12.0,-84.823
89,3.8187,12.0938,-96.174
89,3.8187,12.1875,-81.944
89,3.8187,12.2812,-74.938
89,3.8187,12.375,-89.08
89,3.8187,12.4688,-96.02
89,3.8187,12.5625,-98.273
89,3.8187,12.6562,-95.902
89,3.8187,12.75,-98.713
89,3.8187,12.8438,-96.987
89,3.8187,12.9375,-93.217
89,3.8187,13.0312,-97.159
89,3.8187,13.125,-95.715
89,3.8187,13.2188,-93.682
89,3.8187,13.3125,-91.576
89,3.8187,13.4062,-94.083
89,3.8187,13.5,-89.838
89,3.8187,13.5938,-90.443
89,3.8187,13.6875,-89.069
89,3.8187,13.7812,-80.596
89,3.8187,13.875,-89.969
89,3.8187,13.9688,-88.938
89,3.8187,14.0625,-96.094
89,3.8187,14.1562,-90.362
89,3.8187,14.25,-91.521
89,3.8187,14.3438,-85.357
89,3.8187,14.4375,-95.789
89,3.8187,14.5312,-93.191
89,3.8187,14.625,-99.589
89,3.8187,14.7188,-95.291
89,3.8187,14.8125,-96.545
89,3.8187,14.9062,-96.493
89,3.8187,15.0,-95.436
89,3.8187,15.0938,-99.793
89,3.8187,15.1875,-95.99
89,3.8187,15.2812,-96.417
89,3.8187,15.375,-91.007
89,3.8187,15.4688,-91.437
89,3.8187,15.5625,-98.382
89,3.8187,15.6562,-95.948
89,3.8187,15.75,-98.887
89,3.8187,15.8438,-99.527
89,3.8187,15.9375,-99.091
90,3.8613,0.0,-66.261
90,3.8613,0.0938,-80.629
90,3.8613,0.1875,-34.332
90,3.8613,0.2812,-69.62
90,3.8613,0.375,-35.325
90,3.8613,0.4688,-72.201
90,3.8613,0.5625,-53.431
90,3.8613,0.6562,-72.937
90,3.8613,0.75,-49.743
90,3.8613,0.8438,-70.671
90,3.8613,0.9375,-37.397
90,3.8613,1.0312,-83.367
90,3.8613,1.125,-58.66
90,3.8613,1.2188,-84.179
90,3.8613,1.3125,-60.944
90,3.8613,1.4062,-78.513
90,3.8613,1.5,-77.062
90,3.8613,1.5938,-81.254
90,3.8613,1.6875,-75.041
90,3.8613,1.7812,-84.338
90,3.8613,1.875,-75.648
90,3.8613,1.9688,-92.197
90,3.8613,2.0625,-79.677
90,3.8613,2.1562,-83.826
90,3.8613,2.25,-92.327
90,3.8613,2.3438,-88.15
90,3.8613,2.4375,-81.944
90,3.8613,2.5312,-86.514
90,3.8613,2.625,-93.687
90,3.8613,2.7188,-96.001
90,3.8613,2.8125,-93.91
90,3.8613,2.9062,-95.228
90,3.8613,3.0,-90.917
90,3.8613,3.0938,-88.623
90,3.8613,3.1875,-92.716
90,3.8613,3.2812,-92.058
90,3.8613,3.375,-87.521
90,3.8613,3.4688,-79.843
90,3.8613,3.5625,-89.111
90,3.8613,3.6562,-77.434
90,3.8613,3.75,-96.635
90,3.8613,3.8438,-82.981
90,3.8613,3.9375,-92.804
90,3.8613,4.0312,-76.44
90,3.8613,4.125,-96.291
90,3.8613,4.2188,-87.276
90,3.8613,4.3125,-94.555
90,3.8613,4.4062,-83.739
90,3.8613,4.5,-92.801
90,3.8613,4.5938,-81.543
90,3.8613,4.6875,-90.357
90,3.8613,4.7812,-80.284
90,3.8613,4.875,-93.806
90,3.8613,4.9688,-86.925
90,3.8613,5.0625,-99.843
90,3.8613,5.1562,-90.889
90,3.8613,5.25,-99.876
90,3.8613,5.3438,-83.087
90,3.8613,5.4375,-91.346
90,3.8613,5.5312,-85.523
90,3.8613,5.625,-94.415
90,3.8613,5.7188,-92.761
90,3.8613,5.8125,-95.553
90,3.8613,5.9062,-89.317
90,3.8613,6.0,-98.031
90,3.8613,6.0938,-86.471
90,3.8613,6.1875,-83.91
90,3.8613,6.2812,-78.501
90,3.8613,6.375,-84.047
90,3.8613,6.4688,-84.706
90,3.8613,6.5625,-85.01
90,3.8613,6.6562,-90.084
90,3.8613,6.75,-88.059
90,3.8613,6.8438,-90.112
90,3.8613,6.9375,-90.393
90,3.8613,7.0312,-85.097
90,3.8613,7.125,-85.24
90,3.8613,7.2188,-82.97
90,3.8613,7.3125,-87.169
90,3.8613,7.4062,-93.76
90,3.8613,7.5,-84.78
90,3.8613,7.5938,-81.558
90,3.8613,7.6875,-86.568
90,3.8613,7.7812,-78.514
90,3.8613,7.875,-78.912
90,3.8613,7.9688,-72.071
90,3.8613,8.0625,-84.328
90,3.8613,8.1562,-77.712
90,3.8613,8.25,-85.404
90,3.8613,8.3438,-89.621
90,3.8613,8.4375,-98.869
90,3.8613,8.5312,-94.179
90,3.8613,8.625,-76.84
90,3.8613,8.7188,-74.66
90,3.8613,8.8125,-92.232
90,3.8613,8.9062,-93.498
90,3.8613,9.0,-85.557
90,3.8613,9.0938,-93.298
90,3.8613,9.1875,-84.962
90,3.8613,9.2812,-85.722
90,3.8613,9.375,-84.484
90,3.8613,9.4688,-89.866
90,3.8613,9.5625,-92.709
90,3.8613,9.6562,-88.337
90,3.8613,9.75,-91.519
90,3.8613,9.8438,-81.511
90,3.8613,9.9375,-83.917
90,3.8613,10.0312,-76.539
90,3.8613,10.125,-80.238
90,3.8613,10.2188,-75.447
90,3.8613,10.3125,-80.092
90,3.8613,10.4062,-81.739
90,3.8613,10.5,-75.042
90,3.8613,10.5938,-77.034
90,3.8613,10.6875,-81.316
90,3.8613,10.7812,-74.144
90,3.8613,10.875,-76.361
90,3.8613,10.9688,-86.408
90,3.8613,11.0625,-77.999
90,3.8613,11.1562,-81.468
90,3.8613,11.25,-79.603
90,3.8613,11.3438,-73.082
90,3.8613,11.4375,-89.879
90,3.8613,11.5312,-75.063
90,3.8613,11.625,-85.213
90,3.8613,11.7188,-78.9
90,3.8613,11.8125,-86.082
90,3.8613,11.9062,-84.02
90,3.8613,12.0,-76.603
90,3.8613,12.0938,-74.906
90,3.8613,12.1875,-73.78
90,3.8613,12.2812,-82.821
90,3.8613,12.375,-91.313
90,3.8613,12.4688,-87.962
90,3.8613,12.5625,-92.851
90,3.8613,12.6562,-96.793
90,3.8613,12.75,-99.155
90,3.8613,12.8438,-91.055
90,3.8613,12.9375,-94.804
90,3.8613,13.0312,-98.832
90,3.8613,13.125,-94.943
90,3.8613,13.2188,-87.208
90,3.8613,13.3125,-85.971
90,3.8613,13.4062,-94.159
90,3.8613,13.5,-92.255
90,3.8613,13.5938,-94.932
90,3.8613,13.6875,-94.694
90,3.8613,13.7812,-91.628
90,3.8613,13.875,-89.784
90,3.8613,13.9688,-89.912
90,3.8613,14.0625,-97.765
90,3.8613,14.1562,-94.135
90,3.8613,14.25,-99.751
90,3.8613,14.3438,-89.167
90,3.8613,14.4375,-93.971
90,3.8613,14.5312,-90.96
90,3.8613,14.625,-95.877
90,3.8613,14.7188,-96.668
90,3.8613,14.8125,-93.904
90,3.8613,14.9062,-97.773
90,3.8613,15.0,-96.759
90,3.8613,15.0938,-98.133
90,3.8613,15.1875,-96.843
90,3.8613,15.2812,-97.132
90,3.8613,15.375,-97.16
90,3.8613,15.4688,-96.84
90,3.8613,15.5625,-95.138
90,3.8613,15.6562,-99.69
90,3.8613,15.75,-99.648
90,3.8613,15.8438,-99.457
90,3.8613,15.9375,-95.725
91,3.904,0.0,-90.135
91,3.904,0.0938,-77.262
91,3.904,0.1875,-33.474
91,3.904,0.2812,-63.451
91,3.904,0.375,-35.871
91,3.904,0.4688,-72.672
91,3.904,0.5625,-54.685
91,3.904,0.6562,-76.536
91,3.904,0.75,-52.988
91,3.904,0.8438,-86.485
91,3.904,0.9375,-48.658
91,3.904,1.0312,-63.289
91,3.904,1.125,-43.692
91,3.904,1.2188,-85.747
91,3.904,1.3125,-59.644
91,3.904,1.4062,-82.793
91,3.904,1.5,-70.0
91,3.904,1.5938,-83.959
91,3.904,1.6875,-75.989
91,3.904,1.7812,-81.274
91,3.904,1.875,-73.95
91,3.904,1.9688,-75.62
91,3.904,2.0625,-84.432
91,3.904,2.1562,-80.282
91,3.904,2.25,-81.046
91,3.904,2.3438,-75.402
91,3.904,2.4375,-73.484
91,3.904,2.5312,-88.111
91,3.904,2.625,-84.62
91,3.904,2.7188,-87.246
91,3.904,2.8125,-87.019
91,3.904,2.9062,-97.183
91,3.904,3.0,-86.671
91,3.904,3.0938,-88.25
91,3.904,3.1875,-89.773
91,3.904,3.2812,-88.668
91,3.904,3.375,-91.547
91,3.904,3.4688,-82.437
91,3.904,3.5625,-93.67
91,3.904,3.6562,-76.778
91,3.904,3.75,-96.746
91,3.904,3.8438,-94.803
91,3.904,3.9375,-96.829
91,3.904,4.0312,-85.684
91,3.904,4.125,-94.738
91,3.904,4.2188,-97.94
91,3.904,4.3125,-89.928
91,3.904,4.4062,-91.43
91,3.904,4.5,-97.581
91,3.904,4.5938,-74.251
91,3.904,4.6875,-88.196
91,3.904,4.7812,-84.121
91,3.904,4.875,-98.347
91,3.904,4.9688,-92.532
91,3.904,5.0625,-99.0
91,3.904,5.1562,-94.454
91,3.904,5.25,-97.232
91,3.904,5.3438,-92.021
91,3.904,5.4375,-92.474
91,3.904,5.5312,-91.175
91,3.904,5.625,-94.666
91,3.904,5.7188,-87.99
91,3.904,5.8125,-98.359
91,3.904,5.9062,-94.963
91,3.904,6.0,-99.948
91,3.904,6.0938,-84.248
91,3.904,6.1875,-86.014
91,3.904,6.2812,-83.122
91,3.904,6.375,-88.488
91,3.904,6.4688,-85.118
91,3.904,6.5625,-86.983
91,3.904,6.6562,-88.242
91,3.904,6.75,-88.554
91,3.904,6.8438,-97.248
91,3.904,6.9375,-87.295
91,3.904,7.0312,-97.133
91,3.904,7.125,-83.372
91,3.904,7.2188,-85.78
91,3.904,7.3125,-71.033
91,3.904,7.4062,-91.767
91,3.904,7.5,-72.026
91,3.904,7.5938,-87.103
91,3.904,7.6875,-76.187
91,3.904,7.7812,-83.06
91,3.904,7.875,-67.861
91,3.904,7.9688,-67.258
91,3.904,8.0625,-65.568
91,3.904,8.1562,-65.653
91,3.904,8.25,-72.931
91,3.904,8.3438,-72.738
91,3.904,8.4375,-79.188
91,3.904,8.5312,-80.519
91,3.904,8.625,-76.085
91,3.904,8.7188,-81.041
91,3.904,8.8125,-88.698
91,3.904,8.9062,-84.314
91,3.904,9.0,-99.009
91,3.904,9.0938,-86.661
91,3.904,9.1875,-87.946
91,3.904,9.2812,-76.85
91,3.904,9.375,-75.651
91,3.904,9.4688,-79.027
91,3.904,9.5625,-73.92
91,3.904,9.6562,-81.69
91,3.904,9.75,-69.658
91,3.904,9.8438,-81.496
91,3.904,9.9375,-76.132
91,3.904,10.0312,-76.537
91,3.904,10.125,-90.985
91,3.904,10.2188,-91.172
91,3.904,10.3125,-83.506
91,3.904,10.4062,-87.146
91,3.904,10.5,-84.072
91,3.904,10.5938,-87.268
91,3.904,10.6875,-86.223
91,3.904,10.7812,-89.462
91,3.904,10.875,-90.932
91,3.904,10.9688,-83.593
91,3.904,11.0625,-85.19
91,3.904,11.1562,-82.526
91,3.904,11.25,-82.669
91,3.904,11.3438,-95.471
91,3.904,11.4375,-80.742
91,3.904,11.5312,-82.64
91,3.904,11.625,-79.111
91,3.904,11.7188,-87.093
91,3.904,11.8125,-80.361
91,3.904,11.9062,-82.649
91,3.904,12.0,-82.069
91,3.904,12.0938,-95.075
91,3.904,12.1875,-86.378
91,3.904,12.2812,-84.974
91,3.904,12.375,-86.729
91,3.904,12.4688,-89.211
91,3.904,12.5625,-94.605
91,3.904,12.6562,-97.161
91,3.904,12.75,-92.753
91,3.904,12.8438,-93.183
91,3.904,12.9375,-89.349
91,3.904,13.0312,-91.559
91,3.904,13.125,-86.577
91,3.904,13.2188,-91.157
91,3.904,13.3125,-78.629
91,3.904,13.4062,-80.048
91,3.904,13.5,-76.634
91,3.904,13.5938,-87.351
91,3.904,13.6875,-79.01
91,3.904,13.7812,-84.922
91,3.904,13.875,-84.47
91,3.904,13.9688,-87.381
91,3.904,14.0625,-86.564
91,3.904,14.1562,-91.041
91,3.904,14.25,-86.866
91,3.904,14.3438,-88.362
91,3.904,14.4375,-86.671
91,3.904,14.5312,-86.448
91,3.904,14.625,-86.994
91,3.904,14.7188,-96.028
91,3.904,14.8125,-94.545
91,3.904,14.9062,-98.348
91,3.904,15.0,-97.565
91,3.904,15.0938,-92.564
91,3.904,15.1875,-99.94
91,3.904,15.2812,-91.948
91,3.904,15.375,-97.256
91,3.904,15.4688,-99.925
91,3.904,15.5625,-98.891
91,3.904,15.6562,-99.466
91,3.904,15.75,-99.924
91,3.904,15.8438,-97.198
91,3.904,15.9375,-99.303
92,3.9467,0.0,-62.246
92,3.9467,0.0938,-80.72
92,3.9467,0.1875,-33.379
92,3.9467,0.2812,-67.981
92,3.9467,0.375,-43.061
92,3.9467,0.4688,-79.5
92,3.9467,0.5625,-63.673
92,3.9467,0.6562,-83.014
92,3.9467,0.75,-72.812
92,3.9467,0.8438,-81.384
92,3.9467,0.9375,-60.553
92,3.9467,1.0312,-78.617
92,3.9467,1.125,-65.212
92,3.9467,1.2188,-77.773
92,3.9467,1.3125,-65.594
92,3.9467,1.4062,-74.556
92,3.9467,1.5,-64.719
92,3.9467,1.5938,-90.606
92,3.9467,1.6875,-68.105
92,3.9467,1.7812,-71.132
92,3.9467,1.875,-63.332
92,3.9467,1.9688,-66.701
92,3.9467,2.0625,-64.758
92,3.9467,2.1562,-74.737
92,3.9467,2.25,-70.71
92,3.9467,2.3438,-82.914
92,3.9467,2.4375,-76.087
92,3.9467,2.5312,-82.136
92,3.9467,2.625,-75.375
92,3.9467,2.7188,-91.602
92,3.9467,2.8125,-85.448
92,3.9467,2.9062,-89.147
92,3.9467,3.0,-82.896
92,3.9467,3.0938,-93.233
92,3.9467,3.1875,-99.074
92,3.9467,3.2812,-82.955
92,3.9467,3.375,-82.614
92,3.9467,3.4688,-70.921
92,3.9467,3.5625,-79.666
92,3.9467,3.6562,-75.086
92,3.9467,3.75,-82.263
92,3.9467,3.8438,-86.033
92,3.9467,3.9375,-91.16
92,3.9467,4.0312,-81.945
92,3.9467,4.125,-88.108
92,3.9467,4.2188,-98.505
92,3.9467,4.3125,-93.266
92,3.9467,4.4062,-78.471
92,3.9467,4.5,-83.005
92,3.9467,4.5938,-89.778
92,3.9467,4.6875,-97.104
92,3.9467,4.7812,-94.358
92,3.9467,4.875,-89.206
92,3.9467,4.9688,-95.529
92,3.9467,5.0625,-92.509
92,3.9467,5.1562,-96.914
92,3.9467,5.25,-89.214
92,3.9467,5.3438,-91.99
92,3.9467,5.4375,-87.283
92,3.9467,5.5312,-97.598
92,3.9467,5.625,-92.578
92,3.9467,5.7188,-89.38
92,3.9467,5.8125,-97.705
92,3.9467,5.9062,-90.416
92,3.9467,6.0,-99.644
92,3.9467,6.0938,-90.011
92,3.9467,6.1875,-88.717
92,3.9467,6.2812,-84.796
92,3.9467,6.375,-94.261
92,3.9467,6.4688,-81.679
92,3.9467,6.5625,-87.959
92,3.9467,6.6562,-85.351
92,3.9467,6.75,-95.123
92,3.9467,6.8438,-90.152
92,3.9467,6.9375,-90.67
92,3.9467,7.0312,-98.843
92,3.9467,7.125,-92.58
92,3.9467,7.2188,-88.143
92,3.9467,7.3125,-78.472
92,3.9467,7.4062,-81.963
92,3.9467,7.5,-84.931
92,3.9467,7.5938,-76.093
92,3.9467,7.6875,-92.138
92,3.9467,7.7812,-74.605
92,3.9467,7.875,-84.835
92,3.9467,7.9688,-71.306
92,3.9467,8.0625,-79.494
92,3.9467,8.1562,-67.677
92,3.9467,8.25,-66.337
92,3.9467,8.3438,-71.2
92,3.9467,8.4375,-70.613
92,3.9467,8.5312,-90.26
92,3.9467,8.625,-87.308
92,3.9467,8.7188,-83.163
92,3.9467,8.8125,-91.687
92,3.9467,8.9062,-78.94
92,3.9467,9.0,-84.764
92,3.9467,9.0938,-81.333
92,3.9467,9.1875,-81.901
92,3.9467,9.2812,-75.153
92,3.9467,9.375,-74.19
92,3.9467,9.4688,-75.765
92,3.9467,9.5625,-73.101
92,3.9467,9.6562,-76.392
92,3.9467,9.75,-82.992
92,3.9467,9.8438,-84.285
92,3.9467,9.9375,-80.897
92,3.9467,10.0312,-86.694
92,3.9467,10.125,-82.094
92,3.9467,10.2188,-89.771
92,3.9467,10.3125,-88.06
92,3.9467,10.4062,-81.641
92,3.9467,10.5,-79.926
92,3.9467,10.5938,-77.526
92,3.9467,10.6875,-79.926
92,3.9467,10.7812,-78.644
92,3.9467,10.875,-76.925
92,3.9467,10.9688,-83.855
92,3.9467,11.0625,-81.317
92,3.9467,11.1562,-85.278
92,3.9467,11.25,-87.05
92,3.9467,11.3438,-89.555
92,3.9467,11.4375,-88.28
92,3.9467,11.5312,-89.936
92,3.9467,11.625,-89.35
92,3.9467,11.7188,-93.574
92,3.9467,11.8125,-93.012
92,3.9467,11.9062,-86.858
92,3.9467,12.0,-84.747
92,3.9467,12.0938,-93.288
92,3.9467,12.1875,-82.956
92,3.9467,12.2812,-91.814
92,3.9467,12.375,-92.686
92,3.9467,12.4688,-99.405
92,3.9467,12.5625,-99.048
92,3.9467,12.6562,-94.337
92,3.9467,12.75,-87.72
92,3.9467,12.8438,-87.131
92,3.9467,12.9375,-90.058
92,3.9467,13.0312,-87.896
92,3.9467,13.125,-89.538
92,3.9467,13.2188,-98.446
92,3.9467,13.3125,-94.8
92,3.9467,13.4062,-88.141
92,3.9467,13.5,-94.539
92,3.9467,13.5938,-86.047
92,3.9467,13.6875,-85.9
92,3.9467,13.7812,-89.734
92,3.9467,13.875,-95.31
92,3.9467,13.9688,-91.432
92,3.9467,14.0625,-95.608
92,3.9467,14.1562,-86.342
92,3.9467,14.25,-96.461
92,3.9467,14.3438,-86.07
92,3.9467,14.4375,-88.552
92,3.9467,14.5312,-81.902
92,3.9467,14.625,-89.188
92,3.9467,14.7188,-91.308
92,3.9467,14.8125,-96.59
92,3.9467,14.9062,-96.197
92,3.9467,15.0,-97.53
92,3.9467,15.0938,-97.85
92,3.9467,15.1875,-95.985
92,3.9467,15.2812,-97.651
92,3.9467,15.375,-96.974
92,3.9467,15.4688,-98.391
92,3.9467,15.5625,-99.475
92,3.9467,15.6562,-99.635
92,3.9467,15.75,-99.813
92,3.9467,15.8438,-98.825
92,3.9467,15.9375,-99.961
93,3.9893,0.0,-54.174
93,3.9893,0.0938,-63.135
93,3.9893,0.1875,-44.419
93,3.9893,0.2812,-62.167
93,3.9893,0.375,-52.004
93,3.9893,0.4688,-63.497
93,3.9893,0.5625,-73.269
93,3.9893,0.6562,-62.286
93,3.9893,0.75,-67.106
93,3.9893,0.8438,-68.078
93,3.9893,0.9375,-63.765
93,3.9893,1.0312,-88.619
93,3.9893,1.125,-70.23
93,3.9893,1.2188,-93.09
93,3.9893,1.3125,-74.485
93,3.9893,1.4062,-79.545
93,3.9893,1.5,-74.136
93,3.9893,1.5938,-83.239
93,3.9893,1.6875,-78.963
93,3.9893,1.7812,-71.194
93,3.9893,1.875,-76.607
93,3.9893,1.9688,-62.458
93,3.9893,2.0625,-75.779
93,3.9893,2.1562,-77.923
93,3.9893,2.25,-72.353
93,3.9893,2.3438,-72.223
93,3.9893,2.4375,-74.051
93,3.9893,2.5312,-66.894
93,3.9893,2.625,-68.648
93,3.9893,2.7188,-69.058
93,3.9893,2.8125,-66.739
93,3.9893,2.9062,-69.452
93,3.9893,3.0,-72.796
93,3.9893,3.0938,-75.35
93,3.9893,3.1875,-71.429
93,3.9893,3.2812,-77.805
93,3.9893,3.375,-72.741
93,3.9893,3.4688,-73.429
93,3.9893,3.5625,-73.408
93,3.9893,3.6562,-96.102
93,3.9893,3.75,-80.095
93,3.9893,3.8438,-83.069
93,3.9893,3.9375,-73.619
93,3.9893,4.0312,-79.199
93,3.9893,4.125,-82.012
93,3.9893,4.2188,-75.331
93,3.9893,4.3125,-87.815
93,3.9893,4.4062,-84.284
93,3.9893,4.5,-85.252
93,3.9893,4.5938,-81.141
93,3.9893,4.6875,-84.475
93,3.9893,4.7812,-95.485
93,3.9893,4.875,-77.111
93,3.9893,4.9688,-80.187
93,3.9893,5.0625,-92.629
93,3.9893,5.1562,-87.591
93,3.9893,5.25,-82.173
93,3.9893,5.3438,-79.472
93,3.9893,5.4375,-80.616
93,3.9893,5.5312,-78.342
93,3.9893,5.625,-80.039
93,3.9893,5.7188,-81.081
93,3.9893,5.8125,-94.655
93,3.9893,5.9062,-93.738
93,3.9893,6.0,-98.703
93,3.9893,6.0938,-91.943
93,3.9893,6.1875,-82.14
93,3.9893,6.2812,-82.546
93,3.9893,6.375,-87.366
93,3.9893,6.4688,-79.026
93,3.9893,6.5625,-89.21
93,3.9893,6.6562,-81.21
93,3.9893,6.75,-86.515
93,3.9893,6.8438,-84.214
93,3.9893,6.9375,-85.246
93,3.9893,7.0312,-81.226
93,3.9893,7.125,-84.869
93,3.9893,7.2188,-91.056
93,3.9893,7.3125,-80.833
93,3.9893,7.4062,-83.678
93,3.9893,7.5,-76.696
93,3.9893,7.5938,-70.861
93,3.9893,7.6875,-91.032
93,3.9893,7.7812,-69.682
93,3.9893,7.875,-72.026
93,3.9893,7.9688,-80.285
93,3.9893,8.0625,-73.776
93,3.9893,8.1562,-72.023
93,3.9893,8.25,-73.917
93,3.9893,8.3438,-66.027
93,3.9893,8.4375,-75.597
93,3.9893,8.5312,-61.771
93,3.9893,8.625,-68.943
93,3.9893,8.7188,-67.549
93,3.9893,8.8125,-76.342
93,3.9893,8.9062,-75.091
93,3.9893,9.0,-73.299
93,3.9893,9.0938,-76.616
93,3.9893,9.1875,-71.164
93,3.9893,9.2812,-71.506
93,3.9893,9.375,-84.195
93,3.9893,9.4688,-76.903
93,3.9893,9.5625,-76.987
93,3.9893,9.6562,-69.512
93,3.9893,9.75,-72.389
93,3.9893,9.8438,-74.539
93,3.9893,9.9375,-71.564
93,3.9893,10.0312,-84.12
93,3.9893,10.125,-82.49
93,3.9893,10.2188,-73.41
93,3.9893,10.3125,-84.173
93,3.9893,10.4062,-77.086
93,3.9893,10.5,-91.697
93,3.9893,10.5938,-76.197
93,3.9893,10.6875,-79.906
93,3.9893,10.7812,-88.335
93,3.9893,10.875,-80.033
93,3.9893,10.9688,-85.026
93,3.9893,11.0625,-80.006
93,3.9893,11.1562,-86.053
93,3.9893,11.25,-92.099
93,3.9893,11.3438,-81.544
93,3.9893,11.4375,-86.38
93,3.9893,11.5312,-97.995
93,3.9893,11.625,-89.745
93,3.9893,11.7188,-91.536
93,3.9893,11.8125,-83.712
93,3.9893,11.9062,-87.055
93,3.9893,12.0,-85.745
93,3.9893,12.0938,-92.491
93,3.9893,12.1875,-91.761
93,3.9893,12.2812,-88.466
93,3.9893,12.375,-88.925
93,3.9893,12.4688,-83.898
93,3.9893,12.5625,-96.764
93,3.9893,12.6562,-88.179
93,3.9893,12.75,-83.249
93,3.9893,12.8438,-92.465
93,3.9893,12.9375,-93.693
93,3.9893,13.0312,-87.91
93,3.9893,13.125,-90.656
93,3.9893,13.2188,-79.934
93,3.9893,13.3125,-83.43
93,3.9893,13.4062,-87.868
93,3.9893,13.5,-86.106
93,3.9893,13.5938,-98.648
93,3.9893,13.6875,-88.964
93,3.9893,13.7812,-84.63
93,3.9893,13.875,-83.476
93,3.9893,13.9688,-88.635
93,3.9893,14.0625,-86.755
93,3.9893,14.1562,-88.381
93,3.9893,14.25,-88.977
93,3.9893,14.3438,-97.682
93,3.9893,14.4375,-90.57
93,3.9893,14.5312,-97.461
93,3.9893,14.625,-94.084
93,3.9893,14.7188,-93.411
93,3.9893,14.8125,-89.214
93,3.9893,14.9062,-98.314
93,3.9893,15.0,-98.966
93,3.9893,15.0938,-93.305
93,3.9893,15.1875,-93.081
93,3.9893,15.2812,-98.799
93,3.9893,15.375,-98.326
93,3.9893,15.4688,-98.73
93,3.9893,15.5625,-93.424
93,3.9893,15.6562,-99.842
93,3.9893,15.75,-92.901
93,3.9893,15.8438,-96.876
93,3.9893,15.9375,-99.142
94,4.032,0.0,-52.881
94,4.032,0.0938,-48.12
94,4.032,0.1875,-34.737
94,4.032,0.2812,-38.909
94,4.032,0.375,-42.929
94,4.032,0.4688,-68.189
94,4.032,0.5625,-70.031
94,4.032,0.6562,-70.157
94,4.032,0.75,-72.262
94,4.032,0.8438,-67.838
94,4.032,0.9375,-56.399
94,4.032,1.0312,-76.888
94,4.032,1.125,-69.769
94,4.032,1.2188,-72.042
94,4.032,1.3125,-86.535
94,4.032,1.4062,-68.48
94,4.032,1.5,-76.676
94,4.032,1.5938,-52.942
94,4.032,1.6875,-63.283
94,4.032,1.7812,-53.965
94,4.032,1.875,-52.522
94,4.032,1.9688,-56.59
94,4.032,2.0625,-59.87
94,4.032,2.1562,-60.608
94,4.032,2.25,-65.432
94,4.032,2.3438,-84.34
94,4.032,2.4375,-68.415
94,4.032,2.5312,-90.173
94,4.032,2.625,-77.435
94,4.032,2.7188,-83.507
94,4.032,2.8125,-76.369
94,4.032,2.9062,-77.344
94,4.032,3.0,-92.255
94,4.032,3.0938,-94.877
94,4.032,3.1875,-87.174
94,4.032,3.2812,-75.993
94,4.032,3.375,-83.619
94,4.032,3.4688,-72.613
94,4.032,3.5625,-74.036
94,4.032,3.6562,-71.611
94,4.032,3.75,-93.286
94,4.032,3.8438,-83.525
94,4.032,3.9375,-77.883
94,4.032,4.0312,-80.849
94,4.032,4.125,-81.509
94,4.032,4.2188,-90.844
94,4.032,4.3125,-77.609
94,4.032,4.4062,-76.508
94,4.032,4.5,-71.973
94,4.032,4.5938,-71.909
94,4.032,4.6875,-83.262
94,4.032,4.7812,-81.645
94,4.032,4.875,-84.738
94,4.032,4.9688,-81.932
94,4.032,5.0625,-85.348
94,4.032,5.1562,-79.706
94,4.032,5.25,-83.954
94,4.032,5.3438,-85.899
94,4.032,5.4375,-91.982
94,4.032,5.5312,-94.252
94,4.032,5.625,-94.376
94,4.032,5.7188,-83.361
94,4.032,5.8125,-85.583
94,4.032,5.9062,-93.587
94,4.032,6.0,-90.636
94,4.032,6.0938,-98.788
94,4.032,6.1875,-89.582
94,4.032,6.2812,-96.548
94,4.032,6.375,-79.43
94,4.032,6.4688,-84.39
94,4.032,6.5625,-83.731
94,4.032,6.6562,-85.913
94,4.032,6.75,-80.112
94,4.032,6.8438,-97.565
94,4.032,6.9375,-85.025
94,4.032,7.0312,-81.131
94,4.032,7.125,-84.561
94,4.032,7.2188,-82.757
94,4.032,7.3125,-81.681
94,4.032,7.4062,-74.19
94,4.032,7.5,-84.77
94,4.032,7.5938,-84.944
94,4.032,7.6875,-76.775
94,4.032,7.7812,-77.215
94,4.032,7.875,-75.97
94,4.032,7.9688,-73.215
94,4.032,8.0625,-82.377
94,4.032,8.1562,-84.094
94,4.032,8.25,-69.863
94,4.032,8.3438,-75.129
94,4.032,8.4375,-68.986
94,4.032,8.5312,-70.753
94,4.032,8.625,-68.822
94,4.032,8.7188,-78.156
94,4.032,8.8125,-78.769
94,4.032,8.9062,-80.127
94,4.032,9.0,-81.071
94,4.032,9.0938,-82.6
94,4.032,9.1875,-73.421
94,4.032,9.2812,-85.826
94,4.032,9.375,-75.948
94,4.032,9.4688,-85.461
94,4.032,9.5625,-71.181
94,4.032,9.6562,-81.647
94,4.032,9.75,-77.224
94,4.032,9.8438,-74.502
94,4.032,9.9375,-71.904
94,4.032,10.0312,-82.436
94,4.032,10.125,-74.58
94,4.032,10.2188,-77.686
94,4.032,10.3125,-75.838
94,4.032,10.4062,-76.961
94,4.032,10.5,-72.538
94,4.032,10.5938,-74.966
94,4.032,10.6875,-75.882
94,4.032,10.7812,-82.277
94,4.032,10.875,-82.088
94,4.032,10.9688,-80.884
94,4.032,11.0625,-79.621
94,4.032,11.1562,-80.874
94,4.032,11.25,-78.655
94,4.032,11.3438,-88.126
94,4.032,11.4375,-88.043
94,4.032,11.5312,-82.632
94,4.032,11.625,-74.938
94,4.032,11.7188,-77.674
94,4.032,11.8125,-89.514
94,4.032,11.9062,-75.631
94,4.032,12.0,-83.93
94,4.032,12.0938,-74.65
94,4.032,12.1875,-85.927
94,4.032,12.2812,-81.433
94,4.032,12.375,-88.382
94,4.032,12.4688,-83.085
94,4.032,12.5625,-84.584
94,4.032,12.6562,-80.164
94,4.032,12.75,-87.215
94,4.032,12.8438,-88.048
94,4.032,12.9375,-85.063
94,4.032,13.0312,-79.562
94,4.032,13.125,-83.25
94,4.032,13.2188,-84.083
94,4.032,13.3125,-85.006
94,4.032,13.4062,-77.743
94,4.032,13.5,-80.43
94,4.032,13.5938,-79.175
94,4.032,13.6875,-83.156
94,4.032,13.7812,-82.789
94,4.032,13.875,-86.774
94,4.032,13.9688,-96.801
94,4.032,14.0625,-90.026
94,4.032,14.1562,-91.638
94,4.032,14.25,-99.131
94,4.032,14.3438,-93.45
94,4.032,14.4375,-94.737
94,4.032,14.5312,-85.878
94,4.032,14.625,-93.372
94,4.032,14.7188,-86.234
94,4.032,14.8125,-88.917
94,4.032,14.9062,-86.358
94,4.032,15.0,-93.079
94,4.032,15.0938,-91.365
94,4.032,15.1875,-94.705
94,4.032,15.2812,-92.891
94,4.032,15.375,-91.155
94,4.032,15.4688,-88.606
94,4.032,15.5625,-95.493
94,4.032,15.6562,-93.84
94,4.032,15.75,-98.13
94,4.032,15.8438,-96.832
94,4.032,15.9375,-99.226
95,4.0747,0.0,-56.026
95,4.0747,0.0938,-55.816
95,4.0747,0.1875,-32.629
95,4.0747,0.2812,-39.195
95,4.0747,0.375,-34.702
95,4.0747,0.4688,-80.814
95,4.0747,0.5625,-44.456
95,4.0747,0.6562,-71.347
95,4.0747,0.75,-51.89
95,4.0747,0.8438,-76.199
95,4.0747,0.9375,-50.732
95,4.0747,1.0312,-75.654
95,4.0747,1.125,-46.189
95,4.0747,1.2188,-65.043
95,4.0747,1.3125,-49.679
95,4.0747,1.4062,-82.716
95,4.0747,1.5,-57.124
95,4.0747,1.5938,-85.622
95,4.0747,1.6875,-61.258
95,4.0747,1.7812,-79.488
95,4.0747,1.875,-63.466
95,4.0747,1.9688,-77.323
95,4.0747,2.0625,-62.931
95,4.0747,2.1562,-73.355
95,4.0747,2.25,-68.825
95,4.0747,2.3438,-70.006
95,4.0747,2.4375,-63.097
95,4.0747,2.5312,-78.674
95,4.0747,2.625,-88.781
95,4.0747,2.7188,-92.839
95,4.0747,2.8125,-88.021
95,4.0747,2.9062,-92.354
95,4.0747,3.0,-94.33
95,4.0747,3.0938,-87.49
95,4.0747,3.1875,-82.195
95,4.0747,3.2812,-87.598
95,4.0747,3.375,-86.89
95,4.0747,3.4688,-90.002
95,4.0747,3.5625,-77.175
95,4.0747,3.6562,-81.732
95,4.0747,3.75,-97.28
95,4.0747,3.8438,-92.549
95,4.0747,3.9375,-82.483
95,4.0747,4.0312,-87.483
95,4.0747,4.125,-93.513
95,4.0747,4.2188,-95.508
95,4.0747,4.3125,-91.57
95,4.0747,4.4062,-91.846
95,4.0747,4.5,-89.108
95,4.0747,4.5938,-93.003
95,4.0747,4.6875,-87.383
95,4.0747,4.7812,-84.155
95,4.0747,4.875,-92.248
95,4.0747,4.9688,-93.719
95,4.0747,5.0625,-92.396
95,4.0747,5.1562,-96.294
95,4.0747,5.25,-95.907
95,4.0747,5.3438,-92.637
95,4.0747,5.4375,-92.006
95,4.0747,5.5312,-94.009
95,4.0747,5.625,-94.846
95,4.0747,5.7188,-94.052
95,4.0747,5.8125,-99.898
95,4.0747,5.9062,-95.704
95,4.0747,6.0,-88.651
95,4.0747,6.0938,-88.764
95,4.0747,6.1875,-80.307
95,4.0747,6.2812,-80.178
95,4.0747,6.375,-82.166
95,4.0747,6.4688,-85.067
95,4.0747,6.5625,-89.581
95,4.0747,6.6562,-86.065
95,4.0747,6.75,-83.939
95,4.0747,6.8438,-75.606
95,4.0747,6.9375,-88.342
95,4.0747,7.0312,-79.651
95,4.0747,7.125,-78.136
95,4.0747,7.2188,-71.254
95,4.0747,7.3125,-80.685
95,4.0747,7.4062,-80.973
95,4.0747,7.5,-78.908
95,4.0747,7.5938,-74.033
95,4.0747,7.6875,-77.765
95,4.0747,7.7812,-68.458
95,4.0747,7.875,-66.423
95,4.0747,7.9688,-59.751
95,4.0747,8.0625,-68.02
95,4.0747,8.1562,-65.706
95,4.0747,8.25,-78.331
95,4.0747,8.3438,-76.903
95,4.0747,8.4375,-68.217
95,4.0747,8.5312,-69.725
95,4.0747,8.625,-63.096
95,4.0747,8.7188,-67.915
95,4.0747,8.8125,-73.982
95,4.0747,8.9062,-76.807
95,4.0747,9.0,-70.895
95,4.0747,9.0938,-69.969
95,4.0747,9.1875,-69.178
95,4.0747,9.2812,-62.404
95,4.0747,9.375,-62.687
95,4.0747,9.4688,-62.877
95,4.0747,9.5625,-68.563
95,4.0747,9.6562,-74.071
95,4.0747,9.75,-70.431
95,4.0747,9.8438,-82.912
95,4.0747,9.9375,-77.374
95,4.0747,10.0312,-81.118
95,4.0747,10.125,-90.504
95,4.0747,10.2188,-85.546
95,4.0747,10.3125,-84.987
95,4.0747,10.4062,-86.007
95,4.0747,10.5,-86.468
95,4.0747,10.5938,-76.651
95,4.0747,10.6875,-88.023
95,4.0747,10.7812,-85.086
95,4.0747,10.875,-84.701
95,4.0747,10.9688,-81.512
95,4.0747,11.0625,-88.722
95,4.0747,11.1562,-79.77
95,4.0747,11.25,-98.602
95,4.0747,11.3438,-86.469
95,4.0747,11.4375,-87.855
95,4.0747,11.5312,-89.516
95,4.0747,11.625,-86.316
95,4.0747,11.7188,-80.769
95,4.0747,11.8125,-82.598
95,4.0747,11.9062,-77.35
95,4.0747,12.0,-79.443
95,4.0747,12.0938,-70.784
95,4.0747,12.1875,-83.452
95,4.0747,12.2812,-79.044
95,4.0747,12.375,-87.784
95,4.0747,12.4688,-83.887
95,4.0747,12.5625,-93.718
95,4.0747,12.6562,-80.541
95,4.0747,12.75,-83.288
95,4.0747,12.8438,-95.269
95,4.0747,12.9375,-90.62
95,4.0747,13.0312,-87.744
95,4.0747,13.125,-86.309
95,4.0747,13.2188,-88.887
95,4.0747,13.3125,-76.009
95,4.0747,13.4062,-76.724
95,4.0747,13.5,-77.851
95,4.0747,13.5938,-82.116
95,4.0747,13.6875,-80.186
95,4.0747,13.7812,-84.986
95,4.0747,13.875,-81.222
95,4.0747,13.9688,-86.865
95,4.0747,14.0625,-83.836
95,4.0747,14.1562,-91.0
95,4.0747,14.25,-87.059
95,4.0747,14.3438,-89.445
95,4.0747,14.4375,-83.481
95,4.0747,14.5312,-88.205
95,4.0747,14.625,-86.836
95,4.0747,14.7188,-96.532
95,4.0747,14.8125,-99.427
95,4.0747,14.9062,-89.66
95,4.0747,15.0,-92.487
95,4.0747,15.0938,-85.468
95,4.0747,15.1875,-81.837
95,4.0747,15.2812,-93.234
95,4.0747,15.375,-98.095
95,4.0747,15.4688,-89.316
95,4.0747,15.5625,-91.206
95,4.0747,15.6562,-89.726
95,4.0747,15.75,-97.423
95,4.0747,15.8438,-94.297
95,4.0747,15.9375,-99.032
96,4.1173,0.0,-75.578
96,4.1173,0.0938,-56.892
96,4.1173,0.1875,-32.362
96,4.1173,0.2812,-40.128
96,4.1173,0.375,-36.757
96,4.1173,0.4688,-84.318
96,4.1173,0.5625,-41.616
96,4.1173,0.6562,-71.259
96,4.1173,0.75,-45.622
96,4.1173,0.8438,-72.369
96,4.1173,0.9375,-44.871
96,4.1173,1.0312,-74.938
96,4.1173,1.125,-65.342
96,4.1173,1.2188,-86.05
96,4.1173,1.3125,-61.112
96,4.1173,1.4062,-77.552
96,4.1173,1.5,-55.648
96,4.1173,1.5938,-91.268
96,4.1173,1.6875,-60.615
96,4.1173,1.7812,-78.139
96,4.1173,1.875,-60.511
96,4.1173,1.9688,-86.102
96,4.1173,2.0625,-65.926
96,4.1173,2.1562,-86.564
96,4.1173,2.25,-59.57
96,4.1173,2.3438,-71.916
96,4.1173,2.4375,-56.969
96,4.1173,2.5312,-72.945
96,4.1173,2.625,-63.202
96,4.1173,2.7188,-78.285
96,4.1173,2.8125,-78.13
96,4.1173,2.9062,-92.202
96,4.1173,3.0,-87.09
96,4.1173,3.0938,-94.458
96,4.1173,3.1875,-92.635
96,4.1173,3.2812,-91.741
96,4.1173,3.375,-89.898
96,4.1173,3.4688,-86.176
96,4.1173,3.5625,-75.629
96,4.1173,3.6562,-93.0
96,4.1173,3.75,-82.152
96,4.1173,3.8438,-88.152
96,4.1173,3.9375,-93.003
96,4.1173,4.0312,-85.72
96,4.1173,4.125,-96.601
96,4.1173,4.2188,-99.959
96,4.1173,4.3125,-98.273
96,4.1173,4.4062,-95.223
96,4.1173,4.5,-92.629
96,4.1173,4.5938,-90.472
96,4.1173,4.6875,-88.703
96,4.1173,4.7812,-94.451
96,4.1173,4.875,-87.158
96,4.1173,4.9688,-84.583
96,4.1173,5.0625,-97.698
96,4.1173,5.1562,-91.748
96,4.1173,5.25,-81.882
96,4.1173,5.3438,-84.564
96,4.1173,5.4375,-89.554
96,4.1173,5.5312,-97.559
96,4.1173,5.625,-98.374
96,4.1173,5.7188,-96.498
96,4.1173,5.8125,-98.718
96,4.1173,5.9062,-95.11
96,4.1173,6.0,-90.445
96,4.1173,6.0938,-85.836
96,4.1173,6.1875,-77.873
96,4.1173,6.2812,-89.224
96,4.1173,6.375,-81.074
96,4.1173,6.4688,-92.259
96,4.1173,6.5625,-95.508
96,4.1173,6.6562,-93.332
96,4.1173,6.75,-99.133
96,4.1173,6.8438,-94.251
96,4.1173,6.9375,-95.061
96,4.1173,7.0312,-83.372
96,4.1173,7.125,-80.016
96,4.1173,7.2188,-79.459
96,4.1173,7.3125,-82.973
96,4.1173,7.4062,-80.346
96,4.1173,7.5,-76.156
96,4.1173,7.5938,-81.771
96,4.1173,7.6875,-85.07
96,4.1173,7.7812,-94.882
96,4.1173,7.875,-79.775
96,4.1173,7.9688,-83.224
96,4.1173,8.0625,-77.308
96,4.1173,8.1562,-81.106
96,4.1173,8.25,-68.989
96,4.1173,8.3438,-87.557
96,4.1173,8.4375,-71.774
96,4.1173,8.5312,-93.533
96,4.1173,8.625,-68.738
96,4.1173,8.7188,-72.095
96,4.1173,8.8125,-75.161
96,4.1173,8.9062,-72.248
96,4.1173,9.0,-65.924
96,4.1173,9.0938,-71.269
96,4.1173,9.1875,-75.854
96,4.1173,9.2812,-77.894
96,4.1173,9.375,-71.582
96,4.1173,9.4688,-91.493
96,4.1173,9.5625,-68.751
96,4.1173,9.6562,-83.24
96,4.1173,9.75,-90.52
96,4.1173,9.8438,-90.806
96,4.1173,9.9375,-77.751
96,4.1173,10.0312,-81.73
96,4.1173,10.125,-76.885
96,4.1173,10.2188,-79.854
96,4.1173,10.3125,-73.066
96,4.1173,10.4062,-90.699
96,4.1173,10.5,-83.184
96,4.1173,10.5938,-98.065
96,4.1173,10.6875,-82.544
96,4.1173,10.7812,-87.201
96,4.1173,10.875,-86.444
96,4.1173,10.9688,-88.822
96,4.1173,11.0625,-89.8
96,4.1173,11.1562,-85.858
96,4.1173,11.25,-86.86
96,4.1173,11.3438,-89.827
96,4.1173,11.4375,-97.214
96,4.1173,11.5312,-85.727
96,4.1173,11.625,-91.371
96,4.1173,11.7188,-78.988
96,4.1173,11.8125,-89.417
96,4.1173,11.9062,-74.114
96,4.1173,12.0,-83.583
96,4.1173,12.0938,-72.291
96,4.1173,12.1875,-75.25
96,4.1173,12.2812,-80.579
96,4.1173,12.375,-69.614
96,4.1173,12.4688,-83.465
96,4.1173,12.5625,-87.696
96,4.1173,12.6562,-89.841
96,4.1173,12.75,-96.016
96,4.1173,12.8438,-91.798
96,4.1173,12.9375,-89.701
96,4.1173,13.0312,-95.211
96,4.1173,13.125,-91.069
96,4.1173,13.2188,-97.647
96,4.1173,13.3125,-89.973
96,4.1173,13.4062,-98.116
96,4.1173,13.5,-89.148
96,4.1173,13.5938,-98.718
96,4.1173,13.6875,-95.972
96,4.1173,13.7812,-90.357
96,4.1173,13.875,-90.082
96,4.1173,13.9688,-86.83
96,4.1173,14.0625,-86.866
96,4.1173,14.1562,-85.254
96,4.1173,14.25,-86.799
96,4.1173,14.3438,-86.582
96,4.1173,14.4375,-84.84
96,4.1173,14.5312,-90.268
96,4.1173,14.625,-88.853
96,4.1173,14.7188,-94.77
96,4.1173,14.8125,-88.634
96,4.1173,14.9062,-94.063
96,4.1173,15.0,-89.149
96,4.1173,15.0938,-93.038
96,4.1173,15.1875,-94.018
96,4.1173,15.2812,-92.483
96,4.1173,15.375,-88.232
96,4.1173,15.4688,-90.809
96,4.1173,15.5625,-87.525
96,4.1173,15.6562,-93.404
96,4.1173,15.75,-96.285
96,4.1173,15.8438,-92.831
96,4.1173,15.9375,-99.679
97,4.16,0.0,-53.667
97,4.16,0.0938,-57.18
97,4.16,0.1875,-37.589
97,4.16,0.2812,-41.222
97,4.16,0.375,-48.893
97,4.16,0.4688,-75.083
97,4.16,0.5625,-51.199
97,4.16,0.6562,-56.406
97,4.16,0.75,-68.665
97,4.16,0.8438,-44.771
97,4.16,0.9375,-60.231
97,4.16,1.0312,-51.775
97,4.16,1.125,-68.094
97,4.16,1.2188,-66.821
97,4.16,1.3125,-81.275
97,4.16,1.4062,-61.478
97,4.16,1.5,-67.817
97,4.16,1.5938,-70.682
97,4.16,1.6875,-66.533
97,4.16,1.7812,-75.879
97,4.16,1.875,-59.691
97,4.16,1.9688,-80.955
97,4.16,2.0625,-62.897
97,4.16,2.1562,-82.163
97,4.16,2.25,-64.4
97,4.16,2.3438,-75.866
97,4.16,2.4375,-61.199
97,4.16,2.5312,-69.818
97,4.16,2.625,-72.653
97,4.16,2.7188,-69.234
97,4.16,2.8125,-90.621
97,4.16,2.9062,-62.282
97,4.16,3.0,-98.099
97,4.16,3.0938,-74.564
97,4.16,3.1875,-97.679
97,4.16,3.2812,-98.181
97,4.16,3.375,-91.274
97,4.16,3.4688,-85.185
97,4.16,3.5625,-83.183
97,4.16,3.6562,-87.697
97,4.16,3.75,-93.541
97,4.16,3.8438,-88.898
97,4.16,3.9375,-79.376
97,4.16,4.0312,-95.795
97,4.16,4.125,-85.794
97,4.16,4.2188,-88.639
97,4.16,4.3125,-90.021
97,4.16,4.4062,-99.98
97,4.16,4.5,-98.719
97,4.16,4.5938,-92.48
97,4.16,4.6875,-90.862
97,4.16,4.7812,-87.592
97,4.16,4.875,-99.054
97,4.16,4.9688,-94.134
97,4.16,5.0625,-95.49
97,4.16,5.1562,-90.369
97,4.16,5.25,-99.629
97,4.16,5.3438,-90.476
97,4.16,5.4375,-84.089
97,4.16,5.5312,-81.507
97,4.16,5.625,-81.433
97,4.16,5.7188,-88.811
97,4.16,5.8125,-91.532
97,4.16,5.9062,-96.427
97,4.16,6.0,-98.022
97,4.16,6.0938,-97.832
97,4.16,6.1875,-83.504
97,4.16,6.2812,-82.152
97,4.16,6.375,-69.241
97,4.16,6.4688,-79.137
97,4.16,6.5625,-74.772
97,4.16,6.6562,-95.019
97,4.16,6.75,-84.821
97,4.16,6.8438,-91.257
97,4.16,6.9375,-87.477
97,4.16,7.0312,-84.593
97,4.16,7.125,-91.54
97,4.16,7.2188,-98.298
97,4.16,7.3125,-84.746
97,4.16,7.4062,-83.76
97,4.16,7.5,-87.412
97,4.16,7.5938,-82.934
97,4.16,7.6875,-84.848
97,4.16,7.7812,-85.382
97,4.16,7.875,-95.773
97,4.16,7.9688,-91.641
97,4.16,8.0625,-91.878
97,4.16,8.1562,-97.848
97,4.16,8.25,-84.371
97,4.16,8.3438,-84.354
97,4.16,8.4375,-75.958
97,4.16,8.5312,-74.423
97,4.16,8.625,-67.868
97,4.16,8.7188,-78.447
97,4.16,8.8125,-68.93
97,4.16,8.9062,-87.716
97,4.16,9.0,-69.04
97,4.16,9.0938,-72.723
97,4.16,9.1875,-66.592
97,4.16,9.2812,-83.514
97,4.16,9.375,-65.613
97,4.16,9.4688,-82.772
97,4.16,9.5625,-71.53
97,4.16,9.6562,-76.487
97,4.16,9.75,-77.601
97,4.16,9.8438,-68.567
97,4.16,9.9375,-87.194
97,4.16,10.0312,-76.954
97,4.16,10.125,-86.919
97,4.16,10.2188,-85.234
97,4.16,10.3125,-90.288
97,4.16,10.4062,-77.799
97,4.16,10.5,-86.769
97,4.16,10.5938,-76.115
97,4.16,10.6875,-80.541
97,4.16,10.7812,-76.465
97,4.16,10.875,-89.538
97,4.16,10.9688,-74.293
97,4.16,11.0625,-89.031
97,4.16,11.1562,-78.036
97,4.16,11.25,-90.274
97,4.16,11.3438,-93.683
97,4.16,11.4375,-87.914
97,4.16,11.5312,-96.342
97,4.16,11.625,-77.732
97,4.16,11.7188,-87.376
97,4.16,11.8125,-77.998
97,4.16,11.9062,-84.852
97,4.16,12.0,-83.992
97,4.16,12.0938,-90.329
97,4.16,12.1875,-84.435
97,4.16,12.2812,-78.646
97,4.16,12.375,-78.774
97,4.16,12.4688,-77.405
97,4.16,12.5625,-82.032
97,4.16,12.6562,-76.12
97,4.16,12.75,-78.266
97,4.16,12.8438,-79.545
97,4.16,12.9375,-76.957
97,4.16,13.0312,-81.091
97,4.16,13.125,-83.355
97,4.16,13.2188,-86.713
97,4.16,13.3125,-90.807
97,4.16,13.4062,-90.83
97,4.16,13.5,-97.691
97,4.16,13.5938,-91.669
97,4.16,13.6875,-96.322
97,4.16,13.7812,-93.105
97,4.16,13.875,-99.898
97,4.16,13.9688,-96.446
97,4.16,14.0625,-93.36
97,4.16,14.1562,-99.35
97,4.16,14.25,-97.093
97,4.16,14.3438,-93.795
97,4.16,14.4375,-95.641
97,4.16,14.5312,-99.09
97,4.16,14.625,-92.518
97,4.16,14.7188,-94.143
97,4.16,14.8125,-90.063
97,4.16,14.9062,-88.341
97,4.16,15.0,-88.261
97,4.16,15.0938,-95.868
97,4.16,15.1875,-94.616
97,4.16,15.2812,-90.006
97,4.16,15.375,-97.915
97,4.16,15.4688,-89.536
97,4.16,15.5625,-92.149
97,4.16,15.6562,-90.046
97,4.16,15.75,-90.268
97,4.16,15.8438,-89.105
97,4.16,15.9375,-89.951
98,4.2027,0.0,-58.726
98,4.2027,0.0938,-56.89
98,4.2027,0.1875,-36.325
98,4.2027,0.2812,-42.981
98,4.2027,0.375,-55.129
98,4.2027,0.4688,-69.031
98,4.2027,0.5625,-49.738
98,4.2027,0.6562,-48.828
98,4.2027,0.75,-86.785
98,4.2027,0.8438,-43.038
98,4.2027,0.9375,-61.019
98,4.2027,1.0312,-74.546
98,4.2027,1.125,-81.831
98,4.2027,1.2188,-70.78
98,4.2027,1.3125,-71.555
98,4.2027,1.4062,-77.229
98,4.2027,1.5,-68.577
98,4.2027,1.5938,-75.451
98,4.2027,1.6875,-56.164
98,4.2027,1.7812,-76.071
98,4.2027,1.875,-53.918
98,4.2027,1.9688,-84.331
98,4.2027,2.0625,-65.113
98,4.2027,2.1562,-77.278
98,4.2027,2.25,-80.39
98,4.2027,2.3438,-77.631
98,4.2027,2.4375,-74.751
98,4.2027,2.5312,-59.475
98,4.2027,2.625,-82.904
98,4.2027,2.7188,-59.798
98,4.2027,2.8125,-84.192
98,4.2027,2.9062,-56.2
98,4.2027,3.0,-90.118
98,4.2027,3.0938,-77.774
98,4.2027,3.1875,-95.768
98,4.2027,3.2812,-87.055
98,4.2027,3.375,-86.038
98,4.2027,3.4688,-91.693
98,4.2027,3.5625,-93.17
98,4.2027,3.6562,-92.564
98,4.2027,3.75,-78.669
98,4.2027,3.8438,-91.651
98,4.2027,3.9375,-84.649
98,4.2027,4.0312,-94.973
98,4.2027,4.125,-91.418
98,4.2027,4.2188,-88.12
98,4.2027,4.3125,-93.154
98,4.2027,4.4062,-90.221
98,4.2027,4.5,-92.748
98,4.2027,4.5938,-89.581
98,4.2027,4.6875,-93.675
98,4.2027,4.7812,-86.616
98,4.2027,4.875,-92.073
98,4.2027,4.9688,-89.673
98,4.2027,5.0625,-92.785
98,4.2027,5.1562,-92.203
98,4.2027,5.25,-87.865
98,4.2027,5.3438,-90.91
98,4.2027,5.4375,-72.764
98,4.2027,5.5312,-77.773
98,4.2027,5.625,-75.681
98,4.2027,5.7188,-89.027
98,4.2027,5.8125,-91.901
98,4.2027,5.9062,-97.238
98,4.2027,6.0,-96.453
98,4.2027,6.0938,-93.37
98,4.2027,6.1875,-89.805
98,4.2027,6.2812,-91.594
98,4.2027,6.375,-82.324
98,4.2027,6.4688,-86.263
98,4.2027,6.5625,-80.838
98,4.2027,6.6562,-85.267
98,4.2027,6.75,-90.576
98,4.2027,6.8438,-93.826
98,4.2027,6.9375,-80.104
98,4.2027,7.0312,-88.65
98,4.2027,7.125,-86.5
98,4.2027,7.2188,-87.254
98,4.2027,7.3125,-85.321
98,4.2027,7.4062,-94.511
98,4.2027,7.5,-80.915
98,4.2027,7.5938,-86.426
98,4.2027,7.6875,-99.099
98,4.2027,7.7812,-85.605
98,4.2027,7.875,-87.91
98,4.2027,7.9688,-98.534
98,4.2027,8.0625,-93.65
98,4.2027,8.1562,-97.802
98,4.2027,8.25,-84.469
98,4.2027,8.3438,-90.311
98,4.2027,8.4375,-72.655
98,4.2027,8.5312,-68.121
98,4.2027,8.625,-71.261
98,4.2027,8.7188,-66.675
98,4.2027,8.8125,-67.812
98,4.2027,8.9062,-67.586
98,4.2027,9.0,-67.068
98,4.2027,9.0938,-66.561
98,4.2027,9.1875,-62.175
98,4.2027,9.2812,-78.717
98,4.2027,9.375,-82.794
98,4.2027,9.4688,-73.602
98,4.2027,9.5625,-77.002
98,4.2027,9.6562,-85.266
98,4.2027,9.75,-83.2
98,4.2027,9.8438,-81.053
98,4.2027,9.9375,-96.822
98,4.2027,10.0312,-77.784
98,4.2027,10.125,-84.258
98,4.2027,10.2188,-80.518
98,4.2027,10.3125,-92.06
98,4.2027,10.4062,-85.545
98,4.2027,10.5,-81.249
98,4.2027,10.5938,-85.194
98,4.2027,10.6875,-81.237
98,4.2027,10.7812,-83.19
98,4.2027,10.875,-85.966
98,4.2027,10.9688,-89.443
98,4.2027,11.0625,-82.892
98,4.2027,11.1562,-87.505
98,4.2027,11.25,-94.611
98,4.2027,11.3438,-90.847
98,4.2027,11.4375,-98.519
98,4.2027,11.5312,-90.804
98,4.2027,11.625,-91.322
98,4.2027,11.7188,-86.591
98,4.2027,11.8125,-86.377
98,4.2027,11.9062,-81.045
98,4.2027,12.0,-87.593
98,4.2027,12.0938,-84.962
98,4.2027,12.1875,-90.46
98,4.2027,12.2812,-94.559
98,4.2027,12.375,-82.754
98,4.2027,12.4688,-78.951
98,4.2027,12.5625,-90.73
98,4.2027,12.6562,-82.446
98,4.2027,12.75,-81.106
98,4.2027,12.8438,-91.319
98,4.2027,12.9375,-87.522
98,4.2027,13.0312,-86.923
98,4.2027,13.125,-90.171
98,4.2027,13.2188,-93.236
98,4.2027,13.3125,-96.761
98,4.2027,13.4062,-90.412
98,4.2027,13.5,-99.258
98,4.2027,13.5938,-95.947
98,4.2027,13.6875,-96.566
98,4.2027,13.7812,-89.283
98,4.2027,13.875,-92.199
98,4.2027,13.9688,-99.68
98,4.2027,14.0625,-94.721
98,4.2027,14.1562,-93.375
98,4.2027,14.25,-88.089
98,4.2027,14.3438,-94.417
98,4.2027,14.4375,-93.049
98,4.2027,14.5312,-90.016
98,4.2027,14.625,-85.215
98,4.2027,14.7188,-97.3
98,4.2027,14.8125,-87.225
98,4.2027,14.9062,-94.738
98,4.2027,15.0,-98.2
98,4.2027,15.0938,-95.921
98,4.2027,15.1875,-99.567
98,4.2027,15.2812,-92.829
98,4.2027,15.375,-90.222
98,4.2027,15.4688,-92.881
98,4.2027,15.5625,-91.392
98,4.2027,15.6562,-98.866
98,4.2027,15.75,-98.657
98,4.2027,15.8438,-96.108
98,4.2027,15.9375,-96.148
99,4.2453,0.0,-83.965
99,4.2453,0.0938,-57.565
99,4.2453,0.1875,-35.144
99,4.2453,0.2812,-45.612
99,4.2453,0.375,-53.923
99,4.2453,0.4688,-67.469
99,4.2453,0.5625,-52.614
99,4.2453,0.6562,-55.65
99,4.2453,0.75,-68.731
99,4.2453,0.8438,-43.817
99,4.2453,0.9375,-69.553
99,4.2453,1.0312,-63.894
99,4.2453,1.125,-67.305
99,4.2453,1.2188,-66.998
99,4.2453,1.3125,-79.89
99,4.2453,1.4062,-79.382
99,4.2453,1.5,-80.905
99,4.2453,1.5938,-78.79
99,4.2453,1.6875,-62.666
99,4.2453,1.7812,-83.854
99,4.2453,1.875,-54.741
99,4.2453,1.9688,-81.002
99,4.2453,2.0625,-60.032
99,4.2453,2.1562,-76.123
99,4.2453,2.25,-68.989
99,4.2453,2.3438,-69.401
99,4.2453,2.4375,-71.296
99,4.2453,2.5312,-71.695
99,4.2453,2.625,-76.936
99,4.2453,2.7188,-65.785
99,4.2453,2.8125,-92.247
99,4.2453,2.9062,-58.545
99,4.2453,3.0,-94.53
99,4.2453,3.0938,-73.63
99,4.2453,3.1875,-91.545
99,4.2453,3.2812,-93.756
99,4.2453,3.375,-94.214
99,4.2453,3.4688,-97.617
99,4.2453,3.5625,-94.846
99,4.2453,3.6562,-95.118
99,4.2453,3.75,-89.247
99,4.2453,3.8438,-95.301
99,4.2453,3.9375,-80.732
99,4.2453,4.0312,-85.729
99,4.2453,4.125,-84.812
99,4.2453,4.2188,-95.042
99,4.2453,4.3125,-93.241
99,4.2453,4.4062,-87.454
99,4.2453,4.5,-93.606
99,4.2453,4.5938,-91.464
99,4.2453,4.6875,-90.212
99,4.2453,4.7812,-81.418
99,4.2453,4.875,-93.441
99,4.2453,4.9688,-95.854
99,4.2453,5.0625,-97.628
99,4.2453,5.1562,-91.106
99,4.2453,5.25,-91.647
99,4.2453,5.3438,-94.631
99,4.2453,5.4375,-95.028
99,4.2453,5.5312,-89.626
99,4.2453,5.625,-89.314
99,4.2453,5.7188,-92.984
99,4.2453,5.8125,-88.461
99,4.2453,5.9062,-93.443
99,4.2453,6.0,-99.083
99,4.2453,6.0938,-96.765
99,4.2453,6.1875,-91.985
99,4.2453,6.2812,-90.068
99,4.2453,6.375,-91.667
99,4.2453,6.4688,-78.681
99,4.2453,6.5625,-84.562
99,4.2453,6.6562,-87.152
99,4.2453,6.75,-89.228
99,4.2453,6.8438,-92.661
99,4.2453,6.9375,-93.088
99,4.2453,7.0312,-92.25
99,4.2453,7.125,-97.515
99,4.2453,7.2188,-98.583
99,4.2453,7.3125,-95.959
99,4.2453,7.4062,-98.219
99,4.2453,7.5,-95.577
99,4.2453,7.5938,-94.262
99,4.2453,7.6875,-94.706
99,4.2453,7.7812,-84.57
99,4.2453,7.875,-88.117
99,4.2453,7.9688,-95.959
99,4.2453,8.0625,-89.162
99,4.2453,8.1562,-91.424
99,4.2453,8.25,-71.33
99,4.2453,8.3438,-84.512
99,4.2453,8.4375,-64.416
99,4.2453,8.5312,-73.328
99,4.2453,8.625,-65.976
99,4.2453,8.7188,-74.264
99,4.2453,8.8125,-77.53
99,4.2453,8.9062,-85.192
99,4.2453,9.0,-92.092
99,4.2453,9.0938,-88.403
99,4.2453,9.1875,-83.089
99,4.2453,9.2812,-94.255
99,4.2453,9.375,-79.517
99,4.2453,9.4688,-79.021
99,4.2453,9.5625,-93.719
99,4.2453,9.6562,-77.381
99,4.2453,9.75,-73.218
99,4.2453,9.8438,-77.451
99,4.2453,9.9375,-72.358
99,4.2453,10.0312,-74.463
99,4.2453,10.125,-78.921
99,4.2453,10.2188,-73.545
99,4.2453,10.3125,-82.915
99,4.2453,10.4062,-88.204
99,4.2453,10.5,-86.473
99,4.2453,10.5938,-82.836
99,4.2453,10.6875,-98.759
99,4.2453,10.7812,-86.511
99,4.2453,10.875,-98.742
99,4.2453,10.9688,-95.507
99,4.2453,11.0625,-88.024
99,4.2453,11.1562,-98.708
99,4.2453,11.25,-81.326
99,4.2453,11.3438,-97.097
99,4.2453,11.4375,-80.146
99,4.2453,11.5312,-95.906
99,4.2453,11.625,-78.452
99,4.2453,11.7188,-83.57
99,4.2453,11.8125,-74.494
99,4.2453,11.9062,-91.035
99,4.2453,12.0,-79.132
99,4.2453,12.0938,-84.201
99,4.2453,12.1875,-80.906
99,4.2453,12.2812,-89.592
99,4.2453,12.375,-91.923
99,4.2453,12.4688,-84.625
99,4.2453,12.5625,-83.445
99,4.2453,12.6562,-82.589
99,4.2453,12.75,-80.379
99,4.2453,12.8438,-77.886
99,4.2453,12.9375,-80.659
99,4.2453,13.0312,-89.981
99,4.2453,13.125,-80.926
99,4.2453,13.2188,-86.191
99,4.2453,13.3125,-83.716
99,4.2453,13.4062,-92.186
99,4.2453,13.5,-96.764
99,4.2453,13.5938,-95.507
99,4.2453,13.6875,-86.774
99,4.2453,13.7812,-90.157
99,4.2453,13.875,-91.289
99,4.2453,13.9688,-98.097
99,4.2453,14.0625,-98.721
99,4.2453,14.1562,-97.191
99,4.2453,14.25,-95.591
99,4.2453,14.3438,-91.824
99,4.2453,14.4375,-94.317
99,4.2453,14.5312,-93.527
99,4.2453,14.625,-92.76
99,4.2453,14.7188,-93.607
99,4.2453,14.8125,-95.593
99,4.2453,14.9062,-98.997
99,4.2453,15.0,-99.612
99,4.2453,15.0938,-99.495
99,4.2453,15.1875,-96.502
99,4.2453,15.2812,-99.304
99,4.2453,15.375,-97.946
99,4.2453,15.4688,-96.451
99,4.2453,15.5625,-95.062
99,4.2453,15.6562,-98.61
99,4.2453,15.75,-92.272
99,4.2453,15.8438,-97.946
99,4.2453,15.9375,-97.69
100,4.288,0.0,-69.741
100,4.288,0.0938,-58.267
100,4.288,0.1875,-35.767
100,4.288,0.2812,-48.897
100,4.288,0.375,-57.472
100,4.288,0.4688,-76.876
100,4.288,0.5625,-52.644
100,4.288,0.6562,-60.248
100,4.288,0.75,-71.64
100,4.288,0.8438,-53.095
100,4.288,0.9375,-65.469
100,4.288,1.0312,-64.223
100,4.288,1.125,-81.903
100,4.288,1.2188,-80.426
100,4.288,1.3125,-73.21
100,4.288,1.4062,-79.807
100,4.288,1.5,-74.37
100,4.288,1.5938,-83.157
100,4.288,1.6875,-65.875
100,4.288,1.7812,-83.908
100,4.288,1.875,-58.794
100,4.288,1.9688,-76.396
100,4.288,2.0625,-67.294
100,4.288,2.1562,-80.312
100,4.288,2.25,-79.05
100,4.288,2.3438,-82.057
100,4.288,2.4375,-71.027
100,4.288,2.5312,-56.802
100,4.288,2.625,-97.3
100,4.288,2.7188,-68.961
100,4.288,2.8125,-97.421
100,4.288,2.9062,-68.738
100,4.288,3.0,-95.532
100,4.288,3.0938,-91.668
100,4.288,3.1875,-93.795
100,4.288,3.2812,-94.136
100,4.288,3.375,-95.935
100,4.288,3.4688,-90.373
100,4.288,3.5625,-99.004
100,4.288,3.6562,-92.864
100,4.288,3.75,-89.271
100,4.288,3.8438,-94.458
100,4.288,3.9375,-93.995
100,4.288,4.0312,-93.054
100,4.288,4.125,-91.999
100,4.288,4.2188,-98.024
100,4.288,4.3125,-99.233
100,4.288,4.4062,-90.437
100,4.288,4.5,-95.469
100,4.288,4.5938,-80.973
100,4.288,4.6875,-88.386
100,4.288,4.7812,-87.799
100,4.288,4.875,-95.023
100,4.288,4.9688,-97.95
100,4.288,5.0625,-98.515
100,4.288,5.1562,-97.287
100,4.288,5.25,-90.069
100,4.288,5.3438,-94.332
100,4.288,5.4375,-91.607
100,4.288,5.5312,-97.849
100,4.288,5.625,-97.794
100,4.288,5.7188,-97.846
100,4.288,5.8125,-96.541
100,4.288,5.9062,-98.913
100,4.288,6.0,-99.701
100,4.288,6.0938,-99.484
100,4.288,6.1875,-94.702
100,4.288,6.2812,-92.633
100,4.288,6.375,-93.757
100,4.288,6.4688,-91.731
100,4.288,6.5625,-97.976
100,4.288,6.6562,-94.953
100,4.288,6.75,-98.886
100,4.288,6.8438,-94.978
100,4.288,6.9375,-88.94
100,4.288,7.0312,-97.984
100,4.288,7.125,-81.165
100,4.288,7.2188,-85.291
100,4.288,7.3125,-85.711
100,4.288,7.4062,-91.933
100,4.288,7.5,-81.986
100,4.288,7.5938,-87.477
100,4.288,7.6875,-98.763
100,4.288,7.7812,-98.486
100,4.288,7.875,-97.508
100,4.288,7.9688,-93.345
100,4.288,8.0625,-87.893
100,4.288,8.1562,-75.102
100,4.288,8.25,-72.66
100,4.288,8.3438,-65.776
100,4.288,8.4375,-82.619
100,4.288,8.5312,-66.741
100,4.288,8.625,-73.964
100,4.288,8.7188,-67.262
100,4.288,8.8125,-74.101
100,4.288,8.9062,-77.68
100,4.288,9.0,-83.713
100,4.288,9.0938,-91.437
100,4.288,9.1875,-85.78
100,4.288,9.2812,-90.92
100,4.288,9.375,-71.321
100,4.288,9.4688,-87.352
100,4.288,9.5625,-71.702
100,4.288,9.6562,-81.543
100,4.288,9.75,-82.108
100,4.288,9.8438,-77.779
100,4.288,9.9375,-82.4
100,4.288,10.0312,-77.411
100,4.288,10.125,-90.383
100,4.288,10.2188,-75.733
100,4.288,10.3125,-85.036
100,4.288,10.4062,-74.09
100,4.288,10.5,-75.714
100,4.288,10.5938,-83.57
100,4.288,10.6875,-83.774
100,4.288,10.7812,-88.732
100,4.288,10.875,-85.992
100,4.288,10.9688,-99.813
100,4.288,11.0625,-82.287
100,4.288,11.1562,-94.937
100,4.288,11.25,-81.612
100,4.288,11.3438,-81.754
100,4.288,11.4375,-88.652
100,4.288,11.5312,-85.829
100,4.288,11.625,-97.312
100,4.288,11.7188,-88.968
100,4.288,11.8125,-86.227
100,4.288,11.9062,-89.224
100,4.288,12.0,-84.422
100,4.288,12.0938,-77.866
100,4.288,12.1875,-77.46
100,4.288,12.2812,-78.564
100,4.288,12.375,-87.224
100,4.288,12.4688,-83.178
100,4.288,12.5625,-92.335
100,4.288,12.6562,-89.285
100,4.288,12.75,-86.66
100,4.288,12.8438,-88.12
100,4.288,12.9375,-75.475
100,4.288,13.0312,-90.799
100,4.288,13.125,-79.59
100,4.288,13.2188,-87.182
100,4.288,13.3125,-87.55
100,4.288,13.4062,-98.758
100,4.288,13.5,-97.26
100,4.288,13.5938,-89.247
100,4.288,13.6875,-94.132
100,4.288,13.7812,-91.604
100,4.288,13.875,-90.2
100,4.288,13.9688,-98.189
100,4.288,14.0625,-95.534
100,4.288,14.1562,-98.905
100,4.288,14.25,-99.878
100,4.288,14.3438,-91.382
100,4.288,14.4375,-99.349
100,4.288,14.5312,-90.613
100,4.288,14.625,-88.455
100,4.288,14.7188,-90.973
100,4.288,14.8125,-88.919
100,4.288,14.9062,-98.92
100,4.288,15.0,-89.967
100,4.288,15.0938,-92.143
100,4.288,15.1875,-96.164
100,4.288,15.2812,-95.822
100,4.288,15.375,-97.823
100,4.288,15.4688,-98.897
100,4.288,15.5625,-97.805
100,4.288,15.6562,-96.507
100,4.288,15.75,-99.982
100,4.288,15.8438,-97.304
100,4.288,15.9375,-99.996
101,4.3307,0.0,-66.808
101,4.3307,0.0938,-59.739
101,4.3307,0.1875,-37.401
101,4.3307,0.2812,-62.139
101,4.3307,0.375,-54.481
101,4.3307,0.4688,-55.42
101,4.3307,0.5625,-53.887
101,4.3307,0.6562,-57.992
101,4.3307,0.75,-69.525
101,4.3307,0.8438,-63.655
101,4.3307,0.9375,-73.242
101,4.3307,1.0312,-73.165
101,4.3307,1.125,-84.714
101,4.3307,1.2188,-64.619
101,4.3307,1.3125,-65.207
101,4.3307,1.4062,-64.737
101,4.3307,1.5,-61.676
101,4.3307,1.5938,-59.034
101,4.3307,1.6875,-49.277
101,4.3307,1.7812,-67.765
101,4.3307,1.875,-65.007
101,4.3307,1.9688,-77.599
101,4.3307,2.0625,-69.944
101,4.3307,2.1562,-70.277
101,4.3307,2.25,-79.762
101,4.3307,2.3438,-65.964
101,4.3307,2.4375,-70.651
101,4.3307,2.5312,-67.41
101,4.3307,2.625,-91.067
101,4.3307,2.7188,-79.923
101,4.3307,2.8125,-76.414
101,4.3307,2.9062,-87.683
101,4.3307,3.0,-80.861
101,4.3307,3.0938,-82.293
101,4.3307,3.1875,-86.218
101,4.3307,3.2812,-76.17
101,4.3307,3.375,-91.504
101,4.3307,3.4688,-75.64
101,4.3307,3.5625,-85.346
101,4.3307,3.6562,-77.384
101,4.3307,3.75,-84.311
101,4.3307,3.8438,-72.957
101,4.3307,3.9375,-77.603
101,4.3307,4.0312,-70.317
101,4.3307,4.125,-70.14
101,4.3307,4.2188,-74.2
101,4.3307,4.3125,-69.365
101,4.3307,4.4062,-62.953
101,4.3307,4.5,-78.625
101,4.3307,4.5938,-65.204
101,4.3307,4.6875,-71.262
101,4.3307,4.7812,-70.795
101,4.3307,4.875,-71.745
101,4.3307,4.9688,-72.354
101,4.3307,5.0625,-71.853
101,4.3307,5.1562,-79.786
101,4.3307,5.25,-75.028
101,4.3307,5.3438,-82.055
101,4.3307,5.4375,-81.432
101,4.3307,5.5312,-82.325
101,4.3307,5.625,-86.642
101,4.3307,5.7188,-78.731
101,4.3307,5.8125,-90.603
101,4.3307,5.9062,-77.049
101,4.3307,6.0,-94.227
101,4.3307,6.0938,-95.396
101,4.3307,6.1875,-71.693
101,4.3307,6.2812,-71.772
101,4.3307,6.375,-75.692
101,4.3307,6.4688,-72.961
101,4.3307,6.5625,-70.722
101,4.3307,6.6562,-68.229
101,4.3307,6.75,-75.45
101,4.3307,6.8438,-75.84
101,4.3307,6.9375,-76.042
101,4.3307,7.0312,-90.851
101,4.3307,7.125,-93.807
101,4.3307,7.2188,-95.204
101,4.3307,7.3125,-88.212
101,4.3307,7.4062,-83.499
101,4.3307,7.5,-71.374
101,4.3307,7.5938,-87.577
101,4.3307,7.6875,-69.28
101,4.3307,7.7812,-82.233
101,4.3307,7.875,-73.177
101,4.3307,7.9688,-72.199
101,4.3307,8.0625,-76.613
101,4.3307,8.1562,-68.632
101,4.3307,8.25,-88.415
101,4.3307,8.3438,-73.663
101,4.3307,8.4375,-69.16
101,4.3307,8.5312,-64.441
101,4.3307,8.625,-64.219
101,4.3307,8.7188,-68.868
101,4.3307,8.8125,-75.728
101,4.3307,8.9062,-66.474
101,4.3307,9.0,-74.719
101,4.3307,9.0938,-66.787
101,4.3307,9.1875,-78.69
101,4.3307,9.2812,-90.118
101,4.3307,9.375,-76.627
101,4.3307,9.4688,-66.842
101,4.3307,9.5625,-81.01
101,4.3307,9.6562,-68.874
101,4.3307,9.75,-64.602
101,4.3307,9.8438,-71.726
101,4.3307,9.9375,-77.544
101,4.3307,10.0312,-84.036
101,4.3307,10.125,-82.772
101,4.3307,10.2188,-69.481
101,4.3307,10.3125,-77.451
101,4.3307,10.4062,-67.028
101,4.3307,10.5,-67.992
101,4.3307,10.5938,-69.585
101,4.3307,10.6875,-78.69
101,4.3307,10.7812,-77.872
101,4.3307,10.875,-73.238
101,4.3307,10.9688,-74.76
101,4.3307,11.0625,-70.997
101,4.3307,11.1562,-77.231
101,4.3307,11.25,-78.012
101,4.3307,11.3438,-74.253
101,4.3307,11.4375,-96.999
101,4.3307,11.5312,-73.183
101,4.3307,11.625,-77.599
101,4.3307,11.7188,-85.871
101,4.3307,11.8125,-85.21
101,4.3307,11.9062,-81.324
101,4.3307,12.0,-75.709
101,4.3307,12.0938,-81.47
101,4.3307,12.1875,-71.938
101,4.3307,12.2812,-79.787
101,4.3307,12.375,-71.88
101,4.3307,12.4688,-80.402
101,4.3307,12.5625,-72.586
101,4.3307,12.6562,-81.361
101,4.3307,12.75,-76.423
101,4.3307,12.8438,-69.102
101,4.3307,12.9375,-75.771
101,4.3307,13.0312,-69.605
101,4.3307,13.125,-83.711
101,4.3307,13.2188,-86.617
101,4.3307,13.3125,-71.682
101,4.3307,13.4062,-79.345
101,4.3307,13.5,-92.581
101,4.3307,13.5938,-78.5
101,4.3307,13.6875,-80.112
101,4.3307,13.7812,-77.044
101,4.3307,13.875,-81.928
101,4.3307,13.9688,-78.775
101,4.3307,14.0625,-86.023
101,4.3307,14.1562,-85.752
101,4.3307,14.25,-88.678
101,4.3307,14.3438,-84.942
101,4.3307,14.4375,-86.111
101,4.3307,14.5312,-84.905
101,4.3307,14.625,-86.635
101,4.3307,14.7188,-84.983
101,4.3307,14.8125,-89.84
101,4.3307,14.9062,-96.025
101,4.3307,15.0,-91.235
101,4.3307,15.0938,-84.88
101,4.3307,15.1875,-89.366
101,4.3307,15.2812,-89.873
101,4.3307,15.375,-86.187
101,4.3307,15.4688,-84.164
101,4.3307,15.5625,-91.76
101,4.3307,15.6562,-87.956
101,4.3307,15.75,-90.672
101,4.3307,15.8438,-91.859
101,4.3307,15.9375,-84.225
102,4.3733,0.0,-57.728
102,4.3733,0.0938,-60.006
102,4.3733,0.1875,-46.223
102,4.3733,0.2812,-58.093
102,4.3733,0.375,-60.2
102,4.3733,0.4688,-41.193
102,4.3733,0.5625,-57.752
102,4.3733,0.6562,-45.974
102,4.3733,0.75,-72.687
102,4.3733,0.8438,-60.224
102,4.3733,0.9375,-62.644
102,4.3733,1.0312,-75.626
102,4.3733,1.125,-60.639
102,4.3733,1.2188,-81.674
102,4.3733,1.3125,-50.579
102,4.3733,1.4062,-73.359
102,4.3733,1.5,-65.576
102,4.3733,1.5938,-71.051
102,4.3733,1.6875,-95.773
102,4.3733,1.7812,-48.748
102,4.3733,1.875,-72.817
102,4.3733,1.9688,-59.574
102,4.3733,2.0625,-80.812
102,4.3733,2.1562,-79.155
102,4.3733,2.25,-84.326
102,4.3733,2.3438,-84.531
102,4.3733,2.4375,-55.462
102,4.3733,2.5312,-80.464
102,4.3733,2.625,-54.498
102,4.3733,2.7188,-86.28
102,4.3733,2.8125,-89.466
102,4.3733,2.9062,-92.37
102,4.3733,3.0,-86.345
102,4.3733,3.0938,-66.442
102,4.3733,3.1875,-99.827
102,4.3733,3.2812,-72.294
102,4.3733,3.375,-89.304
102,4.3733,3.4688,-88.992
102,4.3733,3.5625,-84.044
102,4.3733,3.6562,-97.186
102,4.3733,3.75,-63.446
102,4.3733,3.8438,-85.917
102,4.3733,3.9375,-71.693
102,4.3733,4.0312,-87.046
102,4.3733,4.125,-81.906
102,4.3733,4.2188,-69.023
102,4.3733,4.3125,-87.282
102,4.3733,4.4062,-72.78
102,4.3733,4.5,-89.319
102,4.3733,4.5938,-80.319
102,4.3733,4.6875,-85.165
102,4.3733,4.7812,-88.14
102,4.3733,4.875,-63.682
102,4.3733,4.9688,-88.512
102,4.3733,5.0625,-61.71
102,4.3733,5.1562,-81.592
102,4.3733,5.25,-80.473
102,4.3733,5.3438,-92.523
102,4.3733,5.4375,-86.356
102,4.3733,5.5312,-74.893
102,4.3733,5.625,-79.152
102,4.3733,5.7188,-84.287
102,4.3733,5.8125,-90.458
102,4.3733,5.9062,-88.294
102,4.3733,6.0,-96.194
102,4.3733,6.0938,-81.983
102,4.3733,6.1875,-72.001
102,4.3733,6.2812,-75.396
102,4.3733,6.375,-60.399
102,4.3733,6.4688,-68.337
102,4.3733,6.5625,-66.106
102,4.3733,6.6562,-76.955
102,4.3733,6.75,-70.551
102,4.3733,6.8438,-58.931
102,4.3733,6.9375,-73.216
102,4.3733,7.0312,-72.751
102,4.3733,7.125,-86.371
102,4.3733,7.2188,-80.361
102,4.3733,7.3125,-79.407
102,4.3733,7.4062,-76.163
102,4.3733,7.5,-68.343
102,4.3733,7.5938,-76.614
102,4.3733,7.6875,-72.037
102,4.3733,7.7812,-85.823
102,4.3733,7.875,-84.943
102,4.3733,7.9688,-69.19
102,4.3733,8.0625,-73.955
102,4.3733,8.1562,-62.33
102,4.3733,8.25,-82.899
102,4.3733,8.3438,-85.827
102,4.3733,8.4375,-85.026
102,4.3733,8.5312,-74.248
102,4.3733,8.625,-64.678
102,4.3733,8.7188,-67.062
102,4.3733,8.8125,-57.843
102,4.3733,8.9062,-64.376
102,4.3733,9.0,-73.485
102,4.3733,9.0938,-82.875
102,4.3733,9.1875,-70.312
102,4.3733,9.2812,-61.021
102,4.3733,9.375,-72.719
102,4.3733,9.4688,-65.487
102,4.3733,9.5625,-77.028
102,4.3733,9.6562,-70.806
102,4.3733,9.75,-67.221
102,4.3733,9.8438,-69.305
102,4.3733,9.9375,-74.199
102,4.3733,10.0312,-71.067
102,4.3733,10.125,-78.237
102,4.3733,10.2188,-76.958
102,4.3733,10.3125,-72.79
102,4.3733,10.4062,-87.868
102,4.3733,10.5,-73.507
102,4.3733,10.5938,-61.554
102,4.3733,10.6875,-69.866
102,4.3733,10.7812,-74.128
102,4.3733,10.875,-70.272
102,4.3733,10.9688,-90.001
102,4.3733,11.0625,-77.096
102,4.3733,11.1562,-87.963
102,4.3733,11.25,-75.796
102,4.3733,11.3438,-79.921
102,4.3733,11.4375,-80.933
102,4.3733,11.5312,-85.46
102,4.3733,11.625,-80.599
102,4.3733,11.7188,-81.492
102,4.3733,11.8125,-77.923
102,4.3733,11.9062,-67.138
102,4.3733,12.0,-77.117
102,4.3733,12.0938,-79.787
102,4.3733,12.1875,-84.831
102,4.3733,12.2812,-95.523
102,4.3733,12.375,-79.413
102,4.3733,12.4688,-84.422
102,4.3733,12.5625,-84.055
102,4.3733,12.6562,-80.465
102,4.3733,12.75,-74.998
102,4.3733,12.8438,-89.613
102,4.3733,12.9375,-77.488
102,4.3733,13.0312,-83.256
102,4.3733,13.125,-87.081
102,4.3733,13.2188,-72.914
102,4.3733,13.3125,-80.127
102,4.3733,13.4062,-87.211
102,4.3733,13.5,-88.234
102,4.3733,13.5938,-94.469
102,4.3733,13.6875,-99.274
102,4.3733,13.7812,-87.141
102,4.3733,13.875,-96.836
102,4.3733,13.9688,-93.53
102,4.3733,14.0625,-96.463
102,4.3733,14.1562,-95.788
102,4.3733,14.25,-99.595
102,4.3733,14.3438,-92.643
102,4.3733,14.4375,-90.122
102,4.3733,14.5312,-87.253
102,4.3733,14.625,-93.528
102,4.3733,14.7188,-96.513
102,4.3733,14.8125,-83.063
102,4.3733,14.9062,-93.75
102,4.3733,15.0,-94.059
102,4.3733,15.0938,-90.88
102,4.3733,15.1875,-86.482
102,4.3733,15.2812,-94.291
102,4.3733,15.375,-91.775
102,4.3733,15.4688,-91.082
102,4.3733,15.5625,-99.015
102,4.3733,15.6562,-83.655
102,4.3733,15.75,-90.593
102,4.3733,15.8438,-83.08
102,4.3733,15.9375,-88.622
103,4.416,0.0,-70.078
103,4.416,0.0938,-60.599
103,4.416,0.1875,-48.77
103,4.416,0.2812,-65.922
103,4.416,0.375,-66.306
103,4.416,0.4688,-47.249
103,4.416,0.5625,-56.377
103,4.416,0.6562,-41.567
103,4.416,0.75,-68.871
103,4.416,0.8438,-55.906
103,4.416,0.9375,-61.494
103,4.416,1.0312,-83.407
103,4.416,1.125,-65.098
103,4.416,1.2188,-86.471
103,4.416,1.3125,-49.335
103,4.416,1.4062,-78.248
103,4.416,1.5,-58.117
103,4.416,1.5938,-72.175
103,4.416,1.6875,-74.695
103,4.416,1.7812,-54.441
103,4.416,1.875,-85.391
103,4.416,1.9688,-57.537
103,4.416,2.0625,-80.412
103,4.416,2.1562,-69.765
103,4.416,2.25,-87.395
103,4.416,2.3438,-74.832
103,4.416,2.4375,-60.302
103,4.416,2.5312,-75.054
103,4.416,2.625,-47.515
103,4.416,2.7188,-74.236
103,4.416,2.8125,-79.343
103,4.416,2.9062,-91.963
103,4.416,3.0,-83.695
103,4.416,3.0938,-72.353
103,4.416,3.1875,-90.719
103,4.416,3.2812,-66.086
103,4.416,3.375,-88.798
103,4.416,3.4688,-81.336
103,4.416,3.5625,-90.945
103,4.416,3.6562,-90.875
103,4.416,3.75,-67.439
103,4.416,3.8438,-81.665
103,4.416,3.9375,-58.184
103,4.416,4.0312,-89.338
103,4.416,4.125,-92.103
103,4.416,4.2188,-97.003
103,4.416,4.3125,-98.533
103,4.416,4.4062,-98.052
103,4.416,4.5,-86.165
103,4.416,4.5938,-64.124
103,4.416,4.6875,-98.821
103,4.416,4.7812,-72.755
103,4.416,4.875,-76.497
103,4.416,4.9688,-80.348
103,4.416,5.0625,-61.402
103,4.416,5.1562,-95.017
103,4.416,5.25,-71.899
103,4.416,5.3438,-80.661
103,4.416,5.4375,-81.676
103,4.416,5.5312,-85.205
103,4.416,5.625,-87.977
103,4.416,5.7188,-70.747
103,4.416,5.8125,-84.023
103,4.416,5.9062,-71.256
103,4.416,6.0,-91.325
103,4.416,6.0938,-82.571
103,4.416,6.1875,-86.371
103,4.416,6.2812,-84.284
103,4.416,6.375,-60.156
103,4.416,6.4688,-64.967
103,4.416,6.5625,-58.875
103,4.416,6.6562,-69.407
103,4.416,6.75,-74.293
103,4.416,6.8438,-71.362
103,4.416,6.9375,-70.817
103,4.416,7.0312,-68.234
103,4.416,7.125,-87.341
103,4.416,7.2188,-76.193
103,4.416,7.3125,-73.669
103,4.416,7.4062,-73.714
103,4.416,7.5,-76.371
103,4.416,7.5938,-95.256
103,4.416,7.6875,-77.105
103,4.416,7.7812,-75.589
103,4.416,7.875,-66.456
103,4.416,7.9688,-75.332
103,4.416,8.0625,-82.11
103,4.416,8.1562,-82.607
103,4.416,8.25,-75.589
103,4.416,8.3438,-73.622
103,4.416,8.4375,-85.739
103,4.416,8.5312,-81.385
103,4.416,8.625,-77.239
103,4.416,8.7188,-76.205
103,4.416,8.8125,-63.311
103,4.416,8.9062,-76.314
103,4.416,9.0,-63.459
103,4.416,9.0938,-79.483
103,4.416,9.1875,-63.831
103,4.416,9.2812,-63.728
103,4.416,9.375,-77.64
103,4.416,9.4688,-82.128
103,4.416,9.5625,-77.8
103,4.416,9.6562,-65.272
103,4.416,9.75,-74.628
103,4.416,9.8438,-76.316
103,4.416,9.9375,-78.985
103,4.416,10.0312,-78.243
103,4.416,10.125,-75.615
103,4.416,10.2188,-73.538
103,4.416,10.3125,-90.541
103,4.416,10.4062,-76.705
103,4.416,10.5,-70.165
103,4.416,10.5938,-70.803
103,4.416,10.6875,-70.585
103,4.416,10.7812,-70.6
103,4.416,10.875,-72.927
103,4.416,10.9688,-72.684
103,4.416,11.0625,-74.8
103,4.416,11.1562,-73.625
103,4.416,11.25,-89.603
103,4.416,11.3438,-83.265
103,4.416,11.4375,-82.974
103,4.416,11.5312,-77.093
103,4.416,11.625,-74.058
103,4.416,11.7188,-84.278
103,4.416,11.8125,-72.738
103,4.416,11.9062,-75.4
103,4.416,12.0,-70.311
103,4.416,12.0938,-82.624
103,4.416,12.1875,-87.36
103,4.416,12.2812,-84.46
103,4.416,12.375,-83.924
103,4.416,12.4688,-87.291
103,4.416,12.5625,-90.853
103,4.416,12.6562,-79.827
103,4.416,12.75,-79.358
103,4.416,12.8438,-75.859
103,4.416,12.9375,-85.016
103,4.416,13.0312,-79.479
103,4.416,13.125,-77.395
103,4.416,13.2188,-84.31
103,4.416,13.3125,-79.067
103,4.416,13.4062,-95.666
103,4.416,13.5,-86.462
103,4.416,13.5938,-78.57
103,4.416,13.6875,-88.02
103,4.416,13.7812,-86.049
103,4.416,13.875,-96.813
103,4.416,13.9688,-93.266
103,4.416,14.0625,-97.429
103,4.416,14.1562,-92.569
103,4.416,14.25,-87.856
103,4.416,14.3438,-95.212
103,4.416,14.4375,-90.394
103,4.416,14.5312,-90.792
103,4.416,14.625,-95.199
103,4.416,14.7188,-91.926
103,4.416,14.8125,-88.9
103,4.416,14.9062,-88.169
103,4.416,15.0,-89.704
103,4.416,15.0938,-90.385
103,4.416,15.1875,-93.172
103,4.416,15.2812,-92.564
103,4.416,15.375,-98.752
103,4.416,15.4688,-97.42
103,4.416,15.5625,-93.497
103,4.416,15.6562,-97.963
103,4.416,15.75,-88.992
103,4.416,15.8438,-96.478
103,4.416,15.9375,-95.614
104,4.4587,0.0,-75.929
104,4.4587,0.0938,-49.566
104,4.4587,0.1875,-52.473
104,4.4587,0.2812,-62.835
104,4.4587,0.375,-57.019
104,4.4587,0.4688,-45.142
104,4.4587,0.5625,-59.803
104,4.4587,0.6562,-42.353
104,4.4587,0.75,-72.825
104,4.4587,0.8438,-55.992
104,4.4587,0.9375,-68.594
104,4.4587,1.0312,-72.795
104,4.4587,1.125,-59.317
104,4.4587,1.2188,-68.616
104,4.4587,1.3125,-51.082
104,4.4587,1.4062,-70.427
104,4.4587,1.5,-62.699
104,4.4587,1.5938,-72.227
104,4.4587,1.6875,-79.165
104,4.4587,1.7812,-48.172
104,4.4587,1.875,-71.948
104,4.4587,1.9688,-62.52
104,4.4587,2.0625,-70.327
104,4.4587,2.1562,-72.156
104,4.4587,2.25,-77.741
104,4.4587,2.3438,-70.142
104,4.4587,2.4375,-52.543
104,4.4587,2.5312,-78.302
104,4.4587,2.625,-55.408
104,4.4587,2.7188,-69.092
104,4.4587,2.8125,-63.839
104,4.4587,2.9062,-62.328
104,4.4587,3.0,-58.401
104,4.4587,3.0938,-63.823
104,4.4587,3.1875,-79.251
104,4.4587,3.2812,-64.629
104,4.4587,3.375,-76.706
104,4.4587,3.4688,-73.587
104,4.4587,3.5625,-73.695
104,4.4587,3.6562,-75.571
104,4.4587,3.75,-61.855
104,4.4587,3.8438,-77.85
104,4.4587,3.9375,-66.913
104,4.4587,4.0312,-72.72
104,4.4587,4.125,-72.544
104,4.4587,4.2188,-80.625
104,4.4587,4.3125,-85.092
104,4.4587,4.4062,-68.807
104,4.4587,4.5,-79.62
104,4.4587,4.5938,-72.327
104,4.4587,4.6875,-79.179
104,4.4587,4.7812,-73.579
104,4.4587,4.875,-66.295
104,4.4587,4.9688,-71.679
104,4.4587,5.0625,-58.346
104,4.4587,5.1562,-76.351
104,4.4587,5.25,-70.63
104,4.4587,5.3438,-75.943
104,4.4587,5.4375,-70.108
104,4.4587,5.5312,-74.139
104,4.4587,5.625,-77.423
104,4.4587,5.7188,-62.753
104,4.4587,5.8125,-72.64
104,4.4587,5.9062,-74.282
104,4.4587,6.0,-81.493
104,4.4587,6.0938,-89.168
104,4.4587,6.1875,-73.548
104,4.4587,6.2812,-80.871
104,4.4587,6.375,-86.086
104,4.4587,6.4688,-81.31
104,4.4587,6.5625,-65.374
104,4.4587,6.6562,-68.316
104,4.4587,6.75,-71.013
104,4.4587,6.8438,-67.434
104,4.4587,6.9375,-78.544
104,4.4587,7.0312,-71.607
104,4.4587,7.125,-82.768
104,4.4587,7.2188,-82.44
104,4.4587,7.3125,-75.763
104,4.4587,7.4062,-72.475
104,4.4587,7.5,-76.779
104,4.4587,7.5938,-78.738
104,4.4587,7.6875,-74.107
104,4.4587,7.7812,-88.022
104,4.4587,7.875,-72.422
104,4.4587,7.9688,-77.905
104,4.4587,8.0625,-71.88
104,4.4587,8.1562,-65.297
104,4.4587,8.25,-79.54
104,4.4587,8.3438,-85.284
104,4.4587,8.4375,-86.825
104,4.4587,8.5312,-90.709
104,4.4587,8.625,-80.048
104,4.4587,8.7188,-82.442
104,4.4587,8.8125,-59.884
104,4.4587,8.9062,-75.463
104,4.4587,9.0,-89.462
104,4.4587,9.0938,-77.973
104,4.4587,9.1875,-75.373
104,4.4587,9.2812,-68.74
104,4.4587,9.375,-73.459
104,4.4587,9.4688,-65.406
104,4.4587,9.5625,-69.632
104,4.4587,9.6562,-73.424
104,4.4587,9.75,-74.227
104,4.4587,9.8438,-78.643
104,4.4587,9.9375,-63.845
104,4.4587,10.0312,-79.231
104,4.4587,10.125,-79.095
104,4.4587,10.2188,-84.17
104,4.4587,10.3125,-73.73
104,4.4587,10.4062,-82.538
104,4.4587,10.5,-86.385
104,4.4587,10.5938,-65.475
104,4.4587,10.6875,-75.708
104,4.4587,10.7812,-62.105
104,4.4587,10.875,-79.253
104,4.4587,10.9688,-75.808
104,4.4587,11.0625,-70.395
104,4.4587,11.1562,-79.917
104,4.4587,11.25,-71.932
104,4.4587,11.3438,-83.772
104,4.4587,11.4375,-81.939
104,4.4587,11.5312,-82.529
104,4.4587,11.625,-89.266
104,4.4587,11.7188,-75.299
104,4.4587,11.8125,-78.349
104,4.4587,11.9062,-67.056
104,4.4587,12.0,-77.353
104,4.4587,12.0938,-73.888
104,4.4587,12.1875,-74.995
104,4.4587,12.2812,-80.686
104,4.4587,12.375,-75.251
104,4.4587,12.4688,-78.49
104,4.4587,12.5625,-78.529
104,4.4587,12.6562,-88.667
104,4.4587,12.75,-84.012
104,4.4587,12.8438,-80.979
104,4.4587,12.9375,-82.241
104,4.4587,13.0312,-76.784
104,4.4587,13.125,-83.243
104,4.4587,13.2188,-74.503
104,4.4587,13.3125,-89.597
104,4.4587,13.4062,-78.785
104,4.4587,13.5,-97.681
104,4.4587,13.5938,-92.244
104,4.4587,13.6875,-79.91
104,4.4587,13.7812,-88.77
104,4.4587,13.875,-81.83
104,4.4587,13.9688,-91.869
104,4.4587,14.0625,-88.555
104,4.4587,14.1562,-93.266
104,4.4587,14.25,-91.741
104,4.4587,14.3438,-84.568
104,4.4587,14.4375,-95.652
104,4.4587,14.5312,-84.496
104,4.4587,14.625,-88.299
104,4.4587,14.7188,-92.708
104,4.4587,14.8125,-88.855
104,4.4587,14.9062,-88.152
104,4.4587,15.0,-87.163
104,4.4587,15.0938,-90.35
104,4.4587,15.1875,-88.668
104,4.4587,15.2812,-91.924
104,4.4587,15.375,-86.225
104,4.4587,15.4688,-93.275
104,4.4587,15.5625,-90.758
104,4.4587,15.6562,-87.542
104,4.4587,15.75,-85.795
104,4.4587,15.8438,-88.785
104,4.4587,15.9375,-88.132
105,4.5013,0.0,-60.116
105,4.5013,0.0938,-68.955
105,4.5013,0.1875,-47.796
105,4.5013,0.2812,-78.841
105,4.5013,0.375,-51.799
105,4.5013,0.4688,-49.599
105,4.5013,0.5625,-60.642
105,4.5013,0.6562,-54.153
105,4.5013,0.75,-76.722
105,4.5013,0.8438,-55.063
105,4.5013,0.9375,-82.548
105,4.5013,1.0312,-62.22
105,4.5013,1.125,-67.641
105,4.5013,1.2188,-67.109
105,4.5013,1.3125,-60.3
105,4.5013,1.4062,-66.239
105,4.5013,1.5,-53.625
105,4.5013,1.5938,-63.707
105,4.5013,1.6875,-56.909
105,4.5013,1.7812,-54.12
105,4.5013,1.875,-61.776
105,4.5013,1.9688,-60.877
105,4.5013,2.0625,-66.963
105,4.5013,2.1562,-68.57
105,4.5013,2.25,-62.735
105,4.5013,2.3438,-60.145
105,4.5013,2.4375,-68.97
105,4.5013,2.5312,-52.101
105,4.5013,2.625,-55.84
105,4.5013,2.7188,-66.12
105,4.5013,2.8125,-64.497
105,4.5013,2.9062,-67.22
105,4.5013,3.0,-75.075
105,4.5013,3.0938,-72.109
105,4.5013,3.1875,-84.988
105,4.5013,3.2812,-84.81
105,4.5013,3.375,-78.027
105,4.5013,3.4688,-74.937
105,4.5013,3.5625,-79.97
105,4.5013,3.6562,-69.606
105,4.5013,3.75,-63.891
105,4.5013,3.8438,-65.333
105,4.5013,3.9375,-76.544
105,4.5013,4.0312,-85.473
105,4.5013,4.125,-83.808
105,4.5013,4.2188,-86.259
105,4.5013,4.3125,-69.942
105,4.5013,4.4062,-70.384
105,4.5013,4.5,-71.081
105,4.5013,4.5938,-72.14
105,4.5013,4.6875,-67.13
105,4.5013,4.7812,-83.745
105,4.5013,4.875,-70.014
105,4.5013,4.9688,-78.978
105,4.5013,5.0625,-73.517
105,4.5013,5.1562,-76.172
105,4.5013,5.25,-82.13
105,4.5013,5.3438,-77.382
105,4.5013,5.4375,-81.241
105,4.5013,5.5312,-80.4
105,4.5013,5.625,-92.356
105,4.5013,5.7188,-80.4
105,4.5013,5.8125,-83.405
105,4.5013,5.9062,-83.087
105,4.5013,6.0,-95.779
105,4.5013,6.0938,-86.083
105,4.5013,6.1875,-79.793
105,4.5013,6.2812,-78.849
105,4.5013,6.375,-66.891
105,4.5013,6.4688,-71.452
105,4.5013,6.5625,-65.519
105,4.5013,6.6562,-74.052
105,4.5013,6.75,-68.944
105,4.5013,6.8438,-72.709
105,4.5013,6.9375,-79.977
105,4.5013,7.0312,-77.827
105,4.5013,7.125,-81.81
105,4.5013,7.2188,-84.684
105,4.5013,7.3125,-76.797
105,4.5013,7.4062,-75.809
105,4.5013,7.5,-82.604
105,4.5013,7.5938,-83.421
105,4.5013,7.6875,-75.607
105,4.5013,7.7812,-76.087
105,4.5013,7.875,-80.403
105,4.5013,7.9688,-73.189
105,4.5013,8.0625,-74.618
105,4.5013,8.1562,-75.452
105,4.5013,8.25,-75.92
105,4.5013,8.3438,-91.63
105,4.5013,8.4375,-93.252
105,4.5013,8.5312,-83.572
105,4.5013,8.625,-73.296
105,4.5013,8.7188,-71.942
105,4.5013,8.8125,-68.303
105,4.5013,8.9062,-79.373
105,4.5013,9.0,-88.725
105,4.5013,9.0938,-75.092
105,4.5013,9.1875,-75.679
105,4.5013,9.2812,-72.7
105,4.5013,9.375,-72.297
105,4.5013,9.4688,-63.06
105,4.5013,9.5625,-69.711
105,4.5013,9.6562,-71.573
105,4.5013,9.75,-80.881
105,4.5013,9.8438,-79.415
105,4.5013,9.9375,-78.753
105,4.5013,10.0312,-71.461
105,4.5013,10.125,-96.468
105,4.5013,10.2188,-80.51
105,4.5013,10.3125,-87.884
105,4.5013,10.4062,-73.266
105,4.5013,10.5,-71.462
105,4.5013,10.5938,-71.107
105,4.5013,10.6875,-70.14
105,4.5013,10.7812,-80.458
105,4.5013,10.875,-76.808
105,4.5013,10.9688,-94.7
105,4.5013,11.0625,-78.49
105,4.5013,11.1562,-78.141
105,4.5013,11.25,-83.286
105,4.5013,11.3438,-82.589
105,4.5013,11.4375,-83.773
105,4.5013,11.5312,-89.304
105,4.5013,11.625,-95.273
105,4.5013,11.7188,-76.154
105,4.5013,11.8125,-76.186
105,4.5013,11.9062,-76.771
105,4.5013,12.0,-79.606
105,4.5013,12.0938,-84.566
105,4.5013,12.1875,-90.797
105,4.5013,12.2812,-86.916
105,4.5013,12.375,-83.195
105,4.5013,12.4688,-88.432
105,4.5013,12.5625,-81.925
105,4.5013,12.6562,-88.147
105,4.5013,12.75,-90.124
105,4.5013,12.8438,-82.095
105,4.5013,12.9375,-75.768
105,4.5013,13.0312,-75.074
105,4.5013,13.125,-87.948
105,4.5013,13.2188,-80.425
105,4.5013,13.3125,-96.963
105,4.5013,13.4062,-79.339
105,4.5013,13.5,-90.607
105,4.5013,13.5938,-89.994
105,4.5013,13.6875,-93.61
105,4.5013,13.7812,-97.728
105,4.5013,13.875,-93.513
105,4.5013,13.9688,-91.413
105,4.5013,14.0625,-95.473
105,4.5013,14.1562,-99.114
105,4.5013,14.25,-93.46
105,4.5013,14.3438,-96.416
105,4.5013,14.4375,-93.6
105,4.5013,14.5312,-88.752
105,4.5013,14.625,-84.296
105,4.5013,14.7188,-89.4
105,4.5013,14.8125,-86.979
105,4.5013,14.9062,-92.725
105,4.5013,15.0,-92.332
105,4.5013,15.0938,-97.612
105,4.5013,15.1875,-97.765
105,4.5013,15.2812,-99.589
105,4.5013,15.375,-96.26
105,4.5013,15.4688,-90.702
105,4.5013,15.5625,-98.976
105,4.5013,15.6562,-89.015
105,4.5013,15.75,-95.454
105,4.5013,15.8438,-91.472
105,4.5013,15.9375,-90.814
106,4.544,0.0,-64.955
106,4.544,0.0938,-63.323
106,4.544,0.1875,-47.031
106,4.544,0.2812,-74.057
106,4.544,0.375,-57.412
106,4.544,0.4688,-57.31
106,4.544,0.5625,-67.048
106,4.544,0.6562,-73.977
106,4.544,0.75,-86.188
106,4.544,0.8438,-57.04
106,4.544,0.9375,-74.432
106,4.544,1.0312,-70.132
106,4.544,1.125,-79.868
106,4.544,1.2188,-85.952
106,4.544,1.3125,-73.747
106,4.544,1.4062,-85.387
106,4.544,1.5,-83.705
106,4.544,1.5938,-87.148
106,4.544,1.6875,-80.482
106,4.544,1.7812,-97.057
106,4.544,1.875,-74.789
106,4.544,1.9688,-78.906
106,4.544,2.0625,-74.951
106,4.544,2.1562,-73.877
106,4.544,2.25,-77.433
106,4.544,2.3438,-75.052
106,4.544,2.4375,-76.306
106,4.544,2.5312,-70.698
106,4.544,2.625,-84.495
106,4.544,2.7188,-78.017
106,4.544,2.8125,-87.08
106,4.544,2.9062,-87.758
106,4.544,3.0,-89.87
106,4.544,3.0938,-88.007
106,4.544,3.1875,-89.622
106,4.544,3.2812,-96.552
106,4.544,3.375,-93.618
106,4.544,3.4688,-92.983
106,4.544,3.5625,-88.143
106,4.544,3.6562,-90.164
106,4.544,3.75,-87.872
106,4.544,3.8438,-88.975
106,4.544,3.9375,-98.449
106,4.544,4.0312,-99.344
106,4.544,4.125,-99.893
106,4.544,4.2188,-97.879
106,4.544,4.3125,-84.854
106,4.544,4.4062,-70.982
106,4.544,4.5,-86.499
106,4.544,4.5938,-69.923
106,4.544,4.6875,-79.503
106,4.544,4.7812,-84.576
106,4.544,4.875,-86.911
106,4.544,4.9688,-97.86
106,4.544,5.0625,-95.068
106,4.544,5.1562,-94.847
106,4.544,5.25,-99.06
106,4.544,5.3438,-95.449
106,4.544,5.4375,-99.6
106,4.544,5.5312,-94.175
106,4.544,5.625,-98.263
106,4.544,5.7188,-92.051
106,4.544,5.8125,-99.036
106,4.544,5.9062,-94.902
106,4.544,6.0,-97.451
106,4.544,6.0938,-93.783
106,4.544,6.1875,-85.939
106,4.544,6.2812,-76.221
106,4.544,6.375,-79.925
106,4.544,6.4688,-93.095
106,4.544,6.5625,-82.239
106,4.544,6.6562,-91.564
106,4.544,6.75,-79.504
106,4.544,6.8438,-89.875
106,4.544,6.9375,-85.449
106,4.544,7.0312,-94.327
106,4.544,7.125,-95.496
106,4.544,7.2188,-96.681
106,4.544,7.3125,-96.917
106,4.544,7.4062,-97.238
106,4.544,7.5,-96.282
106,4.544,7.5938,-99.192
106,4.544,7.6875,-93.569
106,4.544,7.7812,-89.608
106,4.544,7.875,-81.55
106,4.544,7.9688,-83.578
106,4.544,8.0625,-80.066
106,4.544,8.1562,-87.298
106,4.544,8.25,-96.354
106,4.544,8.3438,-90.272
106,4.544,8.4375,-91.406
106,4.544,8.5312,-86.952
106,4.544,8.625,-82.851
106,4.544,8.7188,-87.94
106,4.544,8.8125,-86.184
106,4.544,8.9062,-86.773
106,4.544,9.0,-98.288
106,4.544,9.0938,-93.823
106,4.544,9.1875,-87.392
106,4.544,9.2812,-82.904
106,4.544,9.375,-93.481
106,4.544,9.4688,-73.954
106,4.544,9.5625,-87.673
106,4.544,9.6562,-79.684
106,4.544,9.75,-86.06
106,4.544,9.8438,-88.952
106,4.544,9.9375,-89.085
106,4.544,10.0312,-82.444
106,4.544,10.125,-99.25
106,4.544,10.2188,-87.843
106,4.544,10.3125,-88.442
106,4.544,10.4062,-92.57
106,4.544,10.5,-89.253
106,4.544,10.5938,-89.256
106,4.544,10.6875,-91.5
106,4.544,10.7812,-96.114
106,4.544,10.875,-96.269
106,4.544,10.9688,-95.595
106,4.544,11.0625,-94.829
106,4.544,11.1562,-95.397
106,4.544,11.25,-93.312
106,4.544,11.3438,-96.687
106,4.544,11.4375,-90.379
106,4.544,11.5312,-96.343
106,4.544,11.625,-91.991
106,4.544,11.7188,-99.955
106,4.544,11.8125,-92.041
106,4.544,11.9062,-90.089
106,4.544,12.0,-87.583
106,4.544,12.0938,-91.922
106,4.544,12.1875,-97.632
106,4.544,12.2812,-94.012
106,4.544,12.375,-96.227
106,4.544,12.4688,-92.677
106,4.544,12.5625,-89.074
106,4.544,12.6562,-94.148
106,4.544,12.75,-87.554
106,4.544,12.8438,-89.451
106,4.544,12.9375,-87.022
106,4.544,13.0312,-90.321
106,4.544,13.125,-96.056
106,4.544,13.2188,-91.653
106,4.544,13.3125,-99.871
106,4.544,13.4062,-99.0
106,4.544,13.5,-99.016
106,4.544,13.5938,-98.943
106,4.544,13.6875,-99.539
106,4.544,13.7812,-99.338
106,4.544,13.875,-98.596
106,4.544,13.9688,-97.724
106,4.544,14.0625,-98.169
106,4.544,14.1562,-97.995
106,4.544,14.25,-98.207
106,4.544,14.3438,-98.189
106,4.544,14.4375,-98.68
106,4.544,14.5312,-95.8
106,4.544,14.625,-95.172
106,4.544,14.7188,-95.485
106,4.544,14.8125,-99.024
106,4.544,14.9062,-96.545
106,4.544,15.0,-97.548
106,4.544,15.0938,-98.506
106,4.544,15.1875,-98.762
106,4.544,15.2812,-98.253
106,4.544,15.375,-99.134
106,4.544,15.4688,-98.952
106,4.544,15.5625,-99.019
106,4.544,15.6562,-98.956
106,4.544,15.75,-99.481
106,4.544,15.8438,-98.937
106,4.544,15.9375,-99.437
107,4.5867,0.0,-70.725
107,4.5867,0.0938,-64.461
107,4.5867,0.1875,-49.435
107,4.5867,0.2812,-60.709
107,4.5867,0.375,-58.81
107,4.5867,0.4688,-64.717
107,4.5867,0.5625,-66.965
107,4.5867,0.6562,-81.491
107,4.5867,0.75,-93.974
107,4.5867,0.8438,-63.373
107,4.5867,0.9375,-70.246
107,4.5867,1.0312,-69.16
107,4.5867,1.125,-72.771
107,4.5867,1.2188,-89.287
107,4.5867,1.3125,-83.292
107,4.5867,1.4062,-84.162
107,4.5867,1.5,-91.995
107,4.5867,1.5938,-87.851
107,4.5867,1.6875,-83.685
107,4.5867,1.7812,-75.978
107,4.5867,1.875,-72.089
107,4.5867,1.9688,-87.791
107,4.5867,2.0625,-79.655
107,4.5867,2.1562,-88.206
107,4.5867,2.25,-82.925
107,4.5867,2.3438,-80.452
107,4.5867,2.4375,-77.732
107,4.5867,2.5312,-79.284
107,4.5867,2.625,-75.437
107,4.5867,2.7188,-87.166
107,4.5867,2.8125,-96.193
107,4.5867,2.9062,-88.724
107,4.5867,3.0,-87.214
107,4.5867,3.0938,-97.466
107,4.5867,3.1875,-97.353
107,4.5867,3.2812,-99.323
107,4.5867,3.375,-97.274
107,4.5867,3.4688,-95.401
107,4.5867,3.5625,-99.215
107,4.5867,3.6562,-99.777
107,4.5867,3.75,-90.533
107,4.5867,3.8438,-97.355
107,4.5867,3.9375,-89.567
107,4.5867,4.0312,-99.799
107,4.5867,4.125,-97.664
107,4.5867,4.2188,-97.113
107,4.5867,4.3125,-95.904
107,4.5867,4.4062,-94.416
107,4.5867,4.5,-98.562
107,4.5867,4.5938,-94.689
107,4.5867,4.6875,-97.775
107,4.5867,4.7812,-92.687
107,4.5867,4.875,-96.933
107,4.5867,4.9688,-99.448
107,4.5867,5.0625,-87.455
107,4.5867,5.1562,-97.161
107,4.5867,5.25,-99.632
107,4.5867,5.3438,-99.556
107,4.5867,5.4375,-99.703
107,4.5867,5.5312,-98.986
107,4.5867,5.625,-99.084
107,4.5867,5.7188,-97.225
107,4.5867,5.8125,-99.932
107,4.5867,5.9062,-99.617
107,4.5867,6.0,-99.789
107,4.5867,6.0938,-97.95
107,4.5867,6.1875,-95.69
107,4.5867,6.2812,-94.965
107,4.5867,6.375,-98.144
107,4.5867,6.4688,-99.596
107,4.5867,6.5625,-93.642
107,4.5867,6.6562,-98.528
107,4.5867,6.75,-94.686
107,4.5867,6.8438,-97.027
107,4.5867,6.9375,-99.933
107,4.5867,7.0312,-94.041
107,4.5867,7.125,-98.994
107,4.5867,7.2188,-99.749
107,4.5867,7.3125,-99.201
107,4.5867,7.4062,-99.672
107,4.5867,7.5,-98.759
107,4.5867,7.5938,-99.767
107,4.5867,7.6875,-99.916
107,4.5867,7.7812,-99.034
107,4.5867,7.875,-99.559
107,4.5867,7.9688,-97.616
107,4.5867,8.0625,-99.49
107,4.5867,8.1562,-97.822
107,4.5867,8.25,-98.327
107,4.5867,8.3438,-98.686
107,4.5867,8.4375,-96.801
107,4.5867,8.5312,-99.612
107,4.5867,8.625,-98.379
107,4.5867,8.7188,-94.847
107,4.5867,8.8125,-97.277
107,4.5867,8.9062,-95.393
107,4.5867,9.0,-99.593
107,4.5867,9.0938,-99.168
107,4.5867,9.1875,-96.726
107,4.5867,9.2812,-99.153
107,4.5867,9.375,-97.347
107,4.5867,9.4688,-89.218
107,4.5867,9.5625,-91.105
107,4.5867,9.6562,-91.099
107,4.5867,9.75,-98.47
107,4.5867,9.8438,-99.348
107,4.5867,9.9375,-99.285
107,4.5867,10.0312,-98.98
107,4.5867,10.125,-99.522
107,4.5867,10.2188,-98.975
107,4.5867,10.3125,-98.841
107,4.5867,10.4062,-98.204
107,4.5867,10.5,-97.339
107,4.5867,10.5938,-96.156
107,4.5867,10.6875,-99.478
107,4.5867,10.7812,-97.068
107,4.5867,10.875,-99.976
107,4.5867,10.9688,-98.526
107,4.5867,11.0625,-99.89
107,4.5867,11.1562,-99.683
107,4.5867,11.25,-99.383
107,4.5867,11.3438,-99.373
107,4.5867,11.4375,-99.315
107,4.5867,11.5312,-99.384
107,4.5867,11.625,-99.087
107,4.5867,11.7188,-99.931
107,4.5867,11.8125,-99.89
107,4.5867,11.9062,-99.993
107,4.5867,12.0,-99.441
107,4.5867,12.0938,-99.532
107,4.5867,12.1875,-97.928
107,4.5867,12.2812,-98.743
107,4.5867,12.375,-99.907
107,4.5867,12.4688,-99.55
107,4.5867,12.5625,-99.823
107,4.5867,12.6562,-97.767
107,4.5867,12.75,-96.646
107,4.5867,12.8438,-98.376
107,4.5867,12.9375,-99.403
107,4.5867,13.0312,-99.583
107,4.5867,13.125,-99.11
107,4.5867,13.2188,-98.317
107,4.5867,13.3125,-99.969
107,4.5867,13.4062,-99.797
107,4.5867,13.5,-99.254
107,4.5867,13.5938,-97.72
107,4.5867,13.6875,-99.564
107,4.5867,13.7812,-99.784
107,4.5867,13.875,-99.988
107,4.5867,13.9688,-99.886
107,4.5867,14.0625,-99.308
107,4.5867,14.1562,-99.244
107,4.5867,14.25,-99.326
107,4.5867,14.3438,-99.454
107,4.5867,14.4375,-99.916
107,4.5867,14.5312,-99.601
107,4.5867,14.625,-99.566
107,4.5867,14.7188,-99.894
107,4.5867,14.8125,-99.299
107,4.5867,14.9062,-99.774
107,4.5867,15.0,-99.19
107,4.5867,15.0938,-99.383
107,4.5867,15.1875,-99.872
107,4.5867,15.2812,-99.996
107,4.5867,15.375,-99.572
107,4.5867,15.4688,-99.473
107,4.5867,15.5625,-99.667
107,4.5867,15.6562,-99.752
107,4.5867,15.75,-99.392
107,4.5867,15.8438,-99.362
107,4.5867,15.9375,-99.211
108,4.6293,0.0,-67.634
108,4.6293,0.0938,-63.487
108,4.6293,0.1875,-38.638
108,4.6293,0.2812,-49.608
108,4.6293,0.375,-38.357
108,4.6293,0.4688,-70.014
108,4.6293,0.5625,-61.228
108,4.6293,0.6562,-68.668
108,4.6293,0.75,-65.883
108,4.6293,0.8438,-68.298
108,4.6293,0.9375,-65.017
108,4.6293,1.0312,-85.966
108,4.6293,1.125,-65.566
108,4.6293,1.2188,-79.718
108,4.6293,1.3125,-63.408
108,4.6293,1.4062,-68.135
108,4.6293,1.5,-57.686
108,4.6293,1.5938,-69.725
108,4.6293,1.6875,-62.317
108,4.6293,1.7812,-75.002
108,4.6293,1.875,-58.064
108,4.6293,1.9688,-74.418
108,4.6293,2.0625,-67.071
108,4.6293,2.1562,-80.409
108,4.6293,2.25,-75.608
108,4.6293,2.3438,-66.55
108,4.6293,2.4375,-70.587
108,4.6293,2.5312,-77.062
108,4.6293,2.625,-74.154
108,4.6293,2.7188,-79.122
108,4.6293,2.8125,-87.54
108,4.6293,2.9062,-82.556
108,4.6293,3.0,-89.932
108,4.6293,3.0938,-94.751
108,4.6293,3.1875,-85.167
108,4.6293,3.2812,-85.226
108,4.6293,3.375,-82.219
108,4.6293,3.4688,-78.922
108,4.6293,3.5625,-76.252
108,4.6293,3.6562,-69.016
108,4.6293,3.75,-74.582
108,4.6293,3.8438,-76.619
108,4.6293,3.9375,-85.537
108,4.6293,4.0312,-81.159
108,4.6293,4.125,-92.049
108,4.6293,4.2188,-88.149
108,4.6293,4.3125,-92.13
108,4.6293,4.4062,-84.945
108,4.6293,4.5,-76.22
108,4.6293,4.5938,-66.372
108,4.6293,4.6875,-71.511
108,4.6293,4.7812,-77.488
108,4.6293,4.875,-80.301
108,4.6293,4.9688,-89.754
108,4.6293,5.0625,-84.593
108,4.6293,5.1562,-97.238
108,4.6293,5.25,-94.576
108,4.6293,5.3438,-93.525
108,4.6293,5.4375,-86.654
108,4.6293,5.5312,-97.93
108,4.6293,5.625,-79.69
108,4.6293,5.7188,-83.476
108,4.6293,5.8125,-89.921
108,4.6293,5.9062,-84.374
108,4.6293,6.0,-89.221
108,4.6293,6.0938,-79.789
108,4.6293,6.1875,-76.995
108,4.6293,6.2812,-69.767
108,4.6293,6.375,-79.92
108,4.6293,6.4688,-83.728
108,4.6293,6.5625,-99.497
108,4.6293,6.6562,-80.97
108,4.6293,6.75,-94.908
108,4.6293,6.8438,-77.032
108,4.6293,6.9375,-84.123
108,4.6293,7.0312,-85.539
108,4.6293,7.125,-86.681
108,4.6293,7.2188,-89.602
108,4.6293,7.3125,-97.568
108,4.6293,7.4062,-99.276
108,4.6293,7.5,-90.077
108,4.6293,7.5938,-83.856
108,4.6293,7.6875,-79.509
108,4.6293,7.7812,-76.847
108,4.6293,7.875,-82.874
108,4.6293,7.9688,-86.958
108,4.6293,8.0625,-83.472
108,4.6293,8.1562,-74.837
108,4.6293,8.25,-76.438
108,4.6293,8.3438,-81.433
108,4.6293,8.4375,-85.221
108,4.6293,8.5312,-86.546
108,4.6293,8.625,-76.148
108,4.6293,8.7188,-74.979
108,4.6293,8.8125,-83.337
108,4.6293,8.9062,-85.016
108,4.6293,9.0,-82.649
108,4.6293,9.0938,-85.378
108,4.6293,9.1875,-81.662
108,4.6293,9.2812,-82.243
108,4.6293,9.375,-69.138
108,4.6293,9.4688,-76.093
108,4.6293,9.5625,-71.258
108,4.6293,9.6562,-82.831
108,4.6293,9.75,-82.798
108,4.6293,9.8438,-72.135
108,4.6293,9.9375,-75.218
108,4.6293,10.0312,-87.765
108,4.6293,10.125,-85.697
108,4.6293,10.2188,-93.918
108,4.6293,10.3125,-88.782
108,4.6293,10.4062,-88.349
108,4.6293,10.5,-78.724
108,4.6293,10.5938,-78.413
108,4.6293,10.6875,-96.784
108,4.6293,10.7812,-84.467
108,4.6293,10.875,-89.427
108,4.6293,10.9688,-86.865
108,4.6293,11.0625,-89.758
108,4.6293,11.1562,-93.524
108,4.6293,11.25,-91.208
108,4.6293,11.3438,-91.347
108,4.6293,11.4375,-90.165
108,4.6293,11.5312,-97.736
108,4.6293,11.625,-92.599
108,4.6293,11.7188,-94.507
108,4.6293,11.8125,-94.767
108,4.6293,11.9062,-99.816
108,4.6293,12.0,-93.249
108,4.6293,12.0938,-94.508
108,4.6293,12.1875,-92.858
108,4.6293,12.2812,-96.795
108,4.6293,12.375,-92.516
108,4.6293,12.4688,-98.412
108,4.6293,12.5625,-98.897
108,4.6293,12.6562,-96.434
108,4.6293,12.75,-95.708
108,4.6293,12.8438,-97.651
108,4.6293,12.9375,-97.831
108,4.6293,13.0312,-97.649
108,4.6293,13.125,-92.084
108,4.6293,13.2188,-90.52
108,4.6293,13.3125,-99.73
108,4.6293,13.4062,-92.93
108,4.6293,13.5,-89.984
108,4.6293,13.5938,-98.051
108,4.6293,13.6875,-99.188
108,4.6293,13.7812,-99.134
108,4.6293,13.875,-92.876
108,4.6293,13.9688,-92.261
108,4.6293,14.0625,-93.045
108,4.6293,14.1562,-95.95
108,4.6293,14.25,-99.721
108,4.6293,14.3438,-97.252
108,4.6293,14.4375,-97.845
108,4.6293,14.5312,-91.817
108,4.6293,14.625,-93.034
108,4.6293,14.7188,-94.965
108,4.6293,14.8125,-99.178
108,4.6293,14.9062,-94.638
108,4.6293,15.0,-98.572
108,4.6293,15.0938,-96.533
108,4.6293,15.1875,-89.718
108,4.6293,15.2812,-87.932
108,4.6293,15.375,-88.634
108,4.6293,15.4688,-93.44
108,4.6293,15.5625,-90.084
108,4.6293,15.6562,-93.432
108,4.6293,15.75,-93.087
108,4.6293,15.8438,-90.555
108,4.6293,15.9375,-92.229
109,4.672,0.0,-71.548
109,4.672,0.0938,-65.659
109,4.672,0.1875,-33.167
109,4.672,0.2812,-52.303
109,4.672,0.375,-35.503
109,4.672,0.4688,-54.085
109,4.672,0.5625,-44.052
109,4.672,0.6562,-70.572
109,4.672,0.75,-49.532
109,4.672,0.8438,-66.857
109,4.672,0.9375,-51.146
109,4.672,1.0312,-72.703
109,4.672,1.125,-46.07
109,4.672,1.2188,-65.896
109,4.672,1.3125,-56.929
109,4.672,1.4062,-72.38
109,4.672,1.5,-58.408
109,4.672,1.5938,-79.517
109,4.672,1.6875,-61.52
109,4.672,1.7812,-80.127
109,4.672,1.875,-64.714
109,4.672,1.9688,-97.387
109,4.672,2.0625,-66.558
109,4.672,2.1562,-78.059
109,4.672,2.25,-57.115
109,4.672,2.3438,-81.684
109,4.672,2.4375,-68.574
109,4.672,2.5312,-97.864
109,4.672,2.625,-84.71
109,4.672,2.7188,-90.301
109,4.672,2.8125,-84.883
109,4.672,2.9062,-89.96
109,4.672,3.0,-81.325
109,4.672,3.0938,-89.789
109,4.672,3.1875,-92.911
109,4.672,3.2812,-87.619
109,4.672,3.375,-87.486
109,4.672,3.4688,-84.746
109,4.672,3.5625,-99.028
109,4.672,3.6562,-81.577
109,4.672,3.75,-81.838
109,4.672,3.8438,-88.296
109,4.672,3.9375,-83.145
109,4.672,4.0312,-86.336
109,4.672,4.125,-88.172
109,4.672,4.2188,-88.732
109,4.672,4.3125,-96.635
109,4.672,4.4062,-88.743
109,4.672,4.5,-90.375
109,4.672,4.5938,-91.915
109,4.672,4.6875,-81.245
109,4.672,4.7812,-91.765
109,4.672,4.875,-89.471
109,4.672,4.9688,-91.935
109,4.672,5.0625,-84.903
109,4.672,5.1562,-93.091
109,4.672,5.25,-90.242
109,4.672,5.3438,-85.788
109,4.672,5.4375,-88.438
109,4.672,5.5312,-87.985
109,4.672,5.625,-92.927
109,4.672,5.7188,-91.821
109,4.672,5.8125,-98.101
109,4.672,5.9062,-99.545
109,4.672,6.0,-99.094
109,4.672,6.0938,-88.63
109,4.672,6.1875,-89.161
109,4.672,6.2812,-80.955
109,4.672,6.375,-82.865
109,4.672,6.4688,-98.53
109,4.672,6.5625,-87.597
109,4.672,6.6562,-85.245
109,4.672,6.75,-80.487
109,4.672,6.8438,-86.207
109,4.672,6.9375,-83.038
109,4.672,7.0312,-92.928
109,4.672,7.125,-89.164
109,4.672,7.2188,-87.945
109,4.672,7.3125,-98.597
109,4.672,7.4062,-87.153
109,4.672,7.5,-82.025
109,4.672,7.5938,-82.291
109,4.672,7.6875,-81.658
109,4.672,7.7812,-94.269
109,4.672,7.875,-92.156
109,4.672,7.9688,-89.426
109,4.672,8.0625,-92.861
109,4.672,8.1562,-90.095
109,4.672,8.25,-83.295
109,4.672,8.3438,-88.744
109,4.672,8.4375,-85.108
109,4.672,8.5312,-78.561
109,4.672,8.625,-86.84
109,4.672,8.7188,-69.684
109,4.672,8.8125,-71.911
109,4.672,8.9062,-78.134
109,4.672,9.0,-79.929
109,4.672,9.0938,-77.947
109,4.672,9.1875,-91.355
109,4.672,9.2812,-83.5
109,4.672,9.375,-74.189
109,4.672,9.4688,-74.557
109,4.672,9.5625,-66.687
109,4.672,9.6562,-72.836
109,4.672,9.75,-83.436
109,4.672,9.8438,-77.989
109,4.672,9.9375,-84.271
109,4.672,10.0312,-85.208
109,4.672,10.125,-79.178
109,4.672,10.2188,-81.179
109,4.672,10.3125,-80.02
109,4.672,10.4062,-80.836
109,4.672,10.5,-87.335
109,4.672,10.5938,-87.997
109,4.672,10.6875,-92.827
109,4.672,10.7812,-89.037
109,4.672,10.875,-99.438
109,4.672,10.9688,-98.795
109,4.672,11.0625,-94.389
109,4.672,11.1562,-88.011
109,4.672,11.25,-89.494
109,4.672,11.3438,-85.618
109,4.672,11.4375,-91.372
109,4.672,11.5312,-87.445
109,4.672,11.625,-90.182
109,4.672,11.7188,-82.188
109,4.672,11.8125,-92.412
109,4.672,11.9062,-83.978
109,4.672,12.0,-80.375
109,4.672,12.0938,-83.152
109,4.672,12.1875,-76.82
109,4.672,12.2812,-81.936
109,4.672,12.375,-95.439
109,4.672,12.4688,-84.359
109,4.672,12.5625,-86.742
109,4.672,12.6562,-74.839
109,4.672,12.75,-78.607
109,4.672,12.8438,-71.173
109,4.672,12.9375,-77.88
109,4.672,13.0312,-76.721
109,4.672,13.125,-86.647
109,4.672,13.2188,-81.241
109,4.672,13.3125,-84.84
109,4.672,13.4062,-84.135
109,4.672,13.5,-80.222
109,4.672,13.5938,-74.566
109,4.672,13.6875,-77.754
109,4.672,13.7812,-86.297
109,4.672,13.875,-87.376
109,4.672,13.9688,-89.945
109,4.672,14.0625,-90.558
109,4.672,14.1562,-95.92
109,4.672,14.25,-93.823
109,4.672,14.3438,-94.751
109,4.672,14.4375,-85.996
109,4.672,14.5312,-88.682
109,4.672,14.625,-88.847
109,4.672,14.7188,-93.838
109,4.672,14.8125,-97.981
109,4.672,14.9062,-90.276
109,4.672,15.0,-95.847
109,4.672,15.0938,-94.136
109,4.672,15.1875,-91.42
109,4.672,15.2812,-88.661
109,4.672,15.375,-90.808
109,4.672,15.4688,-89.321
109,4.672,15.5625,-94.616
109,4.672,15.6562,-98.479
109,4.672,15.75,-99.619
109,4.672,15.8438,-96.76
109,4.672,15.9375,-99.464
110,4.7147,0.0,-63.963
110,4.7147,0.0938,-66.796
110,4.7147,0.1875,-31.362
110,4.7147,0.2812,-55.028
110,4.7147,0.375,-40.023
110,4.7147,0.4688,-67.365
110,4.7147,0.5625,-40.239
110,4.7147,0.6562,-75.248
110,4.7147,0.75,-44.993
110,4.7147,0.8438,-66.236
110,4.7147,0.9375,-43.171
110,4.7147,1.0312,-74.473
110,4.7147,1.125,-58.318
110,4.7147,1.2188,-84.509
110,4.7147,1.3125,-57.976
110,4.7147,1.4062,-87.044
110,4.7147,1.5,-59.681
110,4.7147,1.5938,-82.324
110,4.7147,1.6875,-63.645
110,4.7147,1.7812,-74.578
110,4.7147,1.875,-67.301
110,4.7147,1.9688,-74.172
110,4.7147,2.0625,-71.036
110,4.7147,2.1562,-87.71
110,4.7147,2.25,-66.758
110,4.7147,2.3438,-84.687
110,4.7147,2.4375,-60.249
110,4.7147,2.5312,-77.647
110,4.7147,2.625,-65.787
110,4.7147,2.7188,-95.258
110,4.7147,2.8125,-82.009
110,4.7147,2.9062,-88.436
110,4.7147,3.0,-97.132
110,4.7147,3.0938,-86.913
110,4.7147,3.1875,-91.52
110,4.7147,3.2812,-99.456
110,4.7147,3.375,-88.152
110,4.7147,3.4688,-89.909
110,4.7147,3.5625,-81.75
110,4.7147,3.6562,-93.865
110,4.7147,3.75,-95.472
110,4.7147,3.8438,-96.193
110,4.7147,3.9375,-83.906
110,4.7147,4.0312,-93.675
110,4.7147,4.125,-97.14
110,4.7147,4.2188,-94.971
110,4.7147,4.3125,-94.889
110,4.7147,4.4062,-95.962
110,4.7147,4.5,-99.106
110,4.7147,4.5938,-93.81
110,4.7147,4.6875,-98.157
110,4.7147,4.7812,-87.619
110,4.7147,4.875,-81.91
110,4.7147,4.9688,-88.401
110,4.7147,5.0625,-85.889
110,4.7147,5.1562,-88.593
110,4.7147,5.25,-92.573
110,4.7147,5.3438,-89.876
110,4.7147,5.4375,-80.117
110,4.7147,5.5312,-98.914
110,4.7147,5.625,-99.456
110,4.7147,5.7188,-92.864
110,4.7147,5.8125,-96.007
110,4.7147,5.9062,-95.054
110,4.7147,6.0,-98.009
110,4.7147,6.0938,-91.477
110,4.7147,6.1875,-79.748
110,4.7147,6.2812,-85.314
110,4.7147,6.375,-78.27
110,4.7147,6.4688,-85.713
110,4.7147,6.5625,-99.486
110,4.7147,6.6562,-91.425
110,4.7147,6.75,-98.182
110,4.7147,6.8438,-99.976
110,4.7147,6.9375,-91.706
110,4.7147,7.0312,-91.012
110,4.7147,7.125,-91.815
110,4.7147,7.2188,-86.783
110,4.7147,7.3125,-97.396
110,4.7147,7.4062,-88.098
110,4.7147,7.5,-90.466
110,4.7147,7.5938,-85.349
110,4.7147,7.6875,-84.277
110,4.7147,7.7812,-78.585
110,4.7147,7.875,-97.513
110,4.7147,7.9688,-90.415
110,4.7147,8.0625,-98.98
110,4.7147,8.1562,-91.396
110,4.7147,8.25,-93.338
110,4.7147,8.3438,-87.013
110,4.7147,8.4375,-98.276
110,4.7147,8.5312,-95.991
110,4.7147,8.625,-91.079
110,4.7147,8.7188,-87.38
110,4.7147,8.8125,-83.624
110,4.7147,8.9062,-92.137
110,4.7147,9.0,-81.905
110,4.7147,9.0938,-83.532
110,4.7147,9.1875,-78.183
110,4.7147,9.2812,-85.599
110,4.7147,9.375,-73.55
110,4.7147,9.4688,-84.015
110,4.7147,9.5625,-94.209
110,4.7147,9.6562,-89.696
110,4.7147,9.75,-90.871
110,4.7147,9.8438,-94.4
110,4.7147,9.9375,-97.432
110,4.7147,10.0312,-99.392
110,4.7147,10.125,-95.218
110,4.7147,10.2188,-94.685
110,4.7147,10.3125,-85.043
110,4.7147,10.4062,-87.584
110,4.7147,10.5,-77.486
110,4.7147,10.5938,-81.343
110,4.7147,10.6875,-76.675
110,4.7147,10.7812,-80.524
110,4.7147,10.875,-78.109
110,4.7147,10.9688,-79.335
110,4.7147,11.0625,-83.717
110,4.7147,11.1562,-84.033
110,4.7147,11.25,-83.428
110,4.7147,11.3438,-80.944
110,4.7147,11.4375,-82.032
110,4.7147,11.5312,-88.949
110,4.7147,11.625,-78.701
110,4.7147,11.7188,-86.535
110,4.7147,11.8125,-74.845
110,4.7147,11.9062,-78.904
110,4.7147,12.0,-72.92
110,4.7147,12.0938,-76.231
110,4.7147,12.1875,-72.336
110,4.7147,12.2812,-76.03
110,4.7147,12.375,-71.217
110,4.7147,12.4688,-75.421
110,4.7147,12.5625,-75.234
110,4.7147,12.6562,-78.946
110,4.7147,12.75,-90.801
110,4.7147,12.8438,-94.992
110,4.7147,12.9375,-80.339
110,4.7147,13.0312,-89.864
110,4.7147,13.125,-83.596
110,4.7147,13.2188,-87.878
110,4.7147,13.3125,-84.317
110,4.7147,13.4062,-87.163
110,4.7147,13.5,-84.137
110,4.7147,13.5938,-92.663
110,4.7147,13.6875,-88.585
110,4.7147,13.7812,-87.553
110,4.7147,13.875,-95.778
110,4.7147,13.9688,-96.718
110,4.7147,14.0625,-98.928
110,4.7147,14.1562,-97.203
110,4.7147,14.25,-98.727
110,4.7147,14.3438,-99.417
110,4.7147,14.4375,-96.85
110,4.7147,14.5312,-94.694
110,4.7147,14.625,-96.46
110,4.7147,14.7188,-98.259
110,4.7147,14.8125,-96.55
110,4.7147,14.9062,-97.688
110,4.7147,15.0,-90.439
110,4.7147,15.0938,-97.919
110,4.7147,15.1875,-94.034
110,4.7147,15.2812,-92.92
110,4.7147,15.375,-94.659
110,4.7147,15.4688,-94.848
110,4.7147,15.5625,-94.872
110,4.7147,15.6562,-98.357
110,4.7147,15.75,-99.046
110,4.7147,15.8438,-98.037
110,4.7147,15.9375,-98.043
111,4.7573,0.0,-82.419
111,4.7573,0.0938,-66.661
111,4.7573,0.1875,-36.488
111,4.7573,0.2812,-54.236
111,4.7573,0.375,-53.225
111,4.7573,0.4688,-64.561
111,4.7573,0.5625,-60.112
111,4.7573,0.6562,-55.956
111,4.7573,0.75,-72.754
111,4.7573,0.8438,-45.767
111,4.7573,0.9375,-79.467
111,4.7573,1.0312,-53.414
111,4.7573,1.125,-75.832
111,4.7573,1.2188,-64.129
111,4.7573,1.3125,-65.145
111,4.7573,1.4062,-60.166
111,4.7573,1.5,-75.331
111,4.7573,1.5938,-68.675
111,4.7573,1.6875,-70.174
111,4.7573,1.7812,-69.783
111,4.7573,1.875,-67.009
111,4.7573,1.9688,-78.153
111,4.7573,2.0625,-68.077
111,4.7573,2.1562,-80.589
111,4.7573,2.25,-65.255
111,4.7573,2.3438,-77.424
111,4.7573,2.4375,-59.523
111,4.7573,2.5312,-72.615
111,4.7573,2.625,-73.923
111,4.7573,2.7188,-73.102
111,4.7573,2.8125,-76.197
111,4.7573,2.9062,-74.062
111,4.7573,3.0,-84.63
111,4.7573,3.0938,-84.96
111,4.7573,3.1875,-92.297
111,4.7573,3.2812,-88.94
111,4.7573,3.375,-98.887
111,4.7573,3.4688,-87.466
111,4.7573,3.5625,-93.824
111,4.7573,3.6562,-81.674
111,4.7573,3.75,-91.269
111,4.7573,3.8438,-89.418
111,4.7573,3.9375,-86.145
111,4.7573,4.0312,-96.639
111,4.7573,4.125,-94.698
111,4.7573,4.2188,-95.611
111,4.7573,4.3125,-94.934
111,4.7573,4.4062,-93.663
111,4.7573,4.5,-96.331
111,4.7573,4.5938,-90.558
111,4.7573,4.6875,-95.594
111,4.7573,4.7812,-88.734
111,4.7573,4.875,-94.588
111,4.7573,4.9688,-89.435
111,4.7573,5.0625,-96.594
111,4.7573,5.1562,-96.135
111,4.7573,5.25,-95.24
111,4.7573,5.3438,-82.903
111,4.7573,5.4375,-89.278
111,4.7573,5.5312,-94.608
111,4.7573,5.625,-93.2
111,4.7573,5.7188,-99.439
111,4.7573,5.8125,-91.449
111,4.7573,5.9062,-96.125
111,4.7573,6.0,-98.16
111,4.7573,6.0938,-93.511
111,4.7573,6.1875,-95.405
111,4.7573,6.2812,-77.121
111,4.7573,6.375,-79.304
111,4.7573,6.4688,-66.436
111,4.7573,6.5625,-81.196
111,4.7573,6.6562,-86.979
111,4.7573,6.75,-88.513
111,4.7573,6.8438,-96.118
111,4.7573,6.9375,-91.121
111,4.7573,7.0312,-90.373
111,4.7573,7.125,-87.413
111,4.7573,7.2188,-90.697
111,4.7573,7.3125,-83.063
111,4.7573,7.4062,-87.909
111,4.7573,7.5,-81.438
111,4.7573,7.5938,-89.491
111,4.7573,7.6875,-79.752
111,4.7573,7.7812,-96.475
111,4.7573,7.875,-83.904
111,4.7573,7.9688,-82.828
111,4.7573,8.0625,-90.99
111,4.7573,8.1562,-81.095
111,4.7573,8.25,-90.565
111,4.7573,8.3438,-86.891
111,4.7573,8.4375,-94.034
111,4.7573,8.5312,-87.095
111,4.7573,8.625,-88.043
111,4.7573,8.7188,-80.871
111,4.7573,8.8125,-93.461
111,4.7573,8.9062,-86.791
111,4.7573,9.0,-85.566
111,4.7573,9.0938,-84.916
111,4.7573,9.1875,-69.796
111,4.7573,9.2812,-79.047
111,4.7573,9.375,-78.354
111,4.7573,9.4688,-85.096
111,4.7573,9.5625,-79.708
111,4.7573,9.6562,-90.563
111,4.7573,9.75,-84.627
111,4.7573,9.8438,-81.844
111,4.7573,9.9375,-88.861
111,4.7573,10.0312,-90.145
111,4.7573,10.125,-81.282
111,4.7573,10.2188,-95.531
111,4.7573,10.3125,-91.055
111,4.7573,10.4062,-97.507
111,4.7573,10.5,-87.214
111,4.7573,10.5938,-91.588
111,4.7573,10.6875,-82.561
111,4.7573,10.7812,-87.962
111,4.7573,10.875,-79.734
111,4.7573,10.9688,-77.364
111,4.7573,11.0625,-82.608
111,4.7573,11.1562,-80.145
111,4.7573,11.25,-90.109
111,4.7573,11.3438,-87.882
111,4.7573,11.4375,-90.526
111,4.7573,11.5312,-81.149
111,4.7573,11.625,-72.078
111,4.7573,11.7188,-87.261
111,4.7573,11.8125,-74.841
111,4.7573,11.9062,-78.304
111,4.7573,12.0,-82.337
111,4.7573,12.0938,-75.512
111,4.7573,12.1875,-72.93
111,4.7573,12.2812,-76.502
111,4.7573,12.375,-78.715
111,4.7573,12.4688,-82.965
111,4.7573,12.5625,-71.653
111,4.7573,12.6562,-72.96
111,4.7573,12.75,-71.762
111,4.7573,12.8438,-77.665
111,4.7573,12.9375,-84.252
111,4.7573,13.0312,-76.632
111,4.7573,13.125,-98.22
111,4.7573,13.2188,-78.698
111,4.7573,13.3125,-88.546
111,4.7573,13.4062,-81.802
111,4.7573,13.5,-88.893
111,4.7573,13.5938,-83.196
111,4.7573,13.6875,-81.279
111,4.7573,13.7812,-90.839
111,4.7573,13.875,-74.16
111,4.7573,13.9688,-81.595
111,4.7573,14.0625,-79.765
111,4.7573,14.1562,-90.407
111,4.7573,14.25,-99.33
111,4.7573,14.3438,-93.373
111,4.7573,14.4375,-96.139
111,4.7573,14.5312,-92.766
111,4.7573,14.625,-94.781
111,4.7573,14.7188,-95.381
111,4.7573,14.8125,-93.812
111,4.7573,14.9062,-99.883
111,4.7573,15.0,-95.374
111,4.7573,15.0938,-94.316
111,4.7573,15.1875,-88.941
111,4.7573,15.2812,-93.954
111,4.7573,15.375,-83.568
111,4.7573,15.4688,-95.658
111,4.7573,15.5625,-84.693
111,4.7573,15.6562,-92.791
111,4.7573,15.75,-87.311
111,4.7573,15.8438,-95.434
111,4.7573,15.9375,-88.109
112,4.8,0.0,-67.942
112,4.8,0.0938,-64.302
112,4.8,0.1875,-36.716
112,4.8,0.2812,-52.606
112,4.8,0.375,-66.404
112,4.8,0.4688,-66.993
112,4.8,0.5625,-64.706
112,4.8,0.6562,-54.075
112,4.8,0.75,-77.06
112,4.8,0.8438,-44.312
112,4.8,0.9375,-63.486
112,4.8,1.0312,-63.365
112,4.8,1.125,-78.296
112,4.8,1.2188,-67.217
112,4.8,1.3125,-79.536
112,4.8,1.4062,-84.87
112,4.8,1.5,-71.922
112,4.8,1.5938,-76.386
112,4.8,1.6875,-67.294
112,4.8,1.7812,-81.799
112,4.8,1.875,-58.785
112,4.8,1.9688,-91.263
112,4.8,2.0625,-64.013
112,4.8,2.1562,-79.008
112,4.8,2.25,-67.268
112,4.8,2.3438,-76.306
112,4.8,2.4375,-76.594
112,4.8,2.5312,-78.206
112,4.8,2.625,-75.839
112,4.8,2.7188,-75.861
112,4.8,2.8125,-69.326
112,4.8,2.9062,-58.91
112,4.8,3.0,-75.171
112,4.8,3.0938,-66.773
112,4.8,3.1875,-89.347
112,4.8,3.2812,-86.28
112,4.8,3.375,-96.948
112,4.8,3.4688,-92.151
112,4.8,3.5625,-94.64
112,4.8,3.6562,-95.038
112,4.8,3.75,-83.901
112,4.8,3.8438,-96.167
112,4.8,3.9375,-86.761
112,4.8,4.0312,-94.073
112,4.8,4.125,-89.857
112,4.8,4.2188,-96.997
112,4.8,4.3125,-97.944
112,4.8,4.4062,-96.638
112,4.8,4.5,-95.775
112,4.8,4.5938,-94.456
112,4.8,4.6875,-88.447
112,4.8,4.7812,-80.011
112,4.8,4.875,-92.296
112,4.8,4.9688,-86.417
112,4.8,5.0625,-96.392
112,4.8,5.1562,-90.969
112,4.8,5.25,-97.468
112,4.8,5.3438,-92.961
112,4.8,5.4375,-91.356
112,4.8,5.5312,-83.937
112,4.8,5.625,-79.509
112,4.8,5.7188,-85.017
112,4.8,5.8125,-80.091
112,4.8,5.9062,-88.816
112,4.8,6.0,-95.24
112,4.8,6.0938,-98.511
112,4.8,6.1875,-81.923
112,4.8,6.2812,-82.7
112,4.8,6.375,-84.823
112,4.8,6.4688,-84.81
112,4.8,6.5625,-78.378
112,4.8,6.6562,-76.375
112,4.8,6.75,-82.767
112,4.8,6.8438,-85.169
112,4.8,6.9375,-94.548
112,4.8,7.0312,-93.357
112,4.8,7.125,-86.883
112,4.8,7.2188,-86.963
112,4.8,7.3125,-84.654
112,4.8,7.4062,-98.842
112,4.8,7.5,-82.782
112,4.8,7.5938,-92.982
112,4.8,7.6875,-84.439
112,4.8,7.7812,-90.417
112,4.8,7.875,-84.37
112,4.8,7.9688,-89.109
112,4.8,8.0625,-89.56
112,4.8,8.1562,-93.93
112,4.8,8.25,-87.291
112,4.8,8.3438,-88.724
112,4.8,8.4375,-98.299
112,4.8,8.5312,-90.947
112,4.8,8.625,-83.646
112,4.8,8.7188,-83.406
112,4.8,8.8125,-77.761
112,4.8,8.9062,-83.55
112,4.8,9.0,-84.003
112,4.8,9.0938,-80.22
112,4.8,9.1875,-79.374
112,4.8,9.2812,-92.703
112,4.8,9.375,-82.145
112,4.8,9.4688,-75.46
112,4.8,9.5625,-67.616
112,4.8,9.6562,-84.386
112,4.8,9.75,-77.105
112,4.8,9.8438,-87.018
112,4.8,9.9375,-82.475
112,4.8,10.0312,-88.603
112,4.8,10.125,-90.296
112,4.8,10.2188,-90.709
112,4.8,10.3125,-94.786
112,4.8,10.4062,-95.749
112,4.8,10.5,-96.611
112,4.8,10.5938,-99.056
112,4.8,10.6875,-85.719
112,4.8,10.7812,-82.358
112,4.8,10.875,-77.074
112,4.8,10.9688,-81.636
112,4.8,11.0625,-73.661
112,4.8,11.1562,-76.251
112,4.8,11.25,-86.833
112,4.8,11.3438,-88.901
112,4.8,11.4375,-91.537
112,4.8,11.5312,-86.152
112,4.8,11.625,-82.051
112,4.8,11.7188,-84.243
112,4.8,11.8125,-83.566
112,4.8,11.9062,-84.019
112,4.8,12.0,-79.299
112,4.8,12.0938,-78.573
112,4.8,12.1875,-78.735
112,4.8,12.2812,-68.099
112,4.8,12.375,-74.891
112,4.8,12.4688,-69.278
112,4.8,12.5625,-81.864
112,4.8,12.6562,-69.44
112,4.8,12.75,-74.023
112,4.8,12.8438,-70.789
112,4.8,12.9375,-68.272
112,4.8,13.0312,-90.618
112,4.8,13.125,-87.49
112,4.8,13.2188,-89.446
112,4.8,13.3125,-85.692
112,4.8,13.4062,-90.317
112,4.8,13.5,-84.329
112,4.8,13.5938,-86.615
112,4.8,13.6875,-82.728
112,4.8,13.7812,-86.109
112,4.8,13.875,-86.792
112,4.8,13.9688,-95.929
112,4.8,14.0625,-94.605
112,4.8,14.1562,-94.841
112,4.8,14.25,-92.322
112,4.8,14.3438,-93.0
112,4.8,14.4375,-89.39
112,4.8,14.5312,-89.535
112,4.8,14.625,-84.915
112,4.8,14.7188,-90.787
112,4.8,14.8125,-85.541
112,4.8,14.9062,-87.927
112,4.8,15.0,-92.321
112,4.8,15.0938,-91.055
112,4.8,15.1875,-94.412
112,4.8,15.2812,-99.437
112,4.8,15.375,-88.239
112,4.8,15.4688,-86.787
112,4.8,15.5625,-87.117
112,4.8,15.6562,-83.03
112,4.8,15.75,-86.942
112,4.8,15.8438,-86.301
112,4.8,15.9375,-90.965
113,4.8427,0.0,-74.485
113,4.8427,0.0938,-69.162
113,4.8427,0.1875,-36.072
113,4.8427,0.2812,-53.97
113,4.8427,0.375,-58.94
113,4.8427,0.4688,-66.582
113,4.8427,0.5625,-64.146
113,4.8427,0.6562,-61.525
113,4.8427,0.75,-71.344
113,4.8427,0.8438,-43.463
113,4.8427,0.9375,-68.283
113,4.8427,1.0312,-63.6
113,4.8427,1.125,-77.751
113,4.8427,1.2188,-65.539
113,4.8427,1.3125,-75.306
113,4.8427,1.4062,-67.609
113,4.8427,1.5,-80.215
113,4.8427,1.5938,-87.563
113,4.8427,1.6875,-75.427
113,4.8427,1.7812,-89.141
113,4.8427,1.875,-64.149
113,4.8427,1.9688,-84.215
113,4.8427,2.0625,-69.687
113,4.8427,2.1562,-89.259
113,4.8427,2.25,-67.861
113,4.8427,2.3438,-80.664
113,4.8427,2.4375,-66.604
113,4.8427,2.5312,-79.993
113,4.8427,2.625,-71.078
113,4.8427,2.7188,-79.101
113,4.8427,2.8125,-75.707
113,4.8427,2.9062,-77.782
113,4.8427,3.0,-85.041
113,4.8427,3.0938,-72.276
113,4.8427,3.1875,-92.096
113,4.8427,3.2812,-86.439
113,4.8427,3.375,-99.369
113,4.8427,3.4688,-98.702
113,4.8427,3.5625,-99.031
113,4.8427,3.6562,-98.177
113,4.8427,3.75,-91.961
113,4.8427,3.8438,-92.601
113,4.8427,3.9375,-86.005
113,4.8427,4.0312,-91.882
113,4.8427,4.125,-85.711
113,4.8427,4.2188,-94.185
113,4.8427,4.3125,-89.847
113,4.8427,4.4062,-96.282
113,4.8427,4.5,-91.609
113,4.8427,4.5938,-91.311
113,4.8427,4.6875,-89.23
113,4.8427,4.7812,-87.942
113,4.8427,4.875,-98.457
113,4.8427,4.9688,-97.414
113,4.8427,5.0625,-91.919
113,4.8427,5.1562,-93.978
113,4.8427,5.25,-96.09
113,4.8427,5.3438,-97.253
113,4.8427,5.4375,-98.516
113,4.8427,5.5312,-88.993
113,4.8427,5.625,-80.531
113,4.8427,5.7188,-89.173
113,4.8427,5.8125,-92.294
113,4.8427,5.9062,-93.82
113,4.8427,6.0,-90.783
113,4.8427,6.0938,-99.398
113,4.8427,6.1875,-92.393
113,4.8427,6.2812,-93.202
113,4.8427,6.375,-77.118
113,4.8427,6.4688,-79.265
113,4.8427,6.5625,-76.223
113,4.8427,6.6562,-71.09
113,4.8427,6.75,-78.099
113,4.8427,6.8438,-84.658
113,4.8427,6.9375,-95.703
113,4.8427,7.0312,-90.651
113,4.8427,7.125,-89.401
113,4.8427,7.2188,-82.044
113,4.8427,7.3125,-99.736
113,4.8427,7.4062,-93.484
113,4.8427,7.5,-96.153
113,4.8427,7.5938,-92.067
113,4.8427,7.6875,-94.864
113,4.8427,7.7812,-87.215
113,4.8427,7.875,-89.846
113,4.8427,7.9688,-92.513
113,4.8427,8.0625,-98.51
113,4.8427,8.1562,-92.228
113,4.8427,8.25,-88.859
113,4.8427,8.3438,-91.817
113,4.8427,8.4375,-78.623
113,4.8427,8.5312,-89.094
113,4.8427,8.625,-81.665
113,4.8427,8.7188,-90.011
113,4.8427,8.8125,-75.426
113,4.8427,8.9062,-73.573
113,4.8427,9.0,-80.168
113,4.8427,9.0938,-73.207
113,4.8427,9.1875,-88.526
113,4.8427,9.2812,-88.198
113,4.8427,9.375,-87.029
113,4.8427,9.4688,-88.301
113,4.8427,9.5625,-76.555
113,4.8427,9.6562,-75.866
113,4.8427,9.75,-74.22
113,4.8427,9.8438,-71.658
113,4.8427,9.9375,-75.658
113,4.8427,10.0312,-79.634
113,4.8427,10.125,-79.792
113,4.8427,10.2188,-84.41
113,4.8427,10.3125,-80.618
113,4.8427,10.4062,-86.447
113,4.8427,10.5,-76.722
113,4.8427,10.5938,-83.184
113,4.8427,10.6875,-86.214
113,4.8427,10.7812,-80.369
113,4.8427,10.875,-82.485
113,4.8427,10.9688,-99.483
113,4.8427,11.0625,-86.637
113,4.8427,11.1562,-93.538
113,4.8427,11.25,-93.542
113,4.8427,11.3438,-98.527
113,4.8427,11.4375,-99.426
113,4.8427,11.5312,-99.881
113,4.8427,11.625,-91.331
113,4.8427,11.7188,-98.495
113,4.8427,11.8125,-94.574
113,4.8427,11.9062,-90.126
113,4.8427,12.0,-91.342
113,4.8427,12.0938,-85.736
113,4.8427,12.1875,-87.842
113,4.8427,12.2812,-85.556
113,4.8427,12.375,-83.961
113,4.8427,12.4688,-85.684
113,4.8427,12.5625,-94.753
113,4.8427,12.6562,-93.873
113,4.8427,12.75,-82.258
113,4.8427,12.8438,-86.22
113,4.8427,12.9375,-72.891
113,4.8427,13.0312,-81.91
113,4.8427,13.125,-78.33
113,4.8427,13.2188,-77.047
113,4.8427,13.3125,-87.502
113,4.8427,13.4062,-95.19
113,4.8427,13.5,-87.334
113,4.8427,13.5938,-93.748
113,4.8427,13.6875,-91.146
113,4.8427,13.7812,-92.04
113,4.8427,13.875,-98.894
113,4.8427,13.9688,-92.433
113,4.8427,14.0625,-99.022
113,4.8427,14.1562,-94.355
113,4.8427,14.25,-96.405
113,4.8427,14.3438,-93.96
113,4.8427,14.4375,-92.945
113,4.8427,14.5312,-89.115
113,4.8427,14.625,-92.44
113,4.8427,14.7188,-81.752
113,4.8427,14.8125,-84.877
113,4.8427,14.9062,-86.174
113,4.8427,15.0,-81.725
113,4.8427,15.0938,-96.919
113,4.8427,15.1875,-83.319
113,4.8427,15.2812,-93.976
113,4.8427,15.375,-91.646
113,4.8427,15.4688,-99.9
113,4.8427,15.5625,-88.897
113,4.8427,15.6562,-97.679
113,4.8427,15.75,-92.917
113,4.8427,15.8438,-94.766
113,4.8427,15.9375,-97.65
114,4.8853,0.0,-72.552
114,4.8853,0.0938,-70.343
114,4.8853,0.1875,-35.868
114,4.8853,0.2812,-50.113
114,4.8853,0.375,-45.681
114,4.8853,0.4688,-62.695
114,4.8853,0.5625,-67.066
114,4.8853,0.6562,-63.164
114,4.8853,0.75,-64.511
114,4.8853,0.8438,-58.015
114,4.8853,0.9375,-70.678
114,4.8853,1.0312,-78.772
114,4.8853,1.125,-73.203
114,4.8853,1.2188,-70.505
114,4.8853,1.3125,-95.779
114,4.8853,1.4062,-66.095
114,4.8853,1.5,-73.131
114,4.8853,1.5938,-74.815
114,4.8853,1.6875,-68.359
114,4.8853,1.7812,-77.901
114,4.8853,1.875,-82.149
114,4.8853,1.9688,-76.846
114,4.8853,2.0625,-85.086
114,4.8853,2.1562,-77.516
114,4.8853,2.25,-75.485
114,4.8853,2.3438,-78.974
114,4.8853,2.4375,-69.414
114,4.8853,2.5312,-69.255
114,4.8853,2.625,-69.603
114,4.8853,2.7188,-78.555
114,4.8853,2.8125,-83.743
114,4.8853,2.9062,-84.095
114,4.8853,3.0,-94.76
114,4.8853,3.0938,-82.282
114,4.8853,3.1875,-78.832
114,4.8853,3.2812,-76.317
114,4.8853,3.375,-80.438
114,4.8853,3.4688,-84.659
114,4.8853,3.5625,-85.468
114,4.8853,3.6562,-77.182
114,4.8853,3.75,-86.604
114,4.8853,3.8438,-93.863
114,4.8853,3.9375,-86.735
114,4.8853,4.0312,-78.482
114,4.8853,4.125,-75.01
114,4.8853,4.2188,-80.624
114,4.8853,4.3125,-85.459
114,4.8853,4.4062,-81.75
114,4.8853,4.5,-83.187
114,4.8853,4.5938,-77.063
114,4.8853,4.6875,-84.442
114,4.8853,4.7812,-94.886
114,4.8853,4.875,-90.355
114,4.8853,4.9688,-91.203
114,4.8853,5.0625,-95.12
114,4.8853,5.1562,-95.137
114,4.8853,5.25,-92.735
114,4.8853,5.3438,-98.943
114,4.8853,5.4375,-98.809
114,4.8853,5.5312,-89.698
114,4.8853,5.625,-83.799
114,4.8853,5.7188,-91.449
114,4.8853,5.8125,-90.692
114,4.8853,5.9062,-83.456
114,4.8853,6.0,-79.514
114,4.8853,6.0938,-83.954
114,4.8853,6.1875,-96.262
114,4.8853,6.2812,-99.391
114,4.8853,6.375,-92.429
114,4.8853,6.4688,-96.141
114,4.8853,6.5625,-92.331
114,4.8853,6.6562,-93.437
114,4.8853,6.75,-90.178
114,4.8853,6.8438,-91.989
114,4.8853,6.9375,-96.406
114,4.8853,7.0312,-84.369
114,4.8853,7.125,-94.408
114,4.8853,7.2188,-96.357
114,4.8853,7.3125,-96.557
114,4.8853,7.4062,-95.688
114,4.8853,7.5,-90.779
114,4.8853,7.5938,-85.39
114,4.8853,7.6875,-84.397
114,4.8853,7.7812,-82.571
114,4.8853,7.875,-86.267
114,4.8853,7.9688,-93.952
114,4.8853,8.0625,-95.661
114,4.8853,8.1562,-92.718
114,4.8853,8.25,-84.271
114,4.8853,8.3438,-79.795
114,4.8853,8.4375,-75.442
114,4.8853,8.5312,-76.44
114,4.8853,8.625,-74.068
114,4.8853,8.7188,-76.661
114,4.8853,8.8125,-73.037
114,4.8853,8.9062,-76.497
114,4.8853,9.0,-84.871
114,4.8853,9.0938,-77.194
114,4.8853,9.1875,-80.016
114,4.8853,9.2812,-96.444
114,4.8853,9.375,-91.789
114,4.8853,9.4688,-87.657
114,4.8853,9.5625,-84.544
114,4.8853,9.6562,-88.914
114,4.8853,9.75,-75.237
114,4.8853,9.8438,-77.443
114,4.8853,9.9375,-70.715
114,4.8853,10.0312,-73.633
114,4.8853,10.125,-70.77
114,4.8853,10.2188,-75.421
114,4.8853,10.3125,-75.12
114,4.8853,10.4062,-79.33
114,4.8853,10.5,-83.836
114,4.8853,10.5938,-82.71
114,4.8853,10.6875,-81.501
114,4.8853,10.7812,-81.556
114,4.8853,10.875,-87.945
114,4.8853,10.9688,-89.165
114,4.8853,11.0625,-93.396
114,4.8853,11.1562,-97.056
114,4.8853,11.25,-90.433
114,4.8853,11.3438,-86.984
114,4.8853,11.4375,-87.248
114,4.8853,11.5312,-79.976
114,4.8853,11.625,-92.464
114,4.8853,11.7188,-85.292
114,4.8853,11.8125,-82.429
114,4.8853,11.9062,-88.926
114,4.8853,12.0,-76.841
114,4.8853,12.0938,-84.98
114,4.8853,12.1875,-86.329
114,4.8853,12.2812,-87.291
114,4.8853,12.375,-83.766
114,4.8853,12.4688,-86.223
114,4.8853,12.5625,-85.701
114,4.8853,12.6562,-85.948
114,4.8853,12.75,-83.924
114,4.8853,12.8438,-78.044
114,4.8853,12.9375,-86.173
114,4.8853,13.0312,-83.044
114,4.8853,13.125,-92.637
114,4.8853,13.2188,-81.423
114,4.8853,13.3125,-88.876
114,4.8853,13.4062,-82.642
114,4.8853,13.5,-79.282
114,4.8853,13.5938,-88.116
114,4.8853,13.6875,-90.119
114,4.8853,13.7812,-88.843
114,4.8853,13.875,-89.258
114,4.8853,13.9688,-97.036
114,4.8853,14.0625,-98.467
114,4.8853,14.1562,-97.611
114,4.8853,14.25,-95.897
114,4.8853,14.3438,-96.86
114,4.8853,14.4375,-92.319
114,4.8853,14.5312,-97.518
114,4.8853,14.625,-89.52
114,4.8853,14.7188,-91.179
114,4.8853,14.8125,-90.486
114,4.8853,14.9062,-92.288
114,4.8853,15.0,-87.966
114,4.8853,15.0938,-90.819
114,4.8853,15.1875,-95.485
114,4.8853,15.2812,-94.714
114,4.8853,15.375,-93.109
114,4.8853,15.4688,-91.215
114,4.8853,15.5625,-93.196
114,4.8853,15.6562,-88.511
114,4.8853,15.75,-93.48
114,4.8853,15.8438,-90.761
114,4.8853,15.9375,-91.991
115,4.928,0.0,-59.377
115,4.928,0.0938,-51.665
115,4.928,0.1875,-40.607
115,4.928,0.2812,-59.676
115,4.928,0.375,-45.529
115,4.928,0.4688,-66.026
115,4.928,0.5625,-57.93
115,4.928,0.6562,-45.96
115,4.928,0.75,-71.036
115,4.928,0.8438,-64.092
115,4.928,0.9375,-68.164
115,4.928,1.0312,-66.612
115,4.928,1.125,-73.184
115,4.928,1.2188,-69.679
115,4.928,1.3125,-70.877
115,4.928,1.4062,-65.791
115,4.928,1.5,-72.452
115,4.928,1.5938,-62.308
115,4.928,1.6875,-70.605
115,4.928,1.7812,-57.344
115,4.928,1.875,-70.246
115,4.928,1.9688,-52.04
115,4.928,2.0625,-76.379
115,4.928,2.1562,-66.112
115,4.928,2.25,-70.333
115,4.928,2.3438,-63.85
115,4.928,2.4375,-84.034
115,4.928,2.5312,-84.126
115,4.928,2.625,-64.033
115,4.928,2.7188,-88.771
115,4.928,2.8125,-73.788
115,4.928,2.9062,-89.431
115,4.928,3.0,-73.996
115,4.928,3.0938,-80.024
115,4.928,3.1875,-90.065
115,4.928,3.2812,-59.815
115,4.928,3.375,-88.545
115,4.928,3.4688,-78.027
115,4.928,3.5625,-81.206
115,4.928,3.6562,-68.911
115,4.928,3.75,-77.344
115,4.928,3.8438,-72.726
115,4.928,3.9375,-67.329
115,4.928,4.0312,-79.524
115,4.928,4.125,-75.227
115,4.928,4.2188,-79.933
115,4.928,4.3125,-67.805
115,4.928,4.4062,-79.732
115,4.928,4.5,-64.913
115,4.928,4.5938,-66.442
115,4.928,4.6875,-65.517
115,4.928,4.7812,-65.285
115,4.928,4.875,-65.288
115,4.928,4.9688,-68.371
115,4.928,5.0625,-83.416
115,4.928,5.1562,-87.531
115,4.928,5.25,-90.559
115,4.928,5.3438,-76.576
115,4.928,5.4375,-85.683
115,4.928,5.5312,-92.773
115,4.928,5.625,-81.921
115,4.928,5.7188,-86.313
115,4.928,5.8125,-82.8
115,4.928,5.9062,-86.789
115,4.928,6.0,-69.285
115,4.928,6.0938,-84.456
115,4.928,6.1875,-83.869
115,4.928,6.2812,-76.679
115,4.928,6.375,-81.83
115,4.928,6.4688,-70.347
115,4.928,6.5625,-84.188
115,4.928,6.6562,-79.703
115,4.928,6.75,-84.017
115,4.928,6.8438,-76.851
115,4.928,6.9375,-73.311
115,4.928,7.0312,-69.526
115,4.928,7.125,-78.7
115,4.928,7.2188,-76.323
115,4.928,7.3125,-73.727
115,4.928,7.4062,-69.785
115,4.928,7.5,-68.426
115,4.928,7.5938,-69.973
115,4.928,7.6875,-80.455
115,4.928,7.7812,-72.935
115,4.928,7.875,-87.479
115,4.928,7.9688,-72.817
115,4.928,8.0625,-81.628
115,4.928,8.1562,-80.61
115,4.928,8.25,-76.23
115,4.928,8.3438,-81.919
115,4.928,8.4375,-76.129
115,4.928,8.5312,-71.164
115,4.928,8.625,-81.69
115,4.928,8.7188,-78.558
115,4.928,8.8125,-81.409
115,4.928,8.9062,-79.964
115,4.928,9.0,-68.989
115,4.928,9.0938,-69.801
115,4.928,9.1875,-75.525
115,4.928,9.2812,-72.355
115,4.928,9.375,-85.509
115,4.928,9.4688,-84.785
115,4.928,9.5625,-74.193
115,4.928,9.6562,-73.839
115,4.928,9.75,-82.459
115,4.928,9.8438,-73.698
115,4.928,9.9375,-71.15
115,4.928,10.0312,-65.67
115,4.928,10.125,-65.816
115,4.928,10.2188,-64.047
115,4.928,10.3125,-66.817
115,4.928,10.4062,-69.38
115,4.928,10.5,-71.452
115,4.928,10.5938,-73.706
115,4.928,10.6875,-82.097
115,4.928,10.7812,-78.512
115,4.928,10.875,-75.563
115,4.928,10.9688,-79.114
115,4.928,11.0625,-87.315
115,4.928,11.1562,-74.601
115,4.928,11.25,-77.579
115,4.928,11.3438,-81.454
115,4.928,11.4375,-78.396
115,4.928,11.5312,-91.845
115,4.928,11.625,-78.906
115,4.928,11.7188,-82.259
115,4.928,11.8125,-80.32
115,4.928,11.9062,-76.028
115,4.928,12.0,-83.019
115,4.928,12.0938,-75.246
115,4.928,12.1875,-79.799
115,4.928,12.2812,-79.993
115,4.928,12.375,-71.694
115,4.928,12.4688,-71.372
115,4.928,12.5625,-81.137
115,4.928,12.6562,-80.403
115,4.928,12.75,-76.152
115,4.928,12.8438,-86.21
115,4.928,12.9375,-81.613
115,4.928,13.0312,-83.134
115,4.928,13.125,-91.812
115,4.928,13.2188,-84.263
115,4.928,13.3125,-86.732
115,4.928,13.4062,-90.921
115,4.928,13.5,-76.269
115,4.928,13.5938,-77.079
115,4.928,13.6875,-83.595
115,4.928,13.7812,-77.994
115,4.928,13.875,-92.981
115,4.928,13.9688,-81.193
115,4.928,14.0625,-82.203
115,4.928,14.1562,-85.096
115,4.928,14.25,-81.849
115,4.928,14.3438,-79.305
115,4.928,14.4375,-87.421
115,4.928,14.5312,-98.046
115,4.928,14.625,-82.223
115,4.928,14.7188,-87.964
115,4.928,14.8125,-96.214
115,4.928,14.9062,-92.317
115,4.928,15.0,-84.671
115,4.928,15.0938,-87.974
115,4.928,15.1875,-95.903
115,4.928,15.2812,-95.594
115,4.928,15.375,-93.263
115,4.928,15.4688,-98.205
115,4.928,15.5625,-97.378
115,4.928,15.6562,-91.076
115,4.928,15.75,-92.976
115,4.928,15.8438,-98.559
115,4.928,15.9375,-97.212
116,4.9707,0.0,-90.623
116,4.9707,0.0938,-62.215
116,4.9707,0.1875,-38.758
116,4.9707,0.2812,-51.729
116,4.9707,0.375,-49.751
116,4.9707,0.4688,-64.918
116,4.9707,0.5625,-45.423
116,4.9707,0.6562,-48.215
116,4.9707,0.75,-65.979
116,4.9707,0.8438,-52.669
116,4.9707,0.9375,-63.091
116,4.9707,1.0312,-54.24
116,4.9707,1.125,-73.804
116,4.9707,1.2188,-60.237
116,4.9707,1.3125,-61.411
116,4.9707,1.4062,-60.68
116,4.9707,1.5,-55.049
116,4.9707,1.5938,-55.45
116,4.9707,1.6875,-47.814
116,4.9707,1.7812,-53.78
116,4.9707,1.875,-55.822
116,4.9707,1.9688,-63.267
116,4.9707,2.0625,-61.655
116,4.9707,2.1562,-58.352
116,4.9707,2.25,-53.174
116,4.9707,2.3438,-63.897
116,4.9707,2.4375,-67.388
116,4.9707,2.5312,-74.594
116,4.9707,2.625,-70.656
116,4.9707,2.7188,-74.764
116,4.9707,2.8125,-76.792
116,4.9707,2.9062,-77.44
116,4.9707,3.0,-71.444
116,4.9707,3.0938,-83.565
116,4.9707,3.1875,-80.821
116,4.9707,3.2812,-63.085
116,4.9707,3.375,-81.302
116,4.9707,3.4688,-81.105
116,4.9707,3.5625,-85.583
116,4.9707,3.6562,-90.471
116,4.9707,3.75,-74.791
116,4.9707,3.8438,-77.087
116,4.9707,3.9375,-70.324
116,4.9707,4.0312,-74.962
116,4.9707,4.125,-77.688
116,4.9707,4.2188,-79.662
116,4.9707,4.3125,-75.318
116,4.9707,4.4062,-88.314
116,4.9707,4.5,-87.219
116,4.9707,4.5938,-84.261
116,4.9707,4.6875,-81.194
116,4.9707,4.7812,-83.581
116,4.9707,4.875,-80.99
116,4.9707,4.9688,-80.332
116,4.9707,5.0625,-76.238
116,4.9707,5.1562,-75.588
116,4.9707,5.25,-77.307
116,4.9707,5.3438,-67.151
116,4.9707,5.4375,-74.861
116,4.9707,5.5312,-78.474
116,4.9707,5.625,-72.966
116,4.9707,5.7188,-70.893
116,4.9707,5.8125,-71.474
116,4.9707,5.9062,-82.116
116,4.9707,6.0,-92.347
116,4.9707,6.0938,-92.441
116,4.9707,6.1875,-79.549
116,4.9707,6.2812,-75.224
116,4.9707,6.375,-87.028
116,4.9707,6.4688,-72.197
116,4.9707,6.5625,-72.545
116,4.9707,6.6562,-81.324
116,4.9707,6.75,-80.795
116,4.9707,6.8438,-82.755
116,4.9707,6.9375,-82.972
116,4.9707,7.0312,-82.531
116,4.9707,7.125,-83.682
116,4.9707,7.2188,-91.644
116,4.9707,7.3125,-78.453
116,4.9707,7.4062,-78.701
116,4.9707,7.5,-77.533
116,4.9707,7.5938,-78.782
116,4.9707,7.6875,-78.372
116,4.9707,7.7812,-82.82
116,4.9707,7.875,-77.261
116,4.9707,7.9688,-77.718
116,4.9707,8.0625,-88.608
116,4.9707,8.1562,-86.045
116,4.9707,8.25,-89.728
116,4.9707,8.3438,-86.51
116,4.9707,8.4375,-75.673
116,4.9707,8.5312,-76.451
116,4.9707,8.625,-72.537
116,4.9707,8.7188,-75.66
116,4.9707,8.8125,-69.809
116,4.9707,8.9062,-68.153
116,4.9707,9.0,-99.069
116,4.9707,9.0938,-63.764
116,4.9707,9.1875,-66.125
116,4.9707,9.2812,-61.592
116,4.9707,9.375,-65.161
116,4.9707,9.4688,-71.186
116,4.9707,9.5625,-66.482
116,4.9707,9.6562,-70.303
116,4.9707,9.75,-67.745
116,4.9707,9.8438,-76.34
116,4.9707,9.9375,-70.527
116,4.9707,10.0312,-76.954
116,4.9707,10.125,-74.254
116,4.9707,10.2188,-72.697
116,4.9707,10.3125,-73.121
116,4.9707,10.4062,-73.112
116,4.9707,10.5,-82.048
116,4.9707,10.5938,-85.638
116,4.9707,10.6875,-75.513
116,4.9707,10.7812,-86.909
116,4.9707,10.875,-73.241
116,4.9707,10.9688,-82.077
116,4.9707,11.0625,-81.523
116,4.9707,11.1562,-83.044
116,4.9707,11.25,-84.059
116,4.9707,11.3438,-77.28
116,4.9707,11.4375,-75.863
116,4.9707,11.5312,-76.734
116,4.9707,11.625,-81.715
116,4.9707,11.7188,-73.924
116,4.9707,11.8125,-85.737
116,4.9707,11.9062,-75.69
116,4.9707,12.0,-93.165
116,4.9707,12.0938,-79.632
116,4.9707,12.1875,-80.865
116,4.9707,12.2812,-79.681
116,4.9707,12.375,-68.623
116,4.9707,12.4688,-93.94
116,4.9707,12.5625,-72.073
116,4.9707,12.6562,-76.924
116,4.9707,12.75,-71.659
116,4.9707,12.8438,-80.51
116,4.9707,12.9375,-80.811
116,4.9707,13.0312,-82.255
116,4.9707,13.125,-86.294
116,4.9707,13.2188,-78.851
116,4.9707,13.3125,-88.117
116,4.9707,13.4062,-86.343
116,4.9707,13.5,-85.261
116,4.9707,13.5938,-75.029
116,4.9707,13.6875,-82.343
116,4.9707,13.7812,-78.406
116,4.9707,13.875,-83.832
116,4.9707,13.9688,-78.99
116,4.9707,14.0625,-92.983
116,4.9707,14.1562,-83.008
116,4.9707,14.25,-78.929
116,4.9707,14.3438,-83.285
116,4.9707,14.4375,-79.385
116,4.9707,14.5312,-82.772
116,4.9707,14.625,-81.773
116,4.9707,14.7188,-86.372
116,4.9707,14.8125,-85.32
116,4.9707,14.9062,-86.205
116,4.9707,15.0,-86.591
116,4.9707,15.0938,-92.617
116,4.9707,15.1875,-88.432
116,4.9707,15.2812,-90.158
116,4.9707,15.375,-97.261
116,4.9707,15.4688,-94.89
116,4.9707,15.5625,-96.283
116,4.9707,15.6562,-89.893
116,4.9707,15.75,-90.701
116,4.9707,15.8438,-86.462
116,4.9707,15.9375,-84.113
117,5.0133,0.0,-67.864
117,5.0133,0.0938,-71.116
117,5.0133,0.1875,-41.828
117,5.0133,0.2812,-53.202
117,5.0133,0.375,-59.453
117,5.0133,0.4688,-52.991
117,5.0133,0.5625,-57.565
117,5.0133,0.6562,-36.684
117,5.0133,0.75,-74.655
117,5.0133,0.8438,-54.447
117,5.0133,0.9375,-64.242
117,5.0133,1.0312,-75.733
117,5.0133,1.125,-59.207
117,5.0133,1.2188,-76.704
117,5.0133,1.3125,-53.022
117,5.0133,1.4062,-76.636
117,5.0133,1.5,-51.131
117,5.0133,1.5938,-71.508
117,5.0133,1.6875,-60.698
117,5.0133,1.7812,-60.135
117,5.0133,1.875,-73.615
117,5.0133,1.9688,-53.343
117,5.0133,2.0625,-78.677
117,5.0133,2.1562,-56.011
117,5.0133,2.25,-81.595
117,5.0133,2.3438,-69.279
117,5.0133,2.4375,-69.856
117,5.0133,2.5312,-77.815
117,5.0133,2.625,-67.255
117,5.0133,2.7188,-81.733
117,5.0133,2.8125,-74.763
117,5.0133,2.9062,-88.221
117,5.0133,3.0,-77.995
117,5.0133,3.0938,-85.358
117,5.0133,3.1875,-91.804
117,5.0133,3.2812,-67.419
117,5.0133,3.375,-87.932
117,5.0133,3.4688,-78.893
117,5.0133,3.5625,-92.26
117,5.0133,3.6562,-85.134
117,5.0133,3.75,-89.211
117,5.0133,3.8438,-78.54
117,5.0133,3.9375,-69.956
117,5.0133,4.0312,-75.84
117,5.0133,4.125,-71.699
117,5.0133,4.2188,-86.85
117,5.0133,4.3125,-80.529
117,5.0133,4.4062,-88.565
117,5.0133,4.5,-90.884
117,5.0133,4.5938,-85.829
117,5.0133,4.6875,-95.976
117,5.0133,4.7812,-76.398
117,5.0133,4.875,-92.025
117,5.0133,4.9688,-71.862
117,5.0133,5.0625,-78.385
117,5.0133,5.1562,-69.168
117,5.0133,5.25,-69.41
117,5.0133,5.3438,-67.045
117,5.0133,5.4375,-60.677
117,5.0133,5.5312,-79.859
117,5.0133,5.625,-72.701
117,5.0133,5.7188,-83.597
117,5.0133,5.8125,-83.403
117,5.0133,5.9062,-77.149
117,5.0133,6.0,-75.237
117,5.0133,6.0938,-63.38
117,5.0133,6.1875,-86.874
117,5.0133,6.2812,-70.453
117,5.0133,6.375,-81.948
117,5.0133,6.4688,-78.866
117,5.0133,6.5625,-83.734
117,5.0133,6.6562,-93.494
117,5.0133,6.75,-88.459
117,5.0133,6.8438,-94.261
117,5.0133,6.9375,-72.878
117,5.0133,7.0312,-78.956
117,5.0133,7.125,-81.883
117,5.0133,7.2188,-94.146
117,5.0133,7.3125,-80.423
117,5.0133,7.4062,-80.175
117,5.0133,7.5,-77.878
117,5.0133,7.5938,-82.722
117,5.0133,7.6875,-70.084
117,5.0133,7.7812,-94.386
117,5.0133,7.875,-89.388
117,5.0133,7.9688,-86.544
117,5.0133,8.0625,-82.035
117,5.0133,8.1562,-90.46
117,5.0133,8.25,-89.987
117,5.0133,8.3438,-85.647
117,5.0133,8.4375,-81.095
117,5.0133,8.5312,-82.405
117,5.0133,8.625,-93.235
117,5.0133,8.7188,-70.96
117,5.0133,8.8125,-80.085
117,5.0133,8.9062,-59.473
117,5.0133,9.0,-70.674
117,5.0133,9.0938,-60.023
117,5.0133,9.1875,-65.973
117,5.0133,9.2812,-72.303
117,5.0133,9.375,-67.808
117,5.0133,9.4688,-69.695
117,5.0133,9.5625,-72.144
117,5.0133,9.6562,-72.382
117,5.0133,9.75,-70.425
117,5.0133,9.8438,-69.816
117,5.0133,9.9375,-74.218
117,5.0133,10.0312,-82.94
117,5.0133,10.125,-84.429
117,5.0133,10.2188,-69.942
117,5.0133,10.3125,-77.173
117,5.0133,10.4062,-83.834
117,5.0133,10.5,-80.458
117,5.0133,10.5938,-75.51
117,5.0133,10.6875,-89.9
117,5.0133,10.7812,-83.862
117,5.0133,10.875,-74.322
117,5.0133,10.9688,-91.311
117,5.0133,11.0625,-82.912
117,5.0133,11.1562,-82.027
117,5.0133,11.25,-76.909
117,5.0133,11.3438,-88.145
117,5.0133,11.4375,-83.631
117,5.0133,11.5312,-99.612
117,5.0133,11.625,-90.788
117,5.0133,11.7188,-87.257
117,5.0133,11.8125,-93.803
117,5.0133,11.9062,-84.751
117,5.0133,12.0,-82.907
117,5.0133,12.0938,-78.812
117,5.0133,12.1875,-75.463
117,5.0133,12.2812,-82.818
117,5.0133,12.375,-74.382
117,5.0133,12.4688,-94.135
117,5.0133,12.5625,-83.942
117,5.0133,12.6562,-78.147
117,5.0133,12.75,-78.716
117,5.0133,12.8438,-80.973
117,5.0133,12.9375,-82.695
117,5.0133,13.0312,-81.702
117,5.0133,13.125,-77.343
117,5.0133,13.2188,-84.265
117,5.0133,13.3125,-79.035
117,5.0133,13.4062,-83.779
117,5.0133,13.5,-85.067
117,5.0133,13.5938,-78.44
117,5.0133,13.6875,-80.92
117,5.0133,13.7812,-85.399
117,5.0133,13.875,-79.567
117,5.0133,13.9688,-87.936
117,5.0133,14.0625,-91.303
117,5.0133,14.1562,-93.246
117,5.0133,14.25,-79.371
117,5.0133,14.3438,-84.527
117,5.0133,14.4375,-90.623
117,5.0133,14.5312,-83.957
117,5.0133,14.625,-86.496
117,5.0133,14.7188,-91.431
117,5.0133,14.8125,-85.879
117,5.0133,14.9062,-85.059
117,5.0133,15.0,-89.824
117,5.0133,15.0938,-93.805
117,5.0133,15.1875,-92.969
117,5.0133,15.2812,-87.594
117,5.0133,15.375,-91.717
117,5.0133,15.4688,-84.137
117,5.0133,15.5625,-89.663
117,5.0133,15.6562,-97.698
117,5.0133,15.75,-98.576
117,5.0133,15.8438,-97.686
117,5.0133,15.9375,-92.855
118,5.056,0.0,-74.376
118,5.056,0.0938,-72.075
118,5.056,0.1875,-41.36
118,5.056,0.2812,-51.926
118,5.056,0.375,-63.384
118,5.056,0.4688,-52.009
118,5.056,0.5625,-71.289
118,5.056,0.6562,-40.256
118,5.056,0.75,-77.799
118,5.056,0.8438,-52.734
118,5.056,0.9375,-90.563
118,5.056,1.0312,-70.095
118,5.056,1.125,-69.781
118,5.056,1.2188,-83.178
118,5.056,1.3125,-53.64
118,5.056,1.4062,-73.961
118,5.056,1.5,-48.689
118,5.056,1.5938,-69.71
118,5.056,1.6875,-57.657
118,5.056,1.7812,-63.447
118,5.056,1.875,-73.251
118,5.056,1.9688,-61.013
118,5.056,2.0625,-79.606
118,5.056,2.1562,-57.59
118,5.056,2.25,-69.408
118,5.056,2.3438,-64.221
118,5.056,2.4375,-66.515
118,5.056,2.5312,-77.657
118,5.056,2.625,-64.79
118,5.056,2.7188,-82.109
118,5.056,2.8125,-76.97
118,5.056,2.9062,-81.062
118,5.056,3.0,-80.858
118,5.056,3.0938,-90.636
118,5.056,3.1875,-91.642
118,5.056,3.2812,-65.523
118,5.056,3.375,-99.9
118,5.056,3.4688,-81.705
118,5.056,3.5625,-86.532
118,5.056,3.6562,-82.009
118,5.056,3.75,-81.927
118,5.056,3.8438,-88.623
118,5.056,3.9375,-75.915
118,5.056,4.0312,-72.387
118,5.056,4.125,-72.972
118,5.056,4.2188,-91.988
118,5.056,4.3125,-76.414
118,5.056,4.4062,-86.502
118,5.056,4.5,-93.655
118,5.056,4.5938,-97.846
118,5.056,4.6875,-97.836
118,5.056,4.7812,-75.553
118,5.056,4.875,-80.408
118,5.056,4.9688,-76.589
118,5.056,5.0625,-80.188
118,5.056,5.1562,-80.725
118,5.056,5.25,-83.306
118,5.056,5.3438,-73.249
118,5.056,5.4375,-75.381
118,5.056,5.5312,-94.849
118,5.056,5.625,-86.244
118,5.056,5.7188,-85.611
118,5.056,5.8125,-81.954
118,5.056,5.9062,-84.086
118,5.056,6.0,-75.323
118,5.056,6.0938,-66.395
118,5.056,6.1875,-63.886
118,5.056,6.2812,-64.139
118,5.056,6.375,-85.724
118,5.056,6.4688,-93.26
118,5.056,6.5625,-94.863
118,5.056,6.6562,-86.313
118,5.056,6.75,-80.182
118,5.056,6.8438,-79.885
118,5.056,6.9375,-70.269
118,5.056,7.0312,-70.808
118,5.056,7.125,-84.974
118,5.056,7.2188,-69.955
118,5.056,7.3125,-88.071
118,5.056,7.4062,-75.339
118,5.056,7.5,-81.707
118,5.056,7.5938,-98.771
118,5.056,7.6875,-81.631
118,5.056,7.7812,-88.986
118,5.056,7.875,-95.206
118,5.056,7.9688,-95.659
118,5.056,8.0625,-81.923
118,5.056,8.1562,-97.181
118,5.056,8.25,-84.543
118,5.056,8.3438,-87.407
118,5.056,8.4375,-79.982
118,5.056,8.5312,-75.202
118,5.056,8.625,-87.215
118,5.056,8.7188,-74.176
118,5.056,8.8125,-73.454
118,5.056,8.9062,-64.843
118,5.056,9.0,-59.215
118,5.056,9.0938,-58.513
118,5.056,9.1875,-64.892
118,5.056,9.2812,-75.894
118,5.056,9.375,-80.964
118,5.056,9.4688,-70.11
118,5.056,9.5625,-67.488
118,5.056,9.6562,-68.569
118,5.056,9.75,-64.488
118,5.056,9.8438,-73.012
118,5.056,9.9375,-91.951
118,5.056,10.0312,-87.146
118,5.056,10.125,-84.144
118,5.056,10.2188,-72.372
118,5.056,10.3125,-81.999
118,5.056,10.4062,-94.665
118,5.056,10.5,-77.173
118,5.056,10.5938,-83.646
118,5.056,10.6875,-78.262
118,5.056,10.7812,-69.986
118,5.056,10.875,-74.446
118,5.056,10.9688,-70.674
118,5.056,11.0625,-75.209
118,5.056,11.1562,-78.441
118,5.056,11.25,-76.881
118,5.056,11.3438,-78.338
118,5.056,11.4375,-79.549
118,5.056,11.5312,-81.574
118,5.056,11.625,-76.454
118,5.056,11.7188,-89.784
118,5.056,11.8125,-90.825
118,5.056,11.9062,-83.407
118,5.056,12.0,-84.691
118,5.056,12.0938,-82.554
118,5.056,12.1875,-83.579
118,5.056,12.2812,-89.374
118,5.056,12.375,-82.822
118,5.056,12.4688,-83.268
118,5.056,12.5625,-80.018
118,5.056,12.6562,-76.146
118,5.056,12.75,-76.797
118,5.056,12.8438,-93.892
118,5.056,12.9375,-80.316
118,5.056,13.0312,-79.028
118,5.056,13.125,-85.065
118,5.056,13.2188,-88.368
118,5.056,13.3125,-80.804
118,5.056,13.4062,-73.78
118,5.056,13.5,-81.881
118,5.056,13.5938,-74.403
118,5.056,13.6875,-84.112
118,5.056,13.7812,-80.639
118,5.056,13.875,-75.147
118,5.056,13.9688,-83.074
118,5.056,14.0625,-81.232
118,5.056,14.1562,-79.583
118,5.056,14.25,-83.773
118,5.056,14.3438,-82.111
118,5.056,14.4375,-83.583
118,5.056,14.5312,-80.161
118,5.056,14.625,-84.608
118,5.056,14.7188,-86.469
118,5.056,14.8125,-96.697
118,5.056,14.9062,-95.709
118,5.056,15.0,-88.104
118,5.056,15.0938,-99.131
118,5.056,15.1875,-88.206
118,5.056,15.2812,-86.771
118,5.056,15.375,-91.124
118,5.056,15.4688,-87.272
118,5.056,15.5625,-93.525
118,5.056,15.6562,-92.005
118,5.056,15.75,-99.219
118,5.056,15.8438,-98.325
118,5.056,15.9375,-88.284
119,5.0987,0.0,-68.221
119,5.0987,0.0938,-73.814
119,5.0987,0.1875,-40.912
119,5.0987,0.2812,-52.436
119,5.0987,0.375,-63.907
119,5.0987,0.4688,-49.822
119,5.0987,0.5625,-72.476
119,5.0987,0.6562,-45.787
119,5.0987,0.75,-72.172
119,5.0987,0.8438,-59.36
119,5.0987,0.9375,-72.603
119,5.0987,1.0312,-76.667
119,5.0987,1.125,-65.444
119,5.0987,1.2188,-79.328
119,5.0987,1.3125,-55.035
119,5.0987,1.4062,-77.309
119,5.0987,1.5,-60.324
119,5.0987,1.5938,-71.104
119,5.0987,1.6875,-70.227
119,5.0987,1.7812,-63.133
119,5.0987,1.875,-71.942
119,5.0987,1.9688,-73.715
119,5.0987,2.0625,-84.74
119,5.0987,2.1562,-67.546
119,5.0987,2.25,-77.116
119,5.0987,2.3438,-72.869
119,5.0987,2.4375,-65.963
119,5.0987,2.5312,-81.524
119,5.0987,2.625,-67.419
119,5.0987,2.7188,-91.528
119,5.0987,2.8125,-75.684
119,5.0987,2.9062,-89.025
119,5.0987,3.0,-86.256
119,5.0987,3.0938,-90.069
119,5.0987,3.1875,-98.695
119,5.0987,3.2812,-75.012
119,5.0987,3.375,-94.45
119,5.0987,3.4688,-96.439
119,5.0987,3.5625,-96.106
119,5.0987,3.6562,-92.059
119,5.0987,3.75,-94.451
119,5.0987,3.8438,-91.574
119,5.0987,3.9375,-81.334
119,5.0987,4.0312,-86.362
119,5.0987,4.125,-72.787
119,5.0987,4.2188,-84.58
119,5.0987,4.3125,-72.763
119,5.0987,4.4062,-86.364
119,5.0987,4.5,-82.014
119,5.0987,4.5938,-93.718
119,5.0987,4.6875,-89.874
119,5.0987,4.7812,-84.325
119,5.0987,4.875,-90.343
119,5.0987,4.9688,-85.55
119,5.0987,5.0625,-96.32
119,5.0987,5.1562,-82.336
119,5.0987,5.25,-76.056
119,5.0987,5.3438,-78.261
119,5.0987,5.4375,-73.501
119,5.0987,5.5312,-84.589
119,5.0987,5.625,-80.629
119,5.0987,5.7188,-91.29
119,5.0987,5.8125,-85.441
119,5.0987,5.9062,-87.308
119,5.0987,6.0,-90.162
119,5.0987,6.0938,-67.26
119,5.0987,6.1875,-80.466
119,5.0987,6.2812,-70.654
119,5.0987,6.375,-81.129
119,5.0987,6.4688,-91.864
119,5.0987,6.5625,-90.662
119,5.0987,6.6562,-94.46
119,5.0987,6.75,-91.21
119,5.0987,6.8438,-91.847
119,5.0987,6.9375,-84.441
119,5.0987,7.0312,-91.66
119,5.0987,7.125,-84.165
119,5.0987,7.2188,-88.531
119,5.0987,7.3125,-86.016
119,5.0987,7.4062,-85.676
119,5.0987,7.5,-95.937
119,5.0987,7.5938,-97.14
119,5.0987,7.6875,-92.157
119,5.0987,7.7812,-98.061
119,5.0987,7.875,-97.684
119,5.0987,7.9688,-84.265
119,5.0987,8.0625,-84.517
119,5.0987,8.1562,-84.806
119,5.0987,8.25,-97.381
119,5.0987,8.3438,-82.334
119,5.0987,8.4375,-72.289
119,5.0987,8.5312,-79.919
119,5.0987,8.625,-70.293
119,5.0987,8.7188,-78.676
119,5.0987,8.8125,-77.488
119,5.0987,8.9062,-68.312
119,5.0987,9.0,-66.114
119,5.0987,9.0938,-60.639
119,5.0987,9.1875,-67.659
119,5.0987,9.2812,-69.952
119,5.0987,9.375,-69.327
119,5.0987,9.4688,-81.479
119,5.0987,9.5625,-70.792
119,5.0987,9.6562,-76.921
119,5.0987,9.75,-71.5
119,5.0987,9.8438,-67.311
119,5.0987,9.9375,-72.592
119,5.0987,10.0312,-73.353
119,5.0987,10.125,-82.634
119,5.0987,10.2188,-96.414
119,5.0987,10.3125,-92.072
119,5.0987,10.4062,-94.246
119,5.0987,10.5,-96.899
119,5.0987,10.5938,-93.368
119,5.0987,10.6875,-83.096
119,5.0987,10.7812,-89.949
119,5.0987,10.875,-77.185
119,5.0987,10.9688,-87.649
119,5.0987,11.0625,-78.631
119,5.0987,11.1562,-85.05
119,5.0987,11.25,-91.986
119,5.0987,11.3438,-90.483
119,5.0987,11.4375,-90.605
119,5.0987,11.5312,-92.45
119,5.0987,11.625,-80.563
119,5.0987,11.7188,-82.877
119,5.0987,11.8125,-85.927
119,5.0987,11.9062,-85.474
119,5.0987,12.0,-88.239
119,5.0987,12.0938,-90.353
119,5.0987,12.1875,-95.886
119,5.0987,12.2812,-94.552
119,5.0987,12.375,-87.574
119,5.0987,12.4688,-91.396
119,5.0987,12.5625,-86.707
119,5.0987,12.6562,-89.755
119,5.0987,12.75,-91.11
119,5.0987,12.8438,-98.349
119,5.0987,12.9375,-93.341
119,5.0987,13.0312,-95.787
119,5.0987,13.125,-96.981
119,5.0987,13.2188,-96.294
119,5.0987,13.3125,-94.187
119,5.0987,13.4062,-92.332
119,5.0987,13.5,-92.31
119,5.0987,13.5938,-99.249
119,5.0987,13.6875,-88.933
119,5.0987,13.7812,-94.313
119,5.0987,13.875,-95.152
119,5.0987,13.9688,-97.403
119,5.0987,14.0625,-95.337
119,5.0987,14.1562,-87.743
119,5.0987,14.25,-87.066
119,5.0987,14.3438,-93.351
119,5.0987,14.4375,-83.628
119,5.0987,14.5312,-98.83
119,5.0987,14.625,-85.619
119,5.0987,14.7188,-91.291
119,5.0987,14.8125,-97.117
119,5.0987,14.9062,-90.339
119,5.0987,15.0,-95.428
119,5.0987,15.0938,-92.865
119,5.0987,15.1875,-89.924
119,5.0987,15.2812,-94.24
119,5.0987,15.375,-94.618
119,5.0987,15.4688,-99.915
119,5.0987,15.5625,-99.466
119,5.0987,15.6562,-95.97
119,5.0987,15.75,-97.08
119,5.0987,15.8438,-90.486
119,5.0987,15.9375,-98.6
120,5.1413,0.0,-70.306
120,5.1413,0.0938,-74.276
120,5.1413,0.1875,-40.647
120,5.1413,0.2812,-50.877
120,5.1413,0.375,-67.223
120,5.1413,0.4688,-54.603
120,5.1413,0.5625,-65.22
120,5.1413,0.6562,-51.589
120,5.1413,0.75,-78.412
120,5.1413,0.8438,-61.778
120,5.1413,0.9375,-79.984
120,5.1413,1.0312,-83.564
120,5.1413,1.125,-70.199
120,5.1413,1.2188,-90.693
120,5.1413,1.3125,-61.079
120,5.1413,1.4062,-85.625
120,5.1413,1.5,-66.008
120,5.1413,1.5938,-77.122
120,5.1413,1.6875,-77.384
120,5.1413,1.7812,-70.857
120,5.1413,1.875,-80.232
120,5.1413,1.9688,-64.773
120,5.1413,2.0625,-86.642
120,5.1413,2.1562,-86.26
120,5.1413,2.25,-82.484
120,5.1413,2.3438,-78.303
120,5.1413,2.4375,-83.848
120,5.1413,2.5312,-75.662
120,5.1413,2.625,-72.827
120,5.1413,2.7188,-97.226
120,5.1413,2.8125,-82.313
120,5.1413,2.9062,-86.067
120,5.1413,3.0,-86.274
120,5.1413,3.0938,-87.943
120,5.1413,3.1875,-95.755
120,5.1413,3.2812,-72.352
120,5.1413,3.375,-93.888
120,5.1413,3.4688,-98.493
120,5.1413,3.5625,-96.836
120,5.1413,3.6562,-94.498
120,5.1413,3.75,-98.819
120,5.1413,3.8438,-93.322
120,5.1413,3.9375,-95.574
120,5.1413,4.0312,-98.483
120,5.1413,4.125,-95.07
120,5.1413,4.2188,-91.928
120,5.1413,4.3125,-83.097
120,5.1413,4.4062,-90.955
120,5.1413,4.5,-91.502
120,5.1413,4.5938,-91.54
120,5.1413,4.6875,-95.38
120,5.1413,4.7812,-97.965
120,5.1413,4.875,-92.678
120,5.1413,4.9688,-97.419
120,5.1413,5.0625,-98.504
120,5.1413,5.1562,-88.554
120,5.1413,5.25,-79.687
120,5.1413,5.3438,-75.706
120,5.1413,5.4375,-78.08
120,5.1413,5.5312,-86.905
120,5.1413,5.625,-93.534
120,5.1413,5.7188,-97.539
120,5.1413,5.8125,-90.957
120,5.1413,5.9062,-99.269
120,5.1413,6.0,-97.685
120,5.1413,6.0938,-72.622
120,5.1413,6.1875,-88.898
120,5.1413,6.2812,-76.492
120,5.1413,6.375,-90.103
120,5.1413,6.4688,-94.645
120,5.1413,6.5625,-91.333
120,5.1413,6.6562,-98.535
120,5.1413,6.75,-95.495
120,5.1413,6.8438,-99.848
120,5.1413,6.9375,-96.597
120,5.1413,7.0312,-99.351
120,5.1413,7.125,-97.342
120,5.1413,7.2188,-92.542
120,5.1413,7.3125,-92.612
120,5.1413,7.4062,-86.28
120,5.1413,7.5,-87.196
120,5.1413,7.5938,-91.13
120,5.1413,7.6875,-93.653
120,5.1413,7.7812,-95.39
120,5.1413,7.875,-92.396
120,5.1413,7.9688,-97.926
120,5.1413,8.0625,-95.871
120,5.1413,8.1562,-93.238
120,5.1413,8.25,-88.645
120,5.1413,8.3438,-82.295
120,5.1413,8.4375,-90.133
120,5.1413,8.5312,-79.15
120,5.1413,8.625,-88.129
120,5.1413,8.7188,-88.836
120,5.1413,8.8125,-79.603
120,5.1413,8.9062,-74.787
120,5.1413,9.0,-67.313
120,5.1413,9.0938,-83.565
120,5.1413,9.1875,-66.605
120,5.1413,9.2812,-83.011
120,5.1413,9.375,-66.761
120,5.1413,9.4688,-72.023
120,5.1413,9.5625,-72.018
120,5.1413,9.6562,-81.23
120,5.1413,9.75,-88.978
120,5.1413,9.8438,-71.037
120,5.1413,9.9375,-77.756
120,5.1413,10.0312,-81.001
120,5.1413,10.125,-84.479
120,5.1413,10.2188,-86.509
120,5.1413,10.3125,-85.369
120,5.1413,10.4062,-87.64
120,5.1413,10.5,-96.946
120,5.1413,10.5938,-87.787
120,5.1413,10.6875,-85.233
120,5.1413,10.7812,-89.085
120,5.1413,10.875,-90.5
120,5.1413,10.9688,-92.16
120,5.1413,11.0625,-94.796
120,5.1413,11.1562,-89.291
120,5.1413,11.25,-92.776
120,5.1413,11.3438,-97.365
120,5.1413,11.4375,-89.612
120,5.1413,11.5312,-89.798
120,5.1413,11.625,-87.337
120,5.1413,11.7188,-86.998
120,5.1413,11.8125,-84.304
120,5.1413,11.9062,-85.834
120,5.1413,12.0,-85.611
120,5.1413,12.0938,-85.25
120,5.1413,12.1875,-86.635
120,5.1413,12.2812,-91.521
120,5.1413,12.375,-87.394
120,5.1413,12.4688,-94.368
120,5.1413,12.5625,-88.366
120,5.1413,12.6562,-87.298
120,5.1413,12.75,-88.601
120,5.1413,12.8438,-88.869
120,5.1413,12.9375,-91.413
120,5.1413,13.0312,-95.951
120,5.1413,13.125,-82.456
120,5.1413,13.2188,-84.581
120,5.1413,13.3125,-87.136
120,5.1413,13.4062,-92.064
120,5.1413,13.5,-91.084
120,5.1413,13.5938,-92.919
120,5.1413,13.6875,-90.186
120,5.1413,13.7812,-89.713
120,5.1413,13.875,-92.415
120,5.1413,13.9688,-89.901
120,5.1413,14.0625,-90.086
120,5.1413,14.1562,-88.889
120,5.1413,14.25,-88.491
120,5.1413,14.3438,-90.121
120,5.1413,14.4375,-90.359
120,5.1413,14.5312,-91.401
120,5.1413,14.625,-93.623
120,5.1413,14.7188,-93.41
120,5.1413,14.8125,-93.675
120,5.1413,14.9062,-93.384
120,5.1413,15.0,-96.464
120,5.1413,15.0938,-94.979
120,5.1413,15.1875,-94.247
120,5.1413,15.2812,-97.099
120,5.1413,15.375,-97.374
120,5.1413,15.4688,-98.817
120,5.1413,15.5625,-98.93
120,5.1413,15.6562,-99.956
120,5.1413,15.75,-99.911
120,5.1413,15.8438,-99.63
120,5.1413,15.9375,-99.104
121,5.184,0.0,-59.728
121,5.184,0.0938,-52.473
121,5.184,0.1875,-59.766
121,5.184,0.2812,-55.23
121,5.184,0.375,-65.517
121,5.184,0.4688,-65.78
121,5.184,0.5625,-71.474
121,5.184,0.6562,-49.606
121,5.184,0.75,-67.317
121,5.184,0.8438,-70.328
121,5.184,0.9375,-63.916
121,5.184,1.0312,-82.123
121,5.184,1.125,-69.587
121,5.184,1.2188,-70.792
121,5.184,1.3125,-69.186
121,5.184,1.4062,-68.987
121,5.184,1.5,-69.775
121,5.184,1.5938,-69.792
121,5.184,1.6875,-73.45
121,5.184,1.7812,-78.842
121,5.184,1.875,-75.219
121,5.184,1.9688,-80.943
121,5.184,2.0625,-84.241
121,5.184,2.1562,-78.004
121,5.184,2.25,-70.091
121,5.184,2.3438,-75.554
121,5.184,2.4375,-95.454
121,5.184,2.5312,-82.046
121,5.184,2.625,-71.053
121,5.184,2.7188,-73.353
121,5.184,2.8125,-75.579
121,5.184,2.9062,-73.564
121,5.184,3.0,-71.843
121,5.184,3.0938,-77.762
121,5.184,3.1875,-74.949
121,5.184,3.2812,-68.481
121,5.184,3.375,-82.003
121,5.184,3.4688,-72.891
121,5.184,3.5625,-70.196
121,5.184,3.6562,-69.426
121,5.184,3.75,-67.592
121,5.184,3.8438,-72.236
121,5.184,3.9375,-67.13
121,5.184,4.0312,-76.115
121,5.184,4.125,-69.666
121,5.184,4.2188,-71.489
121,5.184,4.3125,-70.77
121,5.184,4.4062,-72.512
121,5.184,4.5,-76.546
121,5.184,4.5938,-68.07
121,5.184,4.6875,-72.108
121,5.184,4.7812,-71.417
121,5.184,4.875,-73.227
121,5.184,4.9688,-77.251
121,5.184,5.0625,-77.957
121,5.184,5.1562,-75.944
121,5.184,5.25,-77.666
121,5.184,5.3438,-73.728
121,5.184,5.4375,-70.529
121,5.184,5.5312,-68.644
121,5.184,5.625,-78.232
121,5.184,5.7188,-74.644
121,5.184,5.8125,-79.462
121,5.184,5.9062,-78.797
121,5.184,6.0,-73.717
121,5.184,6.0938,-72.457
121,5.184,6.1875,-75.812
121,5.184,6.2812,-77.611
121,5.184,6.375,-73.973
121,5.184,6.4688,-82.774
121,5.184,6.5625,-89.092
121,5.184,6.6562,-81.812
121,5.184,6.75,-78.98
121,5.184,6.8438,-67.308
121,5.184,6.9375,-73.038
121,5.184,7.0312,-78.726
121,5.184,7.125,-76.044
121,5.184,7.2188,-70.777
121,5.184,7.3125,-77.147
121,5.184,7.4062,-70.189
121,5.184,7.5,-69.318
121,5.184,7.5938,-69.265
121,5.184,7.6875,-75.3
121,5.184,7.7812,-81.042
121,5.184,7.875,-70.199
121,5.184,7.9688,-76.632
121,5.184,8.0625,-65.308
121,5.184,8.1562,-78.304
121,5.184,8.25,-73.735
121,5.184,8.3438,-68.298
121,5.184,8.4375,-75.662
121,5.184,8.5312,-73.337
121,5.184,8.625,-70.018
121,5.184,8.7188,-85.84
121,5.184,8.8125,-87.969
121,5.184,8.9062,-71.119
121,5.184,9.0,-84.048
121,5.184,9.0938,-69.529
121,5.184,9.1875,-76.512
121,5.184,9.2812,-70.739
121,5.184,9.375,-75.391
121,5.184,9.4688,-71.24
121,5.184,9.5625,-69.311
121,5.184,9.6562,-71.303
121,5.184,9.75,-71.57
121,5.184,9.8438,-77.257
121,5.184,9.9375,-71.288
121,5.184,10.0312,-68.772
121,5.184,10.125,-76.467
121,5.184,10.2188,-72.802
121,5.184,10.3125,-75.414
121,5.184,10.4062,-78.942
121,5.184,10.5,-76.48
121,5.184,10.5938,-75.601
121,5.184,10.6875,-69.417
121,5.184,10.7812,-71.231
121,5.184,10.875,-80.879
121,5.184,10.9688,-70.832
121,5.184,11.0625,-74.389
121,5.184,11.1562,-68.636
121,5.184,11.25,-75.446
121,5.184,11.3438,-77.473
121,5.184,11.4375,-77.802
121,5.184,11.5312,-72.523
121,5.184,11.625,-79.342
121,5.184,11.7188,-83.408
121,5.184,11.8125,-73.717
121,5.184,11.9062,-77.573
121,5.184,12.0,-75.954
121,5.184,12.0938,-87.313
121,5.184,12.1875,-74.791
121,5.184,12.2812,-73.328
121,5.184,12.375,-68.117
121,5.184,12.4688,-66.382
121,5.184,12.5625,-66.808
121,5.184,12.6562,-67.773
121,5.184,12.75,-61.499
121,5.184,12.8438,-64.449
121,5.184,12.9375,-71.416
121,5.184,13.0312,-76.736
121,5.184,13.125,-70.096
121,5.184,13.2188,-70.615
121,5.184,13.3125,-76.664
121,5.184,13.4062,-78.76
121,5.184,13.5,-73.789
121,5.184,13.5938,-74.771
121,5.184,13.6875,-71.678
121,5.184,13.7812,-69.544
121,5.184,13.875,-80.82
121,5.184,13.9688,-74.99
121,5.184,14.0625,-73.626
121,5.184,14.1562,-72.264
121,5.184,14.25,-71.153
121,5.184,14.3438,-78.374
121,5.184,14.4375,-69.889
121,5.184,14.5312,-71.408
121,5.184,14.625,-71.53
121,5.184,14.7188,-72.119
121,5.184,14.8125,-75.925
121,5.184,14.9062,-68.896
121,5.184,15.0,-75.912
121,5.184,15.0938,-79.698
121,5.184,15.1875,-84.445
121,5.184,15.2812,-93.895
121,5.184,15.375,-85.414
121,5.184,15.4688,-72.139
121,5.184,15.5625,-73.99
121,5.184,15.6562,-72.128
121,5.184,15.75,-77.393
121,5.184,15.8438,-71.884
121,5.184,15.9375,-70.803
122,5.2267,0.0,-67.073
122,5.2267,0.0938,-42.286
122,5.2267,0.1875,-45.513
122,5.2267,0.2812,-63.172
122,5.2267,0.375,-58.228
122,5.2267,0.4688,-52.684
122,5.2267,0.5625,-55.097
122,5.2267,0.6562,-64.326
122,5.2267,0.75,-60.891
122,5.2267,0.8438,-54.414
122,5.2267,0.9375,-73.146
122,5.2267,1.0312,-75.443
122,5.2267,1.125,-61.531
122,5.2267,1.2188,-69.508
122,5.2267,1.3125,-64.938
122,5.2267,1.4062,-67.816
122,5.2267,1.5,-67.456
122,5.2267,1.5938,-68.786
122,5.2267,1.6875,-66.957
122,5.2267,1.7812,-57.357
122,5.2267,1.875,-62.158
122,5.2267,1.9688,-63.847
122,5.2267,2.0625,-66.668
122,5.2267,2.1562,-63.964
122,5.2267,2.25,-73.142
122,5.2267,2.3438,-60.037
122,5.2267,2.4375,-62.991
122,5.2267,2.5312,-73.317
122,5.2267,2.625,-63.677
122,5.2267,2.7188,-71.654
122,5.2267,2.8125,-79.315
122,5.2267,2.9062,-73.131
122,5.2267,3.0,-75.671
122,5.2267,3.0938,-75.673
122,5.2267,3.1875,-71.532
122,5.2267,3.2812,-74.722
122,5.2267,3.375,-67.819
122,5.2267,3.4688,-71.274
122,5.2267,3.5625,-61.419
122,5.2267,3.6562,-62.772
122,5.2267,3.75,-64.033
122,5.2267,3.8438,-69.629
122,5.2267,3.9375,-75.647
122,5.2267,4.0312,-80.292
122,5.2267,4.125,-65.488
122,5.2267,4.2188,-66.696
122,5.2267,4.3125,-71.728
122,5.2267,4.4062,-75.097
122,5.2267,4.5,-69.553
122,5.2267,4.5938,-71.073
122,5.2267,4.6875,-94.31
122,5.2267,4.7812,-63.822
122,5.2267,4.875,-74.858
122,5.2267,4.9688,-67.567
122,5.2267,5.0625,-66.258
122,5.2267,5.1562,-74.675
122,5.2267,5.25,-66.03
122,5.2267,5.3438,-70.896
122,5.2267,5.4375,-63.36
122,5.2267,5.5312,-81.962
122,5.2267,5.625,-74.927
122,5.2267,5.7188,-76.571
122,5.2267,5.8125,-71.733
122,5.2267,5.9062,-70.243
122,5.2267,6.0,-92.583
122,5.2267,6.0938,-93.801
122,5.2267,6.1875,-79.783
122,5.2267,6.2812,-66.01
122,5.2267,6.375,-73.768
122,5.2267,6.4688,-65.643
122,5.2267,6.5625,-67.843
122,5.2267,6.6562,-66.774
122,5.2267,6.75,-68.881
122,5.2267,6.8438,-75.533
122,5.2267,6.9375,-59.794
122,5.2267,7.0312,-66.504
122,5.2267,7.125,-65.376
122,5.2267,7.2188,-70.15
122,5.2267,7.3125,-68.978
122,5.2267,7.4062,-63.17
122,5.2267,7.5,-67.143
122,5.2267,7.5938,-65.325
122,5.2267,7.6875,-67.445
122,5.2267,7.7812,-62.272
122,5.2267,7.875,-65.361
122,5.2267,7.9688,-65.653
122,5.2267,8.0625,-63.782
122,5.2267,8.1562,-68.597
122,5.2267,8.25,-62.504
122,5.2267,8.3438,-68.264
122,5.2267,8.4375,-87.392
122,5.2267,8.5312,-62.374
122,5.2267,8.625,-70.146
122,5.2267,8.7188,-71.413
122,5.2267,8.8125,-75.867
122,5.2267,8.9062,-73.706
122,5.2267,9.0,-68.831
122,5.2267,9.0938,-72.169
122,5.2267,9.1875,-70.946
122,5.2267,9.2812,-74.381
122,5.2267,9.375,-68.173
122,5.2267,9.4688,-72.149
122,5.2267,9.5625,-79.597
122,5.2267,9.6562,-74.077
122,5.2267,9.75,-82.935
122,5.2267,9.8438,-81.201
122,5.2267,9.9375,-80.508
122,5.2267,10.0312,-73.231
122,5.2267,10.125,-71.498
122,5.2267,10.2188,-68.94
122,5.2267,10.3125,-73.992
122,5.2267,10.4062,-87.143
122,5.2267,10.5,-68.845
122,5.2267,10.5938,-82.747
122,5.2267,10.6875,-82.627
122,5.2267,10.7812,-79.676
122,5.2267,10.875,-76.264
122,5.2267,10.9688,-75.324
122,5.2267,11.0625,-72.009
122,5.2267,11.1562,-75.173
122,5.2267,11.25,-84.558
122,5.2267,11.3438,-68.395
122,5.2267,11.4375,-68.048
122,5.2267,11.5312,-75.848
122,5.2267,11.625,-66.576
122,5.2267,11.7188,-65.151
122,5.2267,11.8125,-73.463
122,5.2267,11.9062,-71.044
122,5.2267,12.0,-69.499
122,5.2267,12.0938,-75.851
122,5.2267,12.1875,-72.724
122,5.2267,12.2812,-71.111
122,5.2267,12.375,-81.609
122,5.2267,12.4688,-74.874
122,5.2267,12.5625,-79.599
122,5.2267,12.6562,-72.936
122,5.2267,12.75,-73.034
122,5.2267,12.8438,-73.123
122,5.2267,12.9375,-79.5
122,5.2267,13.0312,-83.489
122,5.2267,13.125,-77.875
122,5.2267,13.2188,-88.774
122,5.2267,13.3125,-82.876
122,5.2267,13.4062,-79.987
122,5.2267,13.5,-77.286
122,5.2267,13.5938,-79.419
122,5.2267,13.6875,-72.09
122,5.2267,13.7812,-80.321
122,5.2267,13.875,-83.513
122,5.2267,13.9688,-83.355
122,5.2267,14.0625,-71.836
122,5.2267,14.1562,-90.081
122,5.2267,14.25,-82.705
122,5.2267,14.3438,-71.752
122,5.2267,14.4375,-84.633
122,5.2267,14.5312,-74.351
122,5.2267,14.625,-75.781
122,5.2267,14.7188,-73.126
122,5.2267,14.8125,-82.35
122,5.2267,14.9062,-73.781
122,5.2267,15.0,-77.599
122,5.2267,15.0938,-75.616
122,5.2267,15.1875,-74.246
122,5.2267,15.2812,-75.682
122,5.2267,15.375,-82.111
122,5.2267,15.4688,-79.464
122,5.2267,15.5625,-84.151
122,5.2267,15.6562,-84.484
122,5.2267,15.75,-83.566
122,5.2267,15.8438,-81.508
122,5.2267,15.9375,-81.165
123,5.2693,0.0,-69.903
123,5.2693,0.0938,-53.592
123,5.2693,0.1875,-40.536
123,5.2693,0.2812,-63.926
123,5.2693,0.375,-60.786
123,5.2693,0.4688,-59.472
123,5.2693,0.5625,-53.36
123,5.2693,0.6562,-43.272
123,5.2693,0.75,-67.553
123,5.2693,0.8438,-53.758
123,5.2693,0.9375,-78.548
123,5.2693,1.0312,-59.697
123,5.2693,1.125,-72.127
123,5.2693,1.2188,-78.775
123,5.2693,1.3125,-53.504
123,5.2693,1.4062,-69.205
123,5.2693,1.5,-41.281
123,5.2693,1.5938,-70.942
123,5.2693,1.6875,-54.304
123,5.2693,1.7812,-66.358
123,5.2693,1.875,-67.214
123,5.2693,1.9688,-65.215
123,5.2693,2.0625,-73.487
123,5.2693,2.1562,-56.813
123,5.2693,2.25,-69.43
123,5.2693,2.3438,-49.187
123,5.2693,2.4375,-73.017
123,5.2693,2.5312,-74.488
123,5.2693,2.625,-83.511
123,5.2693,2.7188,-77.332
123,5.2693,2.8125,-71.734
123,5.2693,2.9062,-82.296
123,5.2693,3.0,-69.066
123,5.2693,3.0938,-82.699
123,5.2693,3.1875,-72.041
123,5.2693,3.2812,-86.966
123,5.2693,3.375,-70.662
123,5.2693,3.4688,-70.479
123,5.2693,3.5625,-79.947
123,5.2693,3.6562,-67.983
123,5.2693,3.75,-76.839
123,5.2693,3.8438,-70.141
123,5.2693,3.9375,-84.657
123,5.2693,4.0312,-79.048
123,5.2693,4.125,-78.965
123,5.2693,4.2188,-82.037
123,5.2693,4.3125,-79.97
123,5.2693,4.4062,-83.446
123,5.2693,4.5,-81.863
123,5.2693,4.5938,-93.245
123,5.2693,4.6875,-80.472
123,5.2693,4.7812,-88.054
123,5.2693,4.875,-90.533
123,5.2693,4.9688,-81.914
123,5.2693,5.0625,-82.099
123,5.2693,5.1562,-79.73
123,5.2693,5.25,-81.616
123,5.2693,5.3438,-73.2
123,5.2693,5.4375,-79.993
123,5.2693,5.5312,-74.05
123,5.2693,5.625,-72.92
123,5.2693,5.7188,-76.308
123,5.2693,5.8125,-80.304
123,5.2693,5.9062,-93.893
123,5.2693,6.0,-86.934
123,5.2693,6.0938,-83.141
123,5.2693,6.1875,-89.506
123,5.2693,6.2812,-72.119
123,5.2693,6.375,-79.847
123,5.2693,6.4688,-74.939
123,5.2693,6.5625,-80.931
123,5.2693,6.6562,-77.472
123,5.2693,6.75,-78.834
123,5.2693,6.8438,-72.614
123,5.2693,6.9375,-90.333
123,5.2693,7.0312,-77.848
123,5.2693,7.125,-77.997
123,5.2693,7.2188,-88.117
123,5.2693,7.3125,-87.277
123,5.2693,7.4062,-75.852
123,5.2693,7.5,-71.67
123,5.2693,7.5938,-71.842
123,5.2693,7.6875,-75.141
123,5.2693,7.7812,-80.105
123,5.2693,7.875,-83.702
123,5.2693,7.9688,-72.936
123,5.2693,8.0625,-76.686
123,5.2693,8.1562,-72.475
123,5.2693,8.25,-72.666
123,5.2693,8.3438,-90.506
123,5.2693,8.4375,-82.62
123,5.2693,8.5312,-80.904
123,5.2693,8.625,-80.634
123,5.2693,8.7188,-77.116
123,5.2693,8.8125,-80.48
123,5.2693,8.9062,-89.024
123,5.2693,9.0,-91.825
123,5.2693,9.0938,-87.432
123,5.2693,9.1875,-82.947
123,5.2693,9.2812,-86.41
123,5.2693,9.375,-83.041
123,5.2693,9.4688,-72.066
123,5.2693,9.5625,-72.457
123,5.2693,9.6562,-71.987
123,5.2693,9.75,-72.795
123,5.2693,9.8438,-90.323
123,5.2693,9.9375,-83.28
123,5.2693,10.0312,-75.427
123,5.2693,10.125,-86.009
123,5.2693,10.2188,-86.433
123,5.2693,10.3125,-87.434
123,5.2693,10.4062,-86.406
123,5.2693,10.5,-86.756
123,5.2693,10.5938,-92.184
123,5.2693,10.6875,-95.975
123,5.2693,10.7812,-91.943
123,5.2693,10.875,-99.942
123,5.2693,10.9688,-99.273
123,5.2693,11.0625,-93.826
123,5.2693,11.1562,-98.752
123,5.2693,11.25,-92.919
123,5.2693,11.3438,-92.745
123,5.2693,11.4375,-97.599
123,5.2693,11.5312,-97.345
123,5.2693,11.625,-87.405
123,5.2693,11.7188,-85.923
123,5.2693,11.8125,-87.842
123,5.2693,11.9062,-84.359
123,5.2693,12.0,-87.813
123,5.2693,12.0938,-82.105
123,5.2693,12.1875,-86.57
123,5.2693,12.2812,-81.836
123,5.2693,12.375,-93.687
123,5.2693,12.4688,-88.138
123,5.2693,12.5625,-87.958
123,5.2693,12.6562,-88.61
123,5.2693,12.75,-84.083
123,5.2693,12.8438,-82.467
123,5.2693,12.9375,-87.682
123,5.2693,13.0312,-85.331
123,5.2693,13.125,-87.005
123,5.2693,13.2188,-87.186
123,5.2693,13.3125,-80.93
123,5.2693,13.4062,-88.195
123,5.2693,13.5,-86.042
123,5.2693,13.5938,-85.78
123,5.2693,13.6875,-86.889
123,5.2693,13.7812,-82.653
123,5.2693,13.875,-88.854
123,5.2693,13.9688,-81.88
123,5.2693,14.0625,-88.101
123,5.2693,14.1562,-77.621
123,5.2693,14.25,-89.86
123,5.2693,14.3438,-84.273
123,5.2693,14.4375,-87.339
123,5.2693,14.5312,-86.657
123,5.2693,14.625,-88.38
123,5.2693,14.7188,-96.0
123,5.2693,14.8125,-85.341
123,5.2693,14.9062,-85.685
123,5.2693,15.0,-85.455
123,5.2693,15.0938,-91.446
123,5.2693,15.1875,-86.72
123,5.2693,15.2812,-97.948
123,5.2693,15.375,-93.986
123,5.2693,15.4688,-94.525
123,5.2693,15.5625,-98.272
123,5.2693,15.6562,-99.679
123,5.2693,15.75,-92.811
123,5.2693,15.8438,-91.645
123,5.2693,15.9375,-93.843
124,5.312,0.0,-75.711
124,5.312,0.0938,-69.832
124,5.312,0.1875,-42.649
124,5.312,0.2812,-66.931
124,5.312,0.375,-63.729
124,5.312,0.4688,-52.595
124,5.312,0.5625,-63.417
124,5.312,0.6562,-37.142
124,5.312,0.75,-72.417
124,5.312,0.8438,-53.065
124,5.312,0.9375,-70.377
124,5.312,1.0312,-73.524
124,5.312,1.125,-53.125
124,5.312,1.2188,-75.671
124,5.312,1.3125,-41.927
124,5.312,1.4062,-71.422
124,5.312,1.5,-50.66
124,5.312,1.5938,-72.509
124,5.312,1.6875,-65.692
124,5.312,1.7812,-59.4
124,5.312,1.875,-83.388
124,5.312,1.9688,-59.155
124,5.312,2.0625,-92.744
124,5.312,2.1562,-59.599
124,5.312,2.25,-72.73
124,5.312,2.3438,-69.741
124,5.312,2.4375,-62.046
124,5.312,2.5312,-79.665
124,5.312,2.625,-63.206
124,5.312,2.7188,-87.004
124,5.312,2.8125,-73.046
124,5.312,2.9062,-92.77
124,5.312,3.0,-87.061
124,5.312,3.0938,-73.479
124,5.312,3.1875,-86.828
124,5.312,3.2812,-67.487
124,5.312,3.375,-88.72
124,5.312,3.4688,-68.893
124,5.312,3.5625,-94.51
124,5.312,3.6562,-80.52
124,5.312,3.75,-75.181
124,5.312,3.8438,-88.168
124,5.312,3.9375,-72.59
124,5.312,4.0312,-90.023
124,5.312,4.125,-81.279
124,5.312,4.2188,-89.425
124,5.312,4.3125,-93.675
124,5.312,4.4062,-86.635
124,5.312,4.5,-90.869
124,5.312,4.5938,-81.361
124,5.312,4.6875,-94.763
124,5.312,4.7812,-84.303
124,5.312,4.875,-86.095
124,5.312,4.9688,-85.542
124,5.312,5.0625,-75.721
124,5.312,5.1562,-88.12
124,5.312,5.25,-66.914
124,5.312,5.3438,-90.496
124,5.312,5.4375,-65.634
124,5.312,5.5312,-74.148
124,5.312,5.625,-78.188
124,5.312,5.7188,-84.08
124,5.312,5.8125,-93.382
124,5.312,5.9062,-80.114
124,5.312,6.0,-93.218
124,5.312,6.0938,-81.896
124,5.312,6.1875,-75.129
124,5.312,6.2812,-74.399
124,5.312,6.375,-71.677
124,5.312,6.4688,-85.684
124,5.312,6.5625,-69.472
124,5.312,6.6562,-78.801
124,5.312,6.75,-74.084
124,5.312,6.8438,-84.616
124,5.312,6.9375,-72.068
124,5.312,7.0312,-71.73
124,5.312,7.125,-70.632
124,5.312,7.2188,-66.651
124,5.312,7.3125,-80.982
124,5.312,7.4062,-69.425
124,5.312,7.5,-77.524
124,5.312,7.5938,-75.852
124,5.312,7.6875,-74.606
124,5.312,7.7812,-79.256
124,5.312,7.875,-71.349
124,5.312,7.9688,-82.563
124,5.312,8.0625,-75.444
124,5.312,8.1562,-78.421
124,5.312,8.25,-97.319
124,5.312,8.3438,-81.818
124,5.312,8.4375,-95.103
124,5.312,8.5312,-81.138
124,5.312,8.625,-92.133
124,5.312,8.7188,-75.8
124,5.312,8.8125,-95.82
124,5.312,8.9062,-86.339
124,5.312,9.0,-88.779
124,5.312,9.0938,-86.515
124,5.312,9.1875,-72.28
124,5.312,9.2812,-82.14
124,5.312,9.375,-71.107
124,5.312,9.4688,-75.499
124,5.312,9.5625,-77.569
124,5.312,9.6562,-70.461
124,5.312,9.75,-82.511
124,5.312,9.8438,-67.825
124,5.312,9.9375,-87.213
124,5.312,10.0312,-88.783
124,5.312,10.125,-94.5
124,5.312,10.2188,-92.294
124,5.312,10.3125,-87.771
124,5.312,10.4062,-94.43
124,5.312,10.5,-98.031
124,5.312,10.5938,-93.447
124,5.312,10.6875,-78.81
124,5.312,10.7812,-87.837
124,5.312,10.875,-84.91
124,5.312,10.9688,-91.852
124,5.312,11.0625,-94.467
124,5.312,11.1562,-87.736
124,5.312,11.25,-92.735
124,5.312,11.3438,-93.655
124,5.312,11.4375,-95.755
124,5.312,11.5312,-98.471
124,5.312,11.625,-91.109
124,5.312,11.7188,-93.75
124,5.312,11.8125,-82.403
124,5.312,11.9062,-89.755
124,5.312,12.0,-85.91
124,5.312,12.0938,-94.877
124,5.312,12.1875,-92.809
124,5.312,12.2812,-86.357
124,5.312,12.375,-89.673
124,5.312,12.4688,-81.209
124,5.312,12.5625,-94.319
124,5.312,12.6562,-81.163
124,5.312,12.75,-88.815
124,5.312,12.8438,-82.86
124,5.312,12.9375,-77.945
124,5.312,13.0312,-82.64
124,5.312,13.125,-73.186
124,5.312,13.2188,-82.638
124,5.312,13.3125,-77.223
124,5.312,13.4062,-91.496
124,5.312,13.5,-80.196
124,5.312,13.5938,-81.733
124,5.312,13.6875,-84.148
124,5.312,13.7812,-77.234
124,5.312,13.875,-83.474
124,5.312,13.9688,-79.887
124,5.312,14.0625,-84.778
124,5.312,14.1562,-97.891
124,5.312,14.25,-88.856
124,5.312,14.3438,-87.538
124,5.312,14.4375,-81.393
124,5.312,14.5312,-91.227
124,5.312,14.625,-79.958
124,5.312,14.7188,-96.372
124,5.312,14.8125,-95.745
124,5.312,14.9062,-97.423
124,5.312,15.0,-92.97
124,5.312,15.0938,-92.09
124,5.312,15.1875,-96.331
124,5.312,15.2812,-92.148
124,5.312,15.375,-98.993
124,5.312,15.4688,-97.113
124,5.312,15.5625,-99.268
124,5.312,15.6562,-99.241
124,5.312,15.75,-99.234
124,5.312,15.8438,-99.645
124,5.312,15.9375,-99.099
125,5.3547,0.0,-85.731
125,5.3547,0.0938,-73.829
125,5.3547,0.1875,-43.98
125,5.3547,0.2812,-64.811
125,5.3547,0.375,-64.961
125,5.3547,0.4688,-52.37
125,5.3547,0.5625,-68.247
125,5.3547,0.6562,-37.405
125,5.3547,0.75,-75.456
125,5.3547,0.8438,-52.425
125,5.3547,0.9375,-84.297
125,5.3547,1.0312,-70.657
125,5.3547,1.125,-50.948
125,5.3547,1.2188,-68.596
125,5.3547,1.3125,-42.74
125,5.3547,1.4062,-85.679
125,5.3547,1.5,-51.784
125,5.3547,1.5938,-72.373
125,5.3547,1.6875,-76.047
125,5.3547,1.7812,-63.636
125,5.3547,1.875,-90.525
125,5.3547,1.9688,-61.95
125,5.3547,2.0625,-81.201
125,5.3547,2.1562,-60.564
125,5.3547,2.25,-74.159
125,5.3547,2.3438,-77.204
125,5.3547,2.4375,-62.641
125,5.3547,2.5312,-81.457
125,5.3547,2.625,-61.797
125,5.3547,2.7188,-91.209
125,5.3547,2.8125,-71.305
125,5.3547,2.9062,-82.075
125,5.3547,3.0,-85.247
125,5.3547,3.0938,-88.863
125,5.3547,3.1875,-89.616
125,5.3547,3.2812,-73.733
125,5.3547,3.375,-88.971
125,5.3547,3.4688,-68.593
125,5.3547,3.5625,-90.263
125,5.3547,3.6562,-77.865
125,5.3547,3.75,-77.128
125,5.3547,3.8438,-82.06
125,5.3547,3.9375,-75.862
125,5.3547,4.0312,-97.013
125,5.3547,4.125,-77.673
125,5.3547,4.2188,-91.829
125,5.3547,4.3125,-89.3
125,5.3547,4.4062,-91.589
125,5.3547,4.5,-99.656
125,5.3547,4.5938,-91.29
125,5.3547,4.6875,-97.022
125,5.3547,4.7812,-93.391
125,5.3547,4.875,-98.219
125,5.3547,4.9688,-98.609
125,5.3547,5.0625,-84.034
125,5.3547,5.1562,-79.943
125,5.3547,5.25,-67.856
125,5.3547,5.3438,-94.372
125,5.3547,5.4375,-67.165
125,5.3547,5.5312,-79.703
125,5.3547,5.625,-73.7
125,5.3547,5.7188,-80.068
125,5.3547,5.8125,-90.266
125,5.3547,5.9062,-84.658
125,5.3547,6.0,-90.958
125,5.3547,6.0938,-81.876
125,5.3547,6.1875,-89.844
125,5.3547,6.2812,-68.159
125,5.3547,6.375,-66.485
125,5.3547,6.4688,-69.24
125,5.3547,6.5625,-73.43
125,5.3547,6.6562,-89.858
125,5.3547,6.75,-76.148
125,5.3547,6.8438,-81.459
125,5.3547,6.9375,-71.499
125,5.3547,7.0312,-66.853
125,5.3547,7.125,-70.909
125,5.3547,7.2188,-64.589
125,5.3547,7.3125,-80.57
125,5.3547,7.4062,-72.448
125,5.3547,7.5,-83.041
125,5.3547,7.5938,-75.087
125,5.3547,7.6875,-83.772
125,5.3547,7.7812,-73.902
125,5.3547,7.875,-76.862
125,5.3547,7.9688,-79.511
125,5.3547,8.0625,-78.846
125,5.3547,8.1562,-95.707
125,5.3547,8.25,-78.418
125,5.3547,8.3438,-78.136
125,5.3547,8.4375,-91.241
125,5.3547,8.5312,-83.825
125,5.3547,8.625,-92.63
125,5.3547,8.7188,-82.959
125,5.3547,8.8125,-95.345
125,5.3547,8.9062,-87.984
125,5.3547,9.0,-88.171
125,5.3547,9.0938,-88.032
125,5.3547,9.1875,-91.27
125,5.3547,9.2812,-94.779
125,5.3547,9.375,-81.134
125,5.3547,9.4688,-98.832
125,5.3547,9.5625,-86.891
125,5.3547,9.6562,-86.296
125,5.3547,9.75,-78.606
125,5.3547,9.8438,-65.525
125,5.3547,9.9375,-78.246
125,5.3547,10.0312,-75.175
125,5.3547,10.125,-85.002
125,5.3547,10.2188,-92.704
125,5.3547,10.3125,-99.742
125,5.3547,10.4062,-92.929
125,5.3547,10.5,-89.574
125,5.3547,10.5938,-91.696
125,5.3547,10.6875,-91.09
125,5.3547,10.7812,-88.478
125,5.3547,10.875,-85.683
125,5.3547,10.9688,-94.901
125,5.3547,11.0625,-83.394
125,5.3547,11.1562,-88.155
125,5.3547,11.25,-88.746
125,5.3547,11.3438,-97.671
125,5.3547,11.4375,-95.837
125,5.3547,11.5312,-92.13
125,5.3547,11.625,-90.432
125,5.3547,11.7188,-83.898
125,5.3547,11.8125,-91.425
125,5.3547,11.9062,-93.727
125,5.3547,12.0,-86.871
125,5.3547,12.0938,-94.034
125,5.3547,12.1875,-87.725
125,5.3547,12.2812,-90.011
125,5.3547,12.375,-99.109
125,5.3547,12.4688,-91.502
125,5.3547,12.5625,-94.655
125,5.3547,12.6562,-85.577
125,5.3547,12.75,-98.828
125,5.3547,12.8438,-79.129
125,5.3547,12.9375,-82.278
125,5.3547,13.0312,-97.145
125,5.3547,13.125,-90.885
125,5.3547,13.2188,-83.891
125,5.3547,13.3125,-82.826
125,5.3547,13.4062,-82.049
125,5.3547,13.5,-87.383
125,5.3547,13.5938,-83.309
125,5.3547,13.6875,-83.755
125,5.3547,13.7812,-95.03
125,5.3547,13.875,-86.909
125,5.3547,13.9688,-94.345
125,5.3547,14.0625,-95.82
125,5.3547,14.1562,-88.264
125,5.3547,14.25,-92.356
125,5.3547,14.3438,-93.836
125,5.3547,14.4375,-86.63
125,5.3547,14.5312,-93.484
125,5.3547,14.625,-90.842
125,5.3547,14.7188,-86.56
125,5.3547,14.8125,-85.189
125,5.3547,14.9062,-87.11
125,5.3547,15.0,-94.632
125,5.3547,15.0938,-91.084
125,5.3547,15.1875,-99.09
125,5.3547,15.2812,-92.377
125,5.3547,15.375,-95.444
125,5.3547,15.4688,-99.125
125,5.3547,15.5625,-95.216
125,5.3547,15.6562,-99.875
125,5.3547,15.75,-96.867
125,5.3547,15.8438,-92.086
125,5.3547,15.9375,-96.155
126,5.3973,0.0,-81.877
126,5.3973,0.0938,-76.407
126,5.3973,0.1875,-44.163
126,5.3973,0.2812,-71.796
126,5.3973,0.375,-72.517
126,5.3973,0.4688,-54.253
126,5.3973,0.5625,-73.213
126,5.3973,0.6562,-38.692
126,5.3973,0.75,-77.989
126,5.3973,0.8438,-50.286
126,5.3973,0.9375,-99.519
126,5.3973,1.0312,-65.619
126,5.3973,1.125,-46.516
126,5.3973,1.2188,-78.344
126,5.3973,1.3125,-58.596
126,5.3973,1.4062,-77.895
126,5.3973,1.5,-51.405
126,5.3973,1.5938,-73.927
126,5.3973,1.6875,-71.131
126,5.3973,1.7812,-67.551
126,5.3973,1.875,-81.353
126,5.3973,1.9688,-66.473
126,5.3973,2.0625,-87.37
126,5.3973,2.1562,-57.635
126,5.3973,2.25,-71.59
126,5.3973,2.3438,-57.332
126,5.3973,2.4375,-65.14
126,5.3973,2.5312,-70.704
126,5.3973,2.625,-62.807
126,5.3973,2.7188,-88.99
126,5.3973,2.8125,-69.29
126,5.3973,2.9062,-87.054
126,5.3973,3.0,-83.375
126,5.3973,3.0938,-91.832
126,5.3973,3.1875,-94.2
126,5.3973,3.2812,-98.442
126,5.3973,3.375,-90.739
126,5.3973,3.4688,-67.648
126,5.3973,3.5625,-82.699
126,5.3973,3.6562,-70.013
126,5.3973,3.75,-82.816
126,5.3973,3.8438,-83.629
126,5.3973,3.9375,-81.124
126,5.3973,4.0312,-85.079
126,5.3973,4.125,-76.3
126,5.3973,4.2188,-94.723
126,5.3973,4.3125,-84.452
126,5.3973,4.4062,-88.456
126,5.3973,4.5,-92.922
126,5.3973,4.5938,-93.434
126,5.3973,4.6875,-96.925
126,5.3973,4.7812,-88.33
126,5.3973,4.875,-96.859
126,5.3973,4.9688,-93.658
126,5.3973,5.0625,-85.412
126,5.3973,5.1562,-84.075
126,5.3973,5.25,-79.084
126,5.3973,5.3438,-74.953
126,5.3973,5.4375,-62.547
126,5.3973,5.5312,-81.581
126,5.3973,5.625,-69.644
126,5.3973,5.7188,-87.889
126,5.3973,5.8125,-90.912
126,5.3973,5.9062,-90.074
126,5.3973,6.0,-96.503
126,5.3973,6.0938,-83.622
126,5.3973,6.1875,-80.255
126,5.3973,6.2812,-67.52
126,5.3973,6.375,-71.521
126,5.3973,6.4688,-69.36
126,5.3973,6.5625,-76.021
126,5.3973,6.6562,-90.997
126,5.3973,6.75,-78.702
126,5.3973,6.8438,-88.115
126,5.3973,6.9375,-68.788
126,5.3973,7.0312,-75.323
126,5.3973,7.125,-65.788
126,5.3973,7.2188,-68.343
126,5.3973,7.3125,-73.918
126,5.3973,7.4062,-72.011
126,5.3973,7.5,-76.822
126,5.3973,7.5938,-70.466
126,5.3973,7.6875,-78.946
126,5.3973,7.7812,-75.17
126,5.3973,7.875,-76.859
126,5.3973,7.9688,-85.91
126,5.3973,8.0625,-76.988
126,5.3973,8.1562,-82.559
126,5.3973,8.25,-74.569
126,5.3973,8.3438,-92.524
126,5.3973,8.4375,-78.134
126,5.3973,8.5312,-87.847
126,5.3973,8.625,-91.134
126,5.3973,8.7188,-81.081
126,5.3973,8.8125,-86.318
126,5.3973,8.9062,-80.082
126,5.3973,9.0,-98.162
126,5.3973,9.0938,-80.133
126,5.3973,9.1875,-83.372
126,5.3973,9.2812,-86.049
126,5.3973,9.375,-76.341
126,5.3973,9.4688,-75.658
126,5.3973,9.5625,-65.538
126,5.3973,9.6562,-84.352
126,5.3973,9.75,-64.65
126,5.3973,9.8438,-75.418
126,5.3973,9.9375,-74.35
126,5.3973,10.0312,-81.018
126,5.3973,10.125,-99.483
126,5.3973,10.2188,-86.922
126,5.3973,10.3125,-95.434
126,5.3973,10.4062,-82.978
126,5.3973,10.5,-87.245
126,5.3973,10.5938,-83.439
126,5.3973,10.6875,-80.87
126,5.3973,10.7812,-84.744
126,5.3973,10.875,-74.874
126,5.3973,10.9688,-81.573
126,5.3973,11.0625,-78.765
126,5.3973,11.1562,-84.202
126,5.3973,11.25,-83.453
126,5.3973,11.3438,-87.011
126,5.3973,11.4375,-86.168
126,5.3973,11.5312,-80.686
126,5.3973,11.625,-83.205
126,5.3973,11.7188,-81.732
126,5.3973,11.8125,-88.595
126,5.3973,11.9062,-78.999
126,5.3973,12.0,-88.364
126,5.3973,12.0938,-85.238
126,5.3973,12.1875,-84.048
126,5.3973,12.2812,-94.616
126,5.3973,12.375,-79.178
126,5.3973,12.4688,-92.849
126,5.3973,12.5625,-76.997
126,5.3973,12.6562,-74.034
126,5.3973,12.75,-79.286
126,5.3973,12.8438,-80.182
126,5.3973,12.9375,-90.303
126,5.3973,13.0312,-76.649
126,5.3973,13.125,-87.922
126,5.3973,13.2188,-82.303
126,5.3973,13.3125,-90.159
126,5.3973,13.4062,-93.995
126,5.3973,13.5,-88.415
126,5.3973,13.5938,-97.644
126,5.3973,13.6875,-93.323
126,5.3973,13.7812,-96.222
126,5.3973,13.875,-92.19
126,5.3973,13.9688,-79.937
126,5.3973,14.0625,-86.217
126,5.3973,14.1562,-79.163
126,5.3973,14.25,-92.936
126,5.3973,14.3438,-77.706
126,5.3973,14.4375,-87.047
126,5.3973,14.5312,-81.302
126,5.3973,14.625,-93.024
126,5.3973,14.7188,-83.704
126,5.3973,14.8125,-86.469
126,5.3973,14.9062,-95.032
126,5.3973,15.0,-83.782
126,5.3973,15.0938,-96.579
126,5.3973,15.1875,-88.394
126,5.3973,15.2812,-99.306
126,5.3973,15.375,-97.972
126,5.3973,15.4688,-98.974
126,5.3973,15.5625,-98.925
126,5.3973,15.6562,-90.373
126,5.3973,15.75,-99.819
126,5.3973,15.8438,-88.389
126,5.3973,15.9375,-96.015
127,5.44,0.0,-74.966
127,5.44,0.0938,-82.025
127,5.44,0.1875,-42.161
127,5.44,0.2812,-70.645
127,5.44,0.375,-64.863
127,5.44,0.4688,-51.04
127,5.44,0.5625,-76.611
127,5.44,0.6562,-41.195
127,5.44,0.75,-79.176
127,5.44,0.8438,-48.302
127,5.44,0.9375,-56.987
127,5.44,1.0312,-75.71
127,5.44,1.125,-60.654
127,5.44,1.2188,-80.669
127,5.44,1.3125,-54.327
127,5.44,1.4062,-84.398
127,5.44,1.5,-58.08
127,5.44,1.5938,-77.928
127,5.44,1.6875,-71.186
127,5.44,1.7812,-75.309
127,5.44,1.875,-82.629
127,5.44,1.9688,-67.467
127,5.44,2.0625,-82.14
127,5.44,2.1562,-60.267
127,5.44,2.25,-79.834
127,5.44,2.3438,-58.01
127,5.44,2.4375,-86.806
127,5.44,2.5312,-77.984
127,5.44,2.625,-70.161
127,5.44,2.7188,-87.48
127,5.44,2.8125,-73.773
127,5.44,2.9062,-93.342
127,5.44,3.0,-81.856
127,5.44,3.0938,-93.189
127,5.44,3.1875,-95.755
127,5.44,3.2812,-80.083
127,5.44,3.375,-90.707
127,5.44,3.4688,-70.75
127,5.44,3.5625,-83.752
127,5.44,3.6562,-70.98
127,5.44,3.75,-87.773
127,5.44,3.8438,-81.896
127,5.44,3.9375,-85.959
127,5.44,4.0312,-89.577
127,5.44,4.125,-82.611
127,5.44,4.2188,-95.649
127,5.44,4.3125,-81.86
127,5.44,4.4062,-96.99
127,5.44,4.5,-84.825
127,5.44,4.5938,-93.482
127,5.44,4.6875,-95.29
127,5.44,4.7812,-91.138
127,5.44,4.875,-92.853
127,5.44,4.9688,-75.875
127,5.44,5.0625,-87.627
127,5.44,5.1562,-78.177
127,5.44,5.25,-80.196
127,5.44,5.3438,-75.003
127,5.44,5.4375,-79.645
127,5.44,5.5312,-85.741
127,5.44,5.625,-86.435
127,5.44,5.7188,-97.75
127,5.44,5.8125,-92.995
127,5.44,5.9062,-99.795
127,5.44,6.0,-98.476
127,5.44,6.0938,-98.535
127,5.44,6.1875,-92.954
127,5.44,6.2812,-72.193
127,5.44,6.375,-78.918
127,5.44,6.4688,-64.59
127,5.44,6.5625,-78.524
127,5.44,6.6562,-70.778
127,5.44,6.75,-89.957
127,5.44,6.8438,-80.589
127,5.44,6.9375,-71.391
127,5.44,7.0312,-87.442
127,5.44,7.125,-73.331
127,5.44,7.2188,-87.029
127,5.44,7.3125,-82.803
127,5.44,7.4062,-94.66
127,5.44,7.5,-92.541
127,5.44,7.5938,-91.482
127,5.44,7.6875,-94.065
127,5.44,7.7812,-88.346
127,5.44,7.875,-91.864
127,5.44,7.9688,-82.751
127,5.44,8.0625,-85.712
127,5.44,8.1562,-79.529
127,5.44,8.25,-92.214
127,5.44,8.3438,-84.752
127,5.44,8.4375,-76.966
127,5.44,8.5312,-88.352
127,5.44,8.625,-76.226
127,5.44,8.7188,-93.572
127,5.44,8.8125,-83.706
127,5.44,8.9062,-84.496
127,5.44,9.0,-89.175
127,5.44,9.0938,-70.286
127,5.44,9.1875,-79.255
127,5.44,9.2812,-61.19
127,5.44,9.375,-77.779
127,5.44,9.4688,-80.551
127,5.44,9.5625,-72.719
127,5.44,9.6562,-85.323
127,5.44,9.75,-78.575
127,5.44,9.8438,-81.267
127,5.44,9.9375,-74.793
127,5.44,10.0312,-87.515
127,5.44,10.125,-79.751
127,5.44,10.2188,-91.306
127,5.44,10.3125,-89.528
127,5.44,10.4062,-86.053
127,5.44,10.5,-88.175
127,5.44,10.5938,-77.372
127,5.44,10.6875,-81.302
127,5.44,10.7812,-71.745
127,5.44,10.875,-73.909
127,5.44,10.9688,-77.325
127,5.44,11.0625,-76.898
127,5.44,11.1562,-77.512
127,5.44,11.25,-79.156
127,5.44,11.3438,-77.532
127,5.44,11.4375,-78.303
127,5.44,11.5312,-77.783
127,5.44,11.625,-75.581
127,5.44,11.7188,-79.243
127,5.44,11.8125,-77.351
127,5.44,11.9062,-81.099
127,5.44,12.0,-75.351
127,5.44,12.0938,-83.201
127,5.44,12.1875,-88.383
127,5.44,12.2812,-72.595
127,5.44,12.375,-78.738
127,5.44,12.4688,-72.906
127,5.44,12.5625,-77.708
127,5.44,12.6562,-85.438
127,5.44,12.75,-78.41
127,5.44,12.8438,-87.843
127,5.44,12.9375,-76.764
127,5.44,13.0312,-80.054
127,5.44,13.125,-88.258
127,5.44,13.2188,-82.041
127,5.44,13.3125,-88.472
127,5.44,13.4062,-88.004
127,5.44,13.5,-80.246
127,5.44,13.5938,-81.033
127,5.44,13.6875,-84.256
127,5.44,13.7812,-79.913
127,5.44,13.875,-82.616
127,5.44,13.9688,-86.949
127,5.44,14.0625,-85.657
127,5.44,14.1562,-87.163
127,5.44,14.25,-86.604
127,5.44,14.3438,-82.827
127,5.44,14.4375,-85.416
127,5.44,14.5312,-97.361
127,5.44,14.625,-99.45
127,5.44,14.7188,-99.565
127,5.44,14.8125,-97.529
127,5.44,14.9062,-94.55
127,5.44,15.0,-91.479
127,5.44,15.0938,-99.538
127,5.44,15.1875,-93.403
127,5.44,15.2812,-98.414
127,5.44,15.375,-95.012
127,5.44,15.4688,-86.766
127,5.44,15.5625,-94.533
127,5.44,15.6562,-94.19
127,5.44,15.75,-91.529
127,5.44,15.8438,-98.295
127,5.44,15.9375,-98.83
128,5.4827,0.0,-75.609
128,5.4827,0.0938,-79.019
128,5.4827,0.1875,-40.808
128,5.4827,0.2812,-73.547
128,5.4827,0.375,-70.774
128,5.4827,0.4688,-45.77
128,5.4827,0.5625,-75.895
128,5.4827,0.6562,-50.094
128,5.4827,0.75,-73.219
128,5.4827,0.8438,-52.781
128,5.4827,0.9375,-83.239
128,5.4827,1.0312,-79.618
128,5.4827,1.125,-71.176
128,5.4827,1.2188,-91.859
128,5.4827,1.3125,-63.266
128,5.4827,1.4062,-88.168
128,5.4827,1.5,-63.41
128,5.4827,1.5938,-82.15
128,5.4827,1.6875,-76.614
128,5.4827,1.7812,-72.377
128,5.4827,1.875,-85.521
128,5.4827,1.9688,-86.542
128,5.4827,2.0625,-96.062
128,5.4827,2.1562,-71.205
128,5.4827,2.25,-95.756
128,5.4827,2.3438,-66.515
128,5.4827,2.4375,-81.273
128,5.4827,2.5312,-75.505
128,5.4827,2.625,-89.87
128,5.4827,2.7188,-87.944
128,5.4827,2.8125,-86.633
128,5.4827,2.9062,-96.683
128,5.4827,3.0,-87.238
128,5.4827,3.0938,-99.603
128,5.4827,3.1875,-90.834
128,5.4827,3.2812,-89.988
128,5.4827,3.375,-91.221
128,5.4827,3.4688,-96.88
128,5.4827,3.5625,-87.461
128,5.4827,3.6562,-87.885
128,5.4827,3.75,-88.988
128,5.4827,3.8438,-97.915
128,5.4827,3.9375,-95.355
128,5.4827,4.0312,-94.554
128,5.4827,4.125,-94.479
128,5.4827,4.2188,-94.807
128,5.4827,4.3125,-90.836
128,5.4827,4.4062,-96.196
128,5.4827,4.5,-95.695
128,5.4827,4.5938,-90.689
128,5.4827,4.6875,-96.156
128,5.4827,4.7812,-97.889
128,5.4827,4.875,-99.719
128,5.4827,4.9688,-91.915
128,5.4827,5.0625,-94.954
128,5.4827,5.1562,-90.215
128,5.4827,5.25,-97.133
128,5.4827,5.3438,-79.225
128,5.4827,5.4375,-85.733
128,5.4827,5.5312,-90.891
128,5.4827,5.625,-90.086
128,5.4827,5.7188,-94.435
128,5.4827,5.8125,-96.592
128,5.4827,5.9062,-99.439
128,5.4827,6.0,-94.344
128,5.4827,6.0938,-99.001
128,5.4827,6.1875,-99.761
128,5.4827,6.2812,-84.861
128,5.4827,6.375,-98.284
128,5.4827,6.4688,-82.776
128,5.4827,6.5625,-90.056
128,5.4827,6.6562,-85.897
128,5.4827,6.75,-93.968
128,5.4827,6.8438,-94.25
128,5.4827,6.9375,-85.249
128,5.4827,7.0312,-92.369
128,5.4827,7.125,-91.432
128,5.4827,7.2188,-99.969
128,5.4827,7.3125,-87.95
128,5.4827,7.4062,-92.977
128,5.4827,7.5,-89.43
128,5.4827,7.5938,-91.63
128,5.4827,7.6875,-95.89
128,5.4827,7.7812,-90.263
128,5.4827,7.875,-90.333
128,5.4827,7.9688,-90.442
128,5.4827,8.0625,-97.299
128,5.4827,8.1562,-96.767
128,5.4827,8.25,-85.829
128,5.4827,8.3438,-93.729
128,5.4827,8.4375,-95.165
128,5.4827,8.5312,-96.958
128,5.4827,8.625,-86.037
128,5.4827,8.7188,-92.616
128,5.4827,8.8125,-79.305
128,5.4827,8.9062,-92.29
128,5.4827,9.0,-92.329
128,5.4827,9.0938,-90.049
128,5.4827,9.1875,-88.439
128,5.4827,9.2812,-75.727
128,5.4827,9.375,-86.194
128,5.4827,9.4688,-73.043
128,5.4827,9.5625,-77.745
128,5.4827,9.6562,-79.94
128,5.4827,9.75,-86.681
128,5.4827,9.8438,-91.197
128,5.4827,9.9375,-80.441
128,5.4827,10.0312,-86.306
128,5.4827,10.125,-86.708
128,5.4827,10.2188,-80.364
128,5.4827,10.3125,-89.562
128,5.4827,10.4062,-90.274
128,5.4827,10.5,-81.095
128,5.4827,10.5938,-89.905
128,5.4827,10.6875,-84.094
128,5.4827,10.7812,-84.982
128,5.4827,10.875,-92.241
128,5.4827,10.9688,-81.56
128,5.4827,11.0625,-87.893
128,5.4827,11.1562,-82.448
128,5.4827,11.25,-82.644
128,5.4827,11.3438,-90.304
128,5.4827,11.4375,-92.104
128,5.4827,11.5312,-94.983
128,5.4827,11.625,-87.781
128,5.4827,11.7188,-93.199
128,5.4827,11.8125,-91.367
128,5.4827,11.9062,-85.402
128,5.4827,12.0,-91.551
128,5.4827,12.0938,-85.816
128,5.4827,12.1875,-89.281
128,5.4827,12.2812,-85.335
128,5.4827,12.375,-88.473
128,5.4827,12.4688,-94.383
128,5.4827,12.5625,-93.268
128,5.4827,12.6562,-92.773
128,5.4827,12.75,-88.854
128,5.4827,12.8438,-92.223
128,5.4827,12.9375,-88.13
128,5.4827,13.0312,-90.105
128,5.4827,13.125,-90.812
128,5.4827,13.2188,-96.346
128,5.4827,13.3125,-97.883
128,5.4827,13.4062,-94.577
128,5.4827,13.5,-93.377
128,5.4827,13.5938,-93.636
128,5.4827,13.6875,-94.377
128,5.4827,13.7812,-86.444
128,5.4827,13.875,-93.372
128,5.4827,13.9688,-92.417
128,5.4827,14.0625,-89.453
128,5.4827,14.1562,-95.434
128,5.4827,14.25,-95.965
128,5.4827,14.3438,-98.276
128,5.4827,14.4375,-97.033
128,5.4827,14.5312,-97.783
128,5.4827,14.625,-99.227
128,5.4827,14.7188,-96.001
128,5.4827,14.8125,-98.887
128,5.4827,14.9062,-98.26
128,5.4827,15.0,-99.433
128,5.4827,15.0938,-98.889
128,5.4827,15.1875,-98.009
128,5.4827,15.2812,-98.804
128,5.4827,15.375,-99.128
128,5.4827,15.4688,-98.779
128,5.4827,15.5625,-99.082
128,5.4827,15.6562,-98.719
128,5.4827,15.75,-99.7
128,5.4827,15.8438,-99.629
128,5.4827,15.9375,-99.173
129,5.5253,0.0,-60.738
129,5.5253,0.0938,-72.873
129,5.5253,0.1875,-42.49
129,5.5253,0.2812,-65.033
129,5.5253,0.375,-47.929
129,5.5253,0.4688,-57.69
129,5.5253,0.5625,-62.628
129,5.5253,0.6562,-53.338
129,5.5253,0.75,-67.996
129,5.5253,0.8438,-48.806
129,5.5253,0.9375,-68.208
129,5.5253,1.0312,-61.993
129,5.5253,1.125,-70.448
129,5.5253,1.2188,-77.376
129,5.5253,1.3125,-64.628
129,5.5253,1.4062,-81.231
129,5.5253,1.5,-63.218
129,5.5253,1.5938,-74.968
129,5.5253,1.6875,-72.617
129,5.5253,1.7812,-78.849
129,5.5253,1.875,-77.256
129,5.5253,1.9688,-91.607
129,5.5253,2.0625,-85.608
129,5.5253,2.1562,-77.121
129,5.5253,2.25,-76.171
129,5.5253,2.3438,-67.997
129,5.5253,2.4375,-78.947
129,5.5253,2.5312,-84.326
129,5.5253,2.625,-84.704
129,5.5253,2.7188,-93.339
129,5.5253,2.8125,-90.867
129,5.5253,2.9062,-89.545
129,5.5253,3.0,-96.609
129,5.5253,3.0938,-94.286
129,5.5253,3.1875,-99.293
129,5.5253,3.2812,-76.725
129,5.5253,3.375,-84.822
129,5.5253,3.4688,-86.257
129,5.5253,3.5625,-89.915
129,5.5253,3.6562,-89.677
129,5.5253,3.75,-90.995
129,5.5253,3.8438,-98.34
129,5.5253,3.9375,-91.919
129,5.5253,4.0312,-99.918
129,5.5253,4.125,-89.982
129,5.5253,4.2188,-88.605
129,5.5253,4.3125,-94.932
129,5.5253,4.4062,-92.355
129,5.5253,4.5,-94.983
129,5.5253,4.5938,-98.36
129,5.5253,4.6875,-96.707
129,5.5253,4.7812,-96.014
129,5.5253,4.875,-92.384
129,5.5253,4.9688,-88.231
129,5.5253,5.0625,-91.093
129,5.5253,5.1562,-89.556
129,5.5253,5.25,-98.443
129,5.5253,5.3438,-91.063
129,5.5253,5.4375,-89.675
129,5.5253,5.5312,-93.844
129,5.5253,5.625,-97.863
129,5.5253,5.7188,-96.48
129,5.5253,5.8125,-99.913
129,5.5253,5.9062,-98.015
129,5.5253,6.0,-96.505
129,5.5253,6.0938,-93.697
129,5.5253,6.1875,-99.938
129,5.5253,6.2812,-98.084
129,5.5253,6.375,-97.63
129,5.5253,6.4688,-91.517
129,5.5253,6.5625,-89.719
129,5.5253,6.6562,-89.646
129,5.5253,6.75,-95.677
129,5.5253,6.8438,-92.172
129,5.5253,6.9375,-91.796
129,5.5253,7.0312,-94.921
129,5.5253,7.125,-91.338
129,5.5253,7.2188,-86.806
129,5.5253,7.3125,-93.536
129,5.5253,7.4062,-95.747
129,5.5253,7.5,-91.035
129,5.5253,7.5938,-98.891
129,5.5253,7.6875,-83.109
129,5.5253,7.7812,-85.761
129,5.5253,7.875,-82.991
129,5.5253,7.9688,-91.765
129,5.5253,8.0625,-95.355
129,5.5253,8.1562,-93.095
129,5.5253,8.25,-94.719
129,5.5253,8.3438,-94.256
129,5.5253,8.4375,-94.611
129,5.5253,8.5312,-92.593
129,5.5253,8.625,-82.855
129,5.5253,8.7188,-81.412
129,5.5253,8.8125,-87.534
129,5.5253,8.9062,-82.293
129,5.5253,9.0,-82.561
129,5.5253,9.0938,-85.514
129,5.5253,9.1875,-87.596
129,5.5253,9.2812,-90.85
129,5.5253,9.375,-79.667
129,5.5253,9.4688,-88.785
129,5.5253,9.5625,-89.166
129,5.5253,9.6562,-90.695
129,5.5253,9.75,-91.649
129,5.5253,9.8438,-90.521
129,5.5253,9.9375,-89.031
129,5.5253,10.0312,-84.794
129,5.5253,10.125,-83.113
129,5.5253,10.2188,-88.28
129,5.5253,10.3125,-81.026
129,5.5253,10.4062,-85.245
129,5.5253,10.5,-84.276
129,5.5253,10.5938,-87.03
129,5.5253,10.6875,-82.788
129,5.5253,10.7812,-89.42
129,5.5253,10.875,-93.737
129,5.5253,10.9688,-92.469
129,5.5253,11.0625,-86.69
129,5.5253,11.1562,-87.878
129,5.5253,11.25,-85.712
129,5.5253,11.3438,-90.169
129,5.5253,11.4375,-82.255
129,5.5253,11.5312,-91.257
129,5.5253,11.625,-85.801
129,5.5253,11.7188,-84.226
129,5.5253,11.8125,-85.377
129,5.5253,11.9062,-83.447
129,5.5253,12.0,-98.167
129,5.5253,12.0938,-88.722
129,5.5253,12.1875,-95.604
129,5.5253,12.2812,-98.58
129,5.5253,12.375,-93.992
129,5.5253,12.4688,-96.62
129,5.5253,12.5625,-89.545
129,5.5253,12.6562,-98.186
129,5.5253,12.75,-90.814
129,5.5253,12.8438,-94.564
129,5.5253,12.9375,-89.234
129,5.5253,13.0312,-88.238
129,5.5253,13.125,-87.363
129,5.5253,13.2188,-85.546
129,5.5253,13.3125,-82.125
129,5.5253,13.4062,-93.923
129,5.5253,13.5,-89.7
129,5.5253,13.5938,-89.374
129,5.5253,13.6875,-88.969
129,5.5253,13.7812,-88.262
129,5.5253,13.875,-91.684
129,5.5253,13.9688,-99.593
129,5.5253,14.0625,-97.768
129,5.5253,14.1562,-96.922
129,5.5253,14.25,-99.036
129,5.5253,14.3438,-95.348
129,5.5253,14.4375,-98.5
129,5.5253,14.5312,-97.195
129,5.5253,14.625,-98.896
129,5.5253,14.7188,-99.315
129,5.5253,14.8125,-97.975
129,5.5253,14.9062,-97.615
129,5.5253,15.0,-97.989
129,5.5253,15.0938,-99.777
129,5.5253,15.1875,-98.37
129,5.5253,15.2812,-99.962
129,5.5253,15.375,-99.564
129,5.5253,15.4688,-99.502
129,5.5253,15.5625,-99.816
129,5.5253,15.6562,-98.273
129,5.5253,15.75,-98.182
129,5.5253,15.8438,-98.665
129,5.5253,15.9375,-97.227
130,5.568,0.0,-71.877
130,5.568,0.0938,-88.03
130,5.568,0.1875,-34.753
130,5.568,0.2812,-73.399
130,5.568,0.375,-35.289
130,5.568,0.4688,-74.258
130,5.568,0.5625,-40.418
130,5.568,0.6562,-57.959
130,5.568,0.75,-43.141
130,5.568,0.8438,-76.356
130,5.568,0.9375,-35.653
130,5.568,1.0312,-83.626
130,5.568,1.125,-59.1
130,5.568,1.2188,-88.237
130,5.568,1.3125,-58.776
130,5.568,1.4062,-81.888
130,5.568,1.5,-58.841
130,5.568,1.5938,-79.274
130,5.568,1.6875,-71.98
130,5.568,1.7812,-83.558
130,5.568,1.875,-67.998
130,5.568,1.9688,-75.183
130,5.568,2.0625,-69.36
130,5.568,2.1562,-79.595
130,5.568,2.25,-66.356
130,5.568,2.3438,-75.735
130,5.568,2.4375,-60.553
130,5.568,2.5312,-81.59
130,5.568,2.625,-66.98
130,5.568,2.7188,-93.415
130,5.568,2.8125,-71.373
130,5.568,2.9062,-89.389
130,5.568,3.0,-73.975
130,5.568,3.0938,-94.477
130,5.568,3.1875,-71.348
130,5.568,3.2812,-83.125
130,5.568,3.375,-75.119
130,5.568,3.4688,-83.289
130,5.568,3.5625,-68.861
130,5.568,3.6562,-85.003
130,5.568,3.75,-70.345
130,5.568,3.8438,-85.55
130,5.568,3.9375,-77.073
130,5.568,4.0312,-88.194
130,5.568,4.125,-78.951
130,5.568,4.2188,-89.053
130,5.568,4.3125,-79.355
130,5.568,4.4062,-95.181
130,5.568,4.5,-89.112
130,5.568,4.5938,-98.801
130,5.568,4.6875,-93.947
130,5.568,4.7812,-99.195
130,5.568,4.875,-85.807
130,5.568,4.9688,-94.181
130,5.568,5.0625,-75.763
130,5.568,5.1562,-90.526
130,5.568,5.25,-78.88
130,5.568,5.3438,-90.476
130,5.568,5.4375,-77.007
130,5.568,5.5312,-84.858
130,5.568,5.625,-71.572
130,5.568,5.7188,-78.174
130,5.568,5.8125,-85.074
130,5.568,5.9062,-91.932
130,5.568,6.0,-90.619
130,5.568,6.0938,-97.922
130,5.568,6.1875,-92.125
130,5.568,6.2812,-87.29
130,5.568,6.375,-83.04
130,5.568,6.4688,-92.83
130,5.568,6.5625,-97.746
130,5.568,6.6562,-93.347
130,5.568,6.75,-84.066
130,5.568,6.8438,-81.854
130,5.568,6.9375,-77.311
130,5.568,7.0312,-92.782
130,5.568,7.125,-90.377
130,5.568,7.2188,-86.217
130,5.568,7.3125,-92.527
130,5.568,7.4062,-92.094
130,5.568,7.5,-92.98
130,5.568,7.5938,-85.681
130,5.568,7.6875,-90.593
130,5.568,7.7812,-79.371
130,5.568,7.875,-76.278
130,5.568,7.9688,-70.5
130,5.568,8.0625,-82.107
130,5.568,8.1562,-87.127
130,5.568,8.25,-90.566
130,5.568,8.3438,-91.393
130,5.568,8.4375,-92.346
130,5.568,8.5312,-98.903
130,5.568,8.625,-99.908
130,5.568,8.7188,-96.716
130,5.568,8.8125,-95.549
130,5.568,8.9062,-93.848
130,5.568,9.0,-80.31
130,5.568,9.0938,-84.942
130,5.568,9.1875,-75.55
130,5.568,9.2812,-83.982
130,5.568,9.375,-74.926
130,5.568,9.4688,-72.901
130,5.568,9.5625,-81.256
130,5.568,9.6562,-75.35
130,5.568,9.75,-81.104
130,5.568,9.8438,-74.993
130,5.568,9.9375,-80.531
130,5.568,10.0312,-84.528
130,5.568,10.125,-88.332
130,5.568,10.2188,-84.197
130,5.568,10.3125,-80.065
130,5.568,10.4062,-76.869
130,5.568,10.5,-85.178
130,5.568,10.5938,-89.536
130,5.568,10.6875,-89.915
130,5.568,10.7812,-90.003
130,5.568,10.875,-83.141
130,5.568,10.9688,-82.828
130,5.568,11.0625,-80.816
130,5.568,11.1562,-83.001
130,5.568,11.25,-74.216
130,5.568,11.3438,-82.789
130,5.568,11.4375,-75.802
130,5.568,11.5312,-86.116
130,5.568,11.625,-77.797
130,5.568,11.7188,-84.069
130,5.568,11.8125,-79.089
130,5.568,11.9062,-81.821
130,5.568,12.0,-82.475
130,5.568,12.0938,-84.306
130,5.568,12.1875,-84.154
130,5.568,12.2812,-80.843
130,5.568,12.375,-88.414
130,5.568,12.4688,-91.061
130,5.568,12.5625,-84.889
130,5.568,12.6562,-85.88
130,5.568,12.75,-77.346
130,5.568,12.8438,-82.676
130,5.568,12.9375,-77.069
130,5.568,13.0312,-76.621
130,5.568,13.125,-77.803
130,5.568,13.2188,-80.565
130,5.568,13.3125,-87.945
130,5.568,13.4062,-76.287
130,5.568,13.5,-86.966
130,5.568,13.5938,-83.169
130,5.568,13.6875,-82.465
130,5.568,13.7812,-80.442
130,5.568,13.875,-79.675
130,5.568,13.9688,-77.747
130,5.568,14.0625,-82.724
130,5.568,14.1562,-84.264
130,5.568,14.25,-80.611
130,5.568,14.3438,-95.795
130,5.568,14.4375,-91.582
130,5.568,14.5312,-91.614
130,5.568,14.625,-90.048
130,5.568,14.7188,-99.464
130,5.568,14.8125,-93.754
130,5.568,14.9062,-98.495
130,5.568,15.0,-97.64
130,5.568,15.0938,-99.232
130,5.568,15.1875,-99.813
130,5.568,15.2812,-99.259
130,5.568,15.375,-98.155
130,5.568,15.4688,-99.736
130,5.568,15.5625,-92.216
130,5.568,15.6562,-95.588
130,5.568,15.75,-89.712
130,5.568,15.8438,-96.268
130,5.568,15.9375,-96.409
131,5.6107,0.0,-71.525
131,5.6107,0.0938,-80.778
131,5.6107,0.1875,-35.101
131,5.6107,0.2812,-76.169
131,5.6107,0.375,-36.692
131,5.6107,0.4688,-67.885
131,5.6107,0.5625,-39.938
131,5.6107,0.6562,-65.957
131,5.6107,0.75,-44.812
131,5.6107,0.8438,-68.158
131,5.6107,0.9375,-36.179
131,5.6107,1.0312,-73.347
131,5.6107,1.125,-57.392
131,5.6107,1.2188,-81.541
131,5.6107,1.3125,-59.85
131,5.6107,1.4062,-94.569
131,5.6107,1.5,-58.657
131,5.6107,1.5938,-90.376
131,5.6107,1.6875,-74.24
131,5.6107,1.7812,-78.933
131,5.6107,1.875,-70.675
131,5.6107,1.9688,-86.072
131,5.6107,2.0625,-72.38
131,5.6107,2.1562,-73.497
131,5.6107,2.25,-65.974
131,5.6107,2.3438,-72.908
131,5.6107,2.4375,-62.969
131,5.6107,2.5312,-78.222
131,5.6107,2.625,-70.959
131,5.6107,2.7188,-86.633
131,5.6107,2.8125,-74.767
131,5.6107,2.9062,-92.464
131,5.6107,3.0,-78.485
131,5.6107,3.0938,-82.426
131,5.6107,3.1875,-72.204
131,5.6107,3.2812,-90.493
131,5.6107,3.375,-78.696
131,5.6107,3.4688,-78.672
131,5.6107,3.5625,-69.837
131,5.6107,3.6562,-82.454
131,5.6107,3.75,-76.575
131,5.6107,3.8438,-89.704
131,5.6107,3.9375,-89.005
131,5.6107,4.0312,-87.813
131,5.6107,4.125,-83.647
131,5.6107,4.2188,-93.209
131,5.6107,4.3125,-83.28
131,5.6107,4.4062,-88.162
131,5.6107,4.5,-87.06
131,5.6107,4.5938,-98.508
131,5.6107,4.6875,-96.35
131,5.6107,4.7812,-94.644
131,5.6107,4.875,-98.201
131,5.6107,4.9688,-82.476
131,5.6107,5.0625,-88.258
131,5.6107,5.1562,-89.76
131,5.6107,5.25,-89.822
131,5.6107,5.3438,-82.771
131,5.6107,5.4375,-85.523
131,5.6107,5.5312,-76.927
131,5.6107,5.625,-79.172
131,5.6107,5.7188,-85.661
131,5.6107,5.8125,-96.786
131,5.6107,5.9062,-94.425
131,5.6107,6.0,-94.853
131,5.6107,6.0938,-92.746
131,5.6107,6.1875,-90.738
131,5.6107,6.2812,-84.266
131,5.6107,6.375,-89.547
131,5.6107,6.4688,-88.733
131,5.6107,6.5625,-95.239
131,5.6107,6.6562,-77.243
131,5.6107,6.75,-84.11
131,5.6107,6.8438,-77.314
131,5.6107,6.9375,-84.634
131,5.6107,7.0312,-90.907
131,5.6107,7.125,-90.554
131,5.6107,7.2188,-97.431
131,5.6107,7.3125,-94.423
131,5.6107,7.4062,-78.105
131,5.6107,7.5,-88.175
131,5.6107,7.5938,-73.42
131,5.6107,7.6875,-84.083
131,5.6107,7.7812,-74.461
131,5.6107,7.875,-87.928
131,5.6107,7.9688,-87.636
131,5.6107,8.0625,-96.368
131,5.6107,8.1562,-96.921
131,5.6107,8.25,-97.379
131,5.6107,8.3438,-90.689
131,5.6107,8.4375,-92.24
131,5.6107,8.5312,-86.047
131,5.6107,8.625,-92.19
131,5.6107,8.7188,-81.307
131,5.6107,8.8125,-74.135
131,5.6107,8.9062,-63.275
131,5.6107,9.0,-66.761
131,5.6107,9.0938,-59.136
131,5.6107,9.1875,-63.01
131,5.6107,9.2812,-67.099
131,5.6107,9.375,-80.322
131,5.6107,9.4688,-79.975
131,5.6107,9.5625,-85.018
131,5.6107,9.6562,-71.873
131,5.6107,9.75,-79.405
131,5.6107,9.8438,-63.874
131,5.6107,9.9375,-91.632
131,5.6107,10.0312,-80.428
131,5.6107,10.125,-89.465
131,5.6107,10.2188,-73.062
131,5.6107,10.3125,-76.922
131,5.6107,10.4062,-71.53
131,5.6107,10.5,-78.2
131,5.6107,10.5938,-77.933
131,5.6107,10.6875,-82.856
131,5.6107,10.7812,-78.751
131,5.6107,10.875,-91.67
131,5.6107,10.9688,-78.853
131,5.6107,11.0625,-82.056
131,5.6107,11.1562,-75.751
131,5.6107,11.25,-78.899
131,5.6107,11.3438,-77.86
131,5.6107,11.4375,-85.019
131,5.6107,11.5312,-80.238
131,5.6107,11.625,-88.689
131,5.6107,11.7188,-75.728
131,5.6107,11.8125,-84.866
131,5.6107,11.9062,-76.852
131,5.6107,12.0,-87.768
131,5.6107,12.0938,-77.217
131,5.6107,12.1875,-85.145
131,5.6107,12.2812,-74.046
131,5.6107,12.375,-79.371
131,5.6107,12.4688,-70.815
131,5.6107,12.5625,-76.478
131,5.6107,12.6562,-70.017
131,5.6107,12.75,-72.167
131,5.6107,12.8438,-67.715
131,5.6107,12.9375,-75.9
131,5.6107,13.0312,-75.303
131,5.6107,13.125,-83.854
131,5.6107,13.2188,-85.256
131,5.6107,13.3125,-83.145
131,5.6107,13.4062,-83.426
131,5.6107,13.5,-81.868
131,5.6107,13.5938,-80.748
131,5.6107,13.6875,-80.423
131,5.6107,13.7812,-80.71
131,5.6107,13.875,-76.618
131,5.6107,13.9688,-87.188
131,5.6107,14.0625,-83.746
131,5.6107,14.1562,-95.119
131,5.6107,14.25,-94.105
131,5.6107,14.3438,-98.831
131,5.6107,14.4375,-95.162
131,5.6107,14.5312,-93.708
131,5.6107,14.625,-98.672
131,5.6107,14.7188,-98.032
131,5.6107,14.8125,-94.712
131,5.6107,14.9062,-93.234
131,5.6107,15.0,-93.699
131,5.6107,15.0938,-97.742
131,5.6107,15.1875,-94.931
131,5.6107,15.2812,-98.507
131,5.6107,15.375,-89.846
131,5.6107,15.4688,-96.464
131,5.6107,15.5625,-90.438
131,5.6107,15.6562,-99.114
131,5.6107,15.75,-95.492
131,5.6107,15.8438,-95.361
131,5.6107,15.9375,-95.69
132,5.6533,0.0,-73.88
132,5.6533,0.0938,-66.584
132,5.6533,0.1875,-34.985
132,5.6533,0.2812,-68.582
132,5.6533,0.375,-38.417
132,5.6533,0.4688,-71.866
132,5.6533,0.5625,-39.779
132,5.6533,0.6562,-68.276
132,5.6533,0.75,-47.566
132,5.6533,0.8438,-71.922
132,5.6533,0.9375,-41.785
132,5.6533,1.0312,-76.47
132,5.6533,1.125,-55.077
132,5.6533,1.2188,-91.357
132,5.6533,1.3125,-71.579
132,5.6533,1.4062,-92.231
132,5.6533,1.5,-67.854
132,5.6533,1.5938,-79.711
132,5.6533,1.6875,-73.139
132,5.6533,1.7812,-86.149
132,5.6533,1.875,-84.869
132,5.6533,1.9688,-78.703
132,5.6533,2.0625,-78.717
132,5.6533,2.1562,-81.706
132,5.6533,2.25,-80.466
132,5.6533,2.3438,-77.019
132,5.6533,2.4375,-75.545
132,5.6533,2.5312,-88.915
132,5.6533,2.625,-91.319
132,5.6533,2.7188,-86.632
132,5.6533,2.8125,-85.88
132,5.6533,2.9062,-76.297
132,5.6533,3.0,-81.354
132,5.6533,3.0938,-81.665
132,5.6533,3.1875,-94.023
132,5.6533,3.2812,-78.164
132,5.6533,3.375,-79.987
132,5.6533,3.4688,-74.272
132,5.6533,3.5625,-80.081
132,5.6533,3.6562,-75.481
132,5.6533,3.75,-82.642
132,5.6533,3.8438,-77.725
132,5.6533,3.9375,-84.643
132,5.6533,4.0312,-77.289
132,5.6533,4.125,-83.716
132,5.6533,4.2188,-74.734
132,5.6533,4.3125,-83.639
132,5.6533,4.4062,-73.492
132,5.6533,4.5,-84.71
132,5.6533,4.5938,-89.108
132,5.6533,4.6875,-85.55
132,5.6533,4.7812,-85.481
132,5.6533,4.875,-86.717
132,5.6533,4.9688,-82.776
132,5.6533,5.0625,-81.132
132,5.6533,5.1562,-79.421
132,5.6533,5.25,-87.259
132,5.6533,5.3438,-75.623
132,5.6533,5.4375,-81.743
132,5.6533,5.5312,-70.423
132,5.6533,5.625,-89.078
132,5.6533,5.7188,-76.19
132,5.6533,5.8125,-81.598
132,5.6533,5.9062,-90.628
132,5.6533,6.0,-91.705
132,5.6533,6.0938,-95.051
132,5.6533,6.1875,-86.767
132,5.6533,6.2812,-84.789
132,5.6533,6.375,-85.387
132,5.6533,6.4688,-81.316
132,5.6533,6.5625,-89.947
132,5.6533,6.6562,-89.456
132,5.6533,6.75,-88.908
132,5.6533,6.8438,-85.18
132,5.6533,6.9375,-86.207
132,5.6533,7.0312,-86.864
132,5.6533,7.125,-91.405
132,5.6533,7.2188,-91.981
132,5.6533,7.3125,-87.414
132,5.6533,7.4062,-87.896
132,5.6533,7.5,-87.059
132,5.6533,7.5938,-78.3
132,5.6533,7.6875,-84.143
132,5.6533,7.7812,-79.962
132,5.6533,7.875,-81.956
132,5.6533,7.9688,-94.19
132,5.6533,8.0625,-94.067
132,5.6533,8.1562,-95.765
132,5.6533,8.25,-91.732
132,5.6533,8.3438,-89.367
132,5.6533,8.4375,-90.675
132,5.6533,8.5312,-97.196
132,5.6533,8.625,-97.268
132,5.6533,8.7188,-95.483
132,5.6533,8.8125,-69.356
132,5.6533,8.9062,-78.051
132,5.6533,9.0,-63.711
132,5.6533,9.0938,-70.639
132,5.6533,9.1875,-58.092
132,5.6533,9.2812,-86.075
132,5.6533,9.375,-72.691
132,5.6533,9.4688,-91.713
132,5.6533,9.5625,-75.278
132,5.6533,9.6562,-82.766
132,5.6533,9.75,-69.45
132,5.6533,9.8438,-80.357
132,5.6533,9.9375,-68.419
132,5.6533,10.0312,-94.972
132,5.6533,10.125,-70.6
132,5.6533,10.2188,-89.854
132,5.6533,10.3125,-74.771
132,5.6533,10.4062,-85.588
132,5.6533,10.5,-81.573
132,5.6533,10.5938,-86.55
132,5.6533,10.6875,-78.225
132,5.6533,10.7812,-95.381
132,5.6533,10.875,-88.366
132,5.6533,10.9688,-91.745
132,5.6533,11.0625,-82.34
132,5.6533,11.1562,-96.577
132,5.6533,11.25,-80.496
132,5.6533,11.3438,-89.635
132,5.6533,11.4375,-82.275
132,5.6533,11.5312,-87.315
132,5.6533,11.625,-86.741
132,5.6533,11.7188,-84.155
132,5.6533,11.8125,-80.551
132,5.6533,11.9062,-83.169
132,5.6533,12.0,-83.826
132,5.6533,12.0938,-81.418
132,5.6533,12.1875,-80.499
132,5.6533,12.2812,-81.113
132,5.6533,12.375,-79.598
132,5.6533,12.4688,-78.771
132,5.6533,12.5625,-83.172
132,5.6533,12.6562,-73.749
132,5.6533,12.75,-83.535
132,5.6533,12.8438,-72.946
132,5.6533,12.9375,-73.06
132,5.6533,13.0312,-81.656
132,5.6533,13.125,-78.822
132,5.6533,13.2188,-80.316
132,5.6533,13.3125,-89.522
132,5.6533,13.4062,-87.697
132,5.6533,13.5,-92.402
132,5.6533,13.5938,-82.719
132,5.6533,13.6875,-93.628
132,5.6533,13.7812,-76.711
132,5.6533,13.875,-91.421
132,5.6533,13.9688,-76.293
132,5.6533,14.0625,-92.122
132,5.6533,14.1562,-82.275
132,5.6533,14.25,-99.949
132,5.6533,14.3438,-85.101
132,5.6533,14.4375,-95.838
132,5.6533,14.5312,-79.976
132,5.6533,14.625,-93.867
132,5.6533,14.7188,-90.044
132,5.6533,14.8125,-91.02
132,5.6533,14.9062,-94.454
132,5.6533,15.0,-96.673
132,5.6533,15.0938,-96.786
132,5.6533,15.1875,-92.724
132,5.6533,15.2812,-96.778
132,5.6533,15.375,-97.006
132,5.6533,15.4688,-86.292
132,5.6533,15.5625,-92.311
132,5.6533,15.6562,-93.349
132,5.6533,15.75,-97.934
132,5.6533,15.8438,-97.013
132,5.6533,15.9375,-97.419
133,5.696,0.0,-70.39
133,5.696,0.0938,-76.98
133,5.696,0.1875,-34.958
133,5.696,0.2812,-72.703
133,5.696,0.375,-36.728
133,5.696,0.4688,-66.02
133,5.696,0.5625,-40.431
133,5.696,0.6562,-68.426
133,5.696,0.75,-46.41
133,5.696,0.8438,-72.715
133,5.696,0.9375,-41.728
133,5.696,1.0312,-68.731
133,5.696,1.125,-45.195
133,5.696,1.2188,-79.004
133,5.696,1.3125,-59.62
133,5.696,1.4062,-83.959
133,5.696,1.5,-60.619
133,5.696,1.5938,-95.029
133,5.696,1.6875,-69.065
133,5.696,1.7812,-86.03
133,5.696,1.875,-70.953
133,5.696,1.9688,-89.895
133,5.696,2.0625,-70.649
133,5.696,2.1562,-74.13
133,5.696,2.25,-73.578
133,5.696,2.3438,-79.437
133,5.696,2.4375,-69.86
133,5.696,2.5312,-79.605
133,5.696,2.625,-71.816
133,5.696,2.7188,-92.196
133,5.696,2.8125,-88.318
133,5.696,2.9062,-92.438
133,5.696,3.0,-89.899
133,5.696,3.0938,-93.717
133,5.696,3.1875,-86.318
133,5.696,3.2812,-90.023
133,5.696,3.375,-84.15
133,5.696,3.4688,-78.681
133,5.696,3.5625,-82.144
133,5.696,3.6562,-97.513
133,5.696,3.75,-90.566
133,5.696,3.8438,-87.36
133,5.696,3.9375,-93.727
133,5.696,4.0312,-94.628
133,5.696,4.125,-98.98
133,5.696,4.2188,-89.027
133,5.696,4.3125,-96.622
133,5.696,4.4062,-87.505
133,5.696,4.5,-96.216
133,5.696,4.5938,-96.536
133,5.696,4.6875,-99.829
133,5.696,4.7812,-87.358
133,5.696,4.875,-97.756
133,5.696,4.9688,-74.28
133,5.696,5.0625,-90.428
133,5.696,5.1562,-85.797
133,5.696,5.25,-98.304
133,5.696,5.3438,-78.273
133,5.696,5.4375,-88.955
133,5.696,5.5312,-73.883
133,5.696,5.625,-88.827
133,5.696,5.7188,-77.749
133,5.696,5.8125,-96.174
133,5.696,5.9062,-96.728
133,5.696,6.0,-99.293
133,5.696,6.0938,-90.038
133,5.696,6.1875,-94.899
133,5.696,6.2812,-82.699
133,5.696,6.375,-89.328
133,5.696,6.4688,-98.699
133,5.696,6.5625,-96.298
133,5.696,6.6562,-87.413
133,5.696,6.75,-97.174
133,5.696,6.8438,-84.536
133,5.696,6.9375,-96.871
133,5.696,7.0312,-89.329
133,5.696,7.125,-89.837
133,5.696,7.2188,-70.859
133,5.696,7.3125,-80.578
133,5.696,7.4062,-74.786
133,5.696,7.5,-85.373
133,5.696,7.5938,-71.709
133,5.696,7.6875,-89.799
133,5.696,7.7812,-67.744
133,5.696,7.875,-84.473
133,5.696,7.9688,-75.675
133,5.696,8.0625,-87.161
133,5.696,8.1562,-81.049
133,5.696,8.25,-96.386
133,5.696,8.3438,-93.077
133,5.696,8.4375,-98.439
133,5.696,8.5312,-88.63
133,5.696,8.625,-92.289
133,5.696,8.7188,-84.54
133,5.696,8.8125,-85.351
133,5.696,8.9062,-75.105
133,5.696,9.0,-80.399
133,5.696,9.0938,-68.341
133,5.696,9.1875,-93.364
133,5.696,9.2812,-76.002
133,5.696,9.375,-92.719
133,5.696,9.4688,-83.423
133,5.696,9.5625,-89.075
133,5.696,9.6562,-75.572
133,5.696,9.75,-79.191
133,5.696,9.8438,-82.526
133,5.696,9.9375,-89.068
133,5.696,10.0312,-87.017
133,5.696,10.125,-89.683
133,5.696,10.2188,-85.685
133,5.696,10.3125,-83.956
133,5.696,10.4062,-86.309
133,5.696,10.5,-81.097
133,5.696,10.5938,-81.83
133,5.696,10.6875,-89.944
133,5.696,10.7812,-82.609
133,5.696,10.875,-88.211
133,5.696,10.9688,-79.281
133,5.696,11.0625,-82.774
133,5.696,11.1562,-80.596
133,5.696,11.25,-85.333
133,5.696,11.3438,-89.019
133,5.696,11.4375,-79.578
133,5.696,11.5312,-85.752
133,5.696,11.625,-95.39
133,5.696,11.7188,-88.293
133,5.696,11.8125,-93.077
133,5.696,11.9062,-96.938
133,5.696,12.0,-86.517
133,5.696,12.0938,-88.99
133,5.696,12.1875,-79.88
133,5.696,12.2812,-75.915
133,5.696,12.375,-75.774
133,5.696,12.4688,-79.63
133,5.696,12.5625,-73.819
133,5.696,12.6562,-82.913
133,5.696,12.75,-75.51
133,5.696,12.8438,-81.861
133,5.696,12.9375,-88.148
133,5.696,13.0312,-87.894
133,5.696,13.125,-81.623
133,5.696,13.2188,-87.72
133,5.696,13.3125,-82.392
133,5.696,13.4062,-95.993
133,5.696,13.5,-79.274
133,5.696,13.5938,-81.865
133,5.696,13.6875,-76.762
133,5.696,13.7812,-87.68
133,5.696,13.875,-80.248
133,5.696,13.9688,-87.396
133,5.696,14.0625,-81.797
133,5.696,14.1562,-97.063
133,5.696,14.25,-87.118
133,5.696,14.3438,-91.237
133,5.696,14.4375,-88.02
133,5.696,14.5312,-89.878
133,5.696,14.625,-88.51
133,5.696,14.7188,-88.602
133,5.696,14.8125,-95.58
133,5.696,14.9062,-97.776
133,5.696,15.0,-97.193
133,5.696,15.0938,-94.02
133,5.696,15.1875,-92.616
133,5.696,15.2812,-94.105
133,5.696,15.375,-95.44
133,5.696,15.4688,-90.585
133,5.696,15.5625,-94.935
133,5.696,15.6562,-98.824
133,5.696,15.75,-99.034
133,5.696,15.8438,-96.587
133,5.696,15.9375,-98.415
134,5.7387,0.0,-61.394
134,5.7387,0.0938,-84.972
134,5.7387,0.1875,-34.753
134,5.7387,0.2812,-84.012
134,5.7387,0.375,-35.628
134,5.7387,0.4688,-80.32
134,5.7387,0.5625,-52.048
134,5.7387,0.6562,-70.821
134,5.7387,0.75,-49.603
134,5.7387,0.8438,-80.356
134,5.7387,0.9375,-51.551
134,5.7387,1.0312,-90.703
134,5.7387,1.125,-54.966
134,5.7387,1.2188,-66.945
134,5.7387,1.3125,-46.017
134,5.7387,1.4062,-67.588
134,5.7387,1.5,-54.902
134,5.7387,1.5938,-82.281
134,5.7387,1.6875,-62.851
134,5.7387,1.7812,-82.876
134,5.7387,1.875,-74.857
134,5.7387,1.9688,-89.66
134,5.7387,2.0625,-88.063
134,5.7387,2.1562,-75.347
134,5.7387,2.25,-79.728
134,5.7387,2.3438,-68.307
134,5.7387,2.4375,-78.984
134,5.7387,2.5312,-74.769
134,5.7387,2.625,-86.938
134,5.7387,2.7188,-78.011
134,5.7387,2.8125,-83.155
134,5.7387,2.9062,-86.369
134,5.7387,3.0,-89.581
134,5.7387,3.0938,-83.944
134,5.7387,3.1875,-87.445
134,5.7387,3.2812,-84.645
134,5.7387,3.375,-82.707
134,5.7387,3.4688,-82.175
134,5.7387,3.5625,-75.703
134,5.7387,3.6562,-86.673
134,5.7387,3.75,-79.601
134,5.7387,3.8438,-87.856
134,5.7387,3.9375,-92.854
134,5.7387,4.0312,-88.038
134,5.7387,4.125,-99.386
134,5.7387,4.2188,-95.565
134,5.7387,4.3125,-95.874
134,5.7387,4.4062,-91.85
134,5.7387,4.5,-90.28
134,5.7387,4.5938,-79.004
134,5.7387,4.6875,-81.248
134,5.7387,4.7812,-70.988
134,5.7387,4.875,-85.473
134,5.7387,4.9688,-78.759
134,5.7387,5.0625,-85.946
134,5.7387,5.1562,-81.574
134,5.7387,5.25,-90.269
134,5.7387,5.3438,-82.877
134,5.7387,5.4375,-82.509
134,5.7387,5.5312,-70.714
134,5.7387,5.625,-84.878
134,5.7387,5.7188,-91.076
134,5.7387,5.8125,-99.913
134,5.7387,5.9062,-96.568
134,5.7387,6.0,-94.407
134,5.7387,6.0938,-91.437
134,5.7387,6.1875,-88.649
134,5.7387,6.2812,-87.807
134,5.7387,6.375,-80.104
134,5.7387,6.4688,-92.153
134,5.7387,6.5625,-84.339
134,5.7387,6.6562,-70.053
134,5.7387,6.75,-74.402
134,5.7387,6.8438,-76.588
134,5.7387,6.9375,-79.192
134,5.7387,7.0312,-74.833
134,5.7387,7.125,-84.155
134,5.7387,7.2188,-78.009
134,5.7387,7.3125,-94.333
134,5.7387,7.4062,-88.351
134,5.7387,7.5,-84.103
134,5.7387,7.5938,-96.752
134,5.7387,7.6875,-86.201
134,5.7387,7.7812,-77.703
134,5.7387,7.875,-74.059
134,5.7387,7.9688,-82.624
134,5.7387,8.0625,-75.979
134,5.7387,8.1562,-79.385
134,5.7387,8.25,-76.749
134,5.7387,8.3438,-75.842
134,5.7387,8.4375,-80.344
134,5.7387,8.5312,-80.795
134,5.7387,8.625,-83.25
134,5.7387,8.7188,-70.855
134,5.7387,8.8125,-76.17
134,5.7387,8.9062,-68.733
134,5.7387,9.0,-83.544
134,5.7387,9.0938,-82.412
134,5.7387,9.1875,-85.385
134,5.7387,9.2812,-79.424
134,5.7387,9.375,-80.473
134,5.7387,9.4688,-75.033
134,5.7387,9.5625,-71.791
134,5.7387,9.6562,-68.383
134,5.7387,9.75,-68.394
134,5.7387,9.8438,-67.054
134,5.7387,9.9375,-65.313
134,5.7387,10.0312,-65.915
134,5.7387,10.125,-63.261
134,5.7387,10.2188,-70.663
134,5.7387,10.3125,-71.657
134,5.7387,10.4062,-76.177
134,5.7387,10.5,-85.647
134,5.7387,10.5938,-85.935
134,5.7387,10.6875,-82.173
134,5.7387,10.7812,-94.269
134,5.7387,10.875,-80.389
134,5.7387,10.9688,-90.171
134,5.7387,11.0625,-77.325
134,5.7387,11.1562,-85.156
134,5.7387,11.25,-70.62
134,5.7387,11.3438,-80.056
134,5.7387,11.4375,-71.756
134,5.7387,11.5312,-78.702
134,5.7387,11.625,-78.651
134,5.7387,11.7188,-83.23
134,5.7387,11.8125,-83.335
134,5.7387,11.9062,-80.344
134,5.7387,12.0,-81.186
134,5.7387,12.0938,-76.041
134,5.7387,12.1875,-78.154
134,5.7387,12.2812,-72.95
134,5.7387,12.375,-77.679
134,5.7387,12.4688,-90.307
134,5.7387,12.5625,-83.63
134,5.7387,12.6562,-83.12
134,5.7387,12.75,-80.031
134,5.7387,12.8438,-93.066
134,5.7387,12.9375,-84.535
134,5.7387,13.0312,-97.129
134,5.7387,13.125,-86.197
134,5.7387,13.2188,-98.423
134,5.7387,13.3125,-87.215
134,5.7387,13.4062,-92.547
134,5.7387,13.5,-87.689
134,5.7387,13.5938,-88.748
134,5.7387,13.6875,-90.951
134,5.7387,13.7812,-85.519
134,5.7387,13.875,-92.654
134,5.7387,13.9688,-90.895
134,5.7387,14.0625,-94.967
134,5.7387,14.1562,-91.818
134,5.7387,14.25,-93.893
134,5.7387,14.3438,-88.602
134,5.7387,14.4375,-99.42
134,5.7387,14.5312,-96.263
134,5.7387,14.625,-95.241
134,5.7387,14.7188,-97.01
134,5.7387,14.8125,-97.374
134,5.7387,14.9062,-95.519
134,5.7387,15.0,-96.25
134,5.7387,15.0938,-91.016
134,5.7387,15.1875,-91.691
134,5.7387,15.2812,-97.035
134,5.7387,15.375,-99.376
134,5.7387,15.4688,-94.952
134,5.7387,15.5625,-94.67
134,5.7387,15.6562,-96.708
134,5.7387,15.75,-96.328
134,5.7387,15.8438,-96.323
134,5.7387,15.9375,-98.22
135,5.7813,0.0,-63.528
135,5.7813,0.0938,-73.57
135,5.7813,0.1875,-41.968
135,5.7813,0.2812,-66.628
135,5.7813,0.375,-51.883
135,5.7813,0.4688,-64.505
135,5.7813,0.5625,-59.62
135,5.7813,0.6562,-67.042
135,5.7813,0.75,-70.49
135,5.7813,0.8438,-76.192
135,5.7813,0.9375,-59.252
135,5.7813,1.0312,-78.149
135,5.7813,1.125,-64.008
135,5.7813,1.2188,-75.376
135,5.7813,1.3125,-65.13
135,5.7813,1.4062,-86.435
135,5.7813,1.5,-80.065
135,5.7813,1.5938,-86.802
135,5.7813,1.6875,-80.471
135,5.7813,1.7812,-86.382
135,5.7813,1.875,-86.404
135,5.7813,1.9688,-75.328
135,5.7813,2.0625,-71.792
135,5.7813,2.1562,-79.053
135,5.7813,2.25,-79.314
135,5.7813,2.3438,-80.234
135,5.7813,2.4375,-79.504
135,5.7813,2.5312,-83.036
135,5.7813,2.625,-94.037
135,5.7813,2.7188,-74.337
135,5.7813,2.8125,-72.697
135,5.7813,2.9062,-69.876
135,5.7813,3.0,-69.992
135,5.7813,3.0938,-72.48
135,5.7813,3.1875,-73.988
135,5.7813,3.2812,-69.598
135,5.7813,3.375,-77.574
135,5.7813,3.4688,-74.821
135,5.7813,3.5625,-72.148
135,5.7813,3.6562,-83.792
135,5.7813,3.75,-77.097
135,5.7813,3.8438,-74.994
135,5.7813,3.9375,-84.014
135,5.7813,4.0312,-88.91
135,5.7813,4.125,-80.026
135,5.7813,4.2188,-77.416
135,5.7813,4.3125,-92.828
135,5.7813,4.4062,-82.861
135,5.7813,4.5,-95.191
135,5.7813,4.5938,-86.67
135,5.7813,4.6875,-82.328
135,5.7813,4.7812,-83.271
135,5.7813,4.875,-85.93
135,5.7813,4.9688,-85.966
135,5.7813,5.0625,-97.339
135,5.7813,5.1562,-84.726
135,5.7813,5.25,-84.791
135,5.7813,5.3438,-85.317
135,5.7813,5.4375,-88.686
135,5.7813,5.5312,-84.868
135,5.7813,5.625,-86.664
135,5.7813,5.7188,-90.951
135,5.7813,5.8125,-87.874
135,5.7813,5.9062,-96.511
135,5.7813,6.0,-91.454
135,5.7813,6.0938,-95.207
135,5.7813,6.1875,-94.652
135,5.7813,6.2812,-95.87
135,5.7813,6.375,-88.138
135,5.7813,6.4688,-88.815
135,5.7813,6.5625,-94.769
135,5.7813,6.6562,-86.983
135,5.7813,6.75,-85.04
135,5.7813,6.8438,-87.078
135,5.7813,6.9375,-82.754
135,5.7813,7.0312,-91.579
135,5.7813,7.125,-94.585
135,5.7813,7.2188,-89.62
135,5.7813,7.3125,-84.668
135,5.7813,7.4062,-79.013
135,5.7813,7.5,-80.434
135,5.7813,7.5938,-94.645
135,5.7813,7.6875,-81.985
135,5.7813,7.7812,-81.435
135,5.7813,7.875,-80.255
135,5.7813,7.9688,-82.136
135,5.7813,8.0625,-96.78
135,5.7813,8.1562,-81.579
135,5.7813,8.25,-84.49
135,5.7813,8.3438,-81.285
135,5.7813,8.4375,-88.743
135,5.7813,8.5312,-80.379
135,5.7813,8.625,-80.722
135,5.7813,8.7188,-86.123
135,5.7813,8.8125,-81.318
135,5.7813,8.9062,-78.762
135,5.7813,9.0,-78.635
135,5.7813,9.0938,-74.293
135,5.7813,9.1875,-80.227
135,5.7813,9.2812,-85.091
135,5.7813,9.375,-88.07
135,5.7813,9.4688,-74.115
135,5.7813,9.5625,-88.816
135,5.7813,9.6562,-72.481
135,5.7813,9.75,-79.364
135,5.7813,9.8438,-81.809
135,5.7813,9.9375,-78.698
135,5.7813,10.0312,-97.655
135,5.7813,10.125,-81.918
135,5.7813,10.2188,-76.263
135,5.7813,10.3125,-85.801
135,5.7813,10.4062,-83.166
135,5.7813,10.5,-79.458
135,5.7813,10.5938,-79.429
135,5.7813,10.6875,-87.478
135,5.7813,10.7812,-75.283
135,5.7813,10.875,-83.945
135,5.7813,10.9688,-88.159
135,5.7813,11.0625,-93.841
135,5.7813,11.1562,-91.639
135,5.7813,11.25,-90.994
135,5.7813,11.3438,-80.107
135,5.7813,11.4375,-91.04
135,5.7813,11.5312,-84.53
135,5.7813,11.625,-92.318
135,5.7813,11.7188,-87.752
135,5.7813,11.8125,-87.754
135,5.7813,11.9062,-82.051
135,5.7813,12.0,-94.93
135,5.7813,12.0938,-86.603
135,5.7813,12.1875,-84.79
135,5.7813,12.2812,-97.518
135,5.7813,12.375,-93.788
135,5.7813,12.4688,-89.271
135,5.7813,12.5625,-93.213
135,5.7813,12.6562,-89.386
135,5.7813,12.75,-89.395
135,5.7813,12.8438,-93.927
135,5.7813,12.9375,-95.557
135,5.7813,13.0312,-89.025
135,5.7813,13.125,-96.235
135,5.7813,13.2188,-94.471
135,5.7813,13.3125,-94.408
135,5.7813,13.4062,-93.125
135,5.7813,13.5,-95.923
135,5.7813,13.5938,-93.93
135,5.7813,13.6875,-99.905
135,5.7813,13.7812,-93.431
135,5.7813,13.875,-95.425
135,5.7813,13.9688,-91.006
135,5.7813,14.0625,-91.768
135,5.7813,14.1562,-93.914
135,5.7813,14.25,-95.751
135,5.7813,14.3438,-89.045
135,5.7813,14.4375,-93.565
135,5.7813,14.5312,-94.079
135,5.7813,14.625,-94.178
135,5.7813,14.7188,-88.719
135,5.7813,14.8125,-93.733
135,5.7813,14.9062,-95.971
135,5.7813,15.0,-97.561
135,5.7813,15.0938,-92.854
135,5.7813,15.1875,-95.729
135,5.7813,15.2812,-98.839
135,5.7813,15.375,-99.289
135,5.7813,15.4688,-99.611
135,5.7813,15.5625,-99.822
135,5.7813,15.6562,-97.001
135,5.7813,15.75,-99.265
135,5.7813,15.8438,-98.099
135,5.7813,15.9375,-98.391
136,5.824,0.0,-80.049
136,5.824,0.0938,-71.762
136,5.824,0.1875,-41.715
136,5.824,0.2812,-57.827
136,5.824,0.375,-50.275
136,5.824,0.4688,-64.676
136,5.824,0.5625,-59.869
136,5.824,0.6562,-71.915
136,5.824,0.75,-67.285
136,5.824,0.8438,-71.041
136,5.824,0.9375,-59.103
136,5.824,1.0312,-70.074
136,5.824,1.125,-66.538
136,5.824,1.2188,-81.852
136,5.824,1.3125,-70.452
136,5.824,1.4062,-78.015
136,5.824,1.5,-72.645
136,5.824,1.5938,-93.202
136,5.824,1.6875,-86.487
136,5.824,1.7812,-79.577
136,5.824,1.875,-66.217
136,5.824,1.9688,-65.351
136,5.824,2.0625,-67.278
136,5.824,2.1562,-67.942
136,5.824,2.25,-84.226
136,5.824,2.3438,-74.846
136,5.824,2.4375,-74.366
136,5.824,2.5312,-72.926
136,5.824,2.625,-72.667
136,5.824,2.7188,-66.529
136,5.824,2.8125,-67.092
136,5.824,2.9062,-62.219
136,5.824,3.0,-58.148
136,5.824,3.0938,-62.089
136,5.824,3.1875,-64.558
136,5.824,3.2812,-67.347
136,5.824,3.375,-67.261
136,5.824,3.4688,-62.961
136,5.824,3.5625,-66.483
136,5.824,3.6562,-78.086
136,5.824,3.75,-59.261
136,5.824,3.8438,-67.871
136,5.824,3.9375,-62.303
136,5.824,4.0312,-62.349
136,5.824,4.125,-70.123
136,5.824,4.2188,-65.182
136,5.824,4.3125,-67.737
136,5.824,4.4062,-59.779
136,5.824,4.5,-80.306
136,5.824,4.5938,-69.051
136,5.824,4.6875,-67.169
136,5.824,4.7812,-81.771
136,5.824,4.875,-65.255
136,5.824,4.9688,-67.357
136,5.824,5.0625,-65.263
136,5.824,5.1562,-68.919
136,5.824,5.25,-77.715
136,5.824,5.3438,-71.932
136,5.824,5.4375,-76.566
136,5.824,5.5312,-66.559
136,5.824,5.625,-75.912
136,5.824,5.7188,-69.498
136,5.824,5.8125,-84.413
136,5.824,5.9062,-79.484
136,5.824,6.0,-79.328
136,5.824,6.0938,-87.8
136,5.824,6.1875,-72.777
136,5.824,6.2812,-74.043
136,5.824,6.375,-72.796
136,5.824,6.4688,-82.662
136,5.824,6.5625,-66.633
136,5.824,6.6562,-70.369
136,5.824,6.75,-72.479
136,5.824,6.8438,-67.71
136,5.824,6.9375,-75.647
136,5.824,7.0312,-68.184
136,5.824,7.125,-74.119
136,5.824,7.2188,-67.909
136,5.824,7.3125,-76.315
136,5.824,7.4062,-64.496
136,5.824,7.5,-64.456
136,5.824,7.5938,-64.827
136,5.824,7.6875,-62.234
136,5.824,7.7812,-67.1
136,5.824,7.875,-72.198
136,5.824,7.9688,-67.204
136,5.824,8.0625,-71.311
136,5.824,8.1562,-67.041
136,5.824,8.25,-70.03
136,5.824,8.3438,-79.571
136,5.824,8.4375,-75.709
136,5.824,8.5312,-67.556
136,5.824,8.625,-68.682
136,5.824,8.7188,-68.444
136,5.824,8.8125,-77.607
136,5.824,8.9062,-77.811
136,5.824,9.0,-80.068
136,5.824,9.0938,-84.035
136,5.824,9.1875,-76.498
136,5.824,9.2812,-77.37
136,5.824,9.375,-74.629
136,5.824,9.4688,-74.066
136,5.824,9.5625,-75.59
136,5.824,9.6562,-74.739
136,5.824,9.75,-76.311
136,5.824,9.8438,-72.656
136,5.824,9.9375,-72.809
136,5.824,10.0312,-70.245
136,5.824,10.125,-71.618
136,5.824,10.2188,-73.578
136,5.824,10.3125,-78.057
136,5.824,10.4062,-66.974
136,5.824,10.5,-81.629
136,5.824,10.5938,-75.305
136,5.824,10.6875,-78.293
136,5.824,10.7812,-86.756
136,5.824,10.875,-71.708
136,5.824,10.9688,-84.473
136,5.824,11.0625,-80.678
136,5.824,11.1562,-83.069
136,5.824,11.25,-76.741
136,5.824,11.3438,-81.803
136,5.824,11.4375,-76.329
136,5.824,11.5312,-75.877
136,5.824,11.625,-70.459
136,5.824,11.7188,-78.375
136,5.824,11.8125,-79.027
136,5.824,11.9062,-94.943
136,5.824,12.0,-84.311
136,5.824,12.0938,-78.769
136,5.824,12.1875,-79.973
136,5.824,12.2812,-76.099
136,5.824,12.375,-80.251
136,5.824,12.4688,-84.234
136,5.824,12.5625,-97.919
136,5.824,12.6562,-88.207
136,5.824,12.75,-82.882
136,5.824,12.8438,-84.685
136,5.824,12.9375,-87.919
136,5.824,13.0312,-85.037
136,5.824,13.125,-86.192
136,5.824,13.2188,-91.726
136,5.824,13.3125,-84.911
136,5.824,13.4062,-88.393
136,5.824,13.5,-88.436
136,5.824,13.5938,-86.748
136,5.824,13.6875,-94.841
136,5.824,13.7812,-84.017
136,5.824,13.875,-94.492
136,5.824,13.9688,-88.729
136,5.824,14.0625,-93.05
136,5.824,14.1562,-91.999
136,5.824,14.25,-86.524
136,5.824,14.3438,-88.532
136,5.824,14.4375,-95.274
136,5.824,14.5312,-94.22
136,5.824,14.625,-86.919
136,5.824,14.7188,-95.541
136,5.824,14.8125,-88.709
136,5.824,14.9062,-84.538
136,5.824,15.0,-85.99
136,5.824,15.0938,-88.74
136,5.824,15.1875,-93.921
136,5.824,15.2812,-97.273
136,5.824,15.375,-91.277
136,5.824,15.4688,-92.707
136,5.824,15.5625,-87.042
136,5.824,15.6562,-98.421
136,5.824,15.75,-93.821
136,5.824,15.8438,-91.238
136,5.824,15.9375,-91.733
137,5.8667,0.0,-76.52
137,5.8667,0.0938,-88.541
137,5.8667,0.1875,-33.662
137,5.8667,0.2812,-64.05
137,5.8667,0.375,-36.481
137,5.8667,0.4688,-70.916
137,5.8667,0.5625,-45.099
137,5.8667,0.6562,-70.956
137,5.8667,0.75,-51.297
137,5.8667,0.8438,-70.639
137,5.8667,0.9375,-52.427
137,5.8667,1.0312,-89.441
137,5.8667,1.125,-56.796
137,5.8667,1.2188,-92.695
137,5.8667,1.3125,-59.657
137,5.8667,1.4062,-84.455
137,5.8667,1.5,-55.134
137,5.8667,1.5938,-84.481
137,5.8667,1.6875,-53.06
137,5.8667,1.7812,-81.585
137,5.8667,1.875,-48.398
137,5.8667,1.9688,-77.654
137,5.8667,2.0625,-50.474
137,5.8667,2.1562,-82.707
137,5.8667,2.25,-53.677
137,5.8667,2.3438,-84.781
137,5.8667,2.4375,-63.917
137,5.8667,2.5312,-80.806
137,5.8667,2.625,-57.863
137,5.8667,2.7188,-71.597
137,5.8667,2.8125,-66.39
137,5.8667,2.9062,-81.086
137,5.8667,3.0,-68.274
137,5.8667,3.0938,-78.186
137,5.8667,3.1875,-75.553
137,5.8667,3.2812,-82.832
137,5.8667,3.375,-76.773
137,5.8667,3.4688,-81.472
137,5.8667,3.5625,-70.828
137,5.8667,3.6562,-84.699
137,5.8667,3.75,-76.67
137,5.8667,3.8438,-79.719
137,5.8667,3.9375,-86.359
137,5.8667,4.0312,-87.407
137,5.8667,4.125,-84.939
137,5.8667,4.2188,-85.961
137,5.8667,4.3125,-98.522
137,5.8667,4.4062,-79.935
137,5.8667,4.5,-88.467
137,5.8667,4.5938,-76.794
137,5.8667,4.6875,-72.57
137,5.8667,4.7812,-79.94
137,5.8667,4.875,-64.772
137,5.8667,4.9688,-69.167
137,5.8667,5.0625,-68.723
137,5.8667,5.1562,-84.819
137,5.8667,5.25,-69.135
137,5.8667,5.3438,-88.08
137,5.8667,5.4375,-83.757
137,5.8667,5.5312,-86.911
137,5.8667,5.625,-75.787
137,5.8667,5.7188,-81.572
137,5.8667,5.8125,-87.586
137,5.8667,5.9062,-79.155
137,5.8667,6.0,-85.905
137,5.8667,6.0938,-63.745
137,5.8667,6.1875,-72.191
137,5.8667,6.2812,-69.271
137,5.8667,6.375,-71.971
137,5.8667,6.4688,-70.66
137,5.8667,6.5625,-70.8
137,5.8667,6.6562,-70.056
137,5.8667,6.75,-72.44
137,5.8667,6.8438,-73.308
137,5.8667,6.9375,-69.259
137,5.8667,7.0312,-82.427
137,5.8667,7.125,-78.556
137,5.8667,7.2188,-80.345
137,5.8667,7.3125,-76.244
137,5.8667,7.4062,-76.395
137,5.8667,7.5,-76.824
137,5.8667,7.5938,-73.094
137,5.8667,7.6875,-76.856
137,5.8667,7.7812,-65.019
137,5.8667,7.875,-74.769
137,5.8667,7.9688,-61.276
137,5.8667,8.0625,-71.773
137,5.8667,8.1562,-60.847
137,5.8667,8.25,-76.603
137,5.8667,8.3438,-61.981
137,5.8667,8.4375,-75.241
137,5.8667,8.5312,-73.916
137,5.8667,8.625,-84.855
137,5.8667,8.7188,-62.178
137,5.8667,8.8125,-76.02
137,5.8667,8.9062,-70.93
137,5.8667,9.0,-70.854
137,5.8667,9.0938,-64.827
137,5.8667,9.1875,-64.416
137,5.8667,9.2812,-64.25
137,5.8667,9.375,-66.734
137,5.8667,9.4688,-76.987
137,5.8667,9.5625,-79.856
137,5.8667,9.6562,-89.106
137,5.8667,9.75,-78.601
137,5.8667,9.8438,-73.622
137,5.8667,9.9375,-67.222
137,5.8667,10.0312,-70.551
137,5.8667,10.125,-68.614
137,5.8667,10.2188,-74.126
137,5.8667,10.3125,-74.652
137,5.8667,10.4062,-81.726
137,5.8667,10.5,-77.398
137,5.8667,10.5938,-84.609
137,5.8667,10.6875,-87.494
137,5.8667,10.7812,-77.319
137,5.8667,10.875,-96.616
137,5.8667,10.9688,-85.602
137,5.8667,11.0625,-85.707
137,5.8667,11.1562,-85.464
137,5.8667,11.25,-75.737
137,5.8667,11.3438,-94.53
137,5.8667,11.4375,-72.326
137,5.8667,11.5312,-81.586
137,5.8667,11.625,-81.989
137,5.8667,11.7188,-79.105
137,5.8667,11.8125,-78.954
137,5.8667,11.9062,-76.278
137,5.8667,12.0,-76.675
137,5.8667,12.0938,-78.798
137,5.8667,12.1875,-74.969
137,5.8667,12.2812,-72.954
137,5.8667,12.375,-72.676
137,5.8667,12.4688,-67.329
137,5.8667,12.5625,-75.372
137,5.8667,12.6562,-67.64
137,5.8667,12.75,-74.997
137,5.8667,12.8438,-70.948
137,5.8667,12.9375,-72.564
137,5.8667,13.0312,-75.764
137,5.8667,13.125,-75.565
137,5.8667,13.2188,-82.248
137,5.8667,13.3125,-81.649
137,5.8667,13.4062,-81.147
137,5.8667,13.5,-84.298
137,5.8667,13.5938,-82.087
137,5.8667,13.6875,-87.58
137,5.8667,13.7812,-84.585
137,5.8667,13.875,-97.061
137,5.8667,13.9688,-84.805
137,5.8667,14.0625,-87.162
137,5.8667,14.1562,-89.29
137,5.8667,14.25,-87.602
137,5.8667,14.3438,-83.391
137,5.8667,14.4375,-87.96
137,5.8667,14.5312,-83.785
137,5.8667,14.625,-89.21
137,5.8667,14.7188,-86.333
137,5.8667,14.8125,-91.519
137,5.8667,14.9062,-89.738
137,5.8667,15.0,-94.112
137,5.8667,15.0938,-97.124
137,5.8667,15.1875,-95.314
137,5.8667,15.2812,-97.722
137,5.8667,15.375,-96.342
137,5.8667,15.4688,-89.829
137,5.8667,15.5625,-99.077
137,5.8667,15.6562,-91.383
137,5.8667,15.75,-93.653
137,5.8667,15.8438,-97.594
137,5.8667,15.9375,-98.822
138,5.9093,0.0,-72.711
138,5.9093,0.0938,-84.791
138,5.9093,0.1875,-36.099
138,5.9093,0.2812,-75.278
138,5.9093,0.375,-38.369
138,5.9093,0.4688,-72.244
138,5.9093,0.5625,-34.231
138,5.9093,0.6562,-73.75
138,5.9093,0.75,-50.001
138,5.9093,0.8438,-81.581
138,5.9093,0.9375,-49.785
138,5.9093,1.0312,-78.595
138,5.9093,1.125,-54.08
138,5.9093,1.2188,-92.296
138,5.9093,1.3125,-55.756
138,5.9093,1.4062,-82.125
138,5.9093,1.5,-53.714
138,5.9093,1.5938,-74.307
138,5.9093,1.6875,-50.437
138,5.9093,1.7812,-72.689
138,5.9093,1.875,-43.512
138,5.9093,1.9688,-80.007
138,5.9093,2.0625,-61.468
138,5.9093,2.1562,-73.436
138,5.9093,2.25,-55.272
138,5.9093,2.3438,-70.551
138,5.9093,2.4375,-60.563
138,5.9093,2.5312,-81.043
138,5.9093,2.625,-68.598
138,5.9093,2.7188,-84.928
138,5.9093,2.8125,-66.397
138,5.9093,2.9062,-88.018
138,5.9093,3.0,-73.218
138,5.9093,3.0938,-86.076
138,5.9093,3.1875,-76.806
138,5.9093,3.2812,-79.901
138,5.9093,3.375,-75.457
138,5.9093,3.4688,-79.935
138,5.9093,3.5625,-78.519
138,5.9093,3.6562,-78.575
138,5.9093,3.75,-71.972
138,5.9093,3.8438,-81.835
138,5.9093,3.9375,-78.953
138,5.9093,4.0312,-86.112
138,5.9093,4.125,-77.638
138,5.9093,4.2188,-86.722
138,5.9093,4.3125,-88.248
138,5.9093,4.4062,-89.936
138,5.9093,4.5,-83.654
138,5.9093,4.5938,-80.693
138,5.9093,4.6875,-78.024
138,5.9093,4.7812,-83.308
138,5.9093,4.875,-74.598
138,5.9093,4.9688,-64.788
138,5.9093,5.0625,-70.139
138,5.9093,5.1562,-72.17
138,5.9093,5.25,-76.437
138,5.9093,5.3438,-91.593
138,5.9093,5.4375,-81.295
138,5.9093,5.5312,-74.129
138,5.9093,5.625,-85.121
138,5.9093,5.7188,-74.775
138,5.9093,5.8125,-85.985
138,5.9093,5.9062,-76.898
138,5.9093,6.0,-69.139
138,5.9093,6.0938,-74.331
138,5.9093,6.1875,-71.973
138,5.9093,6.2812,-70.033
138,5.9093,6.375,-73.576
138,5.9093,6.4688,-78.59
138,5.9093,6.5625,-77.526
138,5.9093,6.6562,-81.066
138,5.9093,6.75,-78.498
138,5.9093,6.8438,-73.848
138,5.9093,6.9375,-76.257
138,5.9093,7.0312,-71.946
138,5.9093,7.125,-77.457
138,5.9093,7.2188,-71.815
138,5.9093,7.3125,-78.568
138,5.9093,7.4062,-76.369
138,5.9093,7.5,-77.184
138,5.9093,7.5938,-79.016
138,5.9093,7.6875,-76.83
138,5.9093,7.7812,-77.839
138,5.9093,7.875,-81.124
138,5.9093,7.9688,-72.1
138,5.9093,8.0625,-68.486
138,5.9093,8.1562,-82.426
138,5.9093,8.25,-78.787
138,5.9093,8.3438,-79.158
138,5.9093,8.4375,-71.499
138,5.9093,8.5312,-97.216
138,5.9093,8.625,-81.678
138,5.9093,8.7188,-82.947
138,5.9093,8.8125,-78.875
138,5.9093,8.9062,-79.902
138,5.9093,9.0,-81.723
138,5.9093,9.0938,-78.565
138,5.9093,9.1875,-70.711
138,5.9093,9.2812,-80.844
138,5.9093,9.375,-70.128
138,5.9093,9.4688,-78.125
138,5.9093,9.5625,-78.542
138,5.9093,9.6562,-78.379
138,5.9093,9.75,-73.076
138,5.9093,9.8438,-75.931
138,5.9093,9.9375,-80.51
138,5.9093,10.0312,-73.073
138,5.9093,10.125,-74.24
138,5.9093,10.2188,-74.698
138,5.9093,10.3125,-83.429
138,5.9093,10.4062,-77.723
138,5.9093,10.5,-80.361
138,5.9093,10.5938,-81.918
138,5.9093,10.6875,-90.738
138,5.9093,10.7812,-84.0
138,5.9093,10.875,-87.775
138,5.9093,10.9688,-82.791
138,5.9093,11.0625,-78.827
138,5.9093,11.1562,-84.642
138,5.9093,11.25,-86.083
138,5.9093,11.3438,-81.215
138,5.9093,11.4375,-77.405
138,5.9093,11.5312,-83.881
138,5.9093,11.625,-79.204
138,5.9093,11.7188,-89.73
138,5.9093,11.8125,-90.097
138,5.9093,11.9062,-85.818
138,5.9093,12.0,-76.77
138,5.9093,12.0938,-79.453
138,5.9093,12.1875,-75.657
138,5.9093,12.2812,-81.983
138,5.9093,12.375,-76.752
138,5.9093,12.4688,-85.25
138,5.9093,12.5625,-79.719
138,5.9093,12.6562,-83.689
138,5.9093,12.75,-91.848
138,5.9093,12.8438,-79.838
138,5.9093,12.9375,-80.138
138,5.9093,13.0312,-80.588
138,5.9093,13.125,-73.936
138,5.9093,13.2188,-84.471
138,5.9093,13.3125,-85.469
138,5.9093,13.4062,-88.285
138,5.9093,13.5,-87.463
138,5.9093,13.5938,-89.713
138,5.9093,13.6875,-94.439
138,5.9093,13.7812,-93.965
138,5.9093,13.875,-90.728
138,5.9093,13.9688,-95.002
138,5.9093,14.0625,-98.08
138,5.9093,14.1562,-89.728
138,5.9093,14.25,-91.189
138,5.9093,14.3438,-87.409
138,5.9093,14.4375,-91.954
138,5.9093,14.5312,-87.078
138,5.9093,14.625,-94.641
138,5.9093,14.7188,-98.127
138,5.9093,14.8125,-95.077
138,5.9093,14.9062,-99.231
138,5.9093,15.0,-94.789
138,5.9093,15.0938,-95.295
138,5.9093,15.1875,-99.932
138,5.9093,15.2812,-95.748
138,5.9093,15.375,-98.925
138,5.9093,15.4688,-90.159
138,5.9093,15.5625,-97.454
138,5.9093,15.6562,-96.678
138,5.9093,15.75,-98.167
138,5.9093,15.8438,-95.15
138,5.9093,15.9375,-98.137
139,5.952,0.0,-72.723
139,5.952,0.0938,-84.305
139,5.952,0.1875,-35.912
139,5.952,0.2812,-70.615
139,5.952,0.375,-41.333
139,5.952,0.4688,-73.192
139,5.952,0.5625,-35.318
139,5.952,0.6562,-65.724
139,5.952,0.75,-46.027
139,5.952,0.8438,-86.692
139,5.952,0.9375,-49.25
139,5.952,1.0312,-74.905
139,5.952,1.125,-51.723
139,5.952,1.2188,-75.951
139,5.952,1.3125,-51.048
139,5.952,1.4062,-70.561
139,5.952,1.5,-48.016
139,5.952,1.5938,-63.989
139,5.952,1.6875,-42.859
139,5.952,1.7812,-57.573
139,5.952,1.875,-47.464
139,5.952,1.9688,-67.456
139,5.952,2.0625,-60.621
139,5.952,2.1562,-67.218
139,5.952,2.25,-55.642
139,5.952,2.3438,-65.677
139,5.952,2.4375,-55.135
139,5.952,2.5312,-65.402
139,5.952,2.625,-63.823
139,5.952,2.7188,-71.932
139,5.952,2.8125,-67.373
139,5.952,2.9062,-74.786
139,5.952,3.0,-76.331
139,5.952,3.0938,-77.686
139,5.952,3.1875,-75.585
139,5.952,3.2812,-78.834
139,5.952,3.375,-73.668
139,5.952,3.4688,-81.8
139,5.952,3.5625,-73.736
139,5.952,3.6562,-83.368
139,5.952,3.75,-68.577
139,5.952,3.8438,-81.099
139,5.952,3.9375,-74.242
139,5.952,4.0312,-86.339
139,5.952,4.125,-86.672
139,5.952,4.2188,-90.508
139,5.952,4.3125,-85.809
139,5.952,4.4062,-83.642
139,5.952,4.5,-75.935
139,5.952,4.5938,-87.757
139,5.952,4.6875,-69.988
139,5.952,4.7812,-76.918
139,5.952,4.875,-67.078
139,5.952,4.9688,-77.144
139,5.952,5.0625,-63.79
139,5.952,5.1562,-85.387
139,5.952,5.25,-86.775
139,5.952,5.3438,-80.883
139,5.952,5.4375,-72.092
139,5.952,5.5312,-77.827
139,5.952,5.625,-78.435
139,5.952,5.7188,-97.986
139,5.952,5.8125,-83.633
139,5.952,5.9062,-78.02
139,5.952,6.0,-63.778
139,5.952,6.0938,-70.223
139,5.952,6.1875,-60.389
139,5.952,6.2812,-68.211
139,5.952,6.375,-68.303
139,5.952,6.4688,-70.079
139,5.952,6.5625,-70.274
139,5.952,6.6562,-70.938
139,5.952,6.75,-67.552
139,5.952,6.8438,-71.648
139,5.952,6.9375,-79.961
139,5.952,7.0312,-80.403
139,5.952,7.125,-75.797
139,5.952,7.2188,-79.613
139,5.952,7.3125,-78.285
139,5.952,7.4062,-76.36
139,5.952,7.5,-77.833
139,5.952,7.5938,-75.188
139,5.952,7.6875,-74.814
139,5.952,7.7812,-71.413
139,5.952,7.875,-78.144
139,5.952,7.9688,-69.814
139,5.952,8.0625,-67.289
139,5.952,8.1562,-68.844
139,5.952,8.25,-75.699
139,5.952,8.3438,-75.456
139,5.952,8.4375,-68.735
139,5.952,8.5312,-77.369
139,5.952,8.625,-75.921
139,5.952,8.7188,-81.801
139,5.952,8.8125,-76.151
139,5.952,8.9062,-78.93
139,5.952,9.0,-75.175
139,5.952,9.0938,-82.541
139,5.952,9.1875,-79.67
139,5.952,9.2812,-79.719
139,5.952,9.375,-82.974
139,5.952,9.4688,-76.071
139,5.952,9.5625,-81.432
139,5.952,9.6562,-76.294
139,5.952,9.75,-75.192
139,5.952,9.8438,-78.974
139,5.952,9.9375,-76.27
139,5.952,10.0312,-86.386
139,5.952,10.125,-75.675
139,5.952,10.2188,-88.873
139,5.952,10.3125,-75.242
139,5.952,10.4062,-83.931
139,5.952,10.5,-71.709
139,5.952,10.5938,-88.174
139,5.952,10.6875,-77.58
139,5.952,10.7812,-82.647
139,5.952,10.875,-83.167
139,5.952,10.9688,-81.887
139,5.952,11.0625,-90.71
139,5.952,11.1562,-89.921
139,5.952,11.25,-95.536
139,5.952,11.3438,-85.037
139,5.952,11.4375,-87.51
139,5.952,11.5312,-82.543
139,5.952,11.625,-79.366
139,5.952,11.7188,-73.077
139,5.952,11.8125,-77.088
139,5.952,11.9062,-82.854
139,5.952,12.0,-83.418
139,5.952,12.0938,-89.69
139,5.952,12.1875,-87.841
139,5.952,12.2812,-90.432
139,5.952,12.375,-79.477
139,5.952,12.4688,-99.355
139,5.952,12.5625,-77.034
139,5.952,12.6562,-81.95
139,5.952,12.75,-77.774
139,5.952,12.8438,-80.593
139,5.952,12.9375,-80.483
139,5.952,13.0312,-81.894
139,5.952,13.125,-74.255
139,5.952,13.2188,-82.127
139,5.952,13.3125,-77.263
139,5.952,13.4062,-76.227
139,5.952,13.5,-79.903
139,5.952,13.5938,-81.386
139,5.952,13.6875,-82.831
139,5.952,13.7812,-86.663
139,5.952,13.875,-99.235
139,5.952,13.9688,-92.328
139,5.952,14.0625,-91.323
139,5.952,14.1562,-91.584
139,5.952,14.25,-96.495
139,5.952,14.3438,-91.962
139,5.952,14.4375,-92.587
139,5.952,14.5312,-96.159
139,5.952,14.625,-95.526
139,5.952,14.7188,-99.204
139,5.952,14.8125,-87.077
139,5.952,14.9062,-95.249
139,5.952,15.0,-93.504
139,5.952,15.0938,-90.094
139,5.952,15.1875,-91.469
139,5.952,15.2812,-86.447
139,5.952,15.375,-98.916
139,5.952,15.4688,-87.491
139,5.952,15.5625,-94.169
139,5.952,15.6562,-95.281
139,5.952,15.75,-95.667
139,5.952,15.8438,-94.934
139,5.952,15.9375,-94.422
140,5.9947,0.0,-74.594
140,5.9947,0.0938,-78.885
140,5.9947,0.1875,-43.252
140,5.9947,0.2812,-83.48
140,5.9947,0.375,-52.963
140,5.9947,0.4688,-76.223
140,5.9947,0.5625,-55.394
140,5.9947,0.6562,-43.633
140,5.9947,0.75,-70.962
140,5.9947,0.8438,-46.121
140,5.9947,0.9375,-60.268
140,5.9947,1.0312,-52.4
140,5.9947,1.125,-66.05
140,5.9947,1.2188,-69.36
140,5.9947,1.3125,-67.76
140,5.9947,1.4062,-68.96
140,5.9947,1.5,-58.125
140,5.9947,1.5938,-83.647
140,5.9947,1.6875,-40.761
140,5.9947,1.7812,-69.448
140,5.9947,1.875,-45.485
140,5.9947,1.9688,-75.511
140,5.9947,2.0625,-63.604
140,5.9947,2.1562,-93.645
140,5.9947,2.25,-65.114
140,5.9947,2.3438,-66.741
140,5.9947,2.4375,-70.8
140,5.9947,2.5312,-57.112
140,5.9947,2.625,-72.817
140,5.9947,2.7188,-53.339
140,5.9947,2.8125,-78.736
140,5.9947,2.9062,-63.708
140,5.9947,3.0,-83.728
140,5.9947,3.0938,-80.745
140,5.9947,3.1875,-81.569
140,5.9947,3.2812,-84.59
140,5.9947,3.375,-72.458
140,5.9947,3.4688,-93.107
140,5.9947,3.5625,-67.958
140,5.9947,3.6562,-90.373
140,5.9947,3.75,-71.973
140,5.9947,3.8438,-83.563
140,5.9947,3.9375,-94.403
140,5.9947,4.0312,-86.254
140,5.9947,4.125,-95.627
140,5.9947,4.2188,-84.063
140,5.9947,4.3125,-81.587
140,5.9947,4.4062,-87.649
140,5.9947,4.5,-90.806
140,5.9947,4.5938,-67.793
140,5.9947,4.6875,-81.897
140,5.9947,4.7812,-68.869
140,5.9947,4.875,-75.647
140,5.9947,4.9688,-77.16
140,5.9947,5.0625,-71.516
140,5.9947,5.1562,-75.984
140,5.9947,5.25,-55.631
140,5.9947,5.3438,-80.222
140,5.9947,5.4375,-58.744
140,5.9947,5.5312,-80.818
140,5.9947,5.625,-67.103
140,5.9947,5.7188,-85.795
140,5.9947,5.8125,-71.286
140,5.9947,5.9062,-70.079
140,5.9947,6.0,-83.414
140,5.9947,6.0938,-63.014
140,5.9947,6.1875,-71.654
140,5.9947,6.2812,-48.178
140,5.9947,6.375,-67.746
140,5.9947,6.4688,-54.11
140,5.9947,6.5625,-73.379
140,5.9947,6.6562,-63.684
140,5.9947,6.75,-66.143
140,5.9947,6.8438,-65.749
140,5.9947,6.9375,-73.605
140,5.9947,7.0312,-80.905
140,5.9947,7.125,-58.489
140,5.9947,7.2188,-79.923
140,5.9947,7.3125,-62.926
140,5.9947,7.4062,-81.936
140,5.9947,7.5,-73.603
140,5.9947,7.5938,-78.912
140,5.9947,7.6875,-72.501
140,5.9947,7.7812,-70.475
140,5.9947,7.875,-80.977
140,5.9947,7.9688,-66.635
140,5.9947,8.0625,-73.26
140,5.9947,8.1562,-65.386
140,5.9947,8.25,-77.565
140,5.9947,8.3438,-85.29
140,5.9947,8.4375,-81.839
140,5.9947,8.5312,-67.871
140,5.9947,8.625,-69.49
140,5.9947,8.7188,-68.373
140,5.9947,8.8125,-67.982
140,5.9947,8.9062,-74.798
140,5.9947,9.0,-71.816
140,5.9947,9.0938,-80.604
140,5.9947,9.1875,-70.355
140,5.9947,9.2812,-91.042
140,5.9947,9.375,-73.441
140,5.9947,9.4688,-75.318
140,5.9947,9.5625,-81.858
140,5.9947,9.6562,-86.288
140,5.9947,9.75,-85.403
140,5.9947,9.8438,-79.951
140,5.9947,9.9375,-87.917
140,5.9947,10.0312,-89.177
140,5.9947,10.125,-75.166
140,5.9947,10.2188,-73.812
140,5.9947,10.3125,-73.124
140,5.9947,10.4062,-84.636
140,5.9947,10.5,-71.364
140,5.9947,10.5938,-81.0
140,5.9947,10.6875,-77.286
140,5.9947,10.7812,-77.304
140,5.9947,10.875,-79.878
140,5.9947,10.9688,-78.749
140,5.9947,11.0625,-90.951
140,5.9947,11.1562,-92.84
140,5.9947,11.25,-93.421
140,5.9947,11.3438,-96.117
140,5.9947,11.4375,-98.719
140,5.9947,11.5312,-76.713
140,5.9947,11.625,-85.861
140,5.9947,11.7188,-79.887
140,5.9947,11.8125,-84.933
140,5.9947,11.9062,-94.452
140,5.9947,12.0,-84.488
140,5.9947,12.0938,-78.128
140,5.9947,12.1875,-87.982
140,5.9947,12.2812,-83.55
140,5.9947,12.375,-93.925
140,5.9947,12.4688,-84.625
140,5.9947,12.5625,-83.827
140,5.9947,12.6562,-79.9
140,5.9947,12.75,-82.37
140,5.9947,12.8438,-80.742
140,5.9947,12.9375,-84.244
140,5.9947,13.0312,-78.142
140,5.9947,13.125,-74.927
140,5.9947,13.2188,-80.794
140,5.9947,13.3125,-83.684
140,5.9947,13.4062,-83.223
140,5.9947,13.5,-74.371
140,5.9947,13.5938,-89.959
140,5.9947,13.6875,-80.057
140,5.9947,13.7812,-73.771
140,5.9947,13.875,-91.207
140,5.9947,13.9688,-93.017
140,5.9947,14.0625,-93.004
140,5.9947,14.1562,-93.105
140,5.9947,14.25,-92.041
140,5.9947,14.3438,-99.285
140,5.9947,14.4375,-95.904
140,5.9947,14.5312,-91.507
140,5.9947,14.625,-94.332
140,5.9947,14.7188,-99.853
140,5.9947,14.8125,-95.75
140,5.9947,14.9062,-94.096
140,5.9947,15.0,-98.246
140,5.9947,15.0938,-90.7
140,5.9947,15.1875,-94.751
140,5.9947,15.2812,-90.537
140,5.9947,15.375,-94.796
140,5.9947,15.4688,-99.08
140,5.9947,15.5625,-89.268
140,5.9947,15.6562,-99.006
140,5.9947,15.75,-89.824
140,5.9947,15.8438,-96.236
140,5.9947,15.9375,-95.253
141,6.0373,0.0,-69.721
141,6.0373,0.0938,-80.189
141,6.0373,0.1875,-40.148
141,6.0373,0.2812,-73.865
141,6.0373,0.375,-59.138
141,6.0373,0.4688,-67.14
141,6.0373,0.5625,-56.243
141,6.0373,0.6562,-54.922
141,6.0373,0.75,-67.389
141,6.0373,0.8438,-49.315
141,6.0373,0.9375,-63.436
141,6.0373,1.0312,-49.63
141,6.0373,1.125,-69.72
141,6.0373,1.2188,-54.714
141,6.0373,1.3125,-73.756
141,6.0373,1.4062,-63.136
141,6.0373,1.5,-70.421
141,6.0373,1.5938,-84.367
141,6.0373,1.6875,-54.376
141,6.0373,1.7812,-69.8
141,6.0373,1.875,-49.029
141,6.0373,1.9688,-86.408
141,6.0373,2.0625,-54.471
141,6.0373,2.1562,-85.884
141,6.0373,2.25,-56.491
141,6.0373,2.3438,-76.83
141,6.0373,2.4375,-72.666
141,6.0373,2.5312,-77.989
141,6.0373,2.625,-85.022
141,6.0373,2.7188,-67.569
141,6.0373,2.8125,-79.502
141,6.0373,2.9062,-59.534
141,6.0373,3.0,-88.008
141,6.0373,3.0938,-63.713
141,6.0373,3.1875,-85.422
141,6.0373,3.2812,-72.274
141,6.0373,3.375,-93.98
141,6.0373,3.4688,-91.915
141,6.0373,3.5625,-88.209
141,6.0373,3.6562,-87.777
141,6.0373,3.75,-79.463
141,6.0373,3.8438,-97.28
141,6.0373,3.9375,-68.04
141,6.0373,4.0312,-98.175
141,6.0373,4.125,-81.617
141,6.0373,4.2188,-99.713
141,6.0373,4.3125,-74.54
141,6.0373,4.4062,-93.715
141,6.0373,4.5,-86.941
141,6.0373,4.5938,-90.354
141,6.0373,4.6875,-82.946
141,6.0373,4.7812,-72.352
141,6.0373,4.875,-79.517
141,6.0373,4.9688,-67.406
141,6.0373,5.0625,-79.308
141,6.0373,5.1562,-56.949
141,6.0373,5.25,-77.257
141,6.0373,5.3438,-61.177
141,6.0373,5.4375,-80.635
141,6.0373,5.5312,-73.721
141,6.0373,5.625,-92.094
141,6.0373,5.7188,-74.945
141,6.0373,5.8125,-68.758
141,6.0373,5.9062,-87.663
141,6.0373,6.0,-74.194
141,6.0373,6.0938,-85.136
141,6.0373,6.1875,-54.69
141,6.0373,6.2812,-67.432
141,6.0373,6.375,-58.639
141,6.0373,6.4688,-66.344
141,6.0373,6.5625,-63.532
141,6.0373,6.6562,-90.841
141,6.0373,6.75,-76.708
141,6.0373,6.8438,-61.545
141,6.0373,6.9375,-69.767
141,6.0373,7.0312,-58.126
141,6.0373,7.125,-82.075
141,6.0373,7.2188,-61.594
141,6.0373,7.3125,-80.055
141,6.0373,7.4062,-67.03
141,6.0373,7.5,-73.289
141,6.0373,7.5938,-74.235
141,6.0373,7.6875,-79.434
141,6.0373,7.7812,-87.476
141,6.0373,7.875,-75.36
141,6.0373,7.9688,-76.406
141,6.0373,8.0625,-67.562
141,6.0373,8.1562,-72.832
141,6.0373,8.25,-72.075
141,6.0373,8.3438,-73.803
141,6.0373,8.4375,-70.099
141,6.0373,8.5312,-70.656
141,6.0373,8.625,-72.832
141,6.0373,8.7188,-79.841
141,6.0373,8.8125,-75.623
141,6.0373,8.9062,-69.575
141,6.0373,9.0,-75.141
141,6.0373,9.0938,-64.808
141,6.0373,9.1875,-80.999
141,6.0373,9.2812,-74.238
141,6.0373,9.375,-69.192
141,6.0373,9.4688,-83.272
141,6.0373,9.5625,-78.725
141,6.0373,9.6562,-78.366
141,6.0373,9.75,-86.637
141,6.0373,9.8438,-83.353
141,6.0373,9.9375,-90.62
141,6.0373,10.0312,-87.066
141,6.0373,10.125,-79.279
141,6.0373,10.2188,-78.277
141,6.0373,10.3125,-85.199
141,6.0373,10.4062,-83.436
141,6.0373,10.5,-74.763
141,6.0373,10.5938,-86.103
141,6.0373,10.6875,-84.537
141,6.0373,10.7812,-81.899
141,6.0373,10.875,-81.253
141,6.0373,10.9688,-87.863
141,6.0373,11.0625,-82.188
141,6.0373,11.1562,-84.365
141,6.0373,11.25,-85.344
141,6.0373,11.3438,-87.416
141,6.0373,11.4375,-80.863
141,6.0373,11.5312,-78.723
141,6.0373,11.625,-85.056
141,6.0373,11.7188,-91.695
141,6.0373,11.8125,-83.828
141,6.0373,11.9062,-87.718
141,6.0373,12.0,-77.726
141,6.0373,12.0938,-81.421
141,6.0373,12.1875,-77.475
141,6.0373,12.2812,-79.935
141,6.0373,12.375,-87.698
141,6.0373,12.4688,-84.364
141,6.0373,12.5625,-85.47
141,6.0373,12.6562,-77.962
141,6.0373,12.75,-84.949
141,6.0373,12.8438,-84.024
141,6.0373,12.9375,-85.653
141,6.0373,13.0312,-74.158
141,6.0373,13.125,-76.694
141,6.0373,13.2188,-72.333
141,6.0373,13.3125,-85.397
141,6.0373,13.4062,-74.685
141,6.0373,13.5,-74.172
141,6.0373,13.5938,-73.256
141,6.0373,13.6875,-74.982
141,6.0373,13.7812,-85.835
141,6.0373,13.875,-80.406
141,6.0373,13.9688,-92.184
141,6.0373,14.0625,-94.907
141,6.0373,14.1562,-96.699
141,6.0373,14.25,-96.426
141,6.0373,14.3438,-98.037
141,6.0373,14.4375,-95.727
141,6.0373,14.5312,-93.144
141,6.0373,14.625,-91.67
141,6.0373,14.7188,-92.675
141,6.0373,14.8125,-89.979
141,6.0373,14.9062,-92.366
141,6.0373,15.0,-99.335
141,6.0373,15.0938,-94.853
141,6.0373,15.1875,-85.577
141,6.0373,15.2812,-86.974
141,6.0373,15.375,-86.51
141,6.0373,15.4688,-93.817
141,6.0373,15.5625,-90.292
141,6.0373,15.6562,-99.89
141,6.0373,15.75,-93.848
141,6.0373,15.8438,-99.765
141,6.0373,15.9375,-97.706
142,6.08,0.0,-62.626
142,6.08,0.0938,-85.98
142,6.08,0.1875,-38.718
142,6.08,0.2812,-84.783
142,6.08,0.375,-56.808
142,6.08,0.4688,-74.429
142,6.08,0.5625,-59.473
142,6.08,0.6562,-55.524
142,6.08,0.75,-77.561
142,6.08,0.8438,-51.4
142,6.08,0.9375,-69.633
142,6.08,1.0312,-48.643
142,6.08,1.125,-73.456
142,6.08,1.2188,-55.236
142,6.08,1.3125,-73.681
142,6.08,1.4062,-57.253
142,6.08,1.5,-69.105
142,6.08,1.5938,-66.213
142,6.08,1.6875,-61.179
142,6.08,1.7812,-76.292
142,6.08,1.875,-53.006
142,6.08,1.9688,-85.179
142,6.08,2.0625,-57.749
142,6.08,2.1562,-86.941
142,6.08,2.25,-58.877
142,6.08,2.3438,-83.313
142,6.08,2.4375,-73.751
142,6.08,2.5312,-84.929
142,6.08,2.625,-85.847
142,6.08,2.7188,-75.436
142,6.08,2.8125,-83.603
142,6.08,2.9062,-66.586
142,6.08,3.0,-88.217
142,6.08,3.0938,-69.488
142,6.08,3.1875,-89.587
142,6.08,3.2812,-75.213
142,6.08,3.375,-94.489
142,6.08,3.4688,-95.409
142,6.08,3.5625,-87.78
142,6.08,3.6562,-96.704
142,6.08,3.75,-86.247
142,6.08,3.8438,-87.801
142,6.08,3.9375,-75.265
142,6.08,4.0312,-90.336
142,6.08,4.125,-86.222
142,6.08,4.2188,-98.061
142,6.08,4.3125,-78.298
142,6.08,4.4062,-87.911
142,6.08,4.5,-89.554
142,6.08,4.5938,-93.569
142,6.08,4.6875,-89.3
142,6.08,4.7812,-88.564
142,6.08,4.875,-83.034
142,6.08,4.9688,-71.95
142,6.08,5.0625,-79.852
142,6.08,5.1562,-69.08
142,6.08,5.25,-81.608
142,6.08,5.3438,-66.894
142,6.08,5.4375,-73.573
142,6.08,5.5312,-74.398
142,6.08,5.625,-79.274
142,6.08,5.7188,-85.183
142,6.08,5.8125,-79.184
142,6.08,5.9062,-79.555
142,6.08,6.0,-73.219
142,6.08,6.0938,-89.79
142,6.08,6.1875,-66.213
142,6.08,6.2812,-75.289
142,6.08,6.375,-57.45
142,6.08,6.4688,-71.857
142,6.08,6.5625,-68.16
142,6.08,6.6562,-76.51
142,6.08,6.75,-72.926
142,6.08,6.8438,-70.973
142,6.08,6.9375,-89.32
142,6.08,7.0312,-65.081
142,6.08,7.125,-94.457
142,6.08,7.2188,-69.639
142,6.08,7.3125,-75.894
142,6.08,7.4062,-76.24
142,6.08,7.5,-80.712
142,6.08,7.5938,-92.3
142,6.08,7.6875,-78.62
142,6.08,7.7812,-91.104
142,6.08,7.875,-75.419
142,6.08,7.9688,-94.551
142,6.08,8.0625,-78.128
142,6.08,8.1562,-84.042
142,6.08,8.25,-80.581
142,6.08,8.3438,-81.381
142,6.08,8.4375,-73.371
142,6.08,8.5312,-80.188
142,6.08,8.625,-74.075
142,6.08,8.7188,-79.251
142,6.08,8.8125,-77.837
142,6.08,8.9062,-77.915
142,6.08,9.0,-75.495
142,6.08,9.0938,-76.096
142,6.08,9.1875,-76.371
142,6.08,9.2812,-69.64
142,6.08,9.375,-79.46
142,6.08,9.4688,-66.922
142,6.08,9.5625,-80.278
142,6.08,9.6562,-77.655
142,6.08,9.75,-73.665
142,6.08,9.8438,-73.803
142,6.08,9.9375,-83.685
142,6.08,10.0312,-77.176
142,6.08,10.125,-86.907
142,6.08,10.2188,-84.616
142,6.08,10.3125,-83.585
142,6.08,10.4062,-86.38
142,6.08,10.5,-76.193
142,6.08,10.5938,-86.49
142,6.08,10.6875,-80.389
142,6.08,10.7812,-83.889
142,6.08,10.875,-84.672
142,6.08,10.9688,-86.318
142,6.08,11.0625,-92.062
142,6.08,11.1562,-83.261
142,6.08,11.25,-99.717
142,6.08,11.3438,-84.823
142,6.08,11.4375,-81.513
142,6.08,11.5312,-83.152
142,6.08,11.625,-84.753
142,6.08,11.7188,-80.837
142,6.08,11.8125,-81.235
142,6.08,11.9062,-83.026
142,6.08,12.0,-85.84
142,6.08,12.0938,-92.28
142,6.08,12.1875,-79.393
142,6.08,12.2812,-79.904
142,6.08,12.375,-82.601
142,6.08,12.4688,-76.414
142,6.08,12.5625,-92.019
142,6.08,12.6562,-89.402
142,6.08,12.75,-87.402
142,6.08,12.8438,-81.872
142,6.08,12.9375,-90.876
142,6.08,13.0312,-84.737
142,6.08,13.125,-95.314
142,6.08,13.2188,-81.926
142,6.08,13.3125,-90.696
142,6.08,13.4062,-75.867
142,6.08,13.5,-87.489
142,6.08,13.5938,-78.986
142,6.08,13.6875,-87.236
142,6.08,13.7812,-85.08
142,6.08,13.875,-75.459
142,6.08,13.9688,-87.811
142,6.08,14.0625,-92.421
142,6.08,14.1562,-97.065
142,6.08,14.25,-91.477
142,6.08,14.3438,-92.475
142,6.08,14.4375,-89.961
142,6.08,14.5312,-94.623
142,6.08,14.625,-97.84
142,6.08,14.7188,-95.507
142,6.08,14.8125,-90.798
142,6.08,14.9062,-86.876
142,6.08,15.0,-94.128
142,6.08,15.0938,-98.459
142,6.08,15.1875,-86.047
142,6.08,15.2812,-92.68
142,6.08,15.375,-86.226
142,6.08,15.4688,-97.715
142,6.08,15.5625,-91.5
142,6.08,15.6562,-93.034
142,6.08,15.75,-90.18
142,6.08,15.8438,-95.84
142,6.08,15.9375,-92.481
143,6.1227,0.0,-98.953
143,6.1227,0.0938,-71.548
143,6.1227,0.1875,-37.049
143,6.1227,0.2812,-52.62
143,6.1227,0.375,-65.204
143,6.1227,0.4688,-77.195
143,6.1227,0.5625,-65.315
143,6.1227,0.6562,-65.942
143,6.1227,0.75,-84.407
143,6.1227,0.8438,-58.243
143,6.1227,0.9375,-78.676
143,6.1227,1.0312,-58.663
143,6.1227,1.125,-73.889
143,6.1227,1.2188,-79.529
143,6.1227,1.3125,-78.673
143,6.1227,1.4062,-79.091
143,6.1227,1.5,-68.752
143,6.1227,1.5938,-77.976
143,6.1227,1.6875,-60.384
143,6.1227,1.7812,-79.409
143,6.1227,1.875,-60.265
143,6.1227,1.9688,-86.294
143,6.1227,2.0625,-65.646
143,6.1227,2.1562,-88.135
143,6.1227,2.25,-82.233
143,6.1227,2.3438,-90.055
143,6.1227,2.4375,-76.805
143,6.1227,2.5312,-59.601
143,6.1227,2.625,-98.177
143,6.1227,2.7188,-59.566
143,6.1227,2.8125,-84.186
143,6.1227,2.9062,-71.701
143,6.1227,3.0,-86.794
143,6.1227,3.0938,-85.775
143,6.1227,3.1875,-98.981
143,6.1227,3.2812,-82.343
143,6.1227,3.375,-85.382
143,6.1227,3.4688,-91.445
143,6.1227,3.5625,-77.345
143,6.1227,3.6562,-93.398
143,6.1227,3.75,-81.419
143,6.1227,3.8438,-94.695
143,6.1227,3.9375,-87.256
143,6.1227,4.0312,-91.103
143,6.1227,4.125,-94.169
143,6.1227,4.2188,-91.498
143,6.1227,4.3125,-94.733
143,6.1227,4.4062,-87.306
143,6.1227,4.5,-92.01
143,6.1227,4.5938,-87.868
143,6.1227,4.6875,-93.209
143,6.1227,4.7812,-84.784
143,6.1227,4.875,-98.826
143,6.1227,4.9688,-92.793
143,6.1227,5.0625,-94.647
143,6.1227,5.1562,-89.503
143,6.1227,5.25,-99.818
143,6.1227,5.3438,-83.622
143,6.1227,5.4375,-72.146
143,6.1227,5.5312,-89.059
143,6.1227,5.625,-73.732
143,6.1227,5.7188,-93.959
143,6.1227,5.8125,-87.272
143,6.1227,5.9062,-98.777
143,6.1227,6.0,-96.543
143,6.1227,6.0938,-94.853
143,6.1227,6.1875,-86.537
143,6.1227,6.2812,-81.054
143,6.1227,6.375,-82.973
143,6.1227,6.4688,-84.699
143,6.1227,6.5625,-91.344
143,6.1227,6.6562,-88.14
143,6.1227,6.75,-95.034
143,6.1227,6.8438,-87.455
143,6.1227,6.9375,-93.603
143,6.1227,7.0312,-87.393
143,6.1227,7.125,-99.73
143,6.1227,7.2188,-88.663
143,6.1227,7.3125,-89.372
143,6.1227,7.4062,-93.394
143,6.1227,7.5,-90.859
143,6.1227,7.5938,-93.734
143,6.1227,7.6875,-93.354
143,6.1227,7.7812,-92.137
143,6.1227,7.875,-98.809
143,6.1227,7.9688,-99.759
143,6.1227,8.0625,-94.5
143,6.1227,8.1562,-89.133
143,6.1227,8.25,-91.321
143,6.1227,8.3438,-82.825
143,6.1227,8.4375,-92.826
143,6.1227,8.5312,-83.892
143,6.1227,8.625,-91.133
143,6.1227,8.7188,-87.866
143,6.1227,8.8125,-91.715
143,6.1227,8.9062,-90.758
143,6.1227,9.0,-83.314
143,6.1227,9.0938,-91.567
143,6.1227,9.1875,-88.333
143,6.1227,9.2812,-87.527
143,6.1227,9.375,-84.92
143,6.1227,9.4688,-82.925
143,6.1227,9.5625,-99.111
143,6.1227,9.6562,-83.358
143,6.1227,9.75,-89.16
143,6.1227,9.8438,-94.584
143,6.1227,9.9375,-88.272
143,6.1227,10.0312,-80.283
143,6.1227,10.125,-89.535
143,6.1227,10.2188,-84.544
143,6.1227,10.3125,-85.6
143,6.1227,10.4062,-81.667
143,6.1227,10.5,-80.442
143,6.1227,10.5938,-91.386
143,6.1227,10.6875,-82.07
143,6.1227,10.7812,-98.902
143,6.1227,10.875,-88.111
143,6.1227,10.9688,-96.224
143,6.1227,11.0625,-96.645
143,6.1227,11.1562,-97.952
143,6.1227,11.25,-97.596
143,6.1227,11.3438,-97.248
143,6.1227,11.4375,-92.101
143,6.1227,11.5312,-86.905
143,6.1227,11.625,-97.149
143,6.1227,11.7188,-93.984
143,6.1227,11.8125,-93.563
143,6.1227,11.9062,-86.337
143,6.1227,12.0,-98.148
143,6.1227,12.0938,-87.95
143,6.1227,12.1875,-93.154
143,6.1227,12.2812,-83.776
143,6.1227,12.375,-82.522
143,6.1227,12.4688,-94.601
143,6.1227,12.5625,-95.676
143,6.1227,12.6562,-98.621
143,6.1227,12.75,-91.154
143,6.1227,12.8438,-99.204
143,6.1227,12.9375,-82.896
143,6.1227,13.0312,-88.398
143,6.1227,13.125,-90.715
143,6.1227,13.2188,-94.164
143,6.1227,13.3125,-92.543
143,6.1227,13.4062,-91.571
143,6.1227,13.5,-92.72
143,6.1227,13.5938,-98.139
143,6.1227,13.6875,-99.687
143,6.1227,13.7812,-97.271
143,6.1227,13.875,-99.874
143,6.1227,13.9688,-99.269
143,6.1227,14.0625,-98.853
143,6.1227,14.1562,-97.204
143,6.1227,14.25,-97.031
143,6.1227,14.3438,-94.391
143,6.1227,14.4375,-97.057
143,6.1227,14.5312,-91.61
143,6.1227,14.625,-88.89
143,6.1227,14.7188,-91.456
143,6.1227,14.8125,-91.304
143,6.1227,14.9062,-94.481
143,6.1227,15.0,-98.128
143,6.1227,15.0938,-95.744
143,6.1227,15.1875,-95.495
143,6.1227,15.2812,-90.471
143,6.1227,15.375,-94.822
143,6.1227,15.4688,-87.86
143,6.1227,15.5625,-98.031
143,6.1227,15.6562,-91.999
143,6.1227,15.75,-99.311
143,6.1227,15.8438,-98.485
143,6.1227,15.9375,-96.376
144,6.1653,0.0,-69.987
144,6.1653,0.0938,-78.226
144,6.1653,0.1875,-35.318
144,6.1653,0.2812,-74.663
144,6.1653,0.375,-53.589
144,6.1653,0.4688,-69.082
144,6.1653,0.5625,-59.193
144,6.1653,0.6562,-61.865
144,6.1653,0.75,-78.632
144,6.1653,0.8438,-49.123
144,6.1653,0.9375,-60.768
144,6.1653,1.0312,-60.868
144,6.1653,1.125,-81.602
144,6.1653,1.2188,-66.626
144,6.1653,1.3125,-73.266
144,6.1653,1.4062,-85.865
144,6.1653,1.5,-89.288
144,6.1653,1.5938,-74.414
144,6.1653,1.6875,-69.676
144,6.1653,1.7812,-79.069
144,6.1653,1.875,-56.046
144,6.1653,1.9688,-82.145
144,6.1653,2.0625,-70.312
144,6.1653,2.1562,-83.728
144,6.1653,2.25,-74.328
144,6.1653,2.3438,-83.609
144,6.1653,2.4375,-72.862
144,6.1653,2.5312,-70.136
144,6.1653,2.625,-84.061
144,6.1653,2.7188,-63.518
144,6.1653,2.8125,-95.066
144,6.1653,2.9062,-65.722
144,6.1653,3.0,-90.372
144,6.1653,3.0938,-84.516
144,6.1653,3.1875,-94.409
144,6.1653,3.2812,-96.491
144,6.1653,3.375,-93.341
144,6.1653,3.4688,-86.123
144,6.1653,3.5625,-86.36
144,6.1653,3.6562,-86.16
144,6.1653,3.75,-79.874
144,6.1653,3.8438,-99.654
144,6.1653,3.9375,-82.245
144,6.1653,4.0312,-88.534
144,6.1653,4.125,-90.871
144,6.1653,4.2188,-92.9
144,6.1653,4.3125,-95.116
144,6.1653,4.4062,-90.081
144,6.1653,4.5,-93.902
144,6.1653,4.5938,-83.471
144,6.1653,4.6875,-99.797
144,6.1653,4.7812,-83.453
144,6.1653,4.875,-88.978
144,6.1653,4.9688,-89.73
144,6.1653,5.0625,-92.998
144,6.1653,5.1562,-98.737
144,6.1653,5.25,-89.669
144,6.1653,5.3438,-95.6
144,6.1653,5.4375,-85.947
144,6.1653,5.5312,-92.859
144,6.1653,5.625,-82.408
144,6.1653,5.7188,-89.205
144,6.1653,5.8125,-87.589
144,6.1653,5.9062,-99.871
144,6.1653,6.0,-91.642
144,6.1653,6.0938,-97.281
144,6.1653,6.1875,-97.46
144,6.1653,6.2812,-87.666
144,6.1653,6.375,-93.565
144,6.1653,6.4688,-82.895
144,6.1653,6.5625,-93.613
144,6.1653,6.6562,-82.251
144,6.1653,6.75,-85.777
144,6.1653,6.8438,-84.709
144,6.1653,6.9375,-88.234
144,6.1653,7.0312,-88.632
144,6.1653,7.125,-86.196
144,6.1653,7.2188,-88.961
144,6.1653,7.3125,-94.816
144,6.1653,7.4062,-89.01
144,6.1653,7.5,-90.316
144,6.1653,7.5938,-90.772
144,6.1653,7.6875,-87.521
144,6.1653,7.7812,-91.568
144,6.1653,7.875,-90.724
144,6.1653,7.9688,-96.33
144,6.1653,8.0625,-90.025
144,6.1653,8.1562,-97.093
144,6.1653,8.25,-88.577
144,6.1653,8.3438,-79.806
144,6.1653,8.4375,-85.105
144,6.1653,8.5312,-83.411
144,6.1653,8.625,-94.114
144,6.1653,8.7188,-88.936
144,6.1653,8.8125,-89.282
144,6.1653,8.9062,-90.782
144,6.1653,9.0,-79.841
144,6.1653,9.0938,-93.11
144,6.1653,9.1875,-84.298
144,6.1653,9.2812,-84.123
144,6.1653,9.375,-75.974
144,6.1653,9.4688,-75.97
144,6.1653,9.5625,-80.123
144,6.1653,9.6562,-87.943
144,6.1653,9.75,-81.567
144,6.1653,9.8438,-76.594
144,6.1653,9.9375,-83.84
144,6.1653,10.0312,-90.734
144,6.1653,10.125,-84.103
144,6.1653,10.2188,-86.344
144,6.1653,10.3125,-98.545
144,6.1653,10.4062,-84.921
144,6.1653,10.5,-98.972
144,6.1653,10.5938,-80.924
144,6.1653,10.6875,-92.248
144,6.1653,10.7812,-82.977
144,6.1653,10.875,-91.637
144,6.1653,10.9688,-88.697
144,6.1653,11.0625,-92.812
144,6.1653,11.1562,-85.969
144,6.1653,11.25,-97.504
144,6.1653,11.3438,-93.926
144,6.1653,11.4375,-86.699
144,6.1653,11.5312,-96.945
144,6.1653,11.625,-88.028
144,6.1653,11.7188,-92.492
144,6.1653,11.8125,-90.027
144,6.1653,11.9062,-97.881
144,6.1653,12.0,-90.967
144,6.1653,12.0938,-86.212
144,6.1653,12.1875,-86.336
144,6.1653,12.2812,-85.553
144,6.1653,12.375,-86.894
144,6.1653,12.4688,-93.189
144,6.1653,12.5625,-84.99
144,6.1653,12.6562,-92.799
144,6.1653,12.75,-83.264
144,6.1653,12.8438,-83.254
144,6.1653,12.9375,-81.408
144,6.1653,13.0312,-82.764
144,6.1653,13.125,-81.339
144,6.1653,13.2188,-97.062
144,6.1653,13.3125,-86.24
144,6.1653,13.4062,-92.402
144,6.1653,13.5,-91.922
144,6.1653,13.5938,-89.102
144,6.1653,13.6875,-86.484
144,6.1653,13.7812,-95.869
144,6.1653,13.875,-97.957
144,6.1653,13.9688,-96.406
144,6.1653,14.0625,-99.441
144,6.1653,14.1562,-95.212
144,6.1653,14.25,-97.717
144,6.1653,14.3438,-90.733
144,6.1653,14.4375,-98.219
144,6.1653,14.5312,-95.03
144,6.1653,14.625,-98.235
144,6.1653,14.7188,-86.129
144,6.1653,14.8125,-98.431
144,6.1653,14.9062,-87.574
144,6.1653,15.0,-95.037
144,6.1653,15.0938,-91.269
144,6.1653,15.1875,-89.401
144,6.1653,15.2812,-95.258
144,6.1653,15.375,-97.305
144,6.1653,15.4688,-99.728
144,6.1653,15.5625,-94.937
144,6.1653,15.6562,-93.766
144,6.1653,15.75,-94.077
144,6.1653,15.8438,-98.601
144,6.1653,15.9375,-98.101
145,6.208,0.0,-64.976
145,6.208,0.0938,-80.72
145,6.208,0.1875,-37.294
145,6.208,0.2812,-77.336
145,6.208,0.375,-57.516
145,6.208,0.4688,-70.383
145,6.208,0.5625,-50.74
145,6.208,0.6562,-53.885
145,6.208,0.75,-70.693
145,6.208,0.8438,-44.601
145,6.208,0.9375,-59.36
145,6.208,1.0312,-41.741
145,6.208,1.125,-72.282
145,6.208,1.2188,-61.9
145,6.208,1.3125,-68.135
145,6.208,1.4062,-72.631
145,6.208,1.5,-69.751
145,6.208,1.5938,-75.841
145,6.208,1.6875,-64.889
145,6.208,1.7812,-72.732
145,6.208,1.875,-55.396
145,6.208,1.9688,-87.709
145,6.208,2.0625,-75.007
145,6.208,2.1562,-92.184
145,6.208,2.25,-63.506
145,6.208,2.3438,-93.148
145,6.208,2.4375,-63.121
145,6.208,2.5312,-77.89
145,6.208,2.625,-74.218
145,6.208,2.7188,-79.543
145,6.208,2.8125,-83.057
145,6.208,2.9062,-77.859
145,6.208,3.0,-88.115
145,6.208,3.0938,-82.608
145,6.208,3.1875,-97.954
145,6.208,3.2812,-73.263
145,6.208,3.375,-85.202
145,6.208,3.4688,-70.711
145,6.208,3.5625,-88.186
145,6.208,3.6562,-84.808
145,6.208,3.75,-86.072
145,6.208,3.8438,-92.055
145,6.208,3.9375,-86.363
145,6.208,4.0312,-93.177
145,6.208,4.125,-81.402
145,6.208,4.2188,-95.473
145,6.208,4.3125,-97.321
145,6.208,4.4062,-97.903
145,6.208,4.5,-88.152
145,6.208,4.5938,-97.128
145,6.208,4.6875,-96.387
145,6.208,4.7812,-98.703
145,6.208,4.875,-94.789
145,6.208,4.9688,-97.84
145,6.208,5.0625,-95.5
145,6.208,5.1562,-85.229
145,6.208,5.25,-86.261
145,6.208,5.3438,-82.136
145,6.208,5.4375,-91.968
145,6.208,5.5312,-84.397
145,6.208,5.625,-97.183
145,6.208,5.7188,-84.747
145,6.208,5.8125,-93.275
145,6.208,5.9062,-87.561
145,6.208,6.0,-96.297
145,6.208,6.0938,-94.044
145,6.208,6.1875,-91.326
145,6.208,6.2812,-91.756
145,6.208,6.375,-86.622
145,6.208,6.4688,-80.541
145,6.208,6.5625,-84.419
145,6.208,6.6562,-83.044
145,6.208,6.75,-82.648
145,6.208,6.8438,-93.003
145,6.208,6.9375,-86.615
145,6.208,7.0312,-95.861
145,6.208,7.125,-73.865
145,6.208,7.2188,-74.692
145,6.208,7.3125,-78.354
145,6.208,7.4062,-79.053
145,6.208,7.5,-76.348
145,6.208,7.5938,-66.337
145,6.208,7.6875,-75.103
145,6.208,7.7812,-68.805
145,6.208,7.875,-83.921
145,6.208,7.9688,-79.403
145,6.208,8.0625,-73.085
145,6.208,8.1562,-74.192
145,6.208,8.25,-82.461
145,6.208,8.3438,-85.421
145,6.208,8.4375,-83.809
145,6.208,8.5312,-92.469
145,6.208,8.625,-90.506
145,6.208,8.7188,-90.474
145,6.208,8.8125,-91.57
145,6.208,8.9062,-92.399
145,6.208,9.0,-89.613
145,6.208,9.0938,-89.718
145,6.208,9.1875,-87.042
145,6.208,9.2812,-83.059
145,6.208,9.375,-83.098
145,6.208,9.4688,-73.416
145,6.208,9.5625,-76.066
145,6.208,9.6562,-75.394
145,6.208,9.75,-75.037
145,6.208,9.8438,-77.646
145,6.208,9.9375,-79.062
145,6.208,10.0312,-78.443
145,6.208,10.125,-93.439
145,6.208,10.2188,-86.199
145,6.208,10.3125,-86.72
145,6.208,10.4062,-93.672
145,6.208,10.5,-97.691
145,6.208,10.5938,-96.029
145,6.208,10.6875,-91.501
145,6.208,10.7812,-95.922
145,6.208,10.875,-98.706
145,6.208,10.9688,-95.019
145,6.208,11.0625,-80.866
145,6.208,11.1562,-91.063
145,6.208,11.25,-83.252
145,6.208,11.3438,-91.318
145,6.208,11.4375,-81.077
145,6.208,11.5312,-83.327
145,6.208,11.625,-86.311
145,6.208,11.7188,-85.293
145,6.208,11.8125,-85.83
145,6.208,11.9062,-85.711
145,6.208,12.0,-88.827
145,6.208,12.0938,-89.738
145,6.208,12.1875,-92.403
145,6.208,12.2812,-91.228
145,6.208,12.375,-84.663
145,6.208,12.4688,-96.558
145,6.208,12.5625,-91.557
145,6.208,12.6562,-85.771
145,6.208,12.75,-83.868
145,6.208,12.8438,-79.749
145,6.208,12.9375,-72.565
145,6.208,13.0312,-77.95
145,6.208,13.125,-78.323
145,6.208,13.2188,-88.777
145,6.208,13.3125,-86.416
145,6.208,13.4062,-80.682
145,6.208,13.5,-78.563
145,6.208,13.5938,-82.47
145,6.208,13.6875,-87.52
145,6.208,13.7812,-82.234
145,6.208,13.875,-87.474
145,6.208,13.9688,-81.236
145,6.208,14.0625,-86.599
145,6.208,14.1562,-82.787
145,6.208,14.25,-89.532
145,6.208,14.3438,-87.344
145,6.208,14.4375,-98.849
145,6.208,14.5312,-91.268
145,6.208,14.625,-99.026
145,6.208,14.7188,-99.097
145,6.208,14.8125,-95.409
145,6.208,14.9062,-99.335
145,6.208,15.0,-88.761
145,6.208,15.0938,-98.207
145,6.208,15.1875,-91.123
145,6.208,15.2812,-92.779
145,6.208,15.375,-86.686
145,6.208,15.4688,-86.669
145,6.208,15.5625,-86.735
145,6.208,15.6562,-90.607
145,6.208,15.75,-91.095
145,6.208,15.8438,-89.87
145,6.208,15.9375,-92.94
146,6.2507,0.0,-77.028
146,6.2507,0.0938,-86.014
146,6.2507,0.1875,-38.4
146,6.2507,0.2812,-77.348
146,6.2507,0.375,-52.683
146,6.2507,0.4688,-77.379
146,6.2507,0.5625,-53.288
146,6.2507,0.6562,-57.3
146,6.2507,0.75,-65.598
146,6.2507,0.8438,-50.996
146,6.2507,0.9375,-60.837
146,6.2507,1.0312,-41.87
146,6.2507,1.125,-74.61
146,6.2507,1.2188,-61.348
146,6.2507,1.3125,-67.56
146,6.2507,1.4062,-58.305
146,6.2507,1.5,-65.942
146,6.2507,1.5938,-70.823
146,6.2507,1.6875,-63.377
146,6.2507,1.7812,-67.031
146,6.2507,1.875,-62.326
146,6.2507,1.9688,-73.074
146,6.2507,2.0625,-71.453
146,6.2507,2.1562,-77.104
146,6.2507,2.25,-69.069
146,6.2507,2.3438,-68.589
146,6.2507,2.4375,-56.468
146,6.2507,2.5312,-72.469
146,6.2507,2.625,-58.373
146,6.2507,2.7188,-92.389
146,6.2507,2.8125,-80.939
146,6.2507,2.9062,-84.863
146,6.2507,3.0,-84.475
146,6.2507,3.0938,-91.513
146,6.2507,3.1875,-81.788
146,6.2507,3.2812,-71.591
146,6.2507,3.375,-69.195
146,6.2507,3.4688,-76.195
146,6.2507,3.5625,-87.689
146,6.2507,3.6562,-73.397
146,6.2507,3.75,-87.644
146,6.2507,3.8438,-74.839
146,6.2507,3.9375,-85.582
146,6.2507,4.0312,-84.345
146,6.2507,4.125,-94.078
146,6.2507,4.2188,-88.999
146,6.2507,4.3125,-90.412
146,6.2507,4.4062,-88.402
146,6.2507,4.5,-95.084
146,6.2507,4.5938,-94.101
146,6.2507,4.6875,-89.723
146,6.2507,4.7812,-88.866
146,6.2507,4.875,-86.693
146,6.2507,4.9688,-94.215
146,6.2507,5.0625,-98.883
146,6.2507,5.1562,-92.214
146,6.2507,5.25,-93.436
146,6.2507,5.3438,-93.077
146,6.2507,5.4375,-94.973
146,6.2507,5.5312,-92.106
146,6.2507,5.625,-97.474
146,6.2507,5.7188,-85.375
146,6.2507,5.8125,-99.534
146,6.2507,5.9062,-75.907
146,6.2507,6.0,-89.827
146,6.2507,6.0938,-96.347
146,6.2507,6.1875,-90.982
146,6.2507,6.2812,-91.307
146,6.2507,6.375,-93.104
146,6.2507,6.4688,-87.099
146,6.2507,6.5625,-92.329
146,6.2507,6.6562,-84.845
146,6.2507,6.75,-79.613
146,6.2507,6.8438,-80.573
146,6.2507,6.9375,-65.431
146,6.2507,7.0312,-90.381
146,6.2507,7.125,-74.131
146,6.2507,7.2188,-87.88
146,6.2507,7.3125,-81.075
146,6.2507,7.4062,-90.734
146,6.2507,7.5,-79.798
146,6.2507,7.5938,-78.478
146,6.2507,7.6875,-77.983
146,6.2507,7.7812,-74.965
146,6.2507,7.875,-79.253
146,6.2507,7.9688,-74.468
146,6.2507,8.0625,-76.735
146,6.2507,8.1562,-73.695
146,6.2507,8.25,-86.043
146,6.2507,8.3438,-81.542
146,6.2507,8.4375,-95.092
146,6.2507,8.5312,-89.197
146,6.2507,8.625,-91.807
146,6.2507,8.7188,-85.082
146,6.2507,8.8125,-85.551
146,6.2507,8.9062,-88.009
146,6.2507,9.0,-85.689
146,6.2507,9.0938,-95.223
146,6.2507,9.1875,-78.532
146,6.2507,9.2812,-81.601
146,6.2507,9.375,-72.779
146,6.2507,9.4688,-82.782
146,6.2507,9.5625,-67.424
146,6.2507,9.6562,-86.579
146,6.2507,9.75,-80.383
146,6.2507,9.8438,-89.777
146,6.2507,9.9375,-78.373
146,6.2507,10.0312,-76.029
146,6.2507,10.125,-74.319
146,6.2507,10.2188,-84.045
146,6.2507,10.3125,-80.685
146,6.2507,10.4062,-73.076
146,6.2507,10.5,-75.988
146,6.2507,10.5938,-68.692
146,6.2507,10.6875,-74.934
146,6.2507,10.7812,-77.348
146,6.2507,10.875,-81.021
146,6.2507,10.9688,-82.922
146,6.2507,11.0625,-99.808
146,6.2507,11.1562,-89.894
146,6.2507,11.25,-92.672
146,6.2507,11.3438,-94.154
146,6.2507,11.4375,-91.826
146,6.2507,11.5312,-94.131
146,6.2507,11.625,-94.803
146,6.2507,11.7188,-89.431
146,6.2507,11.8125,-84.723
146,6.2507,11.9062,-96.672
146,6.2507,12.0,-86.24
146,6.2507,12.0938,-86.163
146,6.2507,12.1875,-81.267
146,6.2507,12.2812,-94.694
146,6.2507,12.375,-93.528
146,6.2507,12.4688,-95.853
146,6.2507,12.5625,-83.821
146,6.2507,12.6562,-88.666
146,6.2507,12.75,-79.175
146,6.2507,12.8438,-80.478
146,6.2507,12.9375,-80.66
146,6.2507,13.0312,-76.372
146,6.2507,13.125,-89.188
146,6.2507,13.2188,-75.294
146,6.2507,13.3125,-95.114
146,6.2507,13.4062,-79.509
146,6.2507,13.5,-95.725
146,6.2507,13.5938,-85.279
146,6.2507,13.6875,-94.575
146,6.2507,13.7812,-79.585
146,6.2507,13.875,-88.966
146,6.2507,13.9688,-76.813
146,6.2507,14.0625,-78.995
146,6.2507,14.1562,-84.45
146,6.2507,14.25,-99.194
146,6.2507,14.3438,-93.332
146,6.2507,14.4375,-90.449
146,6.2507,14.5312,-90.684
146,6.2507,14.625,-84.396
146,6.2507,14.7188,-92.901
146,6.2507,14.8125,-87.818
146,6.2507,14.9062,-90.532
146,6.2507,15.0,-97.528
146,6.2507,15.0938,-91.646
146,6.2507,15.1875,-98.792
146,6.2507,15.2812,-97.878
146,6.2507,15.375,-98.418
146,6.2507,15.4688,-94.841
146,6.2507,15.5625,-98.89
146,6.2507,15.6562,-99.325
146,6.2507,15.75,-97.088
146,6.2507,15.8438,-96.3
146,6.2507,15.9375,-99.43
147,6.2933,0.0,-80.139
147,6.2933,0.0938,-82.248
147,6.2933,0.1875,-37.75
147,6.2933,0.2812,-85.138
147,6.2933,0.375,-40.93
147,6.2933,0.4688,-74.894
147,6.2933,0.5625,-36.019
147,6.2933,0.6562,-66.488
147,6.2933,0.75,-42.64
147,6.2933,0.8438,-64.802
147,6.2933,0.9375,-38.143
147,6.2933,1.0312,-70.808
147,6.2933,1.125,-60.754
147,6.2933,1.2188,-80.544
147,6.2933,1.3125,-57.523
147,6.2933,1.4062,-90.827
147,6.2933,1.5,-63.395
147,6.2933,1.5938,-82.381
147,6.2933,1.6875,-77.679
147,6.2933,1.7812,-80.293
147,6.2933,1.875,-60.689
147,6.2933,1.9688,-85.061
147,6.2933,2.0625,-63.703
147,6.2933,2.1562,-87.244
147,6.2933,2.25,-59.538
147,6.2933,2.3438,-75.566
147,6.2933,2.4375,-53.061
147,6.2933,2.5312,-80.199
147,6.2933,2.625,-76.362
147,6.2933,2.7188,-82.824
147,6.2933,2.8125,-74.307
147,6.2933,2.9062,-92.959
147,6.2933,3.0,-75.463
147,6.2933,3.0938,-85.043
147,6.2933,3.1875,-64.174
147,6.2933,3.2812,-78.35
147,6.2933,3.375,-71.655
147,6.2933,3.4688,-85.052
147,6.2933,3.5625,-76.161
147,6.2933,3.6562,-92.909
147,6.2933,3.75,-75.21
147,6.2933,3.8438,-95.625
147,6.2933,3.9375,-76.714
147,6.2933,4.0312,-98.334
147,6.2933,4.125,-82.854
147,6.2933,4.2188,-94.398
147,6.2933,4.3125,-84.197
147,6.2933,4.4062,-99.732
147,6.2933,4.5,-87.889
147,6.2933,4.5938,-94.353
147,6.2933,4.6875,-80.564
147,6.2933,4.7812,-93.867
147,6.2933,4.875,-91.335
147,6.2933,4.9688,-96.352
147,6.2933,5.0625,-99.761
147,6.2933,5.1562,-98.077
147,6.2933,5.25,-86.637
147,6.2933,5.3438,-96.852
147,6.2933,5.4375,-87.674
147,6.2933,5.5312,-90.109
147,6.2933,5.625,-87.46
147,6.2933,5.7188,-91.335
147,6.2933,5.8125,-94.248
147,6.2933,5.9062,-95.997
147,6.2933,6.0,-92.007
147,6.2933,6.0938,-96.291
147,6.2933,6.1875,-82.732
147,6.2933,6.2812,-82.353
147,6.2933,6.375,-79.019
147,6.2933,6.4688,-85.719
147,6.2933,6.5625,-68.698
147,6.2933,6.6562,-74.146
147,6.2933,6.75,-82.25
147,6.2933,6.8438,-78.729
147,6.2933,6.9375,-90.418
147,6.2933,7.0312,-95.229
147,6.2933,7.125,-86.611
147,6.2933,7.2188,-88.858
147,6.2933,7.3125,-81.538
147,6.2933,7.4062,-83.68
147,6.2933,7.5,-75.592
147,6.2933,7.5938,-80.66
147,6.2933,7.6875,-82.722
147,6.2933,7.7812,-94.361
147,6.2933,7.875,-93.808
147,6.2933,7.9688,-90.06
147,6.2933,8.0625,-97.108
147,6.2933,8.1562,-93.687
147,6.2933,8.25,-95.007
147,6.2933,8.3438,-95.685
147,6.2933,8.4375,-98.534
147,6.2933,8.5312,-94.836
147,6.2933,8.625,-90.97
147,6.2933,8.7188,-90.383
147,6.2933,8.8125,-78.757
147,6.2933,8.9062,-89.34
147,6.2933,9.0,-68.244
147,6.2933,9.0938,-71.777
147,6.2933,9.1875,-72.243
147,6.2933,9.2812,-69.366
147,6.2933,9.375,-83.477
147,6.2933,9.4688,-88.479
147,6.2933,9.5625,-89.255
147,6.2933,9.6562,-80.881
147,6.2933,9.75,-77.633
147,6.2933,9.8438,-76.638
147,6.2933,9.9375,-69.003
147,6.2933,10.0312,-68.862
147,6.2933,10.125,-68.907
147,6.2933,10.2188,-77.179
147,6.2933,10.3125,-76.017
147,6.2933,10.4062,-87.821
147,6.2933,10.5,-91.05
147,6.2933,10.5938,-94.345
147,6.2933,10.6875,-87.948
147,6.2933,10.7812,-92.512
147,6.2933,10.875,-93.11
147,6.2933,10.9688,-92.798
147,6.2933,11.0625,-94.719
147,6.2933,11.1562,-96.014
147,6.2933,11.25,-90.441
147,6.2933,11.3438,-94.234
147,6.2933,11.4375,-86.199
147,6.2933,11.5312,-88.778
147,6.2933,11.625,-87.031
147,6.2933,11.7188,-92.603
147,6.2933,11.8125,-88.731
147,6.2933,11.9062,-99.034
147,6.2933,12.0,-90.005
147,6.2933,12.0938,-86.347
147,6.2933,12.1875,-77.302
147,6.2933,12.2812,-76.205
147,6.2933,12.375,-77.257
147,6.2933,12.4688,-77.599
147,6.2933,12.5625,-76.99
147,6.2933,12.6562,-76.768
147,6.2933,12.75,-77.149
147,6.2933,12.8438,-76.956
147,6.2933,12.9375,-77.576
147,6.2933,13.0312,-78.605
147,6.2933,13.125,-73.163
147,6.2933,13.2188,-74.524
147,6.2933,13.3125,-74.11
147,6.2933,13.4062,-79.451
147,6.2933,13.5,-85.815
147,6.2933,13.5938,-91.111
147,6.2933,13.6875,-97.546
147,6.2933,13.7812,-93.719
147,6.2933,13.875,-99.231
147,6.2933,13.9688,-89.396
147,6.2933,14.0625,-89.209
147,6.2933,14.1562,-92.166
147,6.2933,14.25,-88.111
147,6.2933,14.3438,-97.982
147,6.2933,14.4375,-96.114
147,6.2933,14.5312,-97.23
147,6.2933,14.625,-98.466
147,6.2933,14.7188,-97.594
147,6.2933,14.8125,-97.772
147,6.2933,14.9062,-99.621
147,6.2933,15.0,-98.92
147,6.2933,15.0938,-97.718
147,6.2933,15.1875,-96.77
147,6.2933,15.2812,-95.812
147,6.2933,15.375,-96.911
147,6.2933,15.4688,-98.96
147,6.2933,15.5625,-97.564
147,6.2933,15.6562,-99.311
147,6.2933,15.75,-96.76
147,6.2933,15.8438,-97.489
147,6.2933,15.9375,-97.984
148,6.336,0.0,-61.688
148,6.336,0.0938,-79.112
148,6.336,0.1875,-36.869
148,6.336,0.2812,-74.089
148,6.336,0.375,-40.346
148,6.336,0.4688,-80.701
148,6.336,0.5625,-38.107
148,6.336,0.6562,-71.069
148,6.336,0.75,-43.582
148,6.336,0.8438,-61.514
148,6.336,0.9375,-42.231
148,6.336,1.0312,-66.149
148,6.336,1.125,-64.303
148,6.336,1.2188,-73.52
148,6.336,1.3125,-62.348
148,6.336,1.4062,-81.308
148,6.336,1.5,-68.913
148,6.336,1.5938,-93.041
148,6.336,1.6875,-61.103
148,6.336,1.7812,-74.92
148,6.336,1.875,-65.063
148,6.336,1.9688,-87.155
148,6.336,2.0625,-68.314
148,6.336,2.1562,-82.983
148,6.336,2.25,-72.543
148,6.336,2.3438,-75.339
148,6.336,2.4375,-73.789
148,6.336,2.5312,-86.073
148,6.336,2.625,-95.776
148,6.336,2.7188,-79.511
148,6.336,2.8125,-92.394
148,6.336,2.9062,-88.445
148,6.336,3.0,-88.872
148,6.336,3.0938,-85.907
148,6.336,3.1875,-80.882
148,6.336,3.2812,-75.741
148,6.336,3.375,-88.214
148,6.336,3.4688,-83.419
148,6.336,3.5625,-94.814
148,6.336,3.6562,-79.469
148,6.336,3.75,-86.362
148,6.336,3.8438,-80.035
148,6.336,3.9375,-90.791
148,6.336,4.0312,-83.056
148,6.336,4.125,-99.233
148,6.336,4.2188,-82.079
148,6.336,4.3125,-99.119
148,6.336,4.4062,-83.37
148,6.336,4.5,-97.917
148,6.336,4.5938,-81.449
148,6.336,4.6875,-96.394
148,6.336,4.7812,-83.044
148,6.336,4.875,-95.098
148,6.336,4.9688,-93.149
148,6.336,5.0625,-96.115
148,6.336,5.1562,-84.566
148,6.336,5.25,-91.72
148,6.336,5.3438,-86.134
148,6.336,5.4375,-98.976
148,6.336,5.5312,-78.62
148,6.336,5.625,-97.584
148,6.336,5.7188,-87.817
148,6.336,5.8125,-95.586
148,6.336,5.9062,-94.39
148,6.336,6.0,-93.123
148,6.336,6.0938,-90.012
148,6.336,6.1875,-92.461
148,6.336,6.2812,-76.998
148,6.336,6.375,-84.882
148,6.336,6.4688,-67.421
148,6.336,6.5625,-78.165
148,6.336,6.6562,-66.03
148,6.336,6.75,-88.665
148,6.336,6.8438,-75.545
148,6.336,6.9375,-90.284
148,6.336,7.0312,-84.776
148,6.336,7.125,-96.038
148,6.336,7.2188,-94.224
148,6.336,7.3125,-86.543
148,6.336,7.4062,-86.029
148,6.336,7.5,-91.035
148,6.336,7.5938,-88.106
148,6.336,7.6875,-92.841
148,6.336,7.7812,-99.471
148,6.336,7.875,-99.112
148,6.336,7.9688,-95.049
148,6.336,8.0625,-94.354
148,6.336,8.1562,-94.263
148,6.336,8.25,-97.757
148,6.336,8.3438,-94.753
148,6.336,8.4375,-95.994
148,6.336,8.5312,-99.01
148,6.336,8.625,-93.735
148,6.336,8.7188,-95.775
148,6.336,8.8125,-80.999
148,6.336,8.9062,-86.999
148,6.336,9.0,-69.551
148,6.336,9.0938,-83.701
148,6.336,9.1875,-71.885
148,6.336,9.2812,-81.516
148,6.336,9.375,-80.642
148,6.336,9.4688,-95.342
148,6.336,9.5625,-80.35
148,6.336,9.6562,-86.556
148,6.336,9.75,-69.932
148,6.336,9.8438,-85.255
148,6.336,9.9375,-61.648
148,6.336,10.0312,-79.548
148,6.336,10.125,-62.557
148,6.336,10.2188,-99.731
148,6.336,10.3125,-83.74
148,6.336,10.4062,-93.66
148,6.336,10.5,-81.943
148,6.336,10.5938,-92.013
148,6.336,10.6875,-85.062
148,6.336,10.7812,-93.725
148,6.336,10.875,-90.618
148,6.336,10.9688,-90.809
148,6.336,11.0625,-87.044
148,6.336,11.1562,-98.844
148,6.336,11.25,-93.128
148,6.336,11.3438,-94.712
148,6.336,11.4375,-92.238
148,6.336,11.5312,-95.435
148,6.336,11.625,-95.504
148,6.336,11.7188,-94.302
148,6.336,11.8125,-86.807
148,6.336,11.9062,-94.691
148,6.336,12.0,-92.731
148,6.336,12.0938,-90.075
148,6.336,12.1875,-76.201
148,6.336,12.2812,-87.041
148,6.336,12.375,-75.634
148,6.336,12.4688,-87.972
148,6.336,12.5625,-75.653
148,6.336,12.6562,-99.365
148,6.336,12.75,-75.488
148,6.336,12.8438,-95.839
148,6.336,12.9375,-76.037
148,6.336,13.0312,-89.974
148,6.336,13.125,-75.903
148,6.336,13.2188,-79.389
148,6.336,13.3125,-76.411
148,6.336,13.4062,-79.509
148,6.336,13.5,-83.307
148,6.336,13.5938,-94.388
148,6.336,13.6875,-91.618
148,6.336,13.7812,-88.347
148,6.336,13.875,-86.981
148,6.336,13.9688,-84.967
148,6.336,14.0625,-95.491
148,6.336,14.1562,-85.012
148,6.336,14.25,-90.249
148,6.336,14.3438,-94.501
148,6.336,14.4375,-95.986
148,6.336,14.5312,-94.728
148,6.336,14.625,-99.906
148,6.336,14.7188,-96.698
148,6.336,14.8125,-96.612
148,6.336,14.9062,-97.273
148,6.336,15.0,-95.507
148,6.336,15.0938,-97.322
148,6.336,15.1875,-93.739
148,6.336,15.2812,-98.519
148,6.336,15.375,-97.565
148,6.336,15.4688,-99.077
148,6.336,15.5625,-97.504
148,6.336,15.6562,-97.252
148,6.336,15.75,-97.923
148,6.336,15.8438,-97.591
148,6.336,15.9375,-99.314
149,6.3787,0.0,-99.604
149,6.3787,0.0938,-79.17
149,6.3787,0.1875,-36.578
149,6.3787,0.2812,-72.934
149,6.3787,0.375,-42.174
149,6.3787,0.4688,-70.703
149,6.3787,0.5625,-37.462
149,6.3787,0.6562,-71.71
149,6.3787,0.75,-44.516
149,6.3787,0.8438,-66.127
149,6.3787,0.9375,-41.451
149,6.3787,1.0312,-72.99
149,6.3787,1.125,-65.261
149,6.3787,1.2188,-67.888
149,6.3787,1.3125,-60.611
149,6.3787,1.4062,-83.852
149,6.3787,1.5,-69.086
149,6.3787,1.5938,-82.998
149,6.3787,1.6875,-66.91
149,6.3787,1.7812,-78.75
149,6.3787,1.875,-63.358
149,6.3787,1.9688,-90.327
149,6.3787,2.0625,-87.374
149,6.3787,2.1562,-82.237
149,6.3787,2.25,-71.233
149,6.3787,2.3438,-71.761
149,6.3787,2.4375,-62.938
149,6.3787,2.5312,-84.134
149,6.3787,2.625,-81.895
149,6.3787,2.7188,-86.475
149,6.3787,2.8125,-92.135
149,6.3787,2.9062,-86.5
149,6.3787,3.0,-84.821
149,6.3787,3.0938,-93.573
149,6.3787,3.1875,-96.019
149,6.3787,3.2812,-76.983
149,6.3787,3.375,-93.125
149,6.3787,3.4688,-92.081
149,6.3787,3.5625,-90.633
149,6.3787,3.6562,-83.291
149,6.3787,3.75,-91.408
149,6.3787,3.8438,-85.918
149,6.3787,3.9375,-90.877
149,6.3787,4.0312,-82.924
149,6.3787,4.125,-98.413
149,6.3787,4.2188,-84.286
149,6.3787,4.3125,-99.657
149,6.3787,4.4062,-83.142
149,6.3787,4.5,-93.574
149,6.3787,4.5938,-80.667
149,6.3787,4.6875,-97.007
149,6.3787,4.7812,-78.618
149,6.3787,4.875,-99.512
149,6.3787,4.9688,-90.968
149,6.3787,5.0625,-98.238
149,6.3787,5.1562,-91.815
149,6.3787,5.25,-98.565
149,6.3787,5.3438,-89.426
149,6.3787,5.4375,-98.644
149,6.3787,5.5312,-78.534
149,6.3787,5.625,-90.878
149,6.3787,5.7188,-89.146
149,6.3787,5.8125,-95.519
149,6.3787,5.9062,-96.839
149,6.3787,6.0,-97.895
149,6.3787,6.0938,-91.678
149,6.3787,6.1875,-94.638
149,6.3787,6.2812,-89.009
149,6.3787,6.375,-88.0
149,6.3787,6.4688,-78.581
149,6.3787,6.5625,-77.156
149,6.3787,6.6562,-65.415
149,6.3787,6.75,-79.187
149,6.3787,6.8438,-73.732
149,6.3787,6.9375,-91.198
149,6.3787,7.0312,-86.963
149,6.3787,7.125,-96.333
149,6.3787,7.2188,-84.842
149,6.3787,7.3125,-88.588
149,6.3787,7.4062,-75.632
149,6.3787,7.5,-94.259
149,6.3787,7.5938,-80.942
149,6.3787,7.6875,-90.28
149,6.3787,7.7812,-95.435
149,6.3787,7.875,-98.879
149,6.3787,7.9688,-94.41
149,6.3787,8.0625,-99.349
149,6.3787,8.1562,-94.713
149,6.3787,8.25,-99.895
149,6.3787,8.3438,-97.819
149,6.3787,8.4375,-93.12
149,6.3787,8.5312,-89.13
149,6.3787,8.625,-92.844
149,6.3787,8.7188,-89.812
149,6.3787,8.8125,-91.221
149,6.3787,8.9062,-95.98
149,6.3787,9.0,-73.387
149,6.3787,9.0938,-83.572
149,6.3787,9.1875,-79.346
149,6.3787,9.2812,-79.066
149,6.3787,9.375,-85.192
149,6.3787,9.4688,-99.21
149,6.3787,9.5625,-84.136
149,6.3787,9.6562,-93.066
149,6.3787,9.75,-77.059
149,6.3787,9.8438,-82.476
149,6.3787,9.9375,-71.626
149,6.3787,10.0312,-73.958
149,6.3787,10.125,-70.512
149,6.3787,10.2188,-82.97
149,6.3787,10.3125,-78.856
149,6.3787,10.4062,-81.856
149,6.3787,10.5,-86.608
149,6.3787,10.5938,-91.719
149,6.3787,10.6875,-83.177
149,6.3787,10.7812,-92.917
149,6.3787,10.875,-85.23
149,6.3787,10.9688,-91.958
149,6.3787,11.0625,-85.159
149,6.3787,11.1562,-93.445
149,6.3787,11.25,-97.898
149,6.3787,11.3438,-97.23
149,6.3787,11.4375,-88.094
149,6.3787,11.5312,-91.256
149,6.3787,11.625,-83.892
149,6.3787,11.7188,-91.353
149,6.3787,11.8125,-81.342
149,6.3787,11.9062,-88.698
149,6.3787,12.0,-81.634
149,6.3787,12.0938,-91.764
149,6.3787,12.1875,-83.842
149,6.3787,12.2812,-87.424
149,6.3787,12.375,-77.291
149,6.3787,12.4688,-80.734
149,6.3787,12.5625,-76.859
149,6.3787,12.6562,-76.011
149,6.3787,12.75,-73.445
149,6.3787,12.8438,-74.787
149,6.3787,12.9375,-74.546
149,6.3787,13.0312,-71.96
149,6.3787,13.125,-78.149
149,6.3787,13.2188,-70.999
149,6.3787,13.3125,-85.92
149,6.3787,13.4062,-72.887
149,6.3787,13.5,-93.011
149,6.3787,13.5938,-90.259
149,6.3787,13.6875,-94.452
149,6.3787,13.7812,-96.415
149,6.3787,13.875,-92.559
149,6.3787,13.9688,-93.627
149,6.3787,14.0625,-87.937
149,6.3787,14.1562,-99.402
149,6.3787,14.25,-91.578
149,6.3787,14.3438,-94.623
149,6.3787,14.4375,-92.723
149,6.3787,14.5312,-92.451
149,6.3787,14.625,-95.746
149,6.3787,14.7188,-97.738
149,6.3787,14.8125,-98.093
149,6.3787,14.9062,-96.583
149,6.3787,15.0,-98.69
149,6.3787,15.0938,-99.483
149,6.3787,15.1875,-96.092
149,6.3787,15.2812,-98.335
149,6.3787,15.375,-99.393
149,6.3787,15.4688,-98.258
149,6.3787,15.5625,-98.026
149,6.3787,15.6562,-95.841
149,6.3787,15.75,-96.118
149,6.3787,15.8438,-98.804
149,6.3787,15.9375,-99.806
150,6.4213,0.0,-95.891
150,6.4213,0.0938,-47.8
150,6.4213,0.1875,-31.428
150,6.4213,0.2812,-50.996
150,6.4213,0.375,-42.418
150,6.4213,0.4688,-69.859
150,6.4213,0.5625,-38.578
150,6.4213,0.6562,-70.111
150,6.4213,0.75,-43.975
150,6.4213,0.8438,-66.068
150,6.4213,0.9375,-38.872
150,6.4213,1.0312,-64.802
150,6.4213,1.125,-60.755
150,6.4213,1.2188,-67.773
150,6.4213,1.3125,-56.521
150,6.4213,1.4062,-76.857
150,6.4213,1.5,-63.565
150,6.4213,1.5938,-76.537
150,6.4213,1.6875,-68.823
150,6.4213,1.7812,-79.124
150,6.4213,1.875,-70.774
150,6.4213,1.9688,-88.146
150,6.4213,2.0625,-67.293
150,6.4213,2.1562,-81.274
150,6.4213,2.25,-65.145
150,6.4213,2.3438,-82.021
150,6.4213,2.4375,-57.918
150,6.4213,2.5312,-83.551
150,6.4213,2.625,-72.162
150,6.4213,2.7188,-83.414
150,6.4213,2.8125,-79.947
150,6.4213,2.9062,-81.489
150,6.4213,3.0,-80.81
150,6.4213,3.0938,-89.483
150,6.4213,3.1875,-92.351
150,6.4213,3.2812,-87.662
150,6.4213,3.375,-77.055
150,6.4213,3.4688,-86.367
150,6.4213,3.5625,-81.007
150,6.4213,3.6562,-88.706
150,6.4213,3.75,-81.929
150,6.4213,3.8438,-92.733
150,6.4213,3.9375,-87.828
150,6.4213,4.0312,-89.332
150,6.4213,4.125,-86.976
150,6.4213,4.2188,-90.483
150,6.4213,4.3125,-89.508
150,6.4213,4.4062,-88.055
150,6.4213,4.5,-87.023
150,6.4213,4.5938,-94.041
150,6.4213,4.6875,-89.449
150,6.4213,4.7812,-93.608
150,6.4213,4.875,-97.987
150,6.4213,4.9688,-95.623
150,6.4213,5.0625,-94.847
150,6.4213,5.1562,-97.555
150,6.4213,5.25,-98.101
150,6.4213,5.3438,-95.625
150,6.4213,5.4375,-96.81
150,6.4213,5.5312,-85.19
150,6.4213,5.625,-89.561
150,6.4213,5.7188,-96.971
150,6.4213,5.8125,-95.421
150,6.4213,5.9062,-94.678
150,6.4213,6.0,-95.67
150,6.4213,6.0938,-95.784
150,6.4213,6.1875,-89.207
150,6.4213,6.2812,-86.183
150,6.4213,6.375,-90.723
150,6.4213,6.4688,-82.428
150,6.4213,6.5625,-89.337
150,6.4213,6.6562,-76.265
150,6.4213,6.75,-86.766
150,6.4213,6.8438,-77.26
150,6.4213,6.9375,-95.047
150,6.4213,7.0312,-69.124
150,6.4213,7.125,-93.999
150,6.4213,7.2188,-66.488
150,6.4213,7.3125,-81.218
150,6.4213,7.4062,-59.783
150,6.4213,7.5,-74.627
150,6.4213,7.5938,-64.257
150,6.4213,7.6875,-90.16
150,6.4213,7.7812,-73.256
150,6.4213,7.875,-90.85
150,6.4213,7.9688,-86.965
150,6.4213,8.0625,-98.333
150,6.4213,8.1562,-86.384
150,6.4213,8.25,-89.787
150,6.4213,8.3438,-80.801
150,6.4213,8.4375,-89.684
150,6.4213,8.5312,-74.492
150,6.4213,8.625,-81.096
150,6.4213,8.7188,-72.218
150,6.4213,8.8125,-76.938
150,6.4213,8.9062,-62.45
150,6.4213,9.0,-69.443
150,6.4213,9.0938,-55.892
150,6.4213,9.1875,-71.677
150,6.4213,9.2812,-65.574
150,6.4213,9.375,-88.407
150,6.4213,9.4688,-83.709
150,6.4213,9.5625,-81.463
150,6.4213,9.6562,-74.542
150,6.4213,9.75,-85.247
150,6.4213,9.8438,-71.97
150,6.4213,9.9375,-86.003
150,6.4213,10.0312,-72.829
150,6.4213,10.125,-80.257
150,6.4213,10.2188,-81.806
150,6.4213,10.3125,-85.819
150,6.4213,10.4062,-76.497
150,6.4213,10.5,-89.285
150,6.4213,10.5938,-82.01
150,6.4213,10.6875,-90.445
150,6.4213,10.7812,-97.742
150,6.4213,10.875,-90.949
150,6.4213,10.9688,-84.039
150,6.4213,11.0625,-95.217
150,6.4213,11.1562,-98.898
150,6.4213,11.25,-87.284
150,6.4213,11.3438,-89.438
150,6.4213,11.4375,-82.56
150,6.4213,11.5312,-85.016
150,6.4213,11.625,-84.361
150,6.4213,11.7188,-88.281
150,6.4213,11.8125,-89.7
150,6.4213,11.9062,-86.652
150,6.4213,12.0,-91.356
150,6.4213,12.0938,-82.326
150,6.4213,12.1875,-90.186
150,6.4213,12.2812,-81.862
150,6.4213,12.375,-89.818
150,6.4213,12.4688,-74.486
150,6.4213,12.5625,-81.937
150,6.4213,12.6562,-74.189
150,6.4213,12.75,-75.342
150,6.4213,12.8438,-73.986
150,6.4213,12.9375,-76.917
150,6.4213,13.0312,-78.659
150,6.4213,13.125,-79.738
150,6.4213,13.2188,-82.616
150,6.4213,13.3125,-83.892
150,6.4213,13.4062,-93.25
150,6.4213,13.5,-89.666
150,6.4213,13.5938,-92.937
150,6.4213,13.6875,-96.456
150,6.4213,13.7812,-93.796
150,6.4213,13.875,-97.261
150,6.4213,13.9688,-91.296
150,6.4213,14.0625,-86.645
150,6.4213,14.1562,-85.614
150,6.4213,14.25,-89.471
150,6.4213,14.3438,-93.041
150,6.4213,14.4375,-96.668
150,6.4213,14.5312,-89.98
150,6.4213,14.625,-93.224
150,6.4213,14.7188,-94.15
150,6.4213,14.8125,-97.693
150,6.4213,14.9062,-92.167
150,6.4213,15.0,-99.377
150,6.4213,15.0938,-97.568
150,6.4213,15.1875,-98.603
150,6.4213,15.2812,-96.133
150,6.4213,15.375,-93.964
150,6.4213,15.4688,-99.336
150,6.4213,15.5625,-94.446
150,6.4213,15.6562,-98.409
150,6.4213,15.75,-98.206
150,6.4213,15.8438,-99.793
150,6.4213,15.9375,-99.495
151,6.464,0.0,-87.871
151,6.464,0.0938,-44.977
151,6.464,0.1875,-34.118
151,6.464,0.2812,-53.756
151,6.464,0.375,-50.638
151,6.464,0.4688,-79.141
151,6.464,0.5625,-45.708
151,6.464,0.6562,-63.027
151,6.464,0.75,-49.331
151,6.464,0.8438,-73.678
151,6.464,0.9375,-46.596
151,6.464,1.0312,-72.513
151,6.464,1.125,-63.724
151,6.464,1.2188,-74.667
151,6.464,1.3125,-60.564
151,6.464,1.4062,-83.143
151,6.464,1.5,-65.018
151,6.464,1.5938,-87.349
151,6.464,1.6875,-74.529
151,6.464,1.7812,-79.916
151,6.464,1.875,-66.595
151,6.464,1.9688,-89.778
151,6.464,2.0625,-70.243
151,6.464,2.1562,-86.747
151,6.464,2.25,-74.949
151,6.464,2.3438,-83.911
151,6.464,2.4375,-70.731
151,6.464,2.5312,-80.111
151,6.464,2.625,-74.041
151,6.464,2.7188,-93.181
151,6.464,2.8125,-89.639
151,6.464,2.9062,-88.508
151,6.464,3.0,-99.314
151,6.464,3.0938,-96.296
151,6.464,3.1875,-98.575
151,6.464,3.2812,-82.416
151,6.464,3.375,-89.331
151,6.464,3.4688,-90.9
151,6.464,3.5625,-90.582
151,6.464,3.6562,-91.476
151,6.464,3.75,-97.843
151,6.464,3.8438,-93.431
151,6.464,3.9375,-87.372
151,6.464,4.0312,-92.119
151,6.464,4.125,-96.909
151,6.464,4.2188,-98.739
151,6.464,4.3125,-96.361
151,6.464,4.4062,-88.785
151,6.464,4.5,-92.893
151,6.464,4.5938,-91.095
151,6.464,4.6875,-97.07
151,6.464,4.7812,-99.438
151,6.464,4.875,-93.438
151,6.464,4.9688,-98.757
151,6.464,5.0625,-98.14
151,6.464,5.1562,-95.315
151,6.464,5.25,-97.495
151,6.464,5.3438,-96.582
151,6.464,5.4375,-95.46
151,6.464,5.5312,-98.566
151,6.464,5.625,-91.353
151,6.464,5.7188,-87.315
151,6.464,5.8125,-96.206
151,6.464,5.9062,-99.892
151,6.464,6.0,-98.407
151,6.464,6.0938,-91.29
151,6.464,6.1875,-99.69
151,6.464,6.2812,-89.197
151,6.464,6.375,-97.848
151,6.464,6.4688,-80.665
151,6.464,6.5625,-90.401
151,6.464,6.6562,-89.001
151,6.464,6.75,-95.77
151,6.464,6.8438,-83.504
151,6.464,6.9375,-88.109
151,6.464,7.0312,-75.515
151,6.464,7.125,-85.162
151,6.464,7.2188,-74.441
151,6.464,7.3125,-77.872
151,6.464,7.4062,-75.864
151,6.464,7.5,-83.398
151,6.464,7.5938,-74.383
151,6.464,7.6875,-86.14
151,6.464,7.7812,-77.643
151,6.464,7.875,-88.486
151,6.464,7.9688,-74.871
151,6.464,8.0625,-80.473
151,6.464,8.1562,-73.21
151,6.464,8.25,-79.849
151,6.464,8.3438,-84.381
151,6.464,8.4375,-87.219
151,6.464,8.5312,-76.344
151,6.464,8.625,-85.826
151,6.464,8.7188,-72.675
151,6.464,8.8125,-74.362
151,6.464,8.9062,-75.763
151,6.464,9.0,-80.727
151,6.464,9.0938,-73.73
151,6.464,9.1875,-79.0
151,6.464,9.2812,-75.957
151,6.464,9.375,-89.22
151,6.464,9.4688,-83.689
151,6.464,9.5625,-87.867
151,6.464,9.6562,-87.661
151,6.464,9.75,-78.518
151,6.464,9.8438,-84.938
151,6.464,9.9375,-78.939
151,6.464,10.0312,-89.464
151,6.464,10.125,-91.496
151,6.464,10.2188,-97.044
151,6.464,10.3125,-94.589
151,6.464,10.4062,-92.815
151,6.464,10.5,-94.311
151,6.464,10.5938,-95.889
151,6.464,10.6875,-97.011
151,6.464,10.7812,-98.746
151,6.464,10.875,-98.208
151,6.464,10.9688,-99.469
151,6.464,11.0625,-96.974
151,6.464,11.1562,-97.763
151,6.464,11.25,-95.477
151,6.464,11.3438,-97.357
151,6.464,11.4375,-97.298
151,6.464,11.5312,-97.389
151,6.464,11.625,-96.287
151,6.464,11.7188,-98.689
151,6.464,11.8125,-95.18
151,6.464,11.9062,-90.048
151,6.464,12.0,-99.986
151,6.464,12.0938,-89.663
151,6.464,12.1875,-92.42
151,6.464,12.2812,-89.188
151,6.464,12.375,-96.248
151,6.464,12.4688,-91.992
151,6.464,12.5625,-99.35
151,6.464,12.6562,-97.904
151,6.464,12.75,-91.287
151,6.464,12.8438,-98.356
151,6.464,12.9375,-92.019
151,6.464,13.0312,-94.514
151,6.464,13.125,-87.597
151,6.464,13.2188,-91.431
151,6.464,13.3125,-94.358
151,6.464,13.4062,-87.25
151,6.464,13.5,-91.216
151,6.464,13.5938,-85.591
151,6.464,13.6875,-87.375
151,6.464,13.7812,-89.533
151,6.464,13.875,-89.121
151,6.464,13.9688,-92.084
151,6.464,14.0625,-88.877
151,6.464,14.1562,-93.349
151,6.464,14.25,-95.579
151,6.464,14.3438,-90.909
151,6.464,14.4375,-95.661
151,6.464,14.5312,-96.108
151,6.464,14.625,-98.888
151,6.464,14.7188,-95.046
151,6.464,14.8125,-96.357
151,6.464,14.9062,-95.235
151,6.464,15.0,-99.624
151,6.464,15.0938,-99.824
151,6.464,15.1875,-97.984
151,6.464,15.2812,-96.688
151,6.464,15.375,-97.71
151,6.464,15.4688,-98.664
151,6.464,15.5625,-95.443
151,6.464,15.6562,-99.825
151,6.464,15.75,-96.085
151,6.464,15.8438,-99.264
151,6.464,15.9375,-97.622
152,6.5067,0.0,-70.821
152,6.5067,0.0938,-45.167
152,6.5067,0.1875,-37.652
152,6.5067,0.2812,-52.062
152,6.5067,0.375,-53.588
152,6.5067,0.4688,-76.193
152,6.5067,0.5625,-49.543
152,6.5067,0.6562,-68.564
152,6.5067,0.75,-52.01
152,6.5067,0.8438,-63.993
152,6.5067,0.9375,-59.208
152,6.5067,1.0312,-62.024
152,6.5067,1.125,-65.19
152,6.5067,1.2188,-77.274
152,6.5067,1.3125,-66.432
152,6.5067,1.4062,-77.229
152,6.5067,1.5,-66.736
152,6.5067,1.5938,-80.072
152,6.5067,1.6875,-66.927
152,6.5067,1.7812,-92.241
152,6.5067,1.875,-66.084
152,6.5067,1.9688,-91.492
152,6.5067,2.0625,-80.962
152,6.5067,2.1562,-78.447
152,6.5067,2.25,-73.231
152,6.5067,2.3438,-86.923
152,6.5067,2.4375,-70.023
152,6.5067,2.5312,-94.518
152,6.5067,2.625,-89.255
152,6.5067,2.7188,-94.851
152,6.5067,2.8125,-95.316
152,6.5067,2.9062,-85.472
152,6.5067,3.0,-90.557
152,6.5067,3.0938,-87.042
152,6.5067,3.1875,-84.05
152,6.5067,3.2812,-94.101
152,6.5067,3.375,-97.445
152,6.5067,3.4688,-91.316
152,6.5067,3.5625,-92.836
152,6.5067,3.6562,-95.006
152,6.5067,3.75,-90.335
152,6.5067,3.8438,-97.093
152,6.5067,3.9375,-92.738
152,6.5067,4.0312,-99.302
152,6.5067,4.125,-99.671
152,6.5067,4.2188,-99.736
152,6.5067,4.3125,-99.733
152,6.5067,4.4062,-96.206
152,6.5067,4.5,-98.534
152,6.5067,4.5938,-95.898
152,6.5067,4.6875,-97.179
152,6.5067,4.7812,-96.178
152,6.5067,4.875,-93.487
152,6.5067,4.9688,-92.515
152,6.5067,5.0625,-95.565
152,6.5067,5.1562,-99.662
152,6.5067,5.25,-91.897
152,6.5067,5.3438,-91.308
152,6.5067,5.4375,-88.971
152,6.5067,5.5312,-89.476
152,6.5067,5.625,-89.204
152,6.5067,5.7188,-83.196
152,6.5067,5.8125,-97.046
152,6.5067,5.9062,-97.222
152,6.5067,6.0,-95.995
152,6.5067,6.0938,-89.795
152,6.5067,6.1875,-90.956
152,6.5067,6.2812,-85.57
152,6.5067,6.375,-96.354
152,6.5067,6.4688,-87.083
152,6.5067,6.5625,-92.826
152,6.5067,6.6562,-90.554
152,6.5067,6.75,-98.959
152,6.5067,6.8438,-91.516
152,6.5067,6.9375,-95.506
152,6.5067,7.0312,-93.383
152,6.5067,7.125,-98.109
152,6.5067,7.2188,-91.363
152,6.5067,7.3125,-92.548
152,6.5067,7.4062,-79.695
152,6.5067,7.5,-83.559
152,6.5067,7.5938,-76.268
152,6.5067,7.6875,-88.663
152,6.5067,7.7812,-77.796
152,6.5067,7.875,-86.674
152,6.5067,7.9688,-75.172
152,6.5067,8.0625,-82.911
152,6.5067,8.1562,-79.628
152,6.5067,8.25,-97.193
152,6.5067,8.3438,-85.866
152,6.5067,8.4375,-91.624
152,6.5067,8.5312,-85.435
152,6.5067,8.625,-85.78
152,6.5067,8.7188,-78.488
152,6.5067,8.8125,-98.457
152,6.5067,8.9062,-83.006
152,6.5067,9.0,-98.63
152,6.5067,9.0938,-81.78
152,6.5067,9.1875,-96.3
152,6.5067,9.2812,-97.579
152,6.5067,9.375,-96.957
152,6.5067,9.4688,-82.311
152,6.5067,9.5625,-90.672
152,6.5067,9.6562,-81.387
152,6.5067,9.75,-87.284
152,6.5067,9.8438,-82.545
152,6.5067,9.9375,-87.515
152,6.5067,10.0312,-87.624
152,6.5067,10.125,-95.346
152,6.5067,10.2188,-97.006
152,6.5067,10.3125,-97.518
152,6.5067,10.4062,-98.775
152,6.5067,10.5,-97.189
152,6.5067,10.5938,-98.917
152,6.5067,10.6875,-95.632
152,6.5067,10.7812,-99.813
152,6.5067,10.875,-97.871
152,6.5067,10.9688,-94.799
152,6.5067,11.0625,-98.266
152,6.5067,11.1562,-92.051
152,6.5067,11.25,-98.466
152,6.5067,11.3438,-94.637
152,6.5067,11.4375,-98.678
152,6.5067,11.5312,-93.725
152,6.5067,11.625,-97.338
152,6.5067,11.7188,-99.795
152,6.5067,11.8125,-94.744
152,6.5067,11.9062,-99.729
152,6.5067,12.0,-99.206
152,6.5067,12.0938,-97.491
152,6.5067,12.1875,-98.837
152,6.5067,12.2812,-99.813
152,6.5067,12.375,-99.949
152,6.5067,12.4688,-98.944
152,6.5067,12.5625,-99.022
152,6.5067,12.6562,-97.734
152,6.5067,12.75,-96.285
152,6.5067,12.8438,-98.214
152,6.5067,12.9375,-99.074
152,6.5067,13.0312,-97.942
152,6.5067,13.125,-97.883
152,6.5067,13.2188,-99.94
152,6.5067,13.3125,-99.981
152,6.5067,13.4062,-96.471
152,6.5067,13.5,-97.832
152,6.5067,13.5938,-97.092
152,6.5067,13.6875,-97.319
152,6.5067,13.7812,-96.605
152,6.5067,13.875,-97.05
152,6.5067,13.9688,-98.197
152,6.5067,14.0625,-96.519
152,6.5067,14.1562,-99.064
152,6.5067,14.25,-97.562
152,6.5067,14.3438,-99.643
152,6.5067,14.4375,-98.034
152,6.5067,14.5312,-99.04
152,6.5067,14.625,-99.218
152,6.5067,14.7188,-96.698
152,6.5067,14.8125,-96.036
152,6.5067,14.9062,-95.853
152,6.5067,15.0,-99.279
152,6.5067,15.0938,-99.289
152,6.5067,15.1875,-99.993
152,6.5067,15.2812,-99.042
152,6.5067,15.375,-99.91
152,6.5067,15.4688,-99.701
152,6.5067,15.5625,-99.2
152,6.5067,15.6562,-99.475
152,6.5067,15.75,-99.67
152,6.5067,15.8438,-99.296
152,6.5067,15.9375,-99.645
153,6.5493,0.0,-68.886
153,6.5493,0.0938,-45.019
153,6.5493,0.1875,-51.601
153,6.5493,0.2812,-50.94
153,6.5493,0.375,-59.358
153,6.5493,0.4688,-82.383
153,6.5493,0.5625,-50.478
153,6.5493,0.6562,-68.943
153,6.5493,0.75,-70.136
153,6.5493,0.8438,-70.552
153,6.5493,0.9375,-57.329
153,6.5493,1.0312,-59.411
153,6.5493,1.125,-71.804
153,6.5493,1.2188,-80.864
153,6.5493,1.3125,-69.915
153,6.5493,1.4062,-86.434
153,6.5493,1.5,-66.608
153,6.5493,1.5938,-80.792
153,6.5493,1.6875,-61.291
153,6.5493,1.7812,-82.994
153,6.5493,1.875,-64.689
153,6.5493,1.9688,-84.384
153,6.5493,2.0625,-83.376
153,6.5493,2.1562,-79.468
153,6.5493,2.25,-84.307
153,6.5493,2.3438,-86.624
153,6.5493,2.4375,-78.263
153,6.5493,2.5312,-82.618
153,6.5493,2.625,-78.707
153,6.5493,2.7188,-83.256
153,6.5493,2.8125,-89.854
153,6.5493,2.9062,-89.779
153,6.5493,3.0,-88.159
153,6.5493,3.0938,-91.915
153,6.5493,3.1875,-97.059
153,6.5493,3.2812,-93.94
153,6.5493,3.375,-92.217
153,6.5493,3.4688,-93.777
153,6.5493,3.5625,-97.217
153,6.5493,3.6562,-95.951
153,6.5493,3.75,-92.524
153,6.5493,3.8438,-97.399
153,6.5493,3.9375,-93.022
153,6.5493,4.0312,-96.214
153,6.5493,4.125,-97.259
153,6.5493,4.2188,-99.24
153,6.5493,4.3125,-97.167
153,6.5493,4.4062,-97.636
153,6.5493,4.5,-97.507
153,6.5493,4.5938,-97.685
153,6.5493,4.6875,-99.79
153,6.5493,4.7812,-97.168
153,6.5493,4.875,-95.588
153,6.5493,4.9688,-96.066
153,6.5493,5.0625,-93.111
153,6.5493,5.1562,-93.657
153,6.5493,5.25,-98.049
153,6.5493,5.3438,-93.284
153,6.5493,5.4375,-99.791
153,6.5493,5.5312,-85.318
153,6.5493,5.625,-97.033
153,6.5493,5.7188,-99.867
153,6.5493,5.8125,-97.491
153,6.5493,5.9062,-98.136
153,6.5493,6.0,-93.68
153,6.5493,6.0938,-93.933
153,6.5493,6.1875,-89.989
153,6.5493,6.2812,-92.466
153,6.5493,6.375,-98.534
153,6.5493,6.4688,-95.75
153,6.5493,6.5625,-97.474
153,6.5493,6.6562,-95.118
153,6.5493,6.75,-97.176
153,6.5493,6.8438,-96.247
153,6.5493,6.9375,-93.074
153,6.5493,7.0312,-98.821
153,6.5493,7.125,-94.525
153,6.5493,7.2188,-99.07
153,6.5493,7.3125,-99.071
153,6.5493,7.4062,-98.835
153,6.5493,7.5,-93.252
153,6.5493,7.5938,-89.04
153,6.5493,7.6875,-95.694
153,6.5493,7.7812,-96.538
153,6.5493,7.875,-93.494
153,6.5493,7.9688,-95.164
153,6.5493,8.0625,-96.893
153,6.5493,8.1562,-93.167
153,6.5493,8.25,-95.185
153,6.5493,8.3438,-99.447
153,6.5493,8.4375,-97.417
153,6.5493,8.5312,-99.654
153,6.5493,8.625,-99.296
153,6.5493,8.7188,-95.381
153,6.5493,8.8125,-98.338
153,6.5493,8.9062,-99.956
153,6.5493,9.0,-98.878
153,6.5493,9.0938,-95.488
153,6.5493,9.1875,-97.619
153,6.5493,9.2812,-98.75
153,6.5493,9.375,-99.015
153,6.5493,9.4688,-94.677
153,6.5493,9.5625,-99.945
153,6.5493,9.6562,-99.391
153,6.5493,9.75,-99.4
153,6.5493,9.8438,-99.229
153,6.5493,9.9375,-98.867
153,6.5493,10.0312,-97.851
153,6.5493,10.125,-98.016
153,6.5493,10.2188,-99.061
153,6.5493,10.3125,-99.979
153,6.5493,10.4062,-98.831
153,6.5493,10.5,-99.47
153,6.5493,10.5938,-98.968
153,6.5493,10.6875,-99.632
153,6.5493,10.7812,-99.193
153,6.5493,10.875,-99.632
153,6.5493,10.9688,-99.504
153,6.5493,11.0625,-99.41
153,6.5493,11.1562,-99.874
153,6.5493,11.25,-98.507
153,6.5493,11.3438,-99.898
153,6.5493,11.4375,-98.876
153,6.5493,11.5312,-99.913
153,6.5493,11.625,-99.731
153,6.5493,11.7188,-99.959
153,6.5493,11.8125,-98.918
153,6.5493,11.9062,-99.56
153,6.5493,12.0,-99.602
153,6.5493,12.0938,-99.919
153,6.5493,12.1875,-99.989
153,6.5493,12.2812,-99.406
153,6.5493,12.375,-99.875
153,6.5493,12.4688,-99.232
153,6.5493,12.5625,-99.375
153,6.5493,12.6562,-99.201
153,6.5493,12.75,-98.426
153,6.5493,12.8438,-99.773
153,6.5493,12.9375,-96.719
153,6.5493,13.0312,-99.358
153,6.5493,13.125,-99.17
153,6.5493,13.2188,-99.713
153,6.5493,13.3125,-99.307
153,6.5493,13.4062,-97.835
153,6.5493,13.5,-99.467
153,6.5493,13.5938,-99.675
153,6.5493,13.6875,-99.424
153,6.5493,13.7812,-97.707
153,6.5493,13.875,-99.909
153,6.5493,13.9688,-99.025
153,6.5493,14.0625,-99.568
153,6.5493,14.1562,-99.955
153,6.5493,14.25,-99.83
153,6.5493,14.3438,-99.36
153,6.5493,14.4375,-99.793
153,6.5493,14.5312,-98.548
153,6.5493,14.625,-99.955
153,6.5493,14.7188,-99.762
153,6.5493,14.8125,-99.893
153,6.5493,14.9062,-99.877
153,6.5493,15.0,-99.997
153,6.5493,15.0938,-99.862
153,6.5493,15.1875,-99.33
153,6.5493,15.2812,-99.63
153,6.5493,15.375,-99.617
153,6.5493,15.4688,-99.868
153,6.5493,15.5625,-99.522
153,6.5493,15.6562,-99.466
153,6.5493,15.75,-99.788
153,6.5493,15.8438,-99.109
153,6.5493,15.9375,-99.657
154,6.592,0.0,-60.375
154,6.592,0.0938,-45.462
154,6.592,0.1875,-43.48
154,6.592,0.2812,-50.818
154,6.592,0.375,-57.57
154,6.592,0.4688,-84.378
154,6.592,0.5625,-50.553
154,6.592,0.6562,-58.196
154,6.592,0.75,-73.152
154,6.592,0.8438,-61.371
154,6.592,0.9375,-54.47
154,6.592,1.0312,-69.322
154,6.592,1.125,-72.665
154,6.592,1.2188,-79.252
154,6.592,1.3125,-76.729
154,6.592,1.4062,-86.472
154,6.592,1.5,-75.741
154,6.592,1.5938,-98.076
154,6.592,1.6875,-63.244
154,6.592,1.7812,-81.11
154,6.592,1.875,-66.507
154,6.592,1.9688,-88.164
154,6.592,2.0625,-85.577
154,6.592,2.1562,-99.044
154,6.592,2.25,-78.708
154,6.592,2.3438,-84.659
154,6.592,2.4375,-83.028
154,6.592,2.5312,-87.279
154,6.592,2.625,-87.735
154,6.592,2.7188,-78.365
154,6.592,2.8125,-96.844
154,6.592,2.9062,-82.558
154,6.592,3.0,-94.877
154,6.592,3.0938,-94.459
154,6.592,3.1875,-94.829
154,6.592,3.2812,-95.744
154,6.592,3.375,-96.296
154,6.592,3.4688,-96.074
154,6.592,3.5625,-90.538
154,6.592,3.6562,-95.328
154,6.592,3.75,-95.954
154,6.592,3.8438,-99.571
154,6.592,3.9375,-94.021
154,6.592,4.0312,-98.863
154,6.592,4.125,-99.948
154,6.592,4.2188,-99.942
154,6.592,4.3125,-99.801
154,6.592,4.4062,-98.013
154,6.592,4.5,-98.903
154,6.592,4.5938,-96.808
154,6.592,4.6875,-98.661
154,6.592,4.7812,-99.3
154,6.592,4.875,-97.593
154,6.592,4.9688,-95.004
154,6.592,5.0625,-99.805
154,6.592,5.1562,-99.677
154,6.592,5.25,-88.626
154,6.592,5.3438,-99.511
154,6.592,5.4375,-91.493
154,6.592,5.5312,-98.033
154,6.592,5.625,-99.862
154,6.592,5.7188,-99.699
154,6.592,5.8125,-96.201
154,6.592,5.9062,-99.364
154,6.592,6.0,-98.213
154,6.592,6.0938,-93.94
154,6.592,6.1875,-95.478
154,6.592,6.2812,-81.93
154,6.592,6.375,-94.265
154,6.592,6.4688,-84.344
154,6.592,6.5625,-96.699
154,6.592,6.6562,-94.196
154,6.592,6.75,-94.136
154,6.592,6.8438,-94.137
154,6.592,6.9375,-96.764
154,6.592,7.0312,-96.626
154,6.592,7.125,-93.169
154,6.592,7.2188,-99.191
154,6.592,7.3125,-95.194
154,6.592,7.4062,-96.153
154,6.592,7.5,-97.66
154,6.592,7.5938,-98.513
154,6.592,7.6875,-99.212
154,6.592,7.7812,-98.829
154,6.592,7.875,-99.177
154,6.592,7.9688,-97.972
154,6.592,8.0625,-99.854
154,6.592,8.1562,-96.535
154,6.592,8.25,-99.837
154,6.592,8.3438,-99.688
154,6.592,8.4375,-99.59
154,6.592,8.5312,-99.552
154,6.592,8.625,-99.217
154,6.592,8.7188,-97.832
154,6.592,8.8125,-96.78
154,6.592,8.9062,-99.264
154,6.592,9.0,-96.811
154,6.592,9.0938,-97.151
154,6.592,9.1875,-99.381
154,6.592,9.2812,-96.469
154,6.592,9.375,-98.36
154,6.592,9.4688,-99.508
154,6.592,9.5625,-99.91
154,6.592,9.6562,-99.294
154,6.592,9.75,-99.775
154,6.592,9.8438,-99.206
154,6.592,9.9375,-99.872
154,6.592,10.0312,-97.07
154,6.592,10.125,-99.129
154,6.592,10.2188,-98.668
154,6.592,10.3125,-99.894
154,6.592,10.4062,-99.972
154,6.592,10.5,-99.818
154,6.592,10.5938,-99.978
154,6.592,10.6875,-99.814
154,6.592,10.7812,-99.874
154,6.592,10.875,-99.997
154,6.592,10.9688,-99.965
154,6.592,11.0625,-99.97
154,6.592,11.1562,-99.946
154,6.592,11.25,-99.932
154,6.592,11.3438,-99.898
154,6.592,11.4375,-99.795
154,6.592,11.5312,-99.894
154,6.592,11.625,-99.888
154,6.592,11.7188,-99.996
154,6.592,11.8125,-99.797
154,6.592,11.9062,-99.794
154,6.592,12.0,-99.964
154,6.592,12.0938,-99.992
154,6.592,12.1875,-99.875
154,6.592,12.2812,-99.983
154,6.592,12.375,-99.959
154,6.592,12.4688,-99.929
154,6.592,12.5625,-99.876
154,6.592,12.6562,-99.763
154,6.592,12.75,-99.625
154,6.592,12.8438,-99.718
154,6.592,12.9375,-99.883
154,6.592,13.0312,-99.861
154,6.592,13.125,-99.784
154,6.592,13.2188,-99.996
154,6.592,13.3125,-99.951
154,6.592,13.4062,-99.996
154,6.592,13.5,-99.962
154,6.592,13.5938,-99.856
154,6.592,13.6875,-99.897
154,6.592,13.7812,-99.984
154,6.592,13.875,-99.766
154,6.592,13.9688,-99.885
154,6.592,14.0625,-99.875
154,6.592,14.1562,-99.918
154,6.592,14.25,-99.971
154,6.592,14.3438,-99.963
154,6.592,14.4375,-99.907
154,6.592,14.5312,-99.972
154,6.592,14.625,-99.932
154,6.592,14.7188,-99.977
154,6.592,14.8125,-99.936
154,6.592,14.9062,-99.892
154,6.592,15.0,-99.982
154,6.592,15.0938,-99.95
154,6.592,15.1875,-99.971
154,6.592,15.2812,-99.904
154,6.592,15.375,-99.982
154,6.592,15.4688,-99.973
154,6.592,15.5625,-99.997
154,6.592,15.6562,-99.958
154,6.592,15.75,-99.983
154,6.592,15.8438,-99.958
154,6.592,15.9375,-99.969
155,6.6347,0.0,-67.25
155,6.6347,0.0938,-45.627
155,6.6347,0.1875,-44.798
155,6.6347,0.2812,-50.242
155,6.6347,0.375,-53.496
155,6.6347,0.4688,-87.399
155,6.6347,0.5625,-55.354
155,6.6347,0.6562,-67.386
155,6.6347,0.75,-73.06
155,6.6347,0.8438,-65.248
155,6.6347,0.9375,-54.696
155,6.6347,1.0312,-65.215
155,6.6347,1.125,-85.655
155,6.6347,1.2188,-73.236
155,6.6347,1.3125,-83.077
155,6.6347,1.4062,-81.74
155,6.6347,1.5,-82.392
155,6.6347,1.5938,-76.161
155,6.6347,1.6875,-71.646
155,6.6347,1.7812,-74.89
155,6.6347,1.875,-68.774
155,6.6347,1.9688,-91.288
155,6.6347,2.0625,-78.674
155,6.6347,2.1562,-86.622
155,6.6347,2.25,-82.212
155,6.6347,2.3438,-91.145
155,6.6347,2.4375,-75.75
155,6.6347,2.5312,-86.845
155,6.6347,2.625,-93.518
155,6.6347,2.7188,-89.883
155,6.6347,2.8125,-98.789
155,6.6347,2.9062,-82.355
155,6.6347,3.0,-96.226
155,6.6347,3.0938,-95.648
155,6.6347,3.1875,-91.835
155,6.6347,3.2812,-88.166
155,6.6347,3.375,-98.005
155,6.6347,3.4688,-97.025
155,6.6347,3.5625,-98.974
155,6.6347,3.6562,-99.958
155,6.6347,3.75,-99.801
155,6.6347,3.8438,-99.363
155,6.6347,3.9375,-91.637
155,6.6347,4.0312,-99.831
155,6.6347,4.125,-99.518
155,6.6347,4.2188,-99.2
155,6.6347,4.3125,-98.86
155,6.6347,4.4062,-97.865
155,6.6347,4.5,-98.815
155,6.6347,4.5938,-97.433
155,6.6347,4.6875,-98.969
155,6.6347,4.7812,-99.879
155,6.6347,4.875,-97.893
155,6.6347,4.9688,-93.675
155,6.6347,5.0625,-99.544
155,6.6347,5.1562,-91.229
155,6.6347,5.25,-99.104
155,6.6347,5.3438,-96.954
155,6.6347,5.4375,-99.882
155,6.6347,5.5312,-95.865
155,6.6347,5.625,-99.462
155,6.6347,5.7188,-99.129
155,6.6347,5.8125,-96.632
155,6.6347,5.9062,-99.902
155,6.6347,6.0,-98.667
155,6.6347,6.0938,-99.888
155,6.6347,6.1875,-86.545
155,6.6347,6.2812,-92.216
155,6.6347,6.375,-86.751
155,6.6347,6.4688,-95.137
155,6.6347,6.5625,-94.267
155,6.6347,6.6562,-96.633
155,6.6347,6.75,-97.075
155,6.6347,6.8438,-89.391
155,6.6347,6.9375,-97.846
155,6.6347,7.0312,-91.063
155,6.6347,7.125,-99.57
155,6.6347,7.2188,-94.484
155,6.6347,7.3125,-99.702
155,6.6347,7.4062,-97.305
155,6.6347,7.5,-99.889
155,6.6347,7.5938,-98.908
155,6.6347,7.6875,-99.087
155,6.6347,7.7812,-99.752
155,6.6347,7.875,-99.778
155,6.6347,7.9688,-98.86
155,6.6347,8.0625,-96.665
155,6.6347,8.1562,-99.714
155,6.6347,8.25,-99.326
155,6.6347,8.3438,-99.867
155,6.6347,8.4375,-99.47
155,6.6347,8.5312,-99.55
155,6.6347,8.625,-99.729
155,6.6347,8.7188,-99.699
155,6.6347,8.8125,-99.764
155,6.6347,8.9062,-99.151
155,6.6347,9.0,-95.822
155,6.6347,9.0938,-97.808
155,6.6347,9.1875,-99.172
155,6.6347,9.2812,-99.568
155,6.6347,9.375,-97.707
155,6.6347,9.4688,-99.76
155,6.6347,9.5625,-98.844
155,6.6347,9.6562,-99.256
155,6.6347,9.75,-98.951
155,6.6347,9.8438,-99.623
155,6.6347,9.9375,-95.524
155,6.6347,10.0312,-99.729
155,6.6347,10.125,-98.729
155,6.6347,10.2188,-99.21
155,6.6347,10.3125,-99.937
155,6.6347,10.4062,-99.114
155,6.6347,10.5,-99.891
155,6.6347,10.5938,-99.24
155,6.6347,10.6875,-99.873
155,6.6347,10.7812,-99.878
155,6.6347,10.875,-99.972
155,6.6347,10.9688,-99.822
155,6.6347,11.0625,-99.87
155,6.6347,11.1562,-99.998
155,6.6347,11.25,-99.998
155,6.6347,11.3438,-99.941
155,6.6347,11.4375,-99.933
155,6.6347,11.5312,-99.876
155,6.6347,11.625,-99.994
155,6.6347,11.7188,-99.784
155,6.6347,11.8125,-99.934
155,6.6347,11.9062,-99.991
155,6.6347,12.0,-99.948
155,6.6347,12.0938,-99.921
155,6.6347,12.1875,-99.934
155,6.6347,12.2812,-99.996
155,6.6347,12.375,-99.953
155,6.6347,12.4688,-99.977
155,6.6347,12.5625,-99.705
155,6.6347,12.6562,-99.936
155,6.6347,12.75,-99.937
155,6.6347,12.8438,-99.983
155,6.6347,12.9375,-99.982
155,6.6347,13.0312,-99.952
155,6.6347,13.125,-99.972
155,6.6347,13.2188,-99.979
155,6.6347,13.3125,-100.0
155,6.6347,13.4062,-99.979
155,6.6347,13.5,-99.851
155,6.6347,13.5938,-99.898
155,6.6347,13.6875,-99.877
155,6.6347,13.7812,-99.952
155,6.6347,13.875,-99.968
155,6.6347,13.9688,-99.933
155,6.6347,14.0625,-99.984
155,6.6347,14.1562,-99.897
155,6.6347,14.25,-99.972
155,6.6347,14.3438,-99.968
155,6.6347,14.4375,-100.0
155,6.6347,14.5312,-99.998
155,6.6347,14.625,-99.934
155,6.6347,14.7188,-99.777
155,6.6347,14.8125,-99.996
155,6.6347,14.9062,-99.913
155,6.6347,15.0,-99.97
155,6.6347,15.0938,-99.945
155,6.6347,15.1875,-99.994
155,6.6347,15.2812,-99.995
155,6.6347,15.375,-99.964
155,6.6347,15.4688,-99.904
155,6.6347,15.5625,-99.974
155,6.6347,15.6562,-99.969
155,6.6347,15.75,-99.994
155,6.6347,15.8438,-99.858
155,6.6347,15.9375,-99.88
156,6.6773,0.0,-97.991
156,6.6773,0.0938,-45.939
156,6.6773,0.1875,-45.966
156,6.6773,0.2812,-50.116
156,6.6773,0.375,-54.597
156,6.6773,0.4688,-75.5
156,6.6773,0.5625,-57.509
156,6.6773,0.6562,-70.303
156,6.6773,0.75,-70.786
156,6.6773,0.8438,-65.812
156,6.6773,0.9375,-56.758
156,6.6773,1.0312,-62.952
156,6.6773,1.125,-86.884
156,6.6773,1.2188,-72.386
156,6.6773,1.3125,-75.745
156,6.6773,1.4062,-77.418
156,6.6773,1.5,-91.322
156,6.6773,1.5938,-86.211
156,6.6773,1.6875,-69.353
156,6.6773,1.7812,-97.878
156,6.6773,1.875,-71.731
156,6.6773,1.9688,-95.112
156,6.6773,2.0625,-81.079
156,6.6773,2.1562,-97.349
156,6.6773,2.25,-75.905
156,6.6773,2.3438,-89.71
156,6.6773,2.4375,-83.851
156,6.6773,2.5312,-99.479
156,6.6773,2.625,-95.062
156,6.6773,2.7188,-87.872
156,6.6773,2.8125,-97.613
156,6.6773,2.9062,-92.574
156,6.6773,3.0,-98.135
156,6.6773,3.0938,-96.392
156,6.6773,3.1875,-94.837
156,6.6773,3.2812,-98.637
156,6.6773,3.375,-99.994
156,6.6773,3.4688,-97.056
156,6.6773,3.5625,-98.009
156,6.6773,3.6562,-98.45
156,6.6773,3.75,-95.755
156,6.6773,3.8438,-99.384
156,6.6773,3.9375,-98.155
156,6.6773,4.0312,-98.366
156,6.6773,4.125,-99.867
156,6.6773,4.2188,-99.697
156,6.6773,4.3125,-98.802
156,6.6773,4.4062,-99.186
156,6.6773,4.5,-99.591
156,6.6773,4.5938,-99.62
156,6.6773,4.6875,-99.502
156,6.6773,4.7812,-96.502
156,6.6773,4.875,-99.766
156,6.6773,4.9688,-98.947
156,6.6773,5.0625,-98.322
156,6.6773,5.1562,-98.948
156,6.6773,5.25,-97.668
156,6.6773,5.3438,-95.412
156,6.6773,5.4375,-99.765
156,6.6773,5.5312,-97.002
156,6.6773,5.625,-99.843
156,6.6773,5.7188,-99.305
156,6.6773,5.8125,-97.311
156,6.6773,5.9062,-99.704
156,6.6773,6.0,-99.644
156,6.6773,6.0938,-99.728
156,6.6773,6.1875,-98.224
156,6.6773,6.2812,-99.594
156,6.6773,6.375,-87.774
156,6.6773,6.4688,-99.395
156,6.6773,6.5625,-95.672
156,6.6773,6.6562,-93.753
156,6.6773,6.75,-97.351
156,6.6773,6.8438,-99.032
156,6.6773,6.9375,-98.36
156,6.6773,7.0312,-97.801
156,6.6773,7.125,-98.627
156,6.6773,7.2188,-99.118
156,6.6773,7.3125,-98.97
156,6.6773,7.4062,-95.343
156,6.6773,7.5,-99.278
156,6.6773,7.5938,-98.672
156,6.6773,7.6875,-99.475
156,6.6773,7.7812,-99.824
156,6.6773,7.875,-99.307
156,6.6773,7.9688,-99.741
156,6.6773,8.0625,-99.79
156,6.6773,8.1562,-99.67
156,6.6773,8.25,-99.607
156,6.6773,8.3438,-99.548
156,6.6773,8.4375,-97.733
156,6.6773,8.5312,-99.434
156,6.6773,8.625,-99.627
156,6.6773,8.7188,-99.55
156,6.6773,8.8125,-99.954
156,6.6773,8.9062,-99.845
156,6.6773,9.0,-98.998
156,6.6773,9.0938,-98.432
156,6.6773,9.1875,-97.456
156,6.6773,9.2812,-99.041
156,6.6773,9.375,-99.501
156,6.6773,9.4688,-98.184
156,6.6773,9.5625,-98.68
156,6.6773,9.6562,-99.94
156,6.6773,9.75,-99.796
156,6.6773,9.8438,-99.942
156,6.6773,9.9375,-98.675
156,6.6773,10.0312,-99.732
156,6.6773,10.125,-98.288
156,6.6773,10.2188,-99.994
156,6.6773,10.3125,-99.641
156,6.6773,10.4062,-99.966
156,6.6773,10.5,-99.865
156,6.6773,10.5938,-99.955
156,6.6773,10.6875,-99.871
156,6.6773,10.7812,-99.908
156,6.6773,10.875,-99.692
156,6.6773,10.9688,-99.894
156,6.6773,11.0625,-99.828
156,6.6773,11.1562,-99.945
156,6.6773,11.25,-99.965
156,6.6773,11.3438,-99.971
156,6.6773,11.4375,-99.723
156,6.6773,11.5312,-99.851
156,6.6773,11.625,-99.824
156,6.6773,11.7188,-99.925
156,6.6773,11.8125,-99.922
156,6.6773,11.9062,-99.972
156,6.6773,12.0,-99.931
156,6.6773,12.0938,-99.99
156,6.6773,12.1875,-99.799
156,6.6773,12.2812,-99.937
156,6.6773,12.375,-99.895
156,6.6773,12.4688,-99.949
156,6.6773,12.5625,-99.966
156,6.6773,12.6562,-99.817
156,6.6773,12.75,-99.885
156,6.6773,12.8438,-99.853
156,6.6773,12.9375,-99.996
156,6.6773,13.0312,-99.838
156,6.6773,13.125,-99.895
156,6.6773,13.2188,-99.938
156,6.6773,13.3125,-99.954
156,6.6773,13.4062,-99.916
156,6.6773,13.5,-99.986
156,6.6773,13.5938,-99.978
156,6.6773,13.6875,-99.779
156,6.6773,13.7812,-99.991
156,6.6773,13.875,-99.948
156,6.6773,13.9688,-99.983
156,6.6773,14.0625,-99.94
156,6.6773,14.1562,-99.975
156,6.6773,14.25,-99.977
156,6.6773,14.3438,-99.952
156,6.6773,14.4375,-99.962
156,6.6773,14.5312,-99.952
156,6.6773,14.625,-99.999
156,6.6773,14.7188,-99.99
156,6.6773,14.8125,-99.727
156,6.6773,14.9062,-99.99
156,6.6773,15.0,-99.933
156,6.6773,15.0938,-99.991
156,6.6773,15.1875,-99.942
156,6.6773,15.2812,-99.994
156,6.6773,15.375,-99.946
156,6.6773,15.4688,-99.883
156,6.6773,15.5625,-99.919
156,6.6773,15.6562,-99.957
156,6.6773,15.75,-99.996
156,6.6773,15.8438,-99.959
156,6.6773,15.9375,-99.817
157,6.72,0.0,-74.157
157,6.72,0.0938,-46.233
157,6.72,0.1875,-48.025
157,6.72,0.2812,-50.261
157,6.72,0.375,-53.656
157,6.72,0.4688,-95.129
157,6.72,0.5625,-58.838
157,6.72,0.6562,-73.566
157,6.72,0.75,-62.821
157,6.72,0.8438,-72.475
157,6.72,0.9375,-54.239
157,6.72,1.0312,-69.554
157,6.72,1.125,-82.454
157,6.72,1.2188,-85.343
157,6.72,1.3125,-83.982
157,6.72,1.4062,-84.307
157,6.72,1.5,-81.454
157,6.72,1.5938,-96.102
157,6.72,1.6875,-76.291
157,6.72,1.7812,-97.66
157,6.72,1.875,-72.28
157,6.72,1.9688,-87.217
157,6.72,2.0625,-81.633
157,6.72,2.1562,-98.303
157,6.72,2.25,-88.89
157,6.72,2.3438,-87.735
157,6.72,2.4375,-80.592
157,6.72,2.5312,-84.248
157,6.72,2.625,-86.703
157,6.72,2.7188,-89.73
157,6.72,2.8125,-95.043
157,6.72,2.9062,-90.693
157,6.72,3.0,-98.604
157,6.72,3.0938,-99.013
157,6.72,3.1875,-99.884
157,6.72,3.2812,-87.519
157,6.72,3.375,-95.853
157,6.72,3.4688,-97.142
157,6.72,3.5625,-99.578
157,6.72,3.6562,-97.133
157,6.72,3.75,-97.439
157,6.72,3.8438,-99.854
157,6.72,3.9375,-97.273
157,6.72,4.0312,-99.476
157,6.72,4.125,-99.431
157,6.72,4.2188,-99.702
157,6.72,4.3125,-99.118
157,6.72,4.4062,-99.787
157,6.72,4.5,-98.636
157,6.72,4.5938,-99.222
157,6.72,4.6875,-98.883
157,6.72,4.7812,-99.099
157,6.72,4.875,-99.672
157,6.72,4.9688,-99.405
157,6.72,5.0625,-98.234
157,6.72,5.1562,-97.158
157,6.72,5.25,-99.807
157,6.72,5.3438,-94.254
157,6.72,5.4375,-99.138
157,6.72,5.5312,-99.955
157,6.72,5.625,-98.084
157,6.72,5.7188,-99.868
157,6.72,5.8125,-99.904
157,6.72,5.9062,-99.975
157,6.72,6.0,-99.611
157,6.72,6.0938,-99.314
157,6.72,6.1875,-99.598
157,6.72,6.2812,-96.372
157,6.72,6.375,-99.431
157,6.72,6.4688,-96.483
157,6.72,6.5625,-99.106
157,6.72,6.6562,-95.094
157,6.72,6.75,-99.8
157,6.72,6.8438,-97.648
157,6.72,6.9375,-99.957
157,6.72,7.0312,-98.79
157,6.72,7.125,-99.679
157,6.72,7.2188,-96.873
157,6.72,7.3125,-99.266
157,6.72,7.4062,-90.289
157,6.72,7.5,-99.33
157,6.72,7.5938,-95.526
157,6.72,7.6875,-99.974
157,6.72,7.7812,-99.838
157,6.72,7.875,-99.969
157,6.72,7.9688,-99.55
157,6.72,8.0625,-99.983
157,6.72,8.1562,-98.782
157,6.72,8.25,-99.915
157,6.72,8.3438,-99.444
157,6.72,8.4375,-99.737
157,6.72,8.5312,-98.67
157,6.72,8.625,-99.772
157,6.72,8.7188,-97.293
157,6.72,8.8125,-99.815
157,6.72,8.9062,-97.968
157,6.72,9.0,-98.131
157,6.72,9.0938,-88.559
157,6.72,9.1875,-98.676
157,6.72,9.2812,-99.229
157,6.72,9.375,-99.75
157,6.72,9.4688,-99.868
157,6.72,9.5625,-99.901
157,6.72,9.6562,-99.151
157,6.72,9.75,-99.956
157,6.72,9.8438,-99.767
157,6.72,9.9375,-99.667
157,6.72,10.0312,-99.748
157,6.72,10.125,-99.917
157,6.72,10.2188,-99.898
157,6.72,10.3125,-99.621
157,6.72,10.4062,-99.971
157,6.72,10.5,-99.773
157,6.72,10.5938,-99.721
157,6.72,10.6875,-99.962
157,6.72,10.7812,-99.979
157,6.72,10.875,-99.991
157,6.72,10.9688,-99.972
157,6.72,11.0625,-99.919
157,6.72,11.1562,-99.983
157,6.72,11.25,-99.788
157,6.72,11.3438,-99.995
157,6.72,11.4375,-99.981
157,6.72,11.5312,-99.97
157,6.72,11.625,-99.969
157,6.72,11.7188,-99.877
157,6.72,11.8125,-99.93
157,6.72,11.9062,-99.89
157,6.72,12.0,-99.887
157,6.72,12.0938,-99.985
157,6.72,12.1875,-99.812
157,6.72,12.2812,-99.828
157,6.72,12.375,-99.762
157,6.72,12.4688,-99.947
157,6.72,12.5625,-99.806
157,6.72,12.6562,-99.991
157,6.72,12.75,-99.547
157,6.72,12.8438,-99.991
157,6.72,12.9375,-99.922
157,6.72,13.0312,-99.941
157,6.72,13.125,-99.948
157,6.72,13.2188,-99.923
157,6.72,13.3125,-99.925
157,6.72,13.4062,-99.986
157,6.72,13.5,-99.989
157,6.72,13.5938,-99.942
157,6.72,13.6875,-99.98
157,6.72,13.7812,-99.985
157,6.72,13.875,-99.82
157,6.72,13.9688,-99.974
157,6.72,14.0625,-99.981
157,6.72,14.1562,-99.908
157,6.72,14.25,-99.934
157,6.72,14.3438,-99.954
157,6.72,14.4375,-99.919
157,6.72,14.5312,-99.977
157,6.72,14.625,-99.93
157,6.72,14.7188,-99.883
157,6.72,14.8125,-99.928
157,6.72,14.9062,-99.953
157,6.72,15.0,-99.941
157,6.72,15.0938,-99.984
157,6.72,15.1875,-99.95
157,6.72,15.2812,-99.957
157,6.72,15.375,-99.985
157,6.72,15.4688,-99.923
157,6.72,15.5625,-99.845
157,6.72,15.6562,-99.977
157,6.72,15.75,-99.852
157,6.72,15.8438,-99.882
157,6.72,15.9375,-99.962
158,6.7627,0.0,-98.122
158,6.7627,0.0938,-46.235
158,6.7627,0.1875,-48.93
158,6.7627,0.2812,-50.802
158,6.7627,0.375,-58.426
158,6.7627,0.4688,-81.753
158,6.7627,0.5625,-58.593
158,6.7627,0.6562,-66.124
158,6.7627,0.75,-73.742
158,6.7627,0.8438,-70.65
158,6.7627,0.9375,-64.324
158,6.7627,1.0312,-76.761
158,6.7627,1.125,-86.777
158,6.7627,1.2188,-83.09
158,6.7627,1.3125,-83.264
158,6.7627,1.4062,-88.763
158,6.7627,1.5,-79.254
158,6.7627,1.5938,-95.036
158,6.7627,1.6875,-79.208
158,6.7627,1.7812,-83.675
158,6.7627,1.875,-72.073
158,6.7627,1.9688,-92.896
158,6.7627,2.0625,-80.951
158,6.7627,2.1562,-93.747
158,6.7627,2.25,-81.662
158,6.7627,2.3438,-93.591
158,6.7627,2.4375,-86.475
158,6.7627,2.5312,-83.865
158,6.7627,2.625,-95.618
158,6.7627,2.7188,-82.756
158,6.7627,2.8125,-97.916
158,6.7627,2.9062,-96.23
158,6.7627,3.0,-98.693
158,6.7627,3.0938,-98.562
158,6.7627,3.1875,-98.596
158,6.7627,3.2812,-96.048
158,6.7627,3.375,-99.955
158,6.7627,3.4688,-97.872
158,6.7627,3.5625,-96.421
158,6.7627,3.6562,-99.929
158,6.7627,3.75,-98.548
158,6.7627,3.8438,-99.93
158,6.7627,3.9375,-99.974
158,6.7627,4.0312,-99.614
158,6.7627,4.125,-99.676
158,6.7627,4.2188,-99.917
158,6.7627,4.3125,-99.865
158,6.7627,4.4062,-99.507
158,6.7627,4.5,-99.955
158,6.7627,4.5938,-99.977
158,6.7627,4.6875,-99.394
158,6.7627,4.7812,-97.742
158,6.7627,4.875,-99.987
158,6.7627,4.9688,-99.729
158,6.7627,5.0625,-99.874
158,6.7627,5.1562,-99.411
158,6.7627,5.25,-98.052
158,6.7627,5.3438,-99.595
158,6.7627,5.4375,-98.071
158,6.7627,5.5312,-99.975
158,6.7627,5.625,-99.877
158,6.7627,5.7188,-98.723
158,6.7627,5.8125,-99.723
158,6.7627,5.9062,-99.914
158,6.7627,6.0,-99.988
158,6.7627,6.0938,-99.053
158,6.7627,6.1875,-99.125
158,6.7627,6.2812,-96.777
158,6.7627,6.375,-97.445
158,6.7627,6.4688,-96.721
158,6.7627,6.5625,-98.675
158,6.7627,6.6562,-99.457
158,6.7627,6.75,-99.441
158,6.7627,6.8438,-99.6
158,6.7627,6.9375,-99.231
158,6.7627,7.0312,-99.611
158,6.7627,7.125,-98.972
158,6.7627,7.2188,-99.283
158,6.7627,7.3125,-97.255
158,6.7627,7.4062,-95.629
158,6.7627,7.5,-99.278
158,6.7627,7.5938,-99.925
158,6.7627,7.6875,-99.774
158,6.7627,7.7812,-99.846
158,6.7627,7.875,-99.884
158,6.7627,7.9688,-99.621
158,6.7627,8.0625,-99.19
158,6.7627,8.1562,-98.693
158,6.7627,8.25,-99.628
158,6.7627,8.3438,-99.369
158,6.7627,8.4375,-99.624
158,6.7627,8.5312,-99.618
158,6.7627,8.625,-99.473
158,6.7627,8.7188,-99.778
158,6.7627,8.8125,-99.737
158,6.7627,8.9062,-99.382
158,6.7627,9.0,-99.956
158,6.7627,9.0938,-95.365
158,6.7627,9.1875,-99.987
158,6.7627,9.2812,-99.165
158,6.7627,9.375,-99.726
158,6.7627,9.4688,-99.969
158,6.7627,9.5625,-99.994
158,6.7627,9.6562,-99.969
158,6.7627,9.75,-99.779
158,6.7627,9.8438,-99.887
158,6.7627,9.9375,-99.712
158,6.7627,10.0312,-99.977
158,6.7627,10.125,-99.59
158,6.7627,10.2188,-99.938
158,6.7627,10.3125,-99.937
158,6.7627,10.4062,-99.93
158,6.7627,10.5,-99.888
158,6.7627,10.5938,-99.99
158,6.7627,10.6875,-99.996
158,6.7627,10.7812,-99.942
158,6.7627,10.875,-99.982
158,6.7627,10.9688,-99.996
158,6.7627,11.0625,-99.983
158,6.7627,11.1562,-99.886
158,6.7627,11.25,-99.893
158,6.7627,11.3438,-99.989
158,6.7627,11.4375,-99.813
158,6.7627,11.5312,-99.976
158,6.7627,11.625,-99.938
158,6.7627,11.7188,-99.855
158,6.7627,11.8125,-99.928
158,6.7627,11.9062,-99.992
158,6.7627,12.0,-99.987
158,6.7627,12.0938,-99.975
158,6.7627,12.1875,-99.987
158,6.7627,12.2812,-99.977
158,6.7627,12.375,-99.984
158,6.7627,12.4688,-99.854
158,6.7627,12.5625,-99.988
158,6.7627,12.6562,-99.918
158,6.7627,12.75,-99.318
158,6.7627,12.8438,-99.941
158,6.7627,12.9375,-99.959
158,6.7627,13.0312,-99.968
158,6.7627,13.125,-99.972
158,6.7627,13.2188,-99.962
158,6.7627,13.3125,-99.962
158,6.7627,13.4062,-99.95
158,6.7627,13.5,-99.838
158,6.7627,13.5938,-99.82
158,6.7627,13.6875,-99.993
158,6.7627,13.7812,-99.85
158,6.7627,13.875,-99.906
158,6.7627,13.9688,-99.908
158,6.7627,14.0625,-99.903
158,6.7627,14.1562,-99.957
158,6.7627,14.25,-99.926
158,6.7627,14.3438,-99.985
158,6.7627,14.4375,-99.933
158,6.7627,14.5312,-99.878
158,6.7627,14.625,-99.949
158,6.7627,14.7188,-99.996
158,6.7627,14.8125,-99.992
158,6.7627,14.9062,-99.96
158,6.7627,15.0,-99.99
158,6.7627,15.0938,-99.967
158,6.7627,15.1875,-99.986
158,6.7627,15.2812,-99.976
158,6.7627,15.375,-100.0
158,6.7627,15.4688,-99.943
158,6.7627,15.5625,-99.9
158,6.7627,15.6562,-99.99
158,6.7627,15.75,-99.905
158,6.7627,15.8438,-99.919
158,6.7627,15.9375,-99.981
159,6.8053,0.0,-62.702
159,6.8053,0.0938,-46.344
159,6.8053,0.1875,-47.609
159,6.8053,0.2812,-51.015
159,6.8053,0.375,-68.389
159,6.8053,0.4688,-80.794
159,6.8053,0.5625,-63.614
159,6.8053,0.6562,-70.457
159,6.8053,0.75,-71.154
159,6.8053,0.8438,-60.52
159,6.8053,0.9375,-64.706
159,6.8053,1.0312,-58.058
159,6.8053,1.125,-88.739
159,6.8053,1.2188,-80.918
159,6.8053,1.3125,-85.257
159,6.8053,1.4062,-83.1
159,6.8053,1.5,-80.468
159,6.8053,1.5938,-82.283
159,6.8053,1.6875,-76.226
159,6.8053,1.7812,-86.792
159,6.8053,1.875,-74.751
159,6.8053,1.9688,-91.32
159,6.8053,2.0625,-84.216
159,6.8053,2.1562,-88.2
159,6.8053,2.25,-84.703
159,6.8053,2.3438,-97.368
159,6.8053,2.4375,-92.554
159,6.8053,2.5312,-97.971
159,6.8053,2.625,-89.046
159,6.8053,2.7188,-89.647
159,6.8053,2.8125,-95.303
159,6.8053,2.9062,-98.199
159,6.8053,3.0,-99.655
159,6.8053,3.0938,-96.87
159,6.8053,3.1875,-92.584
159,6.8053,3.2812,-92.042
159,6.8053,3.375,-98.262
159,6.8053,3.4688,-93.286
159,6.8053,3.5625,-98.951
159,6.8053,3.6562,-99.675
159,6.8053,3.75,-98.237
159,6.8053,3.8438,-99.224
159,6.8053,3.9375,-99.643
159,6.8053,4.0312,-99.758
159,6.8053,4.125,-99.954
159,6.8053,4.2188,-99.502
159,6.8053,4.3125,-99.77
159,6.8053,4.4062,-99.856
159,6.8053,4.5,-99.805
159,6.8053,4.5938,-96.458
159,6.8053,4.6875,-97.657
159,6.8053,4.7812,-99.641
159,6.8053,4.875,-98.842
159,6.8053,4.9688,-98.799
159,6.8053,5.0625,-99.333
159,6.8053,5.1562,-98.287
159,6.8053,5.25,-96.022
159,6.8053,5.3438,-99.033
159,6.8053,5.4375,-99.504
159,6.8053,5.5312,-99.533
159,6.8053,5.625,-98.98
159,6.8053,5.7188,-99.372
159,6.8053,5.8125,-99.885
159,6.8053,5.9062,-99.713
159,6.8053,6.0,-99.255
159,6.8053,6.0938,-99.923
159,6.8053,6.1875,-93.491
159,6.8053,6.2812,-96.042
159,6.8053,6.375,-99.596
159,6.8053,6.4688,-99.49
159,6.8053,6.5625,-99.488
159,6.8053,6.6562,-99.796
159,6.8053,6.75,-99.843
159,6.8053,6.8438,-99.371
159,6.8053,6.9375,-98.077
159,6.8053,7.0312,-99.717
159,6.8053,7.125,-98.42
159,6.8053,7.2188,-99.404
159,6.8053,7.3125,-98.448
159,6.8053,7.4062,-98.748
159,6.8053,7.5,-99.079
159,6.8053,7.5938,-96.998
159,6.8053,7.6875,-99.903
159,6.8053,7.7812,-99.195
159,6.8053,7.875,-99.661
159,6.8053,7.9688,-97.909
159,6.8053,8.0625,-98.345
159,6.8053,8.1562,-97.488
159,6.8053,8.25,-99.093
159,6.8053,8.3438,-99.843
159,6.8053,8.4375,-99.845
159,6.8053,8.5312,-99.74
159,6.8053,8.625,-99.901
159,6.8053,8.7188,-99.853
159,6.8053,8.8125,-99.194
159,6.8053,8.9062,-99.011
159,6.8053,9.0,-99.473
159,6.8053,9.0938,-98.327
159,6.8053,9.1875,-98.989
159,6.8053,9.2812,-99.961
159,6.8053,9.375,-98.551
159,6.8053,9.4688,-99.331
159,6.8053,9.5625,-97.624
159,6.8053,9.6562,-99.667
159,6.8053,9.75,-99.551
159,6.8053,9.8438,-99.956
159,6.8053,9.9375,-99.941
159,6.8053,10.0312,-99.536
159,6.8053,10.125,-99.296
159,6.8053,10.2188,-99.843
159,6.8053,10.3125,-99.992
159,6.8053,10.4062,-99.923
159,6.8053,10.5,-99.907
159,6.8053,10.5938,-99.895
159,6.8053,10.6875,-99.77
159,6.8053,10.7812,-98.501
159,6.8053,10.875,-99.112
159,6.8053,10.9688,-98.433
159,6.8053,11.0625,-99.932
159,6.8053,11.1562,-98.085
159,6.8053,11.25,-99.164
159,6.8053,11.3438,-98.068
159,6.8053,11.4375,-97.166
159,6.8053,11.5312,-98.922
159,6.8053,11.625,-98.252
159,6.8053,11.7188,-99.352
159,6.8053,11.8125,-99.881
159,6.8053,11.9062,-99.537
159,6.8053,12.0,-99.888
159,6.8053,12.0938,-99.761
159,6.8053,12.1875,-99.838
159,6.8053,12.2812,-99.741
159,6.8053,12.375,-99.725
159,6.8053,12.4688,-99.853
159,6.8053,12.5625,-99.738
159,6.8053,12.6562,-99.111
159,6.8053,12.75,-99.712
159,6.8053,12.8438,-99.356
159,6.8053,12.9375,-97.761
159,6.8053,13.0312,-99.817
159,6.8053,13.125,-99.273
159,6.8053,13.2188,-99.871
159,6.8053,13.3125,-99.844
159,6.8053,13.4062,-98.897
159,6.8053,13.5,-99.421
159,6.8053,13.5938,-99.179
159,6.8053,13.6875,-99.582
159,6.8053,13.7812,-99.541
159,6.8053,13.875,-99.467
159,6.8053,13.9688,-99.544
159,6.8053,14.0625,-99.433
159,6.8053,14.1562,-98.035
159,6.8053,14.25,-99.382
159,6.8053,14.3438,-98.578
159,6.8053,14.4375,-99.047
159,6.8053,14.5312,-98.631
159,6.8053,14.625,-99.515
159,6.8053,14.7188,-99.493
159,6.8053,14.8125,-99.98
159,6.8053,14.9062,-99.917
159,6.8053,15.0,-99.67
159,6.8053,15.0938,-99.277
159,6.8053,15.1875,-99.485
159,6.8053,15.2812,-99.696
159,6.8053,15.375,-99.874
159,6.8053,15.4688,-99.977
159,6.8053,15.5625,-99.898
159,6.8053,15.6562,-99.99
159,6.8053,15.75,-99.865
159,6.8053,15.8438,-99.976
159,6.8053,15.9375,-99.972
160,6.848,0.0,-57.283
160,6.848,0.0938,-45.618
160,6.848,0.1875,-52.935
160,6.848,0.2812,-51.816
160,6.848,0.375,-67.769
160,6.848,0.4688,-76.44
160,6.848,0.5625,-58.427
160,6.848,0.6562,-79.617
160,6.848,0.75,-73.055
160,6.848,0.8438,-74.604
160,6.848,0.9375,-63.29
160,6.848,1.0312,-58.562
160,6.848,1.125,-72.022
160,6.848,1.2188,-90.825
160,6.848,1.3125,-78.345
160,6.848,1.4062,-71.541
160,6.848,1.5,-70.502
160,6.848,1.5938,-70.215
160,6.848,1.6875,-73.011
160,6.848,1.7812,-72.945
160,6.848,1.875,-74.241
160,6.848,1.9688,-77.475
160,6.848,2.0625,-70.651
160,6.848,2.1562,-68.503
160,6.848,2.25,-78.259
160,6.848,2.3438,-74.916
160,6.848,2.4375,-69.411
160,6.848,2.5312,-75.228
160,6.848,2.625,-76.403
160,6.848,2.7188,-82.148
160,6.848,2.8125,-91.092
160,6.848,2.9062,-83.005
160,6.848,3.0,-89.344
160,6.848,3.0938,-71.939
160,6.848,3.1875,-87.341
160,6.848,3.2812,-76.082
160,6.848,3.375,-89.878
160,6.848,3.4688,-88.244
160,6.848,3.5625,-86.217
160,6.848,3.6562,-74.959
160,6.848,3.75,-79.372
160,6.848,3.8438,-87.101
160,6.848,3.9375,-87.125
160,6.848,4.0312,-76.222
160,6.848,4.125,-84.326
160,6.848,4.2188,-78.579
160,6.848,4.3125,-85.869
160,6.848,4.4062,-78.445
160,6.848,4.5,-79.52
160,6.848,4.5938,-78.585
160,6.848,4.6875,-89.96
160,6.848,4.7812,-85.974
160,6.848,4.875,-90.109
160,6.848,4.9688,-93.285
160,6.848,5.0625,-91.374
160,6.848,5.1562,-87.017
160,6.848,5.25,-89.074
160,6.848,5.3438,-98.579
160,6.848,5.4375,-88.962
160,6.848,5.5312,-84.516
160,6.848,5.625,-94.612
160,6.848,5.7188,-92.544
160,6.848,5.8125,-97.643
160,6.848,5.9062,-95.848
160,6.848,6.0,-89.437
160,6.848,6.0938,-84.668
160,6.848,6.1875,-91.141
160,6.848,6.2812,-87.188
160,6.848,6.375,-87.808
160,6.848,6.4688,-88.663
160,6.848,6.5625,-96.555
160,6.848,6.6562,-95.312
160,6.848,6.75,-92.473
160,6.848,6.8438,-91.554
160,6.848,6.9375,-91.13
160,6.848,7.0312,-88.086
160,6.848,7.125,-89.1
160,6.848,7.2188,-99.721
160,6.848,7.3125,-91.295
160,6.848,7.4062,-92.877
160,6.848,7.5,-93.28
160,6.848,7.5938,-94.906
160,6.848,7.6875,-88.716
160,6.848,7.7812,-85.631
160,6.848,7.875,-89.816
160,6.848,7.9688,-87.293
160,6.848,8.0625,-85.443
160,6.848,8.1562,-87.733
160,6.848,8.25,-98.582
160,6.848,8.3438,-96.865
160,6.848,8.4375,-93.484
160,6.848,8.5312,-96.255
160,6.848,8.625,-94.062
160,6.848,8.7188,-93.392
160,6.848,8.8125,-93.694
160,6.848,8.9062,-88.991
160,6.848,9.0,-95.606
160,6.848,9.0938,-91.556
160,6.848,9.1875,-99.923
160,6.848,9.2812,-90.587
160,6.848,9.375,-90.01
160,6.848,9.4688,-93.13
160,6.848,9.5625,-94.047
160,6.848,9.6562,-98.87
160,6.848,9.75,-92.366
160,6.848,9.8438,-97.611
160,6.848,9.9375,-96.96
160,6.848,10.0312,-96.056
160,6.848,10.125,-94.108
160,6.848,10.2188,-99.394
160,6.848,10.3125,-93.214
160,6.848,10.4062,-99.695
160,6.848,10.5,-97.377
160,6.848,10.5938,-94.843
160,6.848,10.6875,-98.392
160,6.848,10.7812,-92.538
160,6.848,10.875,-97.002
160,6.848,10.9688,-92.299
160,6.848,11.0625,-95.861
160,6.848,11.1562,-93.312
160,6.848,11.25,-99.542
160,6.848,11.3438,-92.391
160,6.848,11.4375,-92.026
160,6.848,11.5312,-98.053
160,6.848,11.625,-99.661
160,6.848,11.7188,-97.733
160,6.848,11.8125,-98.437
160,6.848,11.9062,-97.117
160,6.848,12.0,-94.65
160,6.848,12.0938,-98.738
160,6.848,12.1875,-98.496
160,6.848,12.2812,-97.51
160,6.848,12.375,-99.207
160,6.848,12.4688,-99.174
160,6.848,12.5625,-97.495
160,6.848,12.6562,-99.059
160,6.848,12.75,-99.629
160,6.848,12.8438,-98.208
160,6.848,12.9375,-96.935
160,6.848,13.0312,-97.228
160,6.848,13.125,-97.965
160,6.848,13.2188,-99.578
160,6.848,13.3125,-99.408
160,6.848,13.4062,-92.278
160,6.848,13.5,-98.872
160,6.848,13.5938,-97.737
160,6.848,13.6875,-99.534
160,6.848,13.7812,-99.422
160,6.848,13.875,-98.386
160,6.848,13.9688,-95.661
160,6.848,14.0625,-99.278
160,6.848,14.1562,-94.965
160,6.848,14.25,-99.885
160,6.848,14.3438,-99.144
160,6.848,14.4375,-99.829
160,6.848,14.5312,-99.78
160,6.848,14.625,-99.985
160,6.848,14.7188,-99.876
160,6.848,14.8125,-99.274
160,6.848,14.9062,-99.856
160,6.848,15.0,-99.892
160,6.848,15.0938,-99.732
160,6.848,15.1875,-98.903
160,6.848,15.2812,-99.648
160,6.848,15.375,-97.367
160,6.848,15.4688,-98.387
160,6.848,15.5625,-98.183
160,6.848,15.6562,-99.441
160,6.848,15.75,-99.959
160,6.848,15.8438,-99.759
160,6.848,15.9375,-99.599
161,6.8907,0.0,-54.307
161,6.8907,0.0938,-46.914
161,6.8907,0.1875,-46.691
161,6.8907,0.2812,-49.949
161,6.8907,0.375,-60.808
161,6.8907,0.4688,-61.606
161,6.8907,0.5625,-51.216
161,6.8907,0.6562,-74.312
161,6.8907,0.75,-59.525
161,6.8907,0.8438,-77.934
161,6.8907,0.9375,-54.935
161,6.8907,1.0312,-66.895
161,6.8907,1.125,-79.841
161,6.8907,1.2188,-90.27
161,6.8907,1.3125,-80.993
161,6.8907,1.4062,-80.654
161,6.8907,1.5,-83.767
161,6.8907,1.5938,-71.387
161,6.8907,1.6875,-78.794
161,6.8907,1.7812,-82.329
161,6.8907,1.875,-65.167
161,6.8907,1.9688,-89.404
161,6.8907,2.0625,-76.666
161,6.8907,2.1562,-80.647
161,6.8907,2.25,-80.075
161,6.8907,2.3438,-78.413
161,6.8907,2.4375,-81.313
161,6.8907,2.5312,-84.994
161,6.8907,2.625,-89.251
161,6.8907,2.7188,-85.715
161,6.8907,2.8125,-92.74
161,6.8907,2.9062,-74.693
161,6.8907,3.0,-76.312
161,6.8907,3.0938,-77.034
161,6.8907,3.1875,-83.241
161,6.8907,3.2812,-80.796
161,6.8907,3.375,-90.373
161,6.8907,3.4688,-93.81
161,6.8907,3.5625,-90.016
161,6.8907,3.6562,-93.292
161,6.8907,3.75,-85.461
161,6.8907,3.8438,-91.003
161,6.8907,3.9375,-89.471
161,6.8907,4.0312,-92.945
161,6.8907,4.125,-92.068
161,6.8907,4.2188,-94.151
161,6.8907,4.3125,-87.597
161,6.8907,4.4062,-88.236
161,6.8907,4.5,-98.519
161,6.8907,4.5938,-96.122
161,6.8907,4.6875,-95.11
161,6.8907,4.7812,-88.859
161,6.8907,4.875,-94.779
161,6.8907,4.9688,-91.883
161,6.8907,5.0625,-94.575
161,6.8907,5.1562,-93.289
161,6.8907,5.25,-88.209
161,6.8907,5.3438,-92.49
161,6.8907,5.4375,-86.552
161,6.8907,5.5312,-97.786
161,6.8907,5.625,-95.379
161,6.8907,5.7188,-96.526
161,6.8907,5.8125,-99.151
161,6.8907,5.9062,-89.963
161,6.8907,6.0,-98.405
161,6.8907,6.0938,-99.463
161,6.8907,6.1875,-98.488
161,6.8907,6.2812,-97.834
161,6.8907,6.375,-95.22
161,6.8907,6.4688,-98.152
161,6.8907,6.5625,-94.827
161,6.8907,6.6562,-92.618
161,6.8907,6.75,-96.577
161,6.8907,6.8438,-99.637
161,6.8907,6.9375,-98.135
161,6.8907,7.0312,-97.721
161,6.8907,7.125,-99.462
161,6.8907,7.2188,-99.223
161,6.8907,7.3125,-97.919
161,6.8907,7.4062,-99.001
161,6.8907,7.5,-98.817
161,6.8907,7.5938,-99.45
161,6.8907,7.6875,-99.843
161,6.8907,7.7812,-97.68
161,6.8907,7.875,-99.19
161,6.8907,7.9688,-99.41
161,6.8907,8.0625,-94.918
161,6.8907,8.1562,-99.957
161,6.8907,8.25,-99.367
161,6.8907,8.3438,-99.27
161,6.8907,8.4375,-99.584
161,6.8907,8.5312,-99.867
161,6.8907,8.625,-99.547
161,6.8907,8.7188,-98.693
161,6.8907,8.8125,-98.841
161,6.8907,8.9062,-98.814
161,6.8907,9.0,-98.411
161,6.8907,9.0938,-97.322
161,6.8907,9.1875,-99.608
161,6.8907,9.2812,-94.685
161,6.8907,9.375,-99.369
161,6.8907,9.4688,-99.322
161,6.8907,9.5625,-99.728
161,6.8907,9.6562,-99.616
161,6.8907,9.75,-97.833
161,6.8907,9.8438,-99.318
161,6.8907,9.9375,-99.0
161,6.8907,10.0312,-99.122
161,6.8907,10.125,-99.514
161,6.8907,10.2188,-99.791
161,6.8907,10.3125,-99.843
161,6.8907,10.4062,-98.767
161,6.8907,10.5,-99.483
161,6.8907,10.5938,-99.668
161,6.8907,10.6875,-99.958
161,6.8907,10.7812,-98.619
161,6.8907,10.875,-99.988
161,6.8907,10.9688,-99.265
161,6.8907,11.0625,-98.248
161,6.8907,11.1562,-99.909
161,6.8907,11.25,-99.8
161,6.8907,11.3438,-99.854
161,6.8907,11.4375,-99.913
161,6.8907,11.5312,-99.72
161,6.8907,11.625,-99.877
161,6.8907,11.7188,-99.422
161,6.8907,11.8125,-99.911
161,6.8907,11.9062,-99.947
161,6.8907,12.0,-99.731
161,6.8907,12.0938,-99.835
161,6.8907,12.1875,-99.916
161,6.8907,12.2812,-99.689
161,6.8907,12.375,-99.055
161,6.8907,12.4688,-99.974
161,6.8907,12.5625,-99.77
161,6.8907,12.6562,-99.718
161,6.8907,12.75,-99.957
161,6.8907,12.8438,-99.819
161,6.8907,12.9375,-99.943
161,6.8907,13.0312,-99.883
161,6.8907,13.125,-99.936
161,6.8907,13.2188,-99.852
161,6.8907,13.3125,-99.808
161,6.8907,13.4062,-99.912
161,6.8907,13.5,-99.85
161,6.8907,13.5938,-99.857
161,6.8907,13.6875,-99.992
161,6.8907,13.7812,-99.209
161,6.8907,13.875,-99.656
161,6.8907,13.9688,-99.973
161,6.8907,14.0625,-99.66
161,6.8907,14.1562,-99.802
161,6.8907,14.25,-99.971
161,6.8907,14.3438,-99.948
161,6.8907,14.4375,-99.986
161,6.8907,14.5312,-99.988
161,6.8907,14.625,-99.931
161,6.8907,14.7188,-99.882
161,6.8907,14.8125,-99.967
161,6.8907,14.9062,-99.971
161,6.8907,15.0,-99.943
161,6.8907,15.0938,-99.965
161,6.8907,15.1875,-99.822
161,6.8907,15.2812,-99.971
161,6.8907,15.375,-99.717
161,6.8907,15.4688,-99.896
161,6.8907,15.5625,-99.899
161,6.8907,15.6562,-99.83
161,6.8907,15.75,-99.981
161,6.8907,15.8438,-99.913
161,6.8907,15.9375,-99.926
162,6.9333,0.0,-53.858
162,6.9333,0.0938,-47.936
162,6.9333,0.1875,-42.241
162,6.9333,0.2812,-51.159
162,6.9333,0.375,-62.041
162,6.9333,0.4688,-63.209
162,6.9333,0.5625,-57.792
162,6.9333,0.6562,-79.78
162,6.9333,0.75,-59.598
162,6.9333,0.8438,-76.823
162,6.9333,0.9375,-59.456
162,6.9333,1.0312,-76.278
162,6.9333,1.125,-82.667
162,6.9333,1.2188,-94.104
162,6.9333,1.3125,-77.511
162,6.9333,1.4062,-82.091
162,6.9333,1.5,-81.253
162,6.9333,1.5938,-79.84
162,6.9333,1.6875,-75.954
162,6.9333,1.7812,-95.24
162,6.9333,1.875,-80.047
162,6.9333,1.9688,-90.555
162,6.9333,2.0625,-88.482
162,6.9333,2.1562,-90.011
162,6.9333,2.25,-86.054
162,6.9333,2.3438,-90.514
162,6.9333,2.4375,-89.998
162,6.9333,2.5312,-87.886
162,6.9333,2.625,-95.081
162,6.9333,2.7188,-97.013
162,6.9333,2.8125,-97.237
162,6.9333,2.9062,-91.694
162,6.9333,3.0,-98.96
162,6.9333,3.0938,-88.183
162,6.9333,3.1875,-99.11
162,6.9333,3.2812,-89.551
162,6.9333,3.375,-99.408
162,6.9333,3.4688,-97.306
162,6.9333,3.5625,-99.57
162,6.9333,3.6562,-95.059
162,6.9333,3.75,-95.246
162,6.9333,3.8438,-98.626
162,6.9333,3.9375,-97.408
162,6.9333,4.0312,-97.018
162,6.9333,4.125,-98.677
162,6.9333,4.2188,-97.53
162,6.9333,4.3125,-99.635
162,6.9333,4.4062,-97.344
162,6.9333,4.5,-97.645
162,6.9333,4.5938,-98.926
162,6.9333,4.6875,-98.273
162,6.9333,4.7812,-99.24
162,6.9333,4.875,-99.019
162,6.9333,4.9688,-99.199
162,6.9333,5.0625,-98.781
162,6.9333,5.1562,-99.479
162,6.9333,5.25,-99.754
162,6.9333,5.3438,-98.837
162,6.9333,5.4375,-98.628
162,6.9333,5.5312,-99.936
162,6.9333,5.625,-99.681
162,6.9333,5.7188,-99.897
162,6.9333,5.8125,-99.06
162,6.9333,5.9062,-99.946
162,6.9333,6.0,-99.727
162,6.9333,6.0938,-99.912
162,6.9333,6.1875,-95.559
162,6.9333,6.2812,-94.915
162,6.9333,6.375,-99.047
162,6.9333,6.4688,-96.292
162,6.9333,6.5625,-98.822
162,6.9333,6.6562,-98.064
162,6.9333,6.75,-99.994
162,6.9333,6.8438,-99.312
162,6.9333,6.9375,-99.724
162,6.9333,7.0312,-99.518
162,6.9333,7.125,-99.424
162,6.9333,7.2188,-99.971
162,6.9333,7.3125,-99.587
162,6.9333,7.4062,-99.504
162,6.9333,7.5,-99.524
162,6.9333,7.5938,-99.988
162,6.9333,7.6875,-99.991
162,6.9333,7.7812,-99.77
162,6.9333,7.875,-99.487
162,6.9333,7.9688,-99.181
162,6.9333,8.0625,-99.901
162,6.9333,8.1562,-99.832
162,6.9333,8.25,-99.864
162,6.9333,8.3438,-99.986
162,6.9333,8.4375,-99.946
162,6.9333,8.5312,-99.429
162,6.9333,8.625,-99.999
162,6.9333,8.7188,-99.915
162,6.9333,8.8125,-99.576
162,6.9333,8.9062,-99.398
162,6.9333,9.0,-99.369
162,6.9333,9.0938,-98.439
162,6.9333,9.1875,-99.637
162,6.9333,9.2812,-99.757
162,6.9333,9.375,-99.585
162,6.9333,9.4688,-99.831
162,6.9333,9.5625,-99.844
162,6.9333,9.6562,-99.694
162,6.9333,9.75,-99.2
162,6.9333,9.8438,-99.734
162,6.9333,9.9375,-98.257
162,6.9333,10.0312,-99.977
162,6.9333,10.125,-98.763
162,6.9333,10.2188,-99.996
162,6.9333,10.3125,-99.847
162,6.9333,10.4062,-99.979
162,6.9333,10.5,-99.852
162,6.9333,10.5938,-99.998
162,6.9333,10.6875,-99.933
162,6.9333,10.7812,-99.917
162,6.9333,10.875,-99.983
162,6.9333,10.9688,-99.994
162,6.9333,11.0625,-99.974
162,6.9333,11.1562,-99.973
162,6.9333,11.25,-99.839
162,6.9333,11.3438,-99.769
162,6.9333,11.4375,-99.98
162,6.9333,11.5312,-99.936
162,6.9333,11.625,-99.924
162,6.9333,11.7188,-99.968
162,6.9333,11.8125,-99.903
162,6.9333,11.9062,-99.904
162,6.9333,12.0,-99.84
162,6.9333,12.0938,-99.93
162,6.9333,12.1875,-99.797
162,6.9333,12.2812,-99.875
162,6.9333,12.375,-99.956
162,6.9333,12.4688,-99.93
162,6.9333,12.5625,-99.727
162,6.9333,12.6562,-99.919
162,6.9333,12.75,-99.872
162,6.9333,12.8438,-99.386
162,6.9333,12.9375,-99.825
162,6.9333,13.0312,-99.992
162,6.9333,13.125,-99.892
162,6.9333,13.2188,-99.916
162,6.9333,13.3125,-99.868
162,6.9333,13.4062,-99.984
162,6.9333,13.5,-99.909
162,6.9333,13.5938,-99.941
162,6.9333,13.6875,-99.987
162,6.9333,13.7812,-99.965
162,6.9333,13.875,-99.997
162,6.9333,13.9688,-99.968
162,6.9333,14.0625,-99.955
162,6.9333,14.1562,-99.996
162,6.9333,14.25,-99.982
162,6.9333,14.3438,-99.981
162,6.9333,14.4375,-99.985
162,6.9333,14.5312,-99.877
162,6.9333,14.625,-99.736
162,6.9333,14.7188,-99.973
162,6.9333,14.8125,-99.952
162,6.9333,14.9062,-99.889
162,6.9333,15.0,-99.94
162,6.9333,15.0938,-99.971
162,6.9333,15.1875,-99.94
162,6.9333,15.2812,-99.949
162,6.9333,15.375,-99.935
162,6.9333,15.4688,-99.998
162,6.9333,15.5625,-99.989
162,6.9333,15.6562,-99.986
162,6.9333,15.75,-99.897
162,6.9333,15.8438,-99.622
162,6.9333,15.9375,-99.957
163,6.976,0.0,-57.54
163,6.976,0.0938,-45.915
163,6.976,0.1875,-43.417
163,6.976,0.2812,-52.194
163,6.976,0.375,-59.883
163,6.976,0.4688,-63.488
163,6.976,0.5625,-53.386
163,6.976,0.6562,-82.45
163,6.976,0.75,-61.376
163,6.976,0.8438,-79.95
163,6.976,0.9375,-56.428
163,6.976,1.0312,-82.743
163,6.976,1.125,-78.1
163,6.976,1.2188,-85.586
163,6.976,1.3125,-77.309
163,6.976,1.4062,-80.623
163,6.976,1.5,-83.402
163,6.976,1.5938,-79.145
163,6.976,1.6875,-79.759
163,6.976,1.7812,-82.924
163,6.976,1.875,-84.713
163,6.976,1.9688,-95.295
163,6.976,2.0625,-90.003
163,6.976,2.1562,-95.442
163,6.976,2.25,-91.493
163,6.976,2.3438,-90.353
163,6.976,2.4375,-85.84
163,6.976,2.5312,-91.432
163,6.976,2.625,-93.316
163,6.976,2.7188,-97.304
163,6.976,2.8125,-99.161
163,6.976,2.9062,-98.169
163,6.976,3.0,-99.781
163,6.976,3.0938,-97.112
163,6.976,3.1875,-97.077
163,6.976,3.2812,-99.837
163,6.976,3.375,-97.907
163,6.976,3.4688,-98.447
163,6.976,3.5625,-97.332
163,6.976,3.6562,-99.317
163,6.976,3.75,-98.157
163,6.976,3.8438,-98.465
163,6.976,3.9375,-99.001
163,6.976,4.0312,-99.689
163,6.976,4.125,-99.889
163,6.976,4.2188,-99.631
163,6.976,4.3125,-99.655
163,6.976,4.4062,-99.507
163,6.976,4.5,-99.725
163,6.976,4.5938,-98.648
163,6.976,4.6875,-99.687
163,6.976,4.7812,-99.865
163,6.976,4.875,-99.859
163,6.976,4.9688,-99.669
163,6.976,5.0625,-99.685
163,6.976,5.1562,-99.862
163,6.976,5.25,-99.365
163,6.976,5.3438,-99.479
163,6.976,5.4375,-99.993
163,6.976,5.5312,-99.636
163,6.976,5.625,-99.907
163,6.976,5.7188,-99.842
163,6.976,5.8125,-99.414
163,6.976,5.9062,-99.852
163,6.976,6.0,-99.837
163,6.976,6.0938,-99.755
163,6.976,6.1875,-99.262
163,6.976,6.2812,-99.242
163,6.976,6.375,-96.705
163,6.976,6.4688,-99.442
163,6.976,6.5625,-99.031
163,6.976,6.6562,-95.626
163,6.976,6.75,-99.327
163,6.976,6.8438,-97.91
163,6.976,6.9375,-99.993
163,6.976,7.0312,-99.492
163,6.976,7.125,-99.825
163,6.976,7.2188,-98.952
163,6.976,7.3125,-99.778
163,6.976,7.4062,-97.417
163,6.976,7.5,-99.568
163,6.976,7.5938,-99.998
163,6.976,7.6875,-99.856
163,6.976,7.7812,-99.931
163,6.976,7.875,-99.996
163,6.976,7.9688,-99.483
163,6.976,8.0625,-99.953
163,6.976,8.1562,-99.982
163,6.976,8.25,-99.946
163,6.976,8.3438,-99.757
163,6.976,8.4375,-99.96
163,6.976,8.5312,-99.874
163,6.976,8.625,-99.706
163,6.976,8.7188,-99.867
163,6.976,8.8125,-99.953
163,6.976,8.9062,-99.991
163,6.976,9.0,-99.885
163,6.976,9.0938,-98.798
163,6.976,9.1875,-99.807
163,6.976,9.2812,-99.805
163,6.976,9.375,-99.886
163,6.976,9.4688,-99.93
163,6.976,9.5625,-99.974
163,6.976,9.6562,-99.943
163,6.976,9.75,-99.83
163,6.976,9.8438,-99.965
163,6.976,9.9375,-99.766
163,6.976,10.0312,-99.899
163,6.976,10.125,-99.57
163,6.976,10.2188,-99.953
163,6.976,10.3125,-99.762
163,6.976,10.4062,-99.967
163,6.976,10.5,-99.816
163,6.976,10.5938,-99.896
163,6.976,10.6875,-99.951
163,6.976,10.7812,-99.97
163,6.976,10.875,-99.992
163,6.976,10.9688,-99.884
163,6.976,11.0625,-99.957
163,6.976,11.1562,-99.963
163,6.976,11.25,-99.982
163,6.976,11.3438,-99.96
163,6.976,11.4375,-99.893
163,6.976,11.5312,-99.986
163,6.976,11.625,-99.963
163,6.976,11.7188,-99.588
163,6.976,11.8125,-99.984
163,6.976,11.9062,-99.945
163,6.976,12.0,-99.772
163,6.976,12.0938,-99.976
163,6.976,12.1875,-99.983
163,6.976,12.2812,-99.985
163,6.976,12.375,-99.987
163,6.976,12.4688,-99.905
163,6.976,12.5625,-99.719
163,6.976,12.6562,-99.774
163,6.976,12.75,-99.733
163,6.976,12.8438,-99.839
163,6.976,12.9375,-99.915
163,6.976,13.0312,-99.332
163,6.976,13.125,-99.877
163,6.976,13.2188,-99.716
163,6.976,13.3125,-99.864
163,6.976,13.4062,-99.829
163,6.976,13.5,-99.996
163,6.976,13.5938,-99.972
163,6.976,13.6875,-99.955
163,6.976,13.7812,-99.982
163,6.976,13.875,-99.922
163,6.976,13.9688,-99.955
163,6.976,14.0625,-99.938
163,6.976,14.1562,-100.0
163,6.976,14.25,-99.977
163,6.976,14.3438,-99.852
163,6.976,14.4375,-99.953
163,6.976,14.5312,-99.83
163,6.976,14.625,-99.997
163,6.976,14.7188,-99.974
163,6.976,14.8125,-99.964
163,6.976,14.9062,-99.965
163,6.976,15.0,-99.982
163,6.976,15.0938,-99.982
163,6.976,15.1875,-99.938
163,6.976,15.2812,-99.878
163,6.976,15.375,-99.968
163,6.976,15.4688,-99.961
163,6.976,15.5625,-99.978
163,6.976,15.6562,-99.99
163,6.976,15.75,-99.97
163,6.976,15.8438,-99.973
163,6.976,15.9375,-99.999
164,7.0187,0.0,-85.438
164,7.0187,0.0938,-45.594
164,7.0187,0.1875,-44.475
164,7.0187,0.2812,-52.78
164,7.0187,0.375,-56.961
164,7.0187,0.4688,-65.462
164,7.0187,0.5625,-54.011
164,7.0187,0.6562,-77.066
164,7.0187,0.75,-58.836
164,7.0187,0.8438,-88.683
164,7.0187,0.9375,-58.429
164,7.0187,1.0312,-81.407
164,7.0187,1.125,-75.482
164,7.0187,1.2188,-85.205
164,7.0187,1.3125,-73.886
164,7.0187,1.4062,-84.803
164,7.0187,1.5,-77.779
164,7.0187,1.5938,-89.447
164,7.0187,1.6875,-83.09
164,7.0187,1.7812,-91.932
164,7.0187,1.875,-79.462
164,7.0187,1.9688,-96.218
164,7.0187,2.0625,-90.601
164,7.0187,2.1562,-93.195
164,7.0187,2.25,-90.904
164,7.0187,2.3438,-92.983
164,7.0187,2.4375,-81.515
164,7.0187,2.5312,-95.803
164,7.0187,2.625,-95.651
164,7.0187,2.7188,-98.462
164,7.0187,2.8125,-95.928
164,7.0187,2.9062,-88.86
164,7.0187,3.0,-90.994
164,7.0187,3.0938,-95.39
164,7.0187,3.1875,-99.428
164,7.0187,3.2812,-99.435
164,7.0187,3.375,-99.067
164,7.0187,3.4688,-96.266
164,7.0187,3.5625,-99.536
164,7.0187,3.6562,-97.646
164,7.0187,3.75,-93.936
164,7.0187,3.8438,-97.504
164,7.0187,3.9375,-98.332
164,7.0187,4.0312,-90.913
164,7.0187,4.125,-99.227
164,7.0187,4.2188,-98.583
164,7.0187,4.3125,-99.658
164,7.0187,4.4062,-99.084
164,7.0187,4.5,-99.244
164,7.0187,4.5938,-98.425
164,7.0187,4.6875,-98.56
164,7.0187,4.7812,-99.22
164,7.0187,4.875,-99.421
164,7.0187,4.9688,-99.755
164,7.0187,5.0625,-99.505
164,7.0187,5.1562,-99.739
164,7.0187,5.25,-99.833
164,7.0187,5.3438,-97.915
164,7.0187,5.4375,-99.723
164,7.0187,5.5312,-99.215
164,7.0187,5.625,-99.926
164,7.0187,5.7188,-99.822
164,7.0187,5.8125,-99.842
164,7.0187,5.9062,-99.739
164,7.0187,6.0,-99.964
164,7.0187,6.0938,-99.983
164,7.0187,6.1875,-99.578
164,7.0187,6.2812,-97.596
164,7.0187,6.375,-99.727
164,7.0187,6.4688,-97.802
164,7.0187,6.5625,-99.758
164,7.0187,6.6562,-98.774
164,7.0187,6.75,-99.296
164,7.0187,6.8438,-99.293
164,7.0187,6.9375,-99.825
164,7.0187,7.0312,-98.671
164,7.0187,7.125,-99.917
164,7.0187,7.2188,-96.435
164,7.0187,7.3125,-99.917
164,7.0187,7.4062,-92.486
164,7.0187,7.5,-99.63
164,7.0187,7.5938,-97.449
164,7.0187,7.6875,-99.992
164,7.0187,7.7812,-99.206
164,7.0187,7.875,-99.94
164,7.0187,7.9688,-99.838
164,7.0187,8.0625,-99.785
164,7.0187,8.1562,-99.72
164,7.0187,8.25,-99.85
164,7.0187,8.3438,-99.939
164,7.0187,8.4375,-99.979
164,7.0187,8.5312,-99.765
164,7.0187,8.625,-99.951
164,7.0187,8.7188,-99.446
164,7.0187,8.8125,-99.923
164,7.0187,8.9062,-96.534
164,7.0187,9.0,-98.637
164,7.0187,9.0938,-93.443
164,7.0187,9.1875,-99.41
164,7.0187,9.2812,-98.692
164,7.0187,9.375,-99.783
164,7.0187,9.4688,-99.964
164,7.0187,9.5625,-99.823
164,7.0187,9.6562,-99.662
164,7.0187,9.75,-99.997
164,7.0187,9.8438,-99.371
164,7.0187,9.9375,-99.446
164,7.0187,10.0312,-99.296
164,7.0187,10.125,-99.743
164,7.0187,10.2188,-99.809
164,7.0187,10.3125,-99.983
164,7.0187,10.4062,-99.947
164,7.0187,10.5,-99.904
164,7.0187,10.5938,-99.888
164,7.0187,10.6875,-99.972
164,7.0187,10.7812,-99.999
164,7.0187,10.875,-99.872
164,7.0187,10.9688,-99.872
164,7.0187,11.0625,-99.93
164,7.0187,11.1562,-99.995
164,7.0187,11.25,-99.993
164,7.0187,11.3438,-99.95
164,7.0187,11.4375,-99.942
164,7.0187,11.5312,-99.913
164,7.0187,11.625,-99.905
164,7.0187,11.7188,-99.927
164,7.0187,11.8125,-99.976
164,7.0187,11.9062,-99.97
164,7.0187,12.0,-99.99
164,7.0187,12.0938,-99.913
164,7.0187,12.1875,-99.878
164,7.0187,12.2812,-99.902
164,7.0187,12.375,-99.993
164,7.0187,12.4688,-99.926
164,7.0187,12.5625,-99.895
164,7.0187,12.6562,-99.871
164,7.0187,12.75,-99.966
164,7.0187,12.8438,-99.949
164,7.0187,12.9375,-99.956
164,7.0187,13.0312,-99.943
164,7.0187,13.125,-99.887
164,7.0187,13.2188,-99.948
164,7.0187,13.3125,-99.914
164,7.0187,13.4062,-99.977
164,7.0187,13.5,-100.0
164,7.0187,13.5938,-99.961
164,7.0187,13.6875,-99.991
164,7.0187,13.7812,-99.981
164,7.0187,13.875,-99.998
164,7.0187,13.9688,-99.999
164,7.0187,14.0625,-99.965
164,7.0187,14.1562,-99.993
164,7.0187,14.25,-99.911
164,7.0187,14.3438,-99.933
164,7.0187,14.4375,-99.907
164,7.0187,14.5312,-99.954
164,7.0187,14.625,-99.794
164,7.0187,14.7188,-99.989
164,7.0187,14.8125,-99.909
164,7.0187,14.9062,-99.729
164,7.0187,15.0,-99.987
164,7.0187,15.0938,-99.986
164,7.0187,15.1875,-99.914
164,7.0187,15.2812,-99.917
164,7.0187,15.375,-99.909
164,7.0187,15.4688,-99.944
164,7.0187,15.5625,-99.96
164,7.0187,15.6562,-99.957
164,7.0187,15.75,-99.997
164,7.0187,15.8438,-99.98
164,7.0187,15.9375,-99.767
165,7.0613,0.0,-56.972
165,7.0613,0.0938,-45.927
165,7.0613,0.1875,-44.911
165,7.0613,0.2812,-53.2
165,7.0613,0.375,-72.061
165,7.0613,0.4688,-68.243
165,7.0613,0.5625,-64.325
165,7.0613,0.6562,-87.139
165,7.0613,0.75,-61.572
165,7.0613,0.8438,-87.409
165,7.0613,0.9375,-61.095
165,7.0613,1.0312,-86.431
165,7.0613,1.125,-91.95
165,7.0613,1.2188,-94.701
165,7.0613,1.3125,-81.367
165,7.0613,1.4062,-91.528
165,7.0613,1.5,-76.97
165,7.0613,1.5938,-94.775
165,7.0613,1.6875,-78.75
165,7.0613,1.7812,-98.627
165,7.0613,1.875,-74.991
165,7.0613,1.9688,-96.18
165,7.0613,2.0625,-77.649
165,7.0613,2.1562,-94.29
165,7.0613,2.25,-85.841
165,7.0613,2.3438,-96.82
165,7.0613,2.4375,-87.43
165,7.0613,2.5312,-97.693
165,7.0613,2.625,-89.42
165,7.0613,2.7188,-98.695
165,7.0613,2.8125,-91.917
165,7.0613,2.9062,-97.035
165,7.0613,3.0,-99.043
165,7.0613,3.0938,-98.567
165,7.0613,3.1875,-99.832
165,7.0613,3.2812,-98.732
165,7.0613,3.375,-99.91
165,7.0613,3.4688,-98.049
165,7.0613,3.5625,-97.281
165,7.0613,3.6562,-99.197
165,7.0613,3.75,-99.643
165,7.0613,3.8438,-99.318
165,7.0613,3.9375,-98.904
165,7.0613,4.0312,-99.97
165,7.0613,4.125,-99.453
165,7.0613,4.2188,-99.958
165,7.0613,4.3125,-99.556
165,7.0613,4.4062,-99.611
165,7.0613,4.5,-99.873
165,7.0613,4.5938,-99.814
165,7.0613,4.6875,-99.408
165,7.0613,4.7812,-99.669
165,7.0613,4.875,-99.214
165,7.0613,4.9688,-99.497
165,7.0613,5.0625,-99.696
165,7.0613,5.1562,-99.849
165,7.0613,5.25,-99.946
165,7.0613,5.3438,-99.472
165,7.0613,5.4375,-99.903
165,7.0613,5.5312,-98.988
165,7.0613,5.625,-99.443
165,7.0613,5.7188,-99.462
165,7.0613,5.8125,-99.842
165,7.0613,5.9062,-99.902
165,7.0613,6.0,-99.506
165,7.0613,6.0938,-99.895
165,7.0613,6.1875,-99.627
165,7.0613,6.2812,-98.616
165,7.0613,6.375,-99.529
165,7.0613,6.4688,-99.863
165,7.0613,6.5625,-99.552
165,7.0613,6.6562,-99.898
165,7.0613,6.75,-99.78
165,7.0613,6.8438,-99.852
165,7.0613,6.9375,-99.718
165,7.0613,7.0312,-97.846
165,7.0613,7.125,-99.898
165,7.0613,7.2188,-99.866
165,7.0613,7.3125,-99.648
165,7.0613,7.4062,-96.624
165,7.0613,7.5,-99.846
165,7.0613,7.5938,-97.371
165,7.0613,7.6875,-99.943
165,7.0613,7.7812,-99.661
165,7.0613,7.875,-99.918
165,7.0613,7.9688,-99.745
165,7.0613,8.0625,-99.942
165,7.0613,8.1562,-99.684
165,7.0613,8.25,-99.972
165,7.0613,8.3438,-99.928
165,7.0613,8.4375,-99.877
165,7.0613,8.5312,-99.915
165,7.0613,8.625,-99.986
165,7.0613,8.7188,-99.592
165,7.0613,8.8125,-99.619
165,7.0613,8.9062,-99.127
165,7.0613,9.0,-99.978
165,7.0613,9.0938,-99.163
165,7.0613,9.1875,-99.882
165,7.0613,9.2812,-99.59
165,7.0613,9.375,-99.807
165,7.0613,9.4688,-99.807
165,7.0613,9.5625,-99.928
165,7.0613,9.6562,-99.938
165,7.0613,9.75,-99.929
165,7.0613,9.8438,-99.958
165,7.0613,9.9375,-99.889
165,7.0613,10.0312,-99.987
165,7.0613,10.125,-99.858
165,7.0613,10.2188,-99.991
165,7.0613,10.3125,-99.943
165,7.0613,10.4062,-99.826
165,7.0613,10.5,-99.994
165,7.0613,10.5938,-99.951
165,7.0613,10.6875,-99.979
165,7.0613,10.7812,-99.718
165,7.0613,10.875,-99.908
165,7.0613,10.9688,-99.981
165,7.0613,11.0625,-99.996
165,7.0613,11.1562,-99.972
165,7.0613,11.25,-99.978
165,7.0613,11.3438,-99.943
165,7.0613,11.4375,-99.949
165,7.0613,11.5312,-99.971
165,7.0613,11.625,-99.92
165,7.0613,11.7188,-99.787
165,7.0613,11.8125,-99.907
165,7.0613,11.9062,-99.852
165,7.0613,12.0,-99.918
165,7.0613,12.0938,-99.977
165,7.0613,12.1875,-99.953
165,7.0613,12.2812,-99.982
165,7.0613,12.375,-99.907
165,7.0613,12.4688,-99.903
165,7.0613,12.5625,-99.835
165,7.0613,12.6562,-99.786
165,7.0613,12.75,-99.942
165,7.0613,12.8438,-99.875
165,7.0613,12.9375,-99.914
165,7.0613,13.0312,-99.987
165,7.0613,13.125,-99.922
165,7.0613,13.2188,-99.958
165,7.0613,13.3125,-99.853
165,7.0613,13.4062,-99.985
165,7.0613,13.5,-99.924
165,7.0613,13.5938,-99.971
165,7.0613,13.6875,-99.977
165,7.0613,13.7812,-99.747
165,7.0613,13.875,-99.955
165,7.0613,13.9688,-99.979
165,7.0613,14.0625,-99.985
165,7.0613,14.1562,-99.871
165,7.0613,14.25,-99.89
165,7.0613,14.3438,-99.991
165,7.0613,14.4375,-99.945
165,7.0613,14.5312,-99.957
165,7.0613,14.625,-99.96
165,7.0613,14.7188,-99.999
165,7.0613,14.8125,-99.977
165,7.0613,14.9062,-99.989
165,7.0613,15.0,-99.986
165,7.0613,15.0938,-99.964
165,7.0613,15.1875,-99.957
165,7.0613,15.2812,-99.986
165,7.0613,15.375,-99.93
165,7.0613,15.4688,-99.914
165,7.0613,15.5625,-99.759
165,7.0613,15.6562,-99.964
165,7.0613,15.75,-99.861
165,7.0613,15.8438,-99.741
165,7.0613,15.9375,-99.858
166,7.104,0.0,-53.629
166,7.104,0.0938,-46.239
166,7.104,0.1875,-47.069
166,7.104,0.2812,-54.774
166,7.104,0.375,-60.615
166,7.104,0.4688,-69.103
166,7.104,0.5625,-56.575
166,7.104,0.6562,-75.972
166,7.104,0.75,-74.206
166,7.104,0.8438,-83.913
166,7.104,0.9375,-73.837
166,7.104,1.0312,-76.373
166,7.104,1.125,-77.827
166,7.104,1.2188,-86.355
166,7.104,1.3125,-80.432
166,7.104,1.4062,-91.206
166,7.104,1.5,-83.936
166,7.104,1.5938,-89.909
166,7.104,1.6875,-74.869
166,7.104,1.7812,-90.318
166,7.104,1.875,-68.742
166,7.104,1.9688,-94.737
166,7.104,2.0625,-87.682
166,7.104,2.1562,-99.908
166,7.104,2.25,-80.927
166,7.104,2.3438,-94.33
166,7.104,2.4375,-83.563
166,7.104,2.5312,-96.083
166,7.104,2.625,-96.328
166,7.104,2.7188,-97.527
166,7.104,2.8125,-93.194
166,7.104,2.9062,-99.05
166,7.104,3.0,-97.668
166,7.104,3.0938,-94.877
166,7.104,3.1875,-95.827
166,7.104,3.2812,-94.665
166,7.104,3.375,-98.707
166,7.104,3.4688,-99.462
166,7.104,3.5625,-99.821
166,7.104,3.6562,-99.051
166,7.104,3.75,-99.817
166,7.104,3.8438,-98.655
166,7.104,3.9375,-99.92
166,7.104,4.0312,-99.857
166,7.104,4.125,-99.896
166,7.104,4.2188,-99.502
166,7.104,4.3125,-99.88
166,7.104,4.4062,-99.828
166,7.104,4.5,-99.904
166,7.104,4.5938,-99.766
166,7.104,4.6875,-99.969
166,7.104,4.7812,-99.687
166,7.104,4.875,-99.936
166,7.104,4.9688,-99.645
166,7.104,5.0625,-99.745
166,7.104,5.1562,-99.938
166,7.104,5.25,-99.873
166,7.104,5.3438,-99.93
166,7.104,5.4375,-99.929
166,7.104,5.5312,-99.673
166,7.104,5.625,-99.731
166,7.104,5.7188,-99.731
166,7.104,5.8125,-99.894
166,7.104,5.9062,-99.967
166,7.104,6.0,-99.751
166,7.104,6.0938,-99.468
166,7.104,6.1875,-99.243
166,7.104,6.2812,-99.777
166,7.104,6.375,-99.231
166,7.104,6.4688,-99.548
166,7.104,6.5625,-99.146
166,7.104,6.6562,-99.928
166,7.104,6.75,-99.883
166,7.104,6.8438,-99.747
166,7.104,6.9375,-99.814
166,7.104,7.0312,-99.861
166,7.104,7.125,-99.084
166,7.104,7.2188,-99.741
166,7.104,7.3125,-99.839
166,7.104,7.4062,-99.396
166,7.104,7.5,-99.849
166,7.104,7.5938,-99.44
166,7.104,7.6875,-99.823
166,7.104,7.7812,-99.688
166,7.104,7.875,-99.87
166,7.104,7.9688,-99.617
166,7.104,8.0625,-99.779
166,7.104,8.1562,-99.799
166,7.104,8.25,-99.836
166,7.104,8.3438,-99.911
166,7.104,8.4375,-99.904
166,7.104,8.5312,-99.408
166,7.104,8.625,-99.696
166,7.104,8.7188,-99.948
166,7.104,8.8125,-99.977
166,7.104,8.9062,-99.893
166,7.104,9.0,-99.808
166,7.104,9.0938,-98.079
166,7.104,9.1875,-99.414
166,7.104,9.2812,-99.974
166,7.104,9.375,-99.913
166,7.104,9.4688,-99.768
166,7.104,9.5625,-99.442
166,7.104,9.6562,-99.979
166,7.104,9.75,-99.872
166,7.104,9.8438,-99.995
166,7.104,9.9375,-99.408
166,7.104,10.0312,-99.955
166,7.104,10.125,-99.949
166,7.104,10.2188,-99.967
166,7.104,10.3125,-99.926
166,7.104,10.4062,-99.997
166,7.104,10.5,-99.856
166,7.104,10.5938,-99.942
166,7.104,10.6875,-99.998
166,7.104,10.7812,-99.968
166,7.104,10.875,-99.781
166,7.104,10.9688,-99.984
166,7.104,11.0625,-99.953
166,7.104,11.1562,-99.729
166,7.104,11.25,-99.873
166,7.104,11.3438,-99.686
166,7.104,11.4375,-99.955
166,7.104,11.5312,-99.994
166,7.104,11.625,-99.935
166,7.104,11.7188,-99.931
166,7.104,11.8125,-99.957
166,7.104,11.9062,-99.979
166,7.104,12.0,-99.774
166,7.104,12.0938,-99.881
166,7.104,12.1875,-99.954
166,7.104,12.2812,-99.872
166,7.104,12.375,-99.869
166,7.104,12.4688,-99.995
166,7.104,12.5625,-99.889
166,7.104,12.6562,-99.71
166,7.104,12.75,-99.996
166,7.104,12.8438,-99.997
166,7.104,12.9375,-99.98
166,7.104,13.0312,-99.948
166,7.104,13.125,-99.996
166,7.104,13.2188,-99.883
166,7.104,13.3125,-99.991
166,7.104,13.4062,-99.733
166,7.104,13.5,-99.996
166,7.104,13.5938,-99.824
166,7.104,13.6875,-99.934
166,7.104,13.7812,-99.927
166,7.104,13.875,-99.991
166,7.104,13.9688,-99.968
166,7.104,14.0625,-99.783
166,7.104,14.1562,-99.984
166,7.104,14.25,-99.961
166,7.104,14.3438,-99.968
166,7.104,14.4375,-99.935
166,7.104,14.5312,-99.976
166,7.104,14.625,-99.893
166,7.104,14.7188,-99.927
166,7.104,14.8125,-99.982
166,7.104,14.9062,-99.978
166,7.104,15.0,-99.999
166,7.104,15.0938,-99.982
166,7.104,15.1875,-99.92
166,7.104,15.2812,-99.971
166,7.104,15.375,-99.986
166,7.104,15.4688,-99.986
166,7.104,15.5625,-99.964
166,7.104,15.6562,-99.942
166,7.104,15.75,-99.894
166,7.104,15.8438,-99.923
166,7.104,15.9375,-99.928
167,7.1467,0.0,-55.632
167,7.1467,0.0938,-45.567
167,7.1467,0.1875,-45.735
167,7.1467,0.2812,-55.357
167,7.1467,0.375,-64.534
167,7.1467,0.4688,-71.449
167,7.1467,0.5625,-59.825
167,7.1467,0.6562,-78.509
167,7.1467,0.75,-67.054
167,7.1467,0.8438,-81.114
167,7.1467,0.9375,-78.438
167,7.1467,1.0312,-71.001
167,7.1467,1.125,-80.684
167,7.1467,1.2188,-90.957
167,7.1467,1.3125,-74.003
167,7.1467,1.4062,-95.918
167,7.1467,1.5,-76.83
167,7.1467,1.5938,-89.672
167,7.1467,1.6875,-74.613
167,7.1467,1.7812,-88.285
167,7.1467,1.875,-84.977
167,7.1467,1.9688,-94.477
167,7.1467,2.0625,-88.434
167,7.1467,2.1562,-94.968
167,7.1467,2.25,-85.459
167,7.1467,2.3438,-98.541
167,7.1467,2.4375,-91.615
167,7.1467,2.5312,-91.222
167,7.1467,2.625,-93.899
167,7.1467,2.7188,-98.57
167,7.1467,2.8125,-99.153
167,7.1467,2.9062,-97.25
167,7.1467,3.0,-99.213
167,7.1467,3.0938,-97.635
167,7.1467,3.1875,-99.839
167,7.1467,3.2812,-97.623
167,7.1467,3.375,-97.822
167,7.1467,3.4688,-99.006
167,7.1467,3.5625,-98.066
167,7.1467,3.6562,-99.169
167,7.1467,3.75,-96.531
167,7.1467,3.8438,-98.275
167,7.1467,3.9375,-98.904
167,7.1467,4.0312,-96.524
167,7.1467,4.125,-99.549
167,7.1467,4.2188,-98.942
167,7.1467,4.3125,-99.964
167,7.1467,4.4062,-98.671
167,7.1467,4.5,-99.773
167,7.1467,4.5938,-99.712
167,7.1467,4.6875,-99.535
167,7.1467,4.7812,-99.319
167,7.1467,4.875,-99.217
167,7.1467,4.9688,-99.566
167,7.1467,5.0625,-99.18
167,7.1467,5.1562,-99.868
167,7.1467,5.25,-99.821
167,7.1467,5.3438,-99.978
167,7.1467,5.4375,-99.925
167,7.1467,5.5312,-98.616
167,7.1467,5.625,-99.65
167,7.1467,5.7188,-99.969
167,7.1467,5.8125,-99.886
167,7.1467,5.9062,-99.989
167,7.1467,6.0,-99.757
167,7.1467,6.0938,-99.975
167,7.1467,6.1875,-99.685
167,7.1467,6.2812,-98.115
167,7.1467,6.375,-98.231
167,7.1467,6.4688,-99.309
167,7.1467,6.5625,-98.364
167,7.1467,6.6562,-99.516
167,7.1467,6.75,-99.964
167,7.1467,6.8438,-99.843
167,7.1467,6.9375,-99.949
167,7.1467,7.0312,-99.994
167,7.1467,7.125,-99.784
167,7.1467,7.2188,-99.911
167,7.1467,7.3125,-99.362
167,7.1467,7.4062,-98.091
167,7.1467,7.5,-99.937
167,7.1467,7.5938,-99.805
167,7.1467,7.6875,-99.86
167,7.1467,7.7812,-99.949
167,7.1467,7.875,-99.897
167,7.1467,7.9688,-99.72
167,7.1467,8.0625,-99.932
167,7.1467,8.1562,-99.784
167,7.1467,8.25,-99.965
167,7.1467,8.3438,-99.673
167,7.1467,8.4375,-99.651
167,7.1467,8.5312,-99.931
167,7.1467,8.625,-99.858
167,7.1467,8.7188,-99.851
167,7.1467,8.8125,-99.993
167,7.1467,8.9062,-99.723
167,7.1467,9.0,-99.679
167,7.1467,9.0938,-99.643
167,7.1467,9.1875,-99.905
167,7.1467,9.2812,-99.794
167,7.1467,9.375,-99.95
167,7.1467,9.4688,-99.998
167,7.1467,9.5625,-99.998
167,7.1467,9.6562,-99.936
167,7.1467,9.75,-99.941
167,7.1467,9.8438,-99.983
167,7.1467,9.9375,-99.999
167,7.1467,10.0312,-99.968
167,7.1467,10.125,-99.6
167,7.1467,10.2188,-99.909
167,7.1467,10.3125,-99.671
167,7.1467,10.4062,-99.949
167,7.1467,10.5,-99.955
167,7.1467,10.5938,-99.537
167,7.1467,10.6875,-99.664
167,7.1467,10.7812,-99.888
167,7.1467,10.875,-99.545
167,7.1467,10.9688,-99.873
167,7.1467,11.0625,-99.962
167,7.1467,11.1562,-99.757
167,7.1467,11.25,-99.946
167,7.1467,11.3438,-99.859
167,7.1467,11.4375,-99.918
167,7.1467,11.5312,-99.996
167,7.1467,11.625,-99.938
167,7.1467,11.7188,-99.933
167,7.1467,11.8125,-99.915
167,7.1467,11.9062,-99.968
167,7.1467,12.0,-99.966
167,7.1467,12.0938,-99.803
167,7.1467,12.1875,-99.892
167,7.1467,12.2812,-99.998
167,7.1467,12.375,-99.924
167,7.1467,12.4688,-99.822
167,7.1467,12.5625,-99.963
167,7.1467,12.6562,-99.992
167,7.1467,12.75,-99.862
167,7.1467,12.8438,-99.682
167,7.1467,12.9375,-99.917
167,7.1467,13.0312,-99.856
167,7.1467,13.125,-99.842
167,7.1467,13.2188,-99.837
167,7.1467,13.3125,-99.793
167,7.1467,13.4062,-99.971
167,7.1467,13.5,-99.875
167,7.1467,13.5938,-99.842
167,7.1467,13.6875,-99.988
167,7.1467,13.7812,-99.998
167,7.1467,13.875,-99.935
167,7.1467,13.9688,-99.87
167,7.1467,14.0625,-99.766
167,7.1467,14.1562,-99.937
167,7.1467,14.25,-99.967
167,7.1467,14.3438,-99.985
167,7.1467,14.4375,-99.946
167,7.1467,14.5312,-99.918
167,7.1467,14.625,-99.759
167,7.1467,14.7188,-99.904
167,7.1467,14.8125,-99.907
167,7.1467,14.9062,-99.995
167,7.1467,15.0,-99.967
167,7.1467,15.0938,-99.963
167,7.1467,15.1875,-99.986
167,7.1467,15.2812,-99.971
167,7.1467,15.375,-99.59
167,7.1467,15.4688,-99.92
167,7.1467,15.5625,-99.77
167,7.1467,15.6562,-99.973
167,7.1467,15.75,-99.95
167,7.1467,15.8438,-99.961
167,7.1467,15.9375,-99.975
168,7.1893,0.0,-70.996
168,7.1893,0.0938,-45.211
168,7.1893,0.1875,-45.35
168,7.1893,0.2812,-56.082
168,7.1893,0.375,-82.706
168,7.1893,0.4688,-74.918
168,7.1893,0.5625,-64.613
168,7.1893,0.6562,-66.767
168,7.1893,0.75,-73.97
168,7.1893,0.8438,-69.32
168,7.1893,0.9375,-68.618
168,7.1893,1.0312,-74.512
168,7.1893,1.125,-86.16
168,7.1893,1.2188,-83.745
168,7.1893,1.3125,-92.987
168,7.1893,1.4062,-91.024
168,7.1893,1.5,-86.8
168,7.1893,1.5938,-97.519
168,7.1893,1.6875,-71.637
168,7.1893,1.7812,-89.805
168,7.1893,1.875,-71.538
168,7.1893,1.9688,-97.235
168,7.1893,2.0625,-85.828
168,7.1893,2.1562,-95.282
168,7.1893,2.25,-90.141
168,7.1893,2.3438,-95.335
168,7.1893,2.4375,-92.487
168,7.1893,2.5312,-88.338
168,7.1893,2.625,-96.915
168,7.1893,2.7188,-87.355
168,7.1893,2.8125,-98.112
168,7.1893,2.9062,-95.654
168,7.1893,3.0,-97.873
168,7.1893,3.0938,-97.16
168,7.1893,3.1875,-96.315
168,7.1893,3.2812,-98.872
168,7.1893,3.375,-99.385
168,7.1893,3.4688,-99.941
168,7.1893,3.5625,-98.528
168,7.1893,3.6562,-97.034
168,7.1893,3.75,-94.494
168,7.1893,3.8438,-95.493
168,7.1893,3.9375,-98.545
168,7.1893,4.0312,-95.464
168,7.1893,4.125,-98.518
168,7.1893,4.2188,-99.732
168,7.1893,4.3125,-98.262
168,7.1893,4.4062,-98.43
168,7.1893,4.5,-99.417
168,7.1893,4.5938,-99.491
168,7.1893,4.6875,-99.266
168,7.1893,4.7812,-98.704
168,7.1893,4.875,-99.97
168,7.1893,4.9688,-99.401
168,7.1893,5.0625,-99.917
168,7.1893,5.1562,-99.757
168,7.1893,5.25,-97.252
168,7.1893,5.3438,-96.928
168,7.1893,5.4375,-98.169
168,7.1893,5.5312,-98.311
168,7.1893,5.625,-98.77
168,7.1893,5.7188,-97.694
168,7.1893,5.8125,-97.389
168,7.1893,5.9062,-98.254
168,7.1893,6.0,-99.735
168,7.1893,6.0938,-99.794
168,7.1893,6.1875,-99.294
168,7.1893,6.2812,-97.822
168,7.1893,6.375,-99.32
168,7.1893,6.4688,-98.251
168,7.1893,6.5625,-99.263
168,7.1893,6.6562,-99.087
168,7.1893,6.75,-99.495
168,7.1893,6.8438,-99.846
168,7.1893,6.9375,-99.216
168,7.1893,7.0312,-99.501
168,7.1893,7.125,-99.23
168,7.1893,7.2188,-99.953
168,7.1893,7.3125,-99.341
168,7.1893,7.4062,-99.114
168,7.1893,7.5,-99.873
168,7.1893,7.5938,-99.83
168,7.1893,7.6875,-99.96
168,7.1893,7.7812,-99.845
168,7.1893,7.875,-99.629
168,7.1893,7.9688,-99.763
168,7.1893,8.0625,-99.399
168,7.1893,8.1562,-99.641
168,7.1893,8.25,-99.873
168,7.1893,8.3438,-99.778
168,7.1893,8.4375,-99.917
168,7.1893,8.5312,-99.949
168,7.1893,8.625,-99.944
168,7.1893,8.7188,-99.884
168,7.1893,8.8125,-99.946
168,7.1893,8.9062,-99.785
168,7.1893,9.0,-99.847
168,7.1893,9.0938,-99.327
168,7.1893,9.1875,-99.901
168,7.1893,9.2812,-99.917
168,7.1893,9.375,-99.66
168,7.1893,9.4688,-99.83
168,7.1893,9.5625,-99.905
168,7.1893,9.6562,-99.881
168,7.1893,9.75,-99.965
168,7.1893,9.8438,-99.999
168,7.1893,9.9375,-99.947
168,7.1893,10.0312,-99.91
168,7.1893,10.125,-99.848
168,7.1893,10.2188,-99.585
168,7.1893,10.3125,-99.716
168,7.1893,10.4062,-99.936
168,7.1893,10.5,-99.905
168,7.1893,10.5938,-99.98
168,7.1893,10.6875,-99.901
168,7.1893,10.7812,-99.84
168,7.1893,10.875,-99.847
168,7.1893,10.9688,-99.725
168,7.1893,11.0625,-99.708
168,7.1893,11.1562,-99.878
168,7.1893,11.25,-99.684
168,7.1893,11.3438,-99.937
168,7.1893,11.4375,-99.985
168,7.1893,11.5312,-99.689
168,7.1893,11.625,-99.843
168,7.1893,11.7188,-99.981
168,7.1893,11.8125,-99.55
168,7.1893,11.9062,-99.965
168,7.1893,12.0,-99.88
168,7.1893,12.0938,-99.854
168,7.1893,12.1875,-99.711
168,7.1893,12.2812,-99.629
168,7.1893,12.375,-99.975
168,7.1893,12.4688,-99.811
168,7.1893,12.5625,-99.976
168,7.1893,12.6562,-99.823
168,7.1893,12.75,-99.887
168,7.1893,12.8438,-99.92
168,7.1893,12.9375,-99.862
168,7.1893,13.0312,-99.996
168,7.1893,13.125,-99.933
168,7.1893,13.2188,-99.981
168,7.1893,13.3125,-99.81
168,7.1893,13.4062,-99.955
168,7.1893,13.5,-99.868
168,7.1893,13.5938,-99.967
168,7.1893,13.6875,-99.879
168,7.1893,13.7812,-99.987
168,7.1893,13.875,-99.675
168,7.1893,13.9688,-99.987
168,7.1893,14.0625,-99.904
168,7.1893,14.1562,-99.943
168,7.1893,14.25,-99.992
168,7.1893,14.3438,-99.981
168,7.1893,14.4375,-99.858
168,7.1893,14.5312,-99.618
168,7.1893,14.625,-99.921
168,7.1893,14.7188,-99.701
168,7.1893,14.8125,-99.84
168,7.1893,14.9062,-99.907
168,7.1893,15.0,-99.998
168,7.1893,15.0938,-99.855
168,7.1893,15.1875,-99.972
168,7.1893,15.2812,-99.971
168,7.1893,15.375,-99.998
168,7.1893,15.4688,-99.979
168,7.1893,15.5625,-99.972
168,7.1893,15.6562,-99.912
168,7.1893,15.75,-99.929
168,7.1893,15.8438,-99.985
168,7.1893,15.9375,-99.989
169,7.232,0.0,-59.468
169,7.232,0.0938,-45.869
169,7.232,0.1875,-47.082
169,7.232,0.2812,-57.075
169,7.232,0.375,-71.065
169,7.232,0.4688,-77.068
169,7.232,0.5625,-62.305
169,7.232,0.6562,-73.472
169,7.232,0.75,-70.493
169,7.232,0.8438,-71.534
169,7.232,0.9375,-73.355
169,7.232,1.0312,-79.69
169,7.232,1.125,-93.228
169,7.232,1.2188,-81.483
169,7.232,1.3125,-90.752
169,7.232,1.4062,-86.931
169,7.232,1.5,-95.189
169,7.232,1.5938,-88.024
169,7.232,1.6875,-80.216
169,7.232,1.7812,-99.544
169,7.232,1.875,-78.421
169,7.232,1.9688,-95.376
169,7.232,2.0625,-91.476
169,7.232,2.1562,-98.778
169,7.232,2.25,-84.462
169,7.232,2.3438,-96.148
169,7.232,2.4375,-91.661
169,7.232,2.5312,-95.104
169,7.232,2.625,-93.187
169,7.232,2.7188,-96.379
169,7.232,2.8125,-99.994
169,7.232,2.9062,-91.111
169,7.232,3.0,-94.53
169,7.232,3.0938,-94.362
169,7.232,3.1875,-98.886
169,7.232,3.2812,-98.057
169,7.232,3.375,-98.748
169,7.232,3.4688,-99.399
169,7.232,3.5625,-98.367
169,7.232,3.6562,-99.59
169,7.232,3.75,-94.361
169,7.232,3.8438,-99.885
169,7.232,3.9375,-98.31
169,7.232,4.0312,-98.386
169,7.232,4.125,-99.748
169,7.232,4.2188,-99.325
169,7.232,4.3125,-99.871
169,7.232,4.4062,-99.89
169,7.232,4.5,-99.664
169,7.232,4.5938,-99.649
169,7.232,4.6875,-99.983
169,7.232,4.7812,-98.924
169,7.232,4.875,-99.851
169,7.232,4.9688,-99.91
169,7.232,5.0625,-99.855
169,7.232,5.1562,-99.045
169,7.232,5.25,-99.847
169,7.232,5.3438,-99.888
169,7.232,5.4375,-99.635
169,7.232,5.5312,-99.783
169,7.232,5.625,-99.933
169,7.232,5.7188,-98.96
169,7.232,5.8125,-99.762
169,7.232,5.9062,-99.787
169,7.232,6.0,-99.393
169,7.232,6.0938,-99.61
169,7.232,6.1875,-98.76
169,7.232,6.2812,-99.939
169,7.232,6.375,-98.799
169,7.232,6.4688,-99.856
169,7.232,6.5625,-99.382
169,7.232,6.6562,-99.904
169,7.232,6.75,-99.891
169,7.232,6.8438,-99.711
169,7.232,6.9375,-99.266
169,7.232,7.0312,-99.476
169,7.232,7.125,-99.906
169,7.232,7.2188,-97.202
169,7.232,7.3125,-99.695
169,7.232,7.4062,-98.682
169,7.232,7.5,-99.967
169,7.232,7.5938,-98.951
169,7.232,7.6875,-99.967
169,7.232,7.7812,-99.972
169,7.232,7.875,-98.755
169,7.232,7.9688,-99.89
169,7.232,8.0625,-99.902
169,7.232,8.1562,-99.307
169,7.232,8.25,-99.818
169,7.232,8.3438,-99.837
169,7.232,8.4375,-99.635
169,7.232,8.5312,-99.996
169,7.232,8.625,-99.915
169,7.232,8.7188,-99.92
169,7.232,8.8125,-99.576
169,7.232,8.9062,-99.724
169,7.232,9.0,-99.998
169,7.232,9.0938,-99.973
169,7.232,9.1875,-99.983
169,7.232,9.2812,-99.762
169,7.232,9.375,-99.95
169,7.232,9.4688,-99.968
169,7.232,9.5625,-99.899
169,7.232,9.6562,-99.963
169,7.232,9.75,-99.984
169,7.232,9.8438,-99.976
169,7.232,9.9375,-99.8
169,7.232,10.0312,-99.813
169,7.232,10.125,-99.986
169,7.232,10.2188,-99.969
169,7.232,10.3125,-99.933
169,7.232,10.4062,-99.884
169,7.232,10.5,-99.804
169,7.232,10.5938,-99.982
169,7.232,10.6875,-99.996
169,7.232,10.7812,-99.84
169,7.232,10.875,-99.855
169,7.232,10.9688,-99.804
169,7.232,11.0625,-99.946
169,7.232,11.1562,-99.947
169,7.232,11.25,-99.819
169,7.232,11.3438,-99.971
169,7.232,11.4375,-99.96
169,7.232,11.5312,-99.99
169,7.232,11.625,-99.837
169,7.232,11.7188,-99.975
169,7.232,11.8125,-99.976
169,7.232,11.9062,-99.94
169,7.232,12.0,-99.974
169,7.232,12.0938,-99.962
169,7.232,12.1875,-99.938
169,7.232,12.2812,-99.923
169,7.232,12.375,-99.998
169,7.232,12.4688,-99.999
169,7.232,12.5625,-99.854
169,7.232,12.6562,-99.955
169,7.232,12.75,-99.742
169,7.232,12.8438,-99.742
169,7.232,12.9375,-99.846
169,7.232,13.0312,-99.994
169,7.232,13.125,-99.97
169,7.232,13.2188,-99.861
169,7.232,13.3125,-99.734
169,7.232,13.4062,-99.923
169,7.232,13.5,-99.848
169,7.232,13.5938,-99.967
169,7.232,13.6875,-99.94
169,7.232,13.7812,-99.825
169,7.232,13.875,-99.948
169,7.232,13.9688,-99.991
169,7.232,14.0625,-99.954
169,7.232,14.1562,-99.978
169,7.232,14.25,-99.945
169,7.232,14.3438,-99.914
169,7.232,14.4375,-99.972
169,7.232,14.5312,-99.878
169,7.232,14.625,-99.931
169,7.232,14.7188,-99.897
169,7.232,14.8125,-99.957
169,7.232,14.9062,-99.938
169,7.232,15.0,-99.989
169,7.232,15.0938,-99.931
169,7.232,15.1875,-99.904
169,7.232,15.2812,-99.93
169,7.232,15.375,-99.998
169,7.232,15.4688,-99.937
169,7.232,15.5625,-99.953
169,7.232,15.6562,-99.995
169,7.232,15.75,-99.805
169,7.232,15.8438,-99.959
169,7.232,15.9375,-99.908
170,7.2747,0.0,-56.379
170,7.2747,0.0938,-47.098
170,7.2747,0.1875,-48.043
170,7.2747,0.2812,-57.255
170,7.2747,0.375,-85.68
170,7.2747,0.4688,-75.558
170,7.2747,0.5625,-72.043
170,7.2747,0.6562,-77.802
170,7.2747,0.75,-74.63
170,7.2747,0.8438,-77.218
170,7.2747,0.9375,-67.667
170,7.2747,1.0312,-69.843
170,7.2747,1.125,-89.653
170,7.2747,1.2188,-82.278
170,7.2747,1.3125,-76.543
170,7.2747,1.4062,-69.119
170,7.2747,1.5,-82.73
170,7.2747,1.5938,-78.344
170,7.2747,1.6875,-77.946
170,7.2747,1.7812,-85.11
170,7.2747,1.875,-77.716
170,7.2747,1.9688,-78.784
170,7.2747,2.0625,-86.473
170,7.2747,2.1562,-91.629
170,7.2747,2.25,-84.922
170,7.2747,2.3438,-88.192
170,7.2747,2.4375,-80.364
170,7.2747,2.5312,-84.888
170,7.2747,2.625,-85.294
170,7.2747,2.7188,-78.263
170,7.2747,2.8125,-78.371
170,7.2747,2.9062,-78.049
170,7.2747,3.0,-73.977
170,7.2747,3.0938,-72.929
170,7.2747,3.1875,-82.194
170,7.2747,3.2812,-86.538
170,7.2747,3.375,-91.105
170,7.2747,3.4688,-98.93
170,7.2747,3.5625,-93.612
170,7.2747,3.6562,-99.803
170,7.2747,3.75,-97.1
170,7.2747,3.8438,-96.011
170,7.2747,3.9375,-98.164
170,7.2747,4.0312,-92.529
170,7.2747,4.125,-90.061
170,7.2747,4.2188,-95.088
170,7.2747,4.3125,-98.136
170,7.2747,4.4062,-97.62
170,7.2747,4.5,-98.592
170,7.2747,4.5938,-97.976
170,7.2747,4.6875,-96.921
170,7.2747,4.7812,-99.225
170,7.2747,4.875,-99.035
170,7.2747,4.9688,-99.146
170,7.2747,5.0625,-94.16
170,7.2747,5.1562,-98.794
170,7.2747,5.25,-95.517
170,7.2747,5.3438,-95.884
170,7.2747,5.4375,-96.101
170,7.2747,5.5312,-97.544
170,7.2747,5.625,-94.375
170,7.2747,5.7188,-91.749
170,7.2747,5.8125,-98.053
170,7.2747,5.9062,-88.094
170,7.2747,6.0,-80.917
170,7.2747,6.0938,-84.76
170,7.2747,6.1875,-86.107
170,7.2747,6.2812,-82.14
170,7.2747,6.375,-95.04
170,7.2747,6.4688,-98.205
170,7.2747,6.5625,-98.52
170,7.2747,6.6562,-99.718
170,7.2747,6.75,-99.835
170,7.2747,6.8438,-99.395
170,7.2747,6.9375,-99.768
170,7.2747,7.0312,-99.942
170,7.2747,7.125,-99.865
170,7.2747,7.2188,-99.399
170,7.2747,7.3125,-99.329
170,7.2747,7.4062,-99.544
170,7.2747,7.5,-99.745
170,7.2747,7.5938,-99.803
170,7.2747,7.6875,-99.745
170,7.2747,7.7812,-99.091
170,7.2747,7.875,-99.815
170,7.2747,7.9688,-99.678
170,7.2747,8.0625,-99.084
170,7.2747,8.1562,-99.977
170,7.2747,8.25,-99.363
170,7.2747,8.3438,-99.245
170,7.2747,8.4375,-99.154
170,7.2747,8.5312,-99.984
170,7.2747,8.625,-99.594
170,7.2747,8.7188,-97.81
170,7.2747,8.8125,-98.876
170,7.2747,8.9062,-99.715
170,7.2747,9.0,-99.43
170,7.2747,9.0938,-99.602
170,7.2747,9.1875,-99.807
170,7.2747,9.2812,-99.4
170,7.2747,9.375,-99.471
170,7.2747,9.4688,-98.718
170,7.2747,9.5625,-99.961
170,7.2747,9.6562,-99.98
170,7.2747,9.75,-99.507
170,7.2747,9.8438,-99.985
170,7.2747,9.9375,-99.541
170,7.2747,10.0312,-99.862
170,7.2747,10.125,-99.912
170,7.2747,10.2188,-99.872
170,7.2747,10.3125,-99.599
170,7.2747,10.4062,-99.832
170,7.2747,10.5,-98.8
170,7.2747,10.5938,-99.795
170,7.2747,10.6875,-99.989
170,7.2747,10.7812,-99.901
170,7.2747,10.875,-99.995
170,7.2747,10.9688,-99.921
170,7.2747,11.0625,-99.991
170,7.2747,11.1562,-99.88
170,7.2747,11.25,-99.934
170,7.2747,11.3438,-99.586
170,7.2747,11.4375,-99.952
170,7.2747,11.5312,-99.999
170,7.2747,11.625,-99.976
170,7.2747,11.7188,-99.989
170,7.2747,11.8125,-99.515
170,7.2747,11.9062,-99.991
170,7.2747,12.0,-99.92
170,7.2747,12.0938,-99.136
170,7.2747,12.1875,-99.966
170,7.2747,12.2812,-98.206
170,7.2747,12.375,-98.9
170,7.2747,12.4688,-99.571
170,7.2747,12.5625,-99.378
170,7.2747,12.6562,-98.08
170,7.2747,12.75,-99.967
170,7.2747,12.8438,-99.943
170,7.2747,12.9375,-99.661
170,7.2747,13.0312,-99.903
170,7.2747,13.125,-99.522
170,7.2747,13.2188,-99.945
170,7.2747,13.3125,-99.942
170,7.2747,13.4062,-99.974
170,7.2747,13.5,-99.89
170,7.2747,13.5938,-99.97
170,7.2747,13.6875,-99.698
170,7.2747,13.7812,-99.966
170,7.2747,13.875,-99.933
170,7.2747,13.9688,-99.997
170,7.2747,14.0625,-99.98
170,7.2747,14.1562,-99.985
170,7.2747,14.25,-99.962
170,7.2747,14.3438,-99.559
170,7.2747,14.4375,-100.0
170,7.2747,14.5312,-99.82
170,7.2747,14.625,-99.797
170,7.2747,14.7188,-99.845
170,7.2747,14.8125,-99.935
170,7.2747,14.9062,-99.793
170,7.2747,15.0,-99.986
170,7.2747,15.0938,-99.485
170,7.2747,15.1875,-99.989
170,7.2747,15.2812,-99.899
170,7.2747,15.375,-98.684
170,7.2747,15.4688,-99.892
170,7.2747,15.5625,-99.751
170,7.2747,15.6562,-98.758
170,7.2747,15.75,-99.941
170,7.2747,15.8438,-99.951
170,7.2747,15.9375,-99.855
171,7.3173,0.0,-61.359
171,7.3173,0.0938,-48.899
171,7.3173,0.1875,-55.146
171,7.3173,0.2812,-47.069
171,7.3173,0.375,-60.89
171,7.3173,0.4688,-56.996
171,7.3173,0.5625,-64.78
171,7.3173,0.6562,-76.0
171,7.3173,0.75,-54.067
171,7.3173,0.8438,-79.615
171,7.3173,0.9375,-68.25
171,7.3173,1.0312,-78.43
171,7.3173,1.125,-83.619
171,7.3173,1.2188,-56.509
171,7.3173,1.3125,-63.186
171,7.3173,1.4062,-78.096
171,7.3173,1.5,-69.643
171,7.3173,1.5938,-81.696
171,7.3173,1.6875,-74.065
171,7.3173,1.7812,-89.621
171,7.3173,1.875,-76.739
171,7.3173,1.9688,-60.876
171,7.3173,2.0625,-81.174
171,7.3173,2.1562,-79.204
171,7.3173,2.25,-55.588
171,7.3173,2.3438,-77.566
171,7.3173,2.4375,-77.847
171,7.3173,2.5312,-85.485
171,7.3173,2.625,-92.981
171,7.3173,2.7188,-60.502
171,7.3173,2.8125,-94.476
171,7.3173,2.9062,-83.132
171,7.3173,3.0,-61.593
171,7.3173,3.0938,-76.357
171,7.3173,3.1875,-71.924
171,7.3173,3.2812,-82.673
171,7.3173,3.375,-86.278
171,7.3173,3.4688,-60.918
171,7.3173,3.5625,-97.764
171,7.3173,3.6562,-88.755
171,7.3173,3.75,-72.822
171,7.3173,3.8438,-92.869
171,7.3173,3.9375,-86.212
171,7.3173,4.0312,-93.402
171,7.3173,4.125,-92.849
171,7.3173,4.2188,-72.756
171,7.3173,4.3125,-97.683
171,7.3173,4.4062,-85.595
171,7.3173,4.5,-67.566
171,7.3173,4.5938,-88.128
171,7.3173,4.6875,-95.379
171,7.3173,4.7812,-93.833
171,7.3173,4.875,-91.846
171,7.3173,4.9688,-88.15
171,7.3173,5.0625,-91.127
171,7.3173,5.1562,-95.699
171,7.3173,5.25,-65.415
171,7.3173,5.3438,-84.065
171,7.3173,5.4375,-93.482
171,7.3173,5.5312,-71.623
171,7.3173,5.625,-80.911
171,7.3173,5.7188,-84.451
171,7.3173,5.8125,-85.09
171,7.3173,5.9062,-85.55
171,7.3173,6.0,-82.125
171,7.3173,6.0938,-89.43
171,7.3173,6.1875,-88.971
171,7.3173,6.2812,-69.191
171,7.3173,6.375,-85.258
171,7.3173,6.4688,-87.928
171,7.3173,6.5625,-69.214
171,7.3173,6.6562,-90.242
171,7.3173,6.75,-92.794
171,7.3173,6.8438,-82.148
171,7.3173,6.9375,-86.928
171,7.3173,7.0312,-86.123
171,7.3173,7.125,-98.377
171,7.3173,7.2188,-90.031
171,7.3173,7.3125,-81.7
171,7.3173,7.4062,-92.537
171,7.3173,7.5,-99.392
171,7.3173,7.5938,-80.197
171,7.3173,7.6875,-96.611
171,7.3173,7.7812,-97.722
171,7.3173,7.875,-86.65
171,7.3173,7.9688,-97.297
171,7.3173,8.0625,-97.958
171,7.3173,8.1562,-79.555
171,7.3173,8.25,-84.709
171,7.3173,8.3438,-95.361
171,7.3173,8.4375,-83.017
171,7.3173,8.5312,-91.041
171,7.3173,8.625,-87.329
171,7.3173,8.7188,-86.173
171,7.3173,8.8125,-96.246
171,7.3173,8.9062,-97.574
171,7.3173,9.0,-99.304
171,7.3173,9.0938,-99.409
171,7.3173,9.1875,-91.813
171,7.3173,9.2812,-94.488
171,7.3173,9.375,-96.86
171,7.3173,9.4688,-92.603
171,7.3173,9.5625,-89.68
171,7.3173,9.6562,-93.811
171,7.3173,9.75,-82.1
171,7.3173,9.8438,-97.497
171,7.3173,9.9375,-98.3
171,7.3173,10.0312,-85.561
171,7.3173,10.125,-94.867
171,7.3173,10.2188,-98.639
171,7.3173,10.3125,-91.931
171,7.3173,10.4062,-95.702
171,7.3173,10.5,-96.757
171,7.3173,10.5938,-98.354
171,7.3173,10.6875,-97.789
171,7.3173,10.7812,-98.168
171,7.3173,10.875,-95.503
171,7.3173,10.9688,-97.075
171,7.3173,11.0625,-98.696
171,7.3173,11.1562,-98.888
171,7.3173,11.25,-97.902
171,7.3173,11.3438,-98.916
171,7.3173,11.4375,-84.571
171,7.3173,11.5312,-95.729
171,7.3173,11.625,-99.625
171,7.3173,11.7188,-98.439
171,7.3173,11.8125,-99.404
171,7.3173,11.9062,-98.972
171,7.3173,12.0,-90.106
171,7.3173,12.0938,-99.175
171,7.3173,12.1875,-97.484
171,7.3173,12.2812,-94.058
171,7.3173,12.375,-94.542
171,7.3173,12.4688,-95.364
171,7.3173,12.5625,-96.321
171,7.3173,12.6562,-92.34
171,7.3173,12.75,-95.354
171,7.3173,12.8438,-96.49
171,7.3173,12.9375,-84.587
171,7.3173,13.0312,-92.606
171,7.3173,13.125,-99.329
171,7.3173,13.2188,-92.672
171,7.3173,13.3125,-93.503
171,7.3173,13.4062,-96.371
171,7.3173,13.5,-87.423
171,7.3173,13.5938,-93.624
171,7.3173,13.6875,-94.379
171,7.3173,13.7812,-93.992
171,7.3173,13.875,-94.358
171,7.3173,13.9688,-93.869
171,7.3173,14.0625,-98.708
171,7.3173,14.1562,-99.991
171,7.3173,14.25,-96.628
171,7.3173,14.3438,-97.344
171,7.3173,14.4375,-96.098
171,7.3173,14.5312,-96.8
171,7.3173,14.625,-95.513
171,7.3173,14.7188,-98.317
171,7.3173,14.8125,-99.669
171,7.3173,14.9062,-98.765
171,7.3173,15.0,-99.578
171,7.3173,15.0938,-98.693
171,7.3173,15.1875,-97.422
171,7.3173,15.2812,-98.489
171,7.3173,15.375,-99.299
171,7.3173,15.4688,-99.921
171,7.3173,15.5625,-98.873
171,7.3173,15.6562,-99.382
171,7.3173,15.75,-97.693
171,7.3173,15.8438,-99.95
171,7.3173,15.9375,-98.223
172,7.36,0.0,-70.963
172,7.36,0.0938,-48.886
172,7.36,0.1875,-50.616
172,7.36,0.2812,-49.962
172,7.36,0.375,-83.357
172,7.36,0.4688,-55.762
172,7.36,0.5625,-71.716
172,7.36,0.6562,-80.613
172,7.36,0.75,-53.547
172,7.36,0.8438,-74.936
172,7.36,0.9375,-76.723
172,7.36,1.0312,-79.446
172,7.36,1.125,-85.324
172,7.36,1.2188,-54.039
172,7.36,1.3125,-76.469
172,7.36,1.4062,-97.257
172,7.36,1.5,-66.576
172,7.36,1.5938,-93.128
172,7.36,1.6875,-82.751
172,7.36,1.7812,-93.879
172,7.36,1.875,-94.105
172,7.36,1.9688,-61.908
172,7.36,2.0625,-91.496
172,7.36,2.1562,-93.774
172,7.36,2.25,-51.814
172,7.36,2.3438,-95.742
172,7.36,2.4375,-84.325
172,7.36,2.5312,-92.304
172,7.36,2.625,-99.255
172,7.36,2.7188,-65.552
172,7.36,2.8125,-96.755
172,7.36,2.9062,-91.346
172,7.36,3.0,-59.784
172,7.36,3.0938,-95.406
172,7.36,3.1875,-82.557
172,7.36,3.2812,-85.647
172,7.36,3.375,-98.844
172,7.36,3.4688,-67.627
172,7.36,3.5625,-98.065
172,7.36,3.6562,-94.263
172,7.36,3.75,-79.391
172,7.36,3.8438,-98.623
172,7.36,3.9375,-95.63
172,7.36,4.0312,-89.729
172,7.36,4.125,-99.817
172,7.36,4.2188,-84.559
172,7.36,4.3125,-97.098
172,7.36,4.4062,-98.259
172,7.36,4.5,-76.217
172,7.36,4.5938,-99.237
172,7.36,4.6875,-99.383
172,7.36,4.7812,-97.81
172,7.36,4.875,-99.226
172,7.36,4.9688,-98.17
172,7.36,5.0625,-98.937
172,7.36,5.1562,-99.19
172,7.36,5.25,-76.93
172,7.36,5.3438,-98.5
172,7.36,5.4375,-95.144
172,7.36,5.5312,-83.459
172,7.36,5.625,-99.139
172,7.36,5.7188,-99.898
172,7.36,5.8125,-99.5
172,7.36,5.9062,-99.596
172,7.36,6.0,-97.084
172,7.36,6.0938,-99.797
172,7.36,6.1875,-96.168
172,7.36,6.2812,-87.143
172,7.36,6.375,-99.815
172,7.36,6.4688,-98.949
172,7.36,6.5625,-91.041
172,7.36,6.6562,-99.659
172,7.36,6.75,-99.993
172,7.36,6.8438,-97.564
172,7.36,6.9375,-99.024
172,7.36,7.0312,-99.208
172,7.36,7.125,-99.876
172,7.36,7.2188,-99.988
172,7.36,7.3125,-99.843
172,7.36,7.4062,-99.155
172,7.36,7.5,-99.66
172,7.36,7.5938,-99.732
172,7.36,7.6875,-98.278
172,7.36,7.7812,-99.882
172,7.36,7.875,-99.271
172,7.36,7.9688,-99.926
172,7.36,8.0625,-99.766
172,7.36,8.1562,-98.899
172,7.36,8.25,-99.798
172,7.36,8.3438,-99.993
172,7.36,8.4375,-99.345
172,7.36,8.5312,-99.916
172,7.36,8.625,-99.473
172,7.36,8.7188,-99.927
172,7.36,8.8125,-99.919
172,7.36,8.9062,-98.5
172,7.36,9.0,-99.896
172,7.36,9.0938,-99.947
172,7.36,9.1875,-99.982
172,7.36,9.2812,-99.905
172,7.36,9.375,-99.99
172,7.36,9.4688,-99.513
172,7.36,9.5625,-99.387
172,7.36,9.6562,-99.949
172,7.36,9.75,-99.911
172,7.36,9.8438,-99.716
172,7.36,9.9375,-99.978
172,7.36,10.0312,-99.999
172,7.36,10.125,-99.265
172,7.36,10.2188,-99.85
172,7.36,10.3125,-99.553
172,7.36,10.4062,-99.983
172,7.36,10.5,-99.939
172,7.36,10.5938,-99.904
172,7.36,10.6875,-99.851
172,7.36,10.7812,-99.877
172,7.36,10.875,-99.854
172,7.36,10.9688,-99.987
172,7.36,11.0625,-99.928
172,7.36,11.1562,-99.828
172,7.36,11.25,-99.984
172,7.36,11.3438,-99.924
172,7.36,11.4375,-99.822
172,7.36,11.5312,-99.858
172,7.36,11.625,-99.862
172,7.36,11.7188,-99.976
172,7.36,11.8125,-99.987
172,7.36,11.9062,-99.998
172,7.36,12.0,-99.913
172,7.36,12.0938,-99.943
172,7.36,12.1875,-99.988
172,7.36,12.2812,-99.94
172,7.36,12.375,-99.821
172,7.36,12.4688,-99.974
172,7.36,12.5625,-99.922
172,7.36,12.6562,-99.888
172,7.36,12.75,-99.999
172,7.36,12.8438,-99.955
172,7.36,12.9375,-99.849
172,7.36,13.0312,-99.768
172,7.36,13.125,-99.911
172,7.36,13.2188,-99.997
172,7.36,13.3125,-99.874
172,7.36,13.4062,-99.985
172,7.36,13.5,-99.988
172,7.36,13.5938,-99.936
172,7.36,13.6875,-99.94
172,7.36,13.7812,-99.991
172,7.36,13.875,-99.973
172,7.36,13.9688,-99.988
172,7.36,14.0625,-99.952
172,7.36,14.1562,-99.926
172,7.36,14.25,-99.903
172,7.36,14.3438,-99.97
172,7.36,14.4375,-99.973
172,7.36,14.5312,-99.959
172,7.36,14.625,-99.981
172,7.36,14.7188,-99.995
172,7.36,14.8125,-99.957
172,7.36,14.9062,-99.923
172,7.36,15.0,-99.919
172,7.36,15.0938,-99.993
172,7.36,15.1875,-99.858
172,7.36,15.2812,-99.879
172,7.36,15.375,-99.98
172,7.36,15.4688,-99.872
172,7.36,15.5625,-99.986
172,7.36,15.6562,-99.982
172,7.36,15.75,-99.99
172,7.36,15.8438,-99.994
172,7.36,15.9375,-99.962
173,7.4027,0.0,-58.761
173,7.4027,0.0938,-48.376
173,7.4027,0.1875,-46.965
173,7.4027,0.2812,-49.379
173,7.4027,0.375,-70.457
173,7.4027,0.4688,-55.475
173,7.4027,0.5625,-72.526
173,7.4027,0.6562,-76.76
173,7.4027,0.75,-53.796
173,7.4027,0.8438,-68.377
173,7.4027,0.9375,-70.533
173,7.4027,1.0312,-70.295
173,7.4027,1.125,-96.661
173,7.4027,1.2188,-52.567
173,7.4027,1.3125,-92.555
173,7.4027,1.4062,-90.037
173,7.4027,1.5,-68.739
173,7.4027,1.5938,-94.342
173,7.4027,1.6875,-85.037
173,7.4027,1.7812,-91.794
173,7.4027,1.875,-89.954
173,7.4027,1.9688,-63.305
173,7.4027,2.0625,-91.362
173,7.4027,2.1562,-94.519
173,7.4027,2.25,-63.852
173,7.4027,2.3438,-96.279
173,7.4027,2.4375,-95.435
173,7.4027,2.5312,-94.042
173,7.4027,2.625,-95.197
173,7.4027,2.7188,-71.595
173,7.4027,2.8125,-96.611
173,7.4027,2.9062,-97.297
173,7.4027,3.0,-66.776
173,7.4027,3.0938,-97.116
173,7.4027,3.1875,-84.691
173,7.4027,3.2812,-92.97
173,7.4027,3.375,-97.943
173,7.4027,3.4688,-72.482
173,7.4027,3.5625,-97.239
173,7.4027,3.6562,-99.792
173,7.4027,3.75,-88.933
173,7.4027,3.8438,-99.842
173,7.4027,3.9375,-99.375
173,7.4027,4.0312,-91.347
173,7.4027,4.125,-99.84
173,7.4027,4.2188,-86.715
173,7.4027,4.3125,-99.35
173,7.4027,4.4062,-99.385
173,7.4027,4.5,-91.07
173,7.4027,4.5938,-100.0
173,7.4027,4.6875,-98.893
173,7.4027,4.7812,-98.662
173,7.4027,4.875,-99.862
173,7.4027,4.9688,-99.857
173,7.4027,5.0625,-99.394
173,7.4027,5.1562,-99.979
173,7.4027,5.25,-84.987
173,7.4027,5.3438,-99.251
173,7.4027,5.4375,-99.534
173,7.4027,5.5312,-91.652
173,7.4027,5.625,-99.661
173,7.4027,5.7188,-99.922
173,7.4027,5.8125,-99.624
173,7.4027,5.9062,-99.712
173,7.4027,6.0,-99.857
173,7.4027,6.0938,-99.722
173,7.4027,6.1875,-98.082
173,7.4027,6.2812,-98.727
173,7.4027,6.375,-99.902
173,7.4027,6.4688,-99.742
173,7.4027,6.5625,-99.079
173,7.4027,6.6562,-99.946
173,7.4027,6.75,-99.888
173,7.4027,6.8438,-99.969
173,7.4027,6.9375,-99.82
173,7.4027,7.0312,-99.988
173,7.4027,7.125,-99.987
173,7.4027,7.2188,-99.824
173,7.4027,7.3125,-99.807
173,7.4027,7.4062,-99.883
173,7.4027,7.5,-99.982
173,7.4027,7.5938,-99.701
173,7.4027,7.6875,-99.756
173,7.4027,7.7812,-99.936
173,7.4027,7.875,-100.0
173,7.4027,7.9688,-99.611
173,7.4027,8.0625,-99.543
173,7.4027,8.1562,-99.835
173,7.4027,8.25,-99.993
173,7.4027,8.3438,-99.894
173,7.4027,8.4375,-99.945
173,7.4027,8.5312,-99.956
173,7.4027,8.625,-99.939
173,7.4027,8.7188,-99.935
173,7.4027,8.8125,-99.923
173,7.4027,8.9062,-99.948
173,7.4027,9.0,-99.816
173,7.4027,9.0938,-99.972
173,7.4027,9.1875,-99.966
173,7.4027,9.2812,-99.758
173,7.4027,9.375,-99.937
173,7.4027,9.4688,-99.678
173,7.4027,9.5625,-99.998
173,7.4027,9.6562,-99.931
173,7.4027,9.75,-99.982
173,7.4027,9.8438,-99.763
173,7.4027,9.9375,-99.977
173,7.4027,10.0312,-99.998
173,7.4027,10.125,-99.988
173,7.4027,10.2188,-99.911
173,7.4027,10.3125,-99.793
173,7.4027,10.4062,-99.895
173,7.4027,10.5,-99.873
173,7.4027,10.5938,-99.92
173,7.4027,10.6875,-99.863
173,7.4027,10.7812,-99.986
173,7.4027,10.875,-99.991
173,7.4027,10.9688,-99.981
173,7.4027,11.0625,-99.902
173,7.4027,11.1562,-99.813
173,7.4027,11.25,-99.968
173,7.4027,11.3438,-99.969
173,7.4027,11.4375,-99.979
173,7.4027,11.5312,-99.997
173,7.4027,11.625,-99.986
173,7.4027,11.7188,-99.989
173,7.4027,11.8125,-99.982
173,7.4027,11.9062,-99.988
173,7.4027,12.0,-99.99
173,7.4027,12.0938,-99.955
173,7.4027,12.1875,-99.955
173,7.4027,12.2812,-99.976
173,7.4027,12.375,-99.984
173,7.4027,12.4688,-99.863
173,7.4027,12.5625,-99.92
173,7.4027,12.6562,-99.991
173,7.4027,12.75,-99.984
173,7.4027,12.8438,-99.805
173,7.4027,12.9375,-99.977
173,7.4027,13.0312,-99.851
173,7.4027,13.125,-99.994
173,7.4027,13.2188,-99.991
173,7.4027,13.3125,-99.966
173,7.4027,13.4062,-99.908
173,7.4027,13.5,-99.953
173,7.4027,13.5938,-99.929
173,7.4027,13.6875,-99.97
173,7.4027,13.7812,-99.992
173,7.4027,13.875,-99.992
173,7.4027,13.9688,-99.937
173,7.4027,14.0625,-99.893
173,7.4027,14.1562,-99.987
173,7.4027,14.25,-99.926
173,7.4027,14.3438,-99.948
173,7.4027,14.4375,-99.978
173,7.4027,14.5312,-99.978
173,7.4027,14.625,-99.952
173,7.4027,14.7188,-99.888
173,7.4027,14.8125,-99.95
173,7.4027,14.9062,-99.971
173,7.4027,15.0,-100.0
173,7.4027,15.0938,-99.948
173,7.4027,15.1875,-99.995
173,7.4027,15.2812,-99.944
173,7.4027,15.375,-99.758
173,7.4027,15.4688,-99.887
173,7.4027,15.5625,-99.992
173,7.4027,15.6562,-99.95
173,7.4027,15.75,-99.973
173,7.4027,15.8438,-99.936
173,7.4027,15.9375,-99.979
174,7.4453,0.0,-57.739
174,7.4453,0.0938,-49.723
174,7.4453,0.1875,-47.501
174,7.4453,0.2812,-48.002
174,7.4453,0.375,-89.316
174,7.4453,0.4688,-55.313
174,7.4453,0.5625,-75.982
174,7.4453,0.6562,-79.407
174,7.4453,0.75,-55.783
174,7.4453,0.8438,-75.445
174,7.4453,0.9375,-68.93
174,7.4453,1.0312,-62.337
174,7.4453,1.125,-89.229
174,7.4453,1.2188,-53.39
174,7.4453,1.3125,-93.078
174,7.4453,1.4062,-86.551
174,7.4453,1.5,-70.394
174,7.4453,1.5938,-90.65
174,7.4453,1.6875,-87.71
174,7.4453,1.7812,-96.257
174,7.4453,1.875,-97.947
174,7.4453,1.9688,-68.661
174,7.4453,2.0625,-99.365
174,7.4453,2.1562,-98.84
174,7.4453,2.25,-56.014
174,7.4453,2.3438,-93.703
174,7.4453,2.4375,-85.026
174,7.4453,2.5312,-98.841
174,7.4453,2.625,-91.609
174,7.4453,2.7188,-71.553
174,7.4453,2.8125,-97.074
174,7.4453,2.9062,-98.012
174,7.4453,3.0,-70.987
174,7.4453,3.0938,-97.348
174,7.4453,3.1875,-94.696
174,7.4453,3.2812,-95.265
174,7.4453,3.375,-99.512
174,7.4453,3.4688,-77.886
174,7.4453,3.5625,-99.802
174,7.4453,3.6562,-98.091
174,7.4453,3.75,-98.981
174,7.4453,3.8438,-99.937
174,7.4453,3.9375,-98.686
174,7.4453,4.0312,-95.69
174,7.4453,4.125,-98.741
174,7.4453,4.2188,-86.664
174,7.4453,4.3125,-99.371
174,7.4453,4.4062,-99.45
174,7.4453,4.5,-98.034
174,7.4453,4.5938,-99.942
174,7.4453,4.6875,-98.374
174,7.4453,4.7812,-99.653
174,7.4453,4.875,-99.982
174,7.4453,4.9688,-99.907
174,7.4453,5.0625,-99.167
174,7.4453,5.1562,-99.806
174,7.4453,5.25,-99.716
174,7.4453,5.3438,-99.752
174,7.4453,5.4375,-99.8
174,7.4453,5.5312,-99.895
174,7.4453,5.625,-99.842
174,7.4453,5.7188,-99.961
174,7.4453,5.8125,-99.941
174,7.4453,5.9062,-99.983
174,7.4453,6.0,-99.587
174,7.4453,6.0938,-99.938
174,7.4453,6.1875,-99.842
174,7.4453,6.2812,-99.589
174,7.4453,6.375,-99.945
174,7.4453,6.4688,-99.91
174,7.4453,6.5625,-99.445
174,7.4453,6.6562,-99.773
174,7.4453,6.75,-99.858
174,7.4453,6.8438,-99.848
174,7.4453,6.9375,-99.965
174,7.4453,7.0312,-99.931
174,7.4453,7.125,-99.856
174,7.4453,7.2188,-99.998
174,7.4453,7.3125,-99.997
174,7.4453,7.4062,-99.882
174,7.4453,7.5,-99.848
174,7.4453,7.5938,-99.717
174,7.4453,7.6875,-99.941
174,7.4453,7.7812,-99.862
174,7.4453,7.875,-99.827
174,7.4453,7.9688,-99.978
174,7.4453,8.0625,-99.872
174,7.4453,8.1562,-99.754
174,7.4453,8.25,-99.935
174,7.4453,8.3438,-99.998
174,7.4453,8.4375,-99.821
174,7.4453,8.5312,-99.958
174,7.4453,8.625,-99.98
174,7.4453,8.7188,-99.917
174,7.4453,8.8125,-99.882
174,7.4453,8.9062,-99.79
174,7.4453,9.0,-99.89
174,7.4453,9.0938,-99.865
174,7.4453,9.1875,-99.911
174,7.4453,9.2812,-99.897
174,7.4453,9.375,-99.881
174,7.4453,9.4688,-99.985
174,7.4453,9.5625,-99.919
174,7.4453,9.6562,-99.902
174,7.4453,9.75,-99.816
174,7.4453,9.8438,-99.913
174,7.4453,9.9375,-99.936
174,7.4453,10.0312,-99.906
174,7.4453,10.125,-99.911
174,7.4453,10.2188,-99.957
174,7.4453,10.3125,-99.848
174,7.4453,10.4062,-99.952
174,7.4453,10.5,-99.907
174,7.4453,10.5938,-99.868
174,7.4453,10.6875,-99.889
174,7.4453,10.7812,-99.936
174,7.4453,10.875,-99.904
174,7.4453,10.9688,-99.991
174,7.4453,11.0625,-99.961
174,7.4453,11.1562,-99.979
174,7.4453,11.25,-99.965
174,7.4453,11.3438,-99.905
174,7.4453,11.4375,-99.961
174,7.4453,11.5312,-99.987
174,7.4453,11.625,-99.888
174,7.4453,11.7188,-99.966
174,7.4453,11.8125,-99.799
174,7.4453,11.9062,-99.949
174,7.4453,12.0,-99.91
174,7.4453,12.0938,-99.957
174,7.4453,12.1875,-99.938
174,7.4453,12.2812,-99.859
174,7.4453,12.375,-99.986
174,7.4453,12.4688,-99.973
174,7.4453,12.5625,-99.989
174,7.4453,12.6562,-99.974
174,7.4453,12.75,-99.837
174,7.4453,12.8438,-99.996
174,7.4453,12.9375,-99.923
174,7.4453,13.0312,-99.965
174,7.4453,13.125,-99.922
174,7.4453,13.2188,-99.999
174,7.4453,13.3125,-99.999
174,7.4453,13.4062,-99.998
174,7.4453,13.5,-99.929
174,7.4453,13.5938,-99.971
174,7.4453,13.6875,-99.868
174,7.4453,13.7812,-99.962
174,7.4453,13.875,-99.939
174,7.4453,13.9688,-99.934
174,7.4453,14.0625,-99.999
174,7.4453,14.1562,-99.941
174,7.4453,14.25,-99.949
174,7.4453,14.3438,-99.994
174,7.4453,14.4375,-99.909
174,7.4453,14.5312,-99.993
174,7.4453,14.625,-99.918
174,7.4453,14.7188,-99.996
174,7.4453,14.8125,-99.79
174,7.4453,14.9062,-99.964
174,7.4453,15.0,-99.962
174,7.4453,15.0938,-99.995
174,7.4453,15.1875,-99.988
174,7.4453,15.2812,-99.977
174,7.4453,15.375,-99.987
174,7.4453,15.4688,-99.939
174,7.4453,15.5625,-99.999
174,7.4453,15.6562,-99.963
174,7.4453,15.75,-99.933
174,7.4453,15.8438,-99.989
174,7.4453,15.9375,-99.99
175,7.488,0.0,-60.977
175,7.488,0.0938,-52.109
175,7.488,0.1875,-48.933
175,7.488,0.2812,-48.829
175,7.488,0.375,-71.197
175,7.488,0.4688,-56.512
175,7.488,0.5625,-61.813
175,7.488,0.6562,-85.443
175,7.488,0.75,-58.968
175,7.488,0.8438,-85.8
175,7.488,0.9375,-61.07
175,7.488,1.0312,-70.683
175,7.488,1.125,-90.941
175,7.488,1.2188,-55.507
175,7.488,1.3125,-79.315
175,7.488,1.4062,-98.003
175,7.488,1.5,-70.51
175,7.488,1.5938,-95.819
175,7.488,1.6875,-79.513
175,7.488,1.7812,-93.733
175,7.488,1.875,-97.848
175,7.488,1.9688,-64.068
175,7.488,2.0625,-91.803
175,7.488,2.1562,-94.516
175,7.488,2.25,-56.083
175,7.488,2.3438,-94.255
175,7.488,2.4375,-85.074
175,7.488,2.5312,-96.259
175,7.488,2.625,-97.422
175,7.488,2.7188,-82.729
175,7.488,2.8125,-99.384
175,7.488,2.9062,-93.488
175,7.488,3.0,-93.749
175,7.488,3.0938,-98.607
175,7.488,3.1875,-86.21
175,7.488,3.2812,-96.568
175,7.488,3.375,-97.725
175,7.488,3.4688,-82.269
175,7.488,3.5625,-99.415
175,7.488,3.6562,-97.768
175,7.488,3.75,-89.375
175,7.488,3.8438,-99.548
175,7.488,3.9375,-99.493
175,7.488,4.0312,-98.453
175,7.488,4.125,-99.925
175,7.488,4.2188,-94.354
175,7.488,4.3125,-99.008
175,7.488,4.4062,-99.681
175,7.488,4.5,-98.889
175,7.488,4.5938,-99.543
175,7.488,4.6875,-99.002
175,7.488,4.7812,-99.86
175,7.488,4.875,-99.965
175,7.488,4.9688,-99.396
175,7.488,5.0625,-99.829
175,7.488,5.1562,-99.789
175,7.488,5.25,-99.551
175,7.488,5.3438,-99.859
175,7.488,5.4375,-99.702
175,7.488,5.5312,-99.97
175,7.488,5.625,-99.83
175,7.488,5.7188,-99.993
175,7.488,5.8125,-99.878
175,7.488,5.9062,-99.942
175,7.488,6.0,-99.59
175,7.488,6.0938,-99.457
175,7.488,6.1875,-99.477
175,7.488,6.2812,-99.902
175,7.488,6.375,-99.947
175,7.488,6.4688,-99.785
175,7.488,6.5625,-99.729
175,7.488,6.6562,-99.378
175,7.488,6.75,-99.905
175,7.488,6.8438,-99.726
175,7.488,6.9375,-99.99
175,7.488,7.0312,-99.894
175,7.488,7.125,-99.947
175,7.488,7.2188,-99.987
175,7.488,7.3125,-99.95
175,7.488,7.4062,-99.67
175,7.488,7.5,-99.982
175,7.488,7.5938,-99.986
175,7.488,7.6875,-99.949
175,7.488,7.7812,-99.809
175,7.488,7.875,-99.915
175,7.488,7.9688,-99.902
175,7.488,8.0625,-99.878
175,7.488,8.1562,-99.627
175,7.488,8.25,-99.98
175,7.488,8.3438,-99.954
175,7.488,8.4375,-99.645
175,7.488,8.5312,-99.895
175,7.488,8.625,-99.927
175,7.488,8.7188,-99.993
175,7.488,8.8125,-99.996
175,7.488,8.9062,-99.917
175,7.488,9.0,-99.819
175,7.488,9.0938,-99.886
175,7.488,9.1875,-99.83
175,7.488,9.2812,-99.864
175,7.488,9.375,-99.81
175,7.488,9.4688,-99.914
175,7.488,9.5625,-99.962
175,7.488,9.6562,-99.88
175,7.488,9.75,-99.857
175,7.488,9.8438,-99.912
175,7.488,9.9375,-99.908
175,7.488,10.0312,-99.671
175,7.488,10.125,-99.994
175,7.488,10.2188,-99.97
175,7.488,10.3125,-99.672
175,7.488,10.4062,-99.912
175,7.488,10.5,-99.976
175,7.488,10.5938,-99.982
175,7.488,10.6875,-99.83
175,7.488,10.7812,-99.965
175,7.488,10.875,-99.842
175,7.488,10.9688,-99.82
175,7.488,11.0625,-99.87
175,7.488,11.1562,-99.883
175,7.488,11.25,-99.982
175,7.488,11.3438,-99.958
175,7.488,11.4375,-99.941
175,7.488,11.5312,-99.99
175,7.488,11.625,-99.837
175,7.488,11.7188,-99.759
175,7.488,11.8125,-99.994
175,7.488,11.9062,-99.984
175,7.488,12.0,-99.988
175,7.488,12.0938,-99.791
175,7.488,12.1875,-99.97
175,7.488,12.2812,-99.966
175,7.488,12.375,-99.694
175,7.488,12.4688,-99.985
175,7.488,12.5625,-99.958
175,7.488,12.6562,-99.847
175,7.488,12.75,-99.92
175,7.488,12.8438,-99.998
175,7.488,12.9375,-99.987
175,7.488,13.0312,-99.979
175,7.488,13.125,-99.98
175,7.488,13.2188,-99.929
175,7.488,13.3125,-99.858
175,7.488,13.4062,-99.984
175,7.488,13.5,-99.927
175,7.488,13.5938,-99.886
175,7.488,13.6875,-99.964
175,7.488,13.7812,-99.938
175,7.488,13.875,-99.934
175,7.488,13.9688,-99.949
175,7.488,14.0625,-99.988
175,7.488,14.1562,-99.89
175,7.488,14.25,-99.96
175,7.488,14.3438,-99.956
175,7.488,14.4375,-99.991
175,7.488,14.5312,-99.987
175,7.488,14.625,-99.927
175,7.488,14.7188,-99.998
175,7.488,14.8125,-99.958
175,7.488,14.9062,-100.0
175,7.488,15.0,-99.941
175,7.488,15.0938,-100.0
175,7.488,15.1875,-99.865
175,7.488,15.2812,-99.988
175,7.488,15.375,-99.947
175,7.488,15.4688,-99.956
175,7.488,15.5625,-99.935
175,7.488,15.6562,-99.995
175,7.488,15.75,-99.848
175,7.488,15.8438,-99.957
175,7.488,15.9375,-99.996
176,7.5307,0.0,-67.652
176,7.5307,0.0938,-52.198
176,7.5307,0.1875,-50.48
176,7.5307,0.2812,-53.63
176,7.5307,0.375,-66.19
176,7.5307,0.4688,-58.788
176,7.5307,0.5625,-64.463
176,7.5307,0.6562,-90.402
176,7.5307,0.75,-57.276
176,7.5307,0.8438,-89.438
176,7.5307,0.9375,-65.081
176,7.5307,1.0312,-69.265
176,7.5307,1.125,-92.041
176,7.5307,1.2188,-60.093
176,7.5307,1.3125,-86.516
176,7.5307,1.4062,-96.462
176,7.5307,1.5,-69.335
176,7.5307,1.5938,-95.06
176,7.5307,1.6875,-88.799
176,7.5307,1.7812,-91.685
176,7.5307,1.875,-90.335
176,7.5307,1.9688,-61.797
176,7.5307,2.0625,-99.763
176,7.5307,2.1562,-98.321
176,7.5307,2.25,-64.8
176,7.5307,2.3438,-99.096
176,7.5307,2.4375,-90.759
176,7.5307,2.5312,-97.8
176,7.5307,2.625,-99.977
176,7.5307,2.7188,-77.471
176,7.5307,2.8125,-99.666
176,7.5307,2.9062,-98.926
176,7.5307,3.0,-81.86
176,7.5307,3.0938,-99.006
176,7.5307,3.1875,-97.216
176,7.5307,3.2812,-98.268
176,7.5307,3.375,-99.774
176,7.5307,3.4688,-87.139
176,7.5307,3.5625,-99.496
176,7.5307,3.6562,-99.277
176,7.5307,3.75,-96.161
176,7.5307,3.8438,-99.568
176,7.5307,3.9375,-99.881
176,7.5307,4.0312,-97.989
176,7.5307,4.125,-99.941
176,7.5307,4.2188,-99.702
176,7.5307,4.3125,-99.974
176,7.5307,4.4062,-99.911
176,7.5307,4.5,-99.755
176,7.5307,4.5938,-99.558
176,7.5307,4.6875,-99.944
176,7.5307,4.7812,-99.82
176,7.5307,4.875,-99.998
176,7.5307,4.9688,-99.817
176,7.5307,5.0625,-99.97
176,7.5307,5.1562,-99.988
176,7.5307,5.25,-98.501
176,7.5307,5.3438,-99.829
176,7.5307,5.4375,-99.937
176,7.5307,5.5312,-99.934
176,7.5307,5.625,-99.926
176,7.5307,5.7188,-99.893
176,7.5307,5.8125,-99.987
176,7.5307,5.9062,-99.733
176,7.5307,6.0,-99.876
176,7.5307,6.0938,-99.909
176,7.5307,6.1875,-99.877
176,7.5307,6.2812,-99.941
176,7.5307,6.375,-99.925
176,7.5307,6.4688,-99.874
176,7.5307,6.5625,-99.888
176,7.5307,6.6562,-99.789
176,7.5307,6.75,-99.526
176,7.5307,6.8438,-99.982
176,7.5307,6.9375,-99.879
176,7.5307,7.0312,-99.812
176,7.5307,7.125,-99.737
176,7.5307,7.2188,-99.952
176,7.5307,7.3125,-99.865
176,7.5307,7.4062,-99.893
176,7.5307,7.5,-99.872
176,7.5307,7.5938,-99.598
176,7.5307,7.6875,-99.893
176,7.5307,7.7812,-99.893
176,7.5307,7.875,-99.793
176,7.5307,7.9688,-99.978
176,7.5307,8.0625,-99.973
176,7.5307,8.1562,-99.985
176,7.5307,8.25,-99.883
176,7.5307,8.3438,-99.987
176,7.5307,8.4375,-99.966
176,7.5307,8.5312,-99.962
176,7.5307,8.625,-99.996
176,7.5307,8.7188,-99.879
176,7.5307,8.8125,-99.999
176,7.5307,8.9062,-99.952
176,7.5307,9.0,-99.987
176,7.5307,9.0938,-99.967
176,7.5307,9.1875,-99.819
176,7.5307,9.2812,-99.962
176,7.5307,9.375,-99.992
176,7.5307,9.4688,-99.981
176,7.5307,9.5625,-99.987
176,7.5307,9.6562,-100.0
176,7.5307,9.75,-99.854
176,7.5307,9.8438,-99.996
176,7.5307,9.9375,-99.952
176,7.5307,10.0312,-99.982
176,7.5307,10.125,-99.958
176,7.5307,10.2188,-99.891
176,7.5307,10.3125,-99.975
176,7.5307,10.4062,-99.982
176,7.5307,10.5,-99.907
176,7.5307,10.5938,-99.935
176,7.5307,10.6875,-99.997
176,7.5307,10.7812,-99.929
176,7.5307,10.875,-99.949
176,7.5307,10.9688,-99.997
176,7.5307,11.0625,-99.956
176,7.5307,11.1562,-99.899
176,7.5307,11.25,-99.967
176,7.5307,11.3438,-99.993
176,7.5307,11.4375,-99.978
176,7.5307,11.5312,-99.995
176,7.5307,11.625,-99.943
176,7.5307,11.7188,-99.969
176,7.5307,11.8125,-99.868
176,7.5307,11.9062,-99.967
176,7.5307,12.0,-99.547
176,7.5307,12.0938,-99.917
176,7.5307,12.1875,-99.998
176,7.5307,12.2812,-99.961
176,7.5307,12.375,-99.925
176,7.5307,12.4688,-99.839
176,7.5307,12.5625,-99.88
176,7.5307,12.6562,-99.839
176,7.5307,12.75,-99.977
176,7.5307,12.8438,-99.994
176,7.5307,12.9375,-99.859
176,7.5307,13.0312,-99.93
176,7.5307,13.125,-99.939
176,7.5307,13.2188,-99.929
176,7.5307,13.3125,-99.949
176,7.5307,13.4062,-99.946
176,7.5307,13.5,-99.967
176,7.5307,13.5938,-99.907
176,7.5307,13.6875,-99.962
176,7.5307,13.7812,-99.816
176,7.5307,13.875,-99.941
176,7.5307,13.9688,-99.869
176,7.5307,14.0625,-99.969
176,7.5307,14.1562,-99.999
176,7.5307,14.25,-99.921
176,7.5307,14.3438,-99.971
176,7.5307,14.4375,-100.0
176,7.5307,14.5312,-99.938
176,7.5307,14.625,-99.937
176,7.5307,14.7188,-99.969
176,7.5307,14.8125,-99.789
176,7.5307,14.9062,-99.981
176,7.5307,15.0,-99.968
176,7.5307,15.0938,-99.938
176,7.5307,15.1875,-99.797
176,7.5307,15.2812,-99.981
176,7.5307,15.375,-99.901
176,7.5307,15.4688,-99.987
176,7.5307,15.5625,-99.835
176,7.5307,15.6562,-99.999
176,7.5307,15.75,-99.918
176,7.5307,15.8438,-99.976
176,7.5307,15.9375,-99.918
177,7.5733,0.0,-64.863
177,7.5733,0.0938,-51.658
177,7.5733,0.1875,-49.602
177,7.5733,0.2812,-59.13
177,7.5733,0.375,-67.742
177,7.5733,0.4688,-60.67
177,7.5733,0.5625,-62.477
177,7.5733,0.6562,-80.871
177,7.5733,0.75,-53.854
177,7.5733,0.8438,-83.605
177,7.5733,0.9375,-66.278
177,7.5733,1.0312,-69.264
177,7.5733,1.125,-86.215
177,7.5733,1.2188,-63.271
177,7.5733,1.3125,-89.427
177,7.5733,1.4062,-96.815
177,7.5733,1.5,-67.474
177,7.5733,1.5938,-95.957
177,7.5733,1.6875,-91.549
177,7.5733,1.7812,-91.678
177,7.5733,1.875,-88.966
177,7.5733,1.9688,-64.455
177,7.5733,2.0625,-96.851
177,7.5733,2.1562,-98.266
177,7.5733,2.25,-64.967
177,7.5733,2.3438,-99.543
177,7.5733,2.4375,-89.678
177,7.5733,2.5312,-95.262
177,7.5733,2.625,-94.592
177,7.5733,2.7188,-79.821
177,7.5733,2.8125,-99.285
177,7.5733,2.9062,-98.787
177,7.5733,3.0,-99.009
177,7.5733,3.0938,-99.592
177,7.5733,3.1875,-93.729
177,7.5733,3.2812,-97.677
177,7.5733,3.375,-94.811
177,7.5733,3.4688,-85.741
177,7.5733,3.5625,-93.93
177,7.5733,3.6562,-94.974
177,7.5733,3.75,-99.277
177,7.5733,3.8438,-97.268
177,7.5733,3.9375,-99.195
177,7.5733,4.0312,-99.219
177,7.5733,4.125,-98.408
177,7.5733,4.2188,-98.37
177,7.5733,4.3125,-99.229
177,7.5733,4.4062,-95.137
177,7.5733,4.5,-98.007
177,7.5733,4.5938,-96.9
177,7.5733,4.6875,-97.699
177,7.5733,4.7812,-96.786
177,7.5733,4.875,-98.835
177,7.5733,4.9688,-99.563
177,7.5733,5.0625,-99.812
177,7.5733,5.1562,-97.871
177,7.5733,5.25,-96.196
177,7.5733,5.3438,-99.737
177,7.5733,5.4375,-97.165
177,7.5733,5.5312,-99.86
177,7.5733,5.625,-93.639
177,7.5733,5.7188,-99.449
177,7.5733,5.8125,-98.709
177,7.5733,5.9062,-99.35
177,7.5733,6.0,-99.985
177,7.5733,6.0938,-96.714
177,7.5733,6.1875,-96.575
177,7.5733,6.2812,-98.922
177,7.5733,6.375,-94.711
177,7.5733,6.4688,-97.854
177,7.5733,6.5625,-98.794
177,7.5733,6.6562,-99.315
177,7.5733,6.75,-98.624
177,7.5733,6.8438,-98.694
177,7.5733,6.9375,-99.755
177,7.5733,7.0312,-93.693
177,7.5733,7.125,-96.531
177,7.5733,7.2188,-98.595
177,7.5733,7.3125,-98.748
177,7.5733,7.4062,-97.39
177,7.5733,7.5,-99.039
177,7.5733,7.5938,-98.565
177,7.5733,7.6875,-99.846
177,7.5733,7.7812,-99.837
177,7.5733,7.875,-94.35
177,7.5733,7.9688,-99.158
177,7.5733,8.0625,-99.169
177,7.5733,8.1562,-98.283
177,7.5733,8.25,-98.849
177,7.5733,8.3438,-98.232
177,7.5733,8.4375,-95.243
177,7.5733,8.5312,-98.163
177,7.5733,8.625,-97.31
177,7.5733,8.7188,-97.149
177,7.5733,8.8125,-97.88
177,7.5733,8.9062,-99.74
177,7.5733,9.0,-95.481
177,7.5733,9.0938,-92.004
177,7.5733,9.1875,-94.535
177,7.5733,9.2812,-97.846
177,7.5733,9.375,-93.186
177,7.5733,9.4688,-97.279
177,7.5733,9.5625,-98.235
177,7.5733,9.6562,-98.69
177,7.5733,9.75,-99.411
177,7.5733,9.8438,-98.958
177,7.5733,9.9375,-97.929
177,7.5733,10.0312,-95.776
177,7.5733,10.125,-99.704
177,7.5733,10.2188,-97.235
177,7.5733,10.3125,-98.664
177,7.5733,10.4062,-97.456
177,7.5733,10.5,-93.513
177,7.5733,10.5938,-91.928
177,7.5733,10.6875,-92.992
177,7.5733,10.7812,-95.317
177,7.5733,10.875,-92.528
177,7.5733,10.9688,-92.439
177,7.5733,11.0625,-97.121
177,7.5733,11.1562,-87.74
177,7.5733,11.25,-97.122
177,7.5733,11.3438,-90.806
177,7.5733,11.4375,-91.868
177,7.5733,11.5312,-96.898
177,7.5733,11.625,-95.379
177,7.5733,11.7188,-99.123
177,7.5733,11.8125,-98.462
177,7.5733,11.9062,-96.303
177,7.5733,12.0,-97.612
177,7.5733,12.0938,-99.993
177,7.5733,12.1875,-94.665
177,7.5733,12.2812,-97.326
177,7.5733,12.375,-98.029
177,7.5733,12.4688,-98.02
177,7.5733,12.5625,-98.012
177,7.5733,12.6562,-96.725
177,7.5733,12.75,-97.661
177,7.5733,12.8438,-93.892
177,7.5733,12.9375,-99.742
177,7.5733,13.0312,-97.22
177,7.5733,13.125,-94.58
177,7.5733,13.2188,-98.648
177,7.5733,13.3125,-95.468
177,7.5733,13.4062,-91.488
177,7.5733,13.5,-92.359
177,7.5733,13.5938,-94.537
177,7.5733,13.6875,-99.03
177,7.5733,13.7812,-99.065
177,7.5733,13.875,-98.947
177,7.5733,13.9688,-98.343
177,7.5733,14.0625,-98.261
177,7.5733,14.1562,-97.236
177,7.5733,14.25,-99.644
177,7.5733,14.3438,-99.36
177,7.5733,14.4375,-99.682
177,7.5733,14.5312,-99.426
177,7.5733,14.625,-98.171
177,7.5733,14.7188,-99.142
177,7.5733,14.8125,-97.455
177,7.5733,14.9062,-94.84
177,7.5733,15.0,-95.919
177,7.5733,15.0938,-96.675
177,7.5733,15.1875,-96.166
177,7.5733,15.2812,-96.721
177,7.5733,15.375,-95.308
177,7.5733,15.4688,-97.795
177,7.5733,15.5625,-97.545
177,7.5733,15.6562,-99.389
177,7.5733,15.75,-99.46
177,7.5733,15.8438,-99.243
177,7.5733,15.9375,-96.002
178,7.616,0.0,-72.937
178,7.616,0.0938,-42.179
178,7.616,0.1875,-41.447
178,7.616,0.2812,-62.134
178,7.616,0.375,-65.86
178,7.616,0.4688,-55.226
178,7.616,0.5625,-69.925
178,7.616,0.6562,-82.395
178,7.616,0.75,-58.558
178,7.616,0.8438,-58.361
178,7.616,0.9375,-65.254
178,7.616,1.0312,-65.997
178,7.616,1.125,-71.43
178,7.616,1.2188,-82.721
178,7.616,1.3125,-69.517
178,7.616,1.4062,-67.314
178,7.616,1.5,-81.445
178,7.616,1.5938,-76.377
178,7.616,1.6875,-68.939
178,7.616,1.7812,-77.828
178,7.616,1.875,-67.834
178,7.616,1.9688,-71.253
178,7.616,2.0625,-77.754
178,7.616,2.1562,-70.338
178,7.616,2.25,-69.253
178,7.616,2.3438,-64.164
178,7.616,2.4375,-70.538
178,7.616,2.5312,-71.657
178,7.616,2.625,-73.425
178,7.616,2.7188,-86.053
178,7.616,2.8125,-86.065
178,7.616,2.9062,-77.65
178,7.616,3.0,-77.949
178,7.616,3.0938,-68.83
178,7.616,3.1875,-69.694
178,7.616,3.2812,-61.814
178,7.616,3.375,-84.74
178,7.616,3.4688,-66.446
178,7.616,3.5625,-72.245
178,7.616,3.6562,-70.833
178,7.616,3.75,-73.11
178,7.616,3.8438,-78.158
178,7.616,3.9375,-80.353
178,7.616,4.0312,-74.057
178,7.616,4.125,-71.772
178,7.616,4.2188,-74.226
178,7.616,4.3125,-65.286
178,7.616,4.4062,-82.827
178,7.616,4.5,-63.885
178,7.616,4.5938,-70.942
178,7.616,4.6875,-90.485
178,7.616,4.7812,-77.447
178,7.616,4.875,-85.106
178,7.616,4.9688,-63.388
178,7.616,5.0625,-73.376
178,7.616,5.1562,-98.836
178,7.616,5.25,-74.253
178,7.616,5.3438,-75.206
178,7.616,5.4375,-71.658
178,7.616,5.5312,-92.154
178,7.616,5.625,-81.559
178,7.616,5.7188,-83.84
178,7.616,5.8125,-60.411
178,7.616,5.9062,-76.292
178,7.616,6.0,-80.461
178,7.616,6.0938,-72.805
178,7.616,6.1875,-70.974
178,7.616,6.2812,-69.963
178,7.616,6.375,-69.94
178,7.616,6.4688,-62.363
178,7.616,6.5625,-83.914
178,7.616,6.6562,-59.421
178,7.616,6.75,-67.323
178,7.616,6.8438,-67.759
178,7.616,6.9375,-78.543
178,7.616,7.0312,-69.294
178,7.616,7.125,-70.379
178,7.616,7.2188,-89.67
178,7.616,7.3125,-67.891
178,7.616,7.4062,-74.005
178,7.616,7.5,-64.803
178,7.616,7.5938,-64.829
178,7.616,7.6875,-74.234
178,7.616,7.7812,-65.537
178,7.616,7.875,-86.06
178,7.616,7.9688,-62.818
178,7.616,8.0625,-77.341
178,7.616,8.1562,-66.815
178,7.616,8.25,-74.941
178,7.616,8.3438,-78.792
178,7.616,8.4375,-70.705
178,7.616,8.5312,-77.893
178,7.616,8.625,-87.746
178,7.616,8.7188,-69.326
178,7.616,8.8125,-69.396
178,7.616,8.9062,-72.19
178,7.616,9.0,-63.811
178,7.616,9.0938,-67.985
178,7.616,9.1875,-73.242
178,7.616,9.2812,-63.442
178,7.616,9.375,-79.765
178,7.616,9.4688,-94.534
178,7.616,9.5625,-97.166
178,7.616,9.6562,-76.212
178,7.616,9.75,-77.41
178,7.616,9.8438,-74.958
178,7.616,9.9375,-67.202
178,7.616,10.0312,-84.489
178,7.616,10.125,-66.495
178,7.616,10.2188,-74.349
178,7.616,10.3125,-72.567
178,7.616,10.4062,-80.435
178,7.616,10.5,-71.684
178,7.616,10.5938,-81.061
178,7.616,10.6875,-92.124
178,7.616,10.7812,-63.832
178,7.616,10.875,-72.128
178,7.616,10.9688,-68.012
178,7.616,11.0625,-90.897
178,7.616,11.1562,-84.076
178,7.616,11.25,-70.321
178,7.616,11.3438,-67.3
178,7.616,11.4375,-66.08
178,7.616,11.5312,-69.91
178,7.616,11.625,-69.105
178,7.616,11.7188,-73.2
178,7.616,11.8125,-68.598
178,7.616,11.9062,-78.617
178,7.616,12.0,-85.714
178,7.616,12.0938,-68.597
178,7.616,12.1875,-74.495
178,7.616,12.2812,-79.322
178,7.616,12.375,-78.251
178,7.616,12.4688,-74.42
178,7.616,12.5625,-68.4
178,7.616,12.6562,-70.518
178,7.616,12.75,-61.984
178,7.616,12.8438,-68.992
178,7.616,12.9375,-78.794
178,7.616,13.0312,-74.114
178,7.616,13.125,-77.374
178,7.616,13.2188,-78.29
178,7.616,13.3125,-77.344
178,7.616,13.4062,-69.539
178,7.616,13.5,-68.757
178,7.616,13.5938,-68.486
178,7.616,13.6875,-75.104
178,7.616,13.7812,-64.094
178,7.616,13.875,-66.458
178,7.616,13.9688,-67.562
178,7.616,14.0625,-72.09
178,7.616,14.1562,-76.915
178,7.616,14.25,-67.414
178,7.616,14.3438,-71.71
178,7.616,14.4375,-73.589
178,7.616,14.5312,-71.78
178,7.616,14.625,-71.235
178,7.616,14.7188,-73.188
178,7.616,14.8125,-79.436
178,7.616,14.9062,-83.214
178,7.616,15.0,-79.873
178,7.616,15.0938,-70.162
178,7.616,15.1875,-72.443
178,7.616,15.2812,-74.13
178,7.616,15.375,-82.802
178,7.616,15.4688,-76.214
178,7.616,15.5625,-76.085
178,7.616,15.6562,-83.837
178,7.616,15.75,-74.626
178,7.616,15.8438,-71.328
178,7.616,15.9375,-74.469
179,7.6587,0.0,-71.905
179,7.6587,0.0938,-56.763
179,7.6587,0.1875,-62.156
179,7.6587,0.2812,-77.939
179,7.6587,0.375,-79.119
179,7.6587,0.4688,-70.663
179,7.6587,0.5625,-69.7
179,7.6587,0.6562,-80.788
179,7.6587,0.75,-71.111
179,7.6587,0.8438,-81.849
179,7.6587,0.9375,-67.553
179,7.6587,1.0312,-80.294
179,7.6587,1.125,-90.913
179,7.6587,1.2188,-89.517
179,7.6587,1.3125,-92.743
179,7.6587,1.4062,-99.105
179,7.6587,1.5,-83.857
179,7.6587,1.5938,-98.108
179,7.6587,1.6875,-85.206
179,7.6587,1.7812,-88.466
179,7.6587,1.875,-87.977
179,7.6587,1.9688,-87.585
179,7.6587,2.0625,-82.212
179,7.6587,2.1562,-90.074
179,7.6587,2.25,-89.942
179,7.6587,2.3438,-90.988
179,7.6587,2.4375,-92.272
179,7.6587,2.5312,-99.537
179,7.6587,2.625,-92.733
179,7.6587,2.7188,-92.398
179,7.6587,2.8125,-95.918
179,7.6587,2.9062,-95.023
179,7.6587,3.0,-91.074
179,7.6587,3.0938,-94.525
179,7.6587,3.1875,-93.684
179,7.6587,3.2812,-94.28
179,7.6587,3.375,-94.412
179,7.6587,3.4688,-92.932
179,7.6587,3.5625,-95.288
179,7.6587,3.6562,-93.444
179,7.6587,3.75,-97.051
179,7.6587,3.8438,-91.897
179,7.6587,3.9375,-92.619
179,7.6587,4.0312,-98.912
179,7.6587,4.125,-92.206
179,7.6587,4.2188,-97.566
179,7.6587,4.3125,-93.926
179,7.6587,4.4062,-88.775
179,7.6587,4.5,-92.878
179,7.6587,4.5938,-91.999
179,7.6587,4.6875,-98.656
179,7.6587,4.7812,-92.419
179,7.6587,4.875,-96.746
179,7.6587,4.9688,-90.129
179,7.6587,5.0625,-86.976
179,7.6587,5.1562,-96.31
179,7.6587,5.25,-92.418
179,7.6587,5.3438,-91.564
179,7.6587,5.4375,-92.38
179,7.6587,5.5312,-97.527
179,7.6587,5.625,-94.491
179,7.6587,5.7188,-94.705
179,7.6587,5.8125,-88.379
179,7.6587,5.9062,-94.48
179,7.6587,6.0,-87.603
179,7.6587,6.0938,-93.067
179,7.6587,6.1875,-92.229
179,7.6587,6.2812,-91.77
179,7.6587,6.375,-89.947
179,7.6587,6.4688,-92.598
179,7.6587,6.5625,-89.604
179,7.6587,6.6562,-96.233
179,7.6587,6.75,-98.096
179,7.6587,6.8438,-85.263
179,7.6587,6.9375,-90.553
179,7.6587,7.0312,-93.332
179,7.6587,7.125,-96.041
179,7.6587,7.2188,-96.124
179,7.6587,7.3125,-96.105
179,7.6587,7.4062,-90.631
179,7.6587,7.5,-95.659
179,7.6587,7.5938,-91.544
179,7.6587,7.6875,-91.789
179,7.6587,7.7812,-98.992
179,7.6587,7.875,-92.839
179,7.6587,7.9688,-90.137
179,7.6587,8.0625,-85.923
179,7.6587,8.1562,-97.138
179,7.6587,8.25,-96.47
179,7.6587,8.3438,-94.799
179,7.6587,8.4375,-95.25
179,7.6587,8.5312,-98.756
179,7.6587,8.625,-93.873
179,7.6587,8.7188,-91.638
179,7.6587,8.8125,-88.336
179,7.6587,8.9062,-99.629
179,7.6587,9.0,-87.128
179,7.6587,9.0938,-91.657
179,7.6587,9.1875,-97.623
179,7.6587,9.2812,-91.527
179,7.6587,9.375,-94.55
179,7.6587,9.4688,-97.065
179,7.6587,9.5625,-96.524
179,7.6587,9.6562,-98.86
179,7.6587,9.75,-99.422
179,7.6587,9.8438,-97.368
179,7.6587,9.9375,-93.389
179,7.6587,10.0312,-96.444
179,7.6587,10.125,-98.423
179,7.6587,10.2188,-99.238
179,7.6587,10.3125,-99.317
179,7.6587,10.4062,-97.922
179,7.6587,10.5,-97.493
179,7.6587,10.5938,-97.824
179,7.6587,10.6875,-99.078
179,7.6587,10.7812,-92.516
179,7.6587,10.875,-95.332
179,7.6587,10.9688,-99.207
179,7.6587,11.0625,-98.784
179,7.6587,11.1562,-92.626
179,7.6587,11.25,-92.098
179,7.6587,11.3438,-98.435
179,7.6587,11.4375,-98.755
179,7.6587,11.5312,-96.589
179,7.6587,11.625,-97.78
179,7.6587,11.7188,-95.849
179,7.6587,11.8125,-94.068
179,7.6587,11.9062,-99.893
179,7.6587,12.0,-99.306
179,7.6587,12.0938,-99.131
179,7.6587,12.1875,-99.23
179,7.6587,12.2812,-97.729
179,7.6587,12.375,-99.327
179,7.6587,12.4688,-95.752
179,7.6587,12.5625,-99.017
179,7.6587,12.6562,-99.386
179,7.6587,12.75,-99.567
179,7.6587,12.8438,-97.781
179,7.6587,12.9375,-99.153
179,7.6587,13.0312,-99.575
179,7.6587,13.125,-96.979
179,7.6587,13.2188,-99.74
179,7.6587,13.3125,-99.201
179,7.6587,13.4062,-99.714
179,7.6587,13.5,-99.75
179,7.6587,13.5938,-99.976
179,7.6587,13.6875,-98.806
179,7.6587,13.7812,-96.404
179,7.6587,13.875,-97.92
179,7.6587,13.9688,-99.883
179,7.6587,14.0625,-98.731
179,7.6587,14.1562,-99.252
179,7.6587,14.25,-99.741
179,7.6587,14.3438,-98.422
179,7.6587,14.4375,-98.099
179,7.6587,14.5312,-99.924
179,7.6587,14.625,-99.609
179,7.6587,14.7188,-98.81
179,7.6587,14.8125,-99.31
179,7.6587,14.9062,-98.027
179,7.6587,15.0,-99.509
179,7.6587,15.0938,-99.242
179,7.6587,15.1875,-99.85
179,7.6587,15.2812,-99.445
179,7.6587,15.375,-98.291
179,7.6587,15.4688,-99.865
179,7.6587,15.5625,-99.963
179,7.6587,15.6562,-99.32
179,7.6587,15.75,-99.447
179,7.6587,15.8438,-99.675
179,7.6587,15.9375,-98.217
180,7.7013,0.0,-93.545
180,7.7013,0.0938,-62.132
180,7.7013,0.1875,-65.243
180,7.7013,0.2812,-78.839
180,7.7013,0.375,-67.26
180,7.7013,0.4688,-75.094
180,7.7013,0.5625,-63.647
180,7.7013,0.6562,-80.378
180,7.7013,0.75,-74.268
180,7.7013,0.8438,-95.977
180,7.7013,0.9375,-78.958
180,7.7013,1.0312,-88.358
180,7.7013,1.125,-84.086
180,7.7013,1.2188,-91.708
180,7.7013,1.3125,-84.915
180,7.7013,1.4062,-99.86
180,7.7013,1.5,-82.463
180,7.7013,1.5938,-97.086
180,7.7013,1.6875,-81.868
180,7.7013,1.7812,-97.846
180,7.7013,1.875,-74.429
180,7.7013,1.9688,-90.515
180,7.7013,2.0625,-91.676
180,7.7013,2.1562,-97.533
180,7.7013,2.25,-82.163
180,7.7013,2.3438,-97.312
180,7.7013,2.4375,-94.987
180,7.7013,2.5312,-96.564
180,7.7013,2.625,-97.294
180,7.7013,2.7188,-90.261
180,7.7013,2.8125,-97.51
180,7.7013,2.9062,-97.75
180,7.7013,3.0,-97.003
180,7.7013,3.0938,-96.121
180,7.7013,3.1875,-90.827
180,7.7013,3.2812,-99.634
180,7.7013,3.375,-97.429
180,7.7013,3.4688,-97.984
180,7.7013,3.5625,-96.516
180,7.7013,3.6562,-93.138
180,7.7013,3.75,-99.372
180,7.7013,3.8438,-92.887
180,7.7013,3.9375,-99.2
180,7.7013,4.0312,-90.628
180,7.7013,4.125,-98.561
180,7.7013,4.2188,-96.071
180,7.7013,4.3125,-99.194
180,7.7013,4.4062,-99.805
180,7.7013,4.5,-93.692
180,7.7013,4.5938,-97.119
180,7.7013,4.6875,-99.582
180,7.7013,4.7812,-99.487
180,7.7013,4.875,-99.476
180,7.7013,4.9688,-95.72
180,7.7013,5.0625,-97.393
180,7.7013,5.1562,-98.106
180,7.7013,5.25,-99.536
180,7.7013,5.3438,-99.735
180,7.7013,5.4375,-99.765
180,7.7013,5.5312,-98.24
180,7.7013,5.625,-98.325
180,7.7013,5.7188,-95.739
180,7.7013,5.8125,-98.245
180,7.7013,5.9062,-97.96
180,7.7013,6.0,-97.776
180,7.7013,6.0938,-98.588
180,7.7013,6.1875,-95.713
180,7.7013,6.2812,-96.44
180,7.7013,6.375,-99.903
180,7.7013,6.4688,-97.761
180,7.7013,6.5625,-99.809
180,7.7013,6.6562,-98.354
180,7.7013,6.75,-97.116
180,7.7013,6.8438,-98.275
180,7.7013,6.9375,-99.296
180,7.7013,7.0312,-99.667
180,7.7013,7.125,-99.05
180,7.7013,7.2188,-99.567
180,7.7013,7.3125,-97.37
180,7.7013,7.4062,-99.667
180,7.7013,7.5,-98.635
180,7.7013,7.5938,-94.355
180,7.7013,7.6875,-96.284
180,7.7013,7.7812,-98.762
180,7.7013,7.875,-98.184
180,7.7013,7.9688,-99.068
180,7.7013,8.0625,-93.714
180,7.7013,8.1562,-98.572
180,7.7013,8.25,-99.69
180,7.7013,8.3438,-98.857
180,7.7013,8.4375,-97.503
180,7.7013,8.5312,-99.837
180,7.7013,8.625,-99.54
180,7.7013,8.7188,-94.518
180,7.7013,8.8125,-99.951
180,7.7013,8.9062,-99.934
180,7.7013,9.0,-99.943
180,7.7013,9.0938,-97.832
180,7.7013,9.1875,-97.057
180,7.7013,9.2812,-99.1
180,7.7013,9.375,-99.967
180,7.7013,9.4688,-99.848
180,7.7013,9.5625,-99.573
180,7.7013,9.6562,-99.526
180,7.7013,9.75,-99.925
180,7.7013,9.8438,-99.653
180,7.7013,9.9375,-99.965
180,7.7013,10.0312,-98.637
180,7.7013,10.125,-99.543
180,7.7013,10.2188,-99.622
180,7.7013,10.3125,-99.823
180,7.7013,10.4062,-99.604
180,7.7013,10.5,-99.379
180,7.7013,10.5938,-99.7
180,7.7013,10.6875,-99.398
180,7.7013,10.7812,-99.728
180,7.7013,10.875,-99.699
180,7.7013,10.9688,-99.2
180,7.7013,11.0625,-98.294
180,7.7013,11.1562,-99.665
180,7.7013,11.25,-99.656
180,7.7013,11.3438,-99.864
180,7.7013,11.4375,-99.714
180,7.7013,11.5312,-99.795
180,7.7013,11.625,-99.138
180,7.7013,11.7188,-99.886
180,7.7013,11.8125,-99.507
180,7.7013,11.9062,-99.827
180,7.7013,12.0,-99.951
180,7.7013,12.0938,-99.827
180,7.7013,12.1875,-99.988
180,7.7013,12.2812,-99.701
180,7.7013,12.375,-99.708
180,7.7013,12.4688,-99.696
180,7.7013,12.5625,-99.996
180,7.7013,12.6562,-98.907
180,7.7013,12.75,-99.561
180,7.7013,12.8438,-99.627
180,7.7013,12.9375,-99.643
180,7.7013,13.0312,-99.561
180,7.7013,13.125,-99.802
180,7.7013,13.2188,-99.725
180,7.7013,13.3125,-99.985
180,7.7013,13.4062,-99.317
180,7.7013,13.5,-99.32
180,7.7013,13.5938,-99.97
180,7.7013,13.6875,-99.751
180,7.7013,13.7812,-99.807
180,7.7013,13.875,-99.971
180,7.7013,13.9688,-99.125
180,7.7013,14.0625,-99.963
180,7.7013,14.1562,-99.749
180,7.7013,14.25,-99.736
180,7.7013,14.3438,-99.738
180,7.7013,14.4375,-99.793
180,7.7013,14.5312,-99.539
180,7.7013,14.625,-99.749
180,7.7013,14.7188,-99.954
180,7.7013,14.8125,-99.973
180,7.7013,14.9062,-99.944
180,7.7013,15.0,-99.954
180,7.7013,15.0938,-99.794
180,7.7013,15.1875,-99.984
180,7.7013,15.2812,-99.776
180,7.7013,15.375,-99.912
180,7.7013,15.4688,-99.637
180,7.7013,15.5625,-99.566
180,7.7013,15.6562,-99.966
180,7.7013,15.75,-99.662
180,7.7013,15.8438,-99.902
180,7.7013,15.9375,-99.453
181,7.744,0.0,-90.516
181,7.744,0.0938,-66.423
181,7.744,0.1875,-62.632
181,7.744,0.2812,-76.583
181,7.744,0.375,-79.235
181,7.744,0.4688,-75.542
181,7.744,0.5625,-66.974
181,7.744,0.6562,-85.04
181,7.744,0.75,-74.931
181,7.744,0.8438,-89.959
181,7.744,0.9375,-75.414
181,7.744,1.0312,-80.371
181,7.744,1.125,-84.639
181,7.744,1.2188,-93.021
181,7.744,1.3125,-80.658
181,7.744,1.4062,-94.219
181,7.744,1.5,-81.182
181,7.744,1.5938,-93.358
181,7.744,1.6875,-79.195
181,7.744,1.7812,-90.479
181,7.744,1.875,-84.308
181,7.744,1.9688,-89.262
181,7.744,2.0625,-94.394
181,7.744,2.1562,-91.527
181,7.744,2.25,-86.381
181,7.744,2.3438,-95.284
181,7.744,2.4375,-94.452
181,7.744,2.5312,-93.185
181,7.744,2.625,-95.586
181,7.744,2.7188,-89.538
181,7.744,2.8125,-92.054
181,7.744,2.9062,-92.257
181,7.744,3.0,-83.978
181,7.744,3.0938,-95.673
181,7.744,3.1875,-99.64
181,7.744,3.2812,-91.862
181,7.744,3.375,-95.388
181,7.744,3.4688,-95.249
181,7.744,3.5625,-93.782
181,7.744,3.6562,-98.446
181,7.744,3.75,-99.605
181,7.744,3.8438,-96.989
181,7.744,3.9375,-93.117
181,7.744,4.0312,-90.693
181,7.744,4.125,-94.94
181,7.744,4.2188,-96.396
181,7.744,4.3125,-99.9
181,7.744,4.4062,-99.644
181,7.744,4.5,-95.389
181,7.744,4.5938,-97.516
181,7.744,4.6875,-98.195
181,7.744,4.7812,-99.104
181,7.744,4.875,-99.048
181,7.744,4.9688,-98.635
181,7.744,5.0625,-94.549
181,7.744,5.1562,-95.311
181,7.744,5.25,-97.417
181,7.744,5.3438,-99.037
181,7.744,5.4375,-95.224
181,7.744,5.5312,-99.863
181,7.744,5.625,-99.912
181,7.744,5.7188,-99.4
181,7.744,5.8125,-98.302
181,7.744,5.9062,-99.381
181,7.744,6.0,-98.907
181,7.744,6.0938,-97.358
181,7.744,6.1875,-99.824
181,7.744,6.2812,-97.8
181,7.744,6.375,-97.265
181,7.744,6.4688,-98.827
181,7.744,6.5625,-98.83
181,7.744,6.6562,-97.274
181,7.744,6.75,-98.542
181,7.744,6.8438,-96.331
181,7.744,6.9375,-98.807
181,7.744,7.0312,-98.949
181,7.744,7.125,-99.905
181,7.744,7.2188,-98.991
181,7.744,7.3125,-99.589
181,7.744,7.4062,-98.921
181,7.744,7.5,-97.976
181,7.744,7.5938,-99.798
181,7.744,7.6875,-99.463
181,7.744,7.7812,-99.736
181,7.744,7.875,-99.528
181,7.744,7.9688,-99.631
181,7.744,8.0625,-98.368
181,7.744,8.1562,-99.398
181,7.744,8.25,-98.292
181,7.744,8.3438,-99.187
181,7.744,8.4375,-99.959
181,7.744,8.5312,-99.59
181,7.744,8.625,-99.261
181,7.744,8.7188,-99.96
181,7.744,8.8125,-99.876
181,7.744,8.9062,-99.97
181,7.744,9.0,-99.528
181,7.744,9.0938,-99.203
181,7.744,9.1875,-99.58
181,7.744,9.2812,-99.44
181,7.744,9.375,-99.527
181,7.744,9.4688,-99.671
181,7.744,9.5625,-99.791
181,7.744,9.6562,-99.908
181,7.744,9.75,-99.931
181,7.744,9.8438,-99.153
181,7.744,9.9375,-99.352
181,7.744,10.0312,-99.164
181,7.744,10.125,-99.903
181,7.744,10.2188,-99.494
181,7.744,10.3125,-99.966
181,7.744,10.4062,-99.752
181,7.744,10.5,-99.866
181,7.744,10.5938,-99.046
181,7.744,10.6875,-99.596
181,7.744,10.7812,-99.342
181,7.744,10.875,-99.993
181,7.744,10.9688,-99.506
181,7.744,11.0625,-99.053
181,7.744,11.1562,-99.645
181,7.744,11.25,-99.35
181,7.744,11.3438,-99.83
181,7.744,11.4375,-99.327
181,7.744,11.5312,-99.824
181,7.744,11.625,-99.649
181,7.744,11.7188,-99.365
181,7.744,11.8125,-99.601
181,7.744,11.9062,-99.988
181,7.744,12.0,-99.886
181,7.744,12.0938,-99.986
181,7.744,12.1875,-99.903
181,7.744,12.2812,-99.848
181,7.744,12.375,-99.993
181,7.744,12.4688,-99.923
181,7.744,12.5625,-99.769
181,7.744,12.6562,-96.738
181,7.744,12.75,-99.985
181,7.744,12.8438,-99.649
181,7.744,12.9375,-99.783
181,7.744,13.0312,-99.974
181,7.744,13.125,-99.726
181,7.744,13.2188,-99.719
181,7.744,13.3125,-99.919
181,7.744,13.4062,-99.969
181,7.744,13.5,-99.726
181,7.744,13.5938,-99.495
181,7.744,13.6875,-99.899
181,7.744,13.7812,-99.226
181,7.744,13.875,-99.16
181,7.744,13.9688,-99.729
181,7.744,14.0625,-99.88
181,7.744,14.1562,-98.879
181,7.744,14.25,-99.934
181,7.744,14.3438,-99.984
181,7.744,14.4375,-99.358
181,7.744,14.5312,-99.884
181,7.744,14.625,-98.996
181,7.744,14.7188,-99.219
181,7.744,14.8125,-99.751
181,7.744,14.9062,-99.509
181,7.744,15.0,-99.958
181,7.744,15.0938,-99.916
181,7.744,15.1875,-99.985
181,7.744,15.2812,-99.749
181,7.744,15.375,-99.746
181,7.744,15.4688,-99.943
181,7.744,15.5625,-99.714
181,7.744,15.6562,-99.743
181,7.744,15.75,-99.796
181,7.744,15.8438,-99.456
181,7.744,15.9375,-99.809
182,7.7867,0.0,-92.626
182,7.7867,0.0938,-65.766
182,7.7867,0.1875,-69.182
182,7.7867,0.2812,-70.67
182,7.7867,0.375,-83.935
182,7.7867,0.4688,-66.355
182,7.7867,0.5625,-82.816
182,7.7867,0.6562,-77.282
182,7.7867,0.75,-75.072
182,7.7867,0.8438,-79.46
182,7.7867,0.9375,-87.078
182,7.7867,1.0312,-80.042
182,7.7867,1.125,-91.312
182,7.7867,1.2188,-91.984
182,7.7867,1.3125,-92.348
182,7.7867,1.4062,-89.693
182,7.7867,1.5,-86.457
182,7.7867,1.5938,-91.564
182,7.7867,1.6875,-77.144
182,7.7867,1.7812,-94.346
182,7.7867,1.875,-78.6
182,7.7867,1.9688,-99.222
182,7.7867,2.0625,-90.507
182,7.7867,2.1562,-99.237
182,7.7867,2.25,-77.127
182,7.7867,2.3438,-98.951
182,7.7867,2.4375,-99.17
182,7.7867,2.5312,-98.754
182,7.7867,2.625,-96.321
182,7.7867,2.7188,-85.33
182,7.7867,2.8125,-97.848
182,7.7867,2.9062,-92.183
182,7.7867,3.0,-79.911
182,7.7867,3.0938,-89.919
182,7.7867,3.1875,-97.209
182,7.7867,3.2812,-91.019
182,7.7867,3.375,-99.432
182,7.7867,3.4688,-98.286
182,7.7867,3.5625,-99.518
182,7.7867,3.6562,-90.496
182,7.7867,3.75,-97.445
182,7.7867,3.8438,-97.501
182,7.7867,3.9375,-94.466
182,7.7867,4.0312,-89.901
182,7.7867,4.125,-91.539
182,7.7867,4.2188,-92.967
182,7.7867,4.3125,-94.078
182,7.7867,4.4062,-97.788
182,7.7867,4.5,-97.245
182,7.7867,4.5938,-99.84
182,7.7867,4.6875,-99.236
182,7.7867,4.7812,-99.906
182,7.7867,4.875,-99.636
182,7.7867,4.9688,-99.63
182,7.7867,5.0625,-99.047
182,7.7867,5.1562,-99.287
182,7.7867,5.25,-97.199
182,7.7867,5.3438,-97.556
182,7.7867,5.4375,-93.831
182,7.7867,5.5312,-99.956
182,7.7867,5.625,-99.069
182,7.7867,5.7188,-99.958
182,7.7867,5.8125,-96.606
182,7.7867,5.9062,-99.261
182,7.7867,6.0,-99.681
182,7.7867,6.0938,-92.679
182,7.7867,6.1875,-98.693
182,7.7867,6.2812,-96.827
182,7.7867,6.375,-99.992
182,7.7867,6.4688,-99.08
182,7.7867,6.5625,-99.73
182,7.7867,6.6562,-98.932
182,7.7867,6.75,-99.231
182,7.7867,6.8438,-99.479
182,7.7867,6.9375,-99.497
182,7.7867,7.0312,-98.812
182,7.7867,7.125,-99.872
182,7.7867,7.2188,-99.936
182,7.7867,7.3125,-99.563
182,7.7867,7.4062,-99.333
182,7.7867,7.5,-99.098
182,7.7867,7.5938,-99.689
182,7.7867,7.6875,-99.937
182,7.7867,7.7812,-99.348
182,7.7867,7.875,-99.777
182,7.7867,7.9688,-99.972
182,7.7867,8.0625,-99.786
182,7.7867,8.1562,-99.661
182,7.7867,8.25,-98.97
182,7.7867,8.3438,-99.897
182,7.7867,8.4375,-97.8
182,7.7867,8.5312,-99.552
182,7.7867,8.625,-99.87
182,7.7867,8.7188,-98.946
182,7.7867,8.8125,-99.989
182,7.7867,8.9062,-99.963
182,7.7867,9.0,-99.871
182,7.7867,9.0938,-99.435
182,7.7867,9.1875,-99.843
182,7.7867,9.2812,-99.593
182,7.7867,9.375,-99.966
182,7.7867,9.4688,-99.92
182,7.7867,9.5625,-99.703
182,7.7867,9.6562,-99.947
182,7.7867,9.75,-99.849
182,7.7867,9.8438,-99.867
182,7.7867,9.9375,-99.36
182,7.7867,10.0312,-99.491
182,7.7867,10.125,-99.976
182,7.7867,10.2188,-98.529
182,7.7867,10.3125,-99.99
182,7.7867,10.4062,-99.94
182,7.7867,10.5,-99.979
182,7.7867,10.5938,-99.011
182,7.7867,10.6875,-99.924
182,7.7867,10.7812,-99.898
182,7.7867,10.875,-98.887
182,7.7867,10.9688,-99.213
182,7.7867,11.0625,-99.918
182,7.7867,11.1562,-99.965
182,7.7867,11.25,-99.464
182,7.7867,11.3438,-99.234
182,7.7867,11.4375,-98.587
182,7.7867,11.5312,-99.494
182,7.7867,11.625,-99.574
182,7.7867,11.7188,-99.862
182,7.7867,11.8125,-99.189
182,7.7867,11.9062,-99.961
182,7.7867,12.0,-99.998
182,7.7867,12.0938,-99.899
182,7.7867,12.1875,-99.951
182,7.7867,12.2812,-99.991
182,7.7867,12.375,-99.956
182,7.7867,12.4688,-99.966
182,7.7867,12.5625,-99.94
182,7.7867,12.6562,-97.874
182,7.7867,12.75,-99.834
182,7.7867,12.8438,-99.596
182,7.7867,12.9375,-99.999
182,7.7867,13.0312,-99.949
182,7.7867,13.125,-99.925
182,7.7867,13.2188,-99.997
182,7.7867,13.3125,-99.844
182,7.7867,13.4062,-99.446
182,7.7867,13.5,-99.741
182,7.7867,13.5938,-99.94
182,7.7867,13.6875,-99.985
182,7.7867,13.7812,-99.558
182,7.7867,13.875,-99.815
182,7.7867,13.9688,-99.836
182,7.7867,14.0625,-99.824
182,7.7867,14.1562,-99.886
182,7.7867,14.25,-99.725
182,7.7867,14.3438,-99.266
182,7.7867,14.4375,-99.913
182,7.7867,14.5312,-99.64
182,7.7867,14.625,-99.871
182,7.7867,14.7188,-99.641
182,7.7867,14.8125,-99.872
182,7.7867,14.9062,-99.993
182,7.7867,15.0,-99.944
182,7.7867,15.0938,-99.771
182,7.7867,15.1875,-99.846
182,7.7867,15.2812,-99.897
182,7.7867,15.375,-99.837
182,7.7867,15.4688,-99.934
182,7.7867,15.5625,-99.877
182,7.7867,15.6562,-99.659
182,7.7867,15.75,-99.93
182,7.7867,15.8438,-99.979
182,7.7867,15.9375,-99.861
183,7.8293,0.0,-92.006
183,7.8293,0.0938,-67.663
183,7.8293,0.1875,-63.87
183,7.8293,0.2812,-76.486
183,7.8293,0.375,-82.488
183,7.8293,0.4688,-68.796
183,7.8293,0.5625,-75.828
183,7.8293,0.6562,-80.125
183,7.8293,0.75,-79.106
183,7.8293,0.8438,-78.366
183,7.8293,0.9375,-79.693
183,7.8293,1.0312,-78.808
183,7.8293,1.125,-96.487
183,7.8293,1.2188,-85.062
183,7.8293,1.3125,-92.436
183,7.8293,1.4062,-95.226
183,7.8293,1.5,-91.741
183,7.8293,1.5938,-95.63
183,7.8293,1.6875,-86.86
183,7.8293,1.7812,-98.202
183,7.8293,1.875,-85.277
183,7.8293,1.9688,-88.857
183,7.8293,2.0625,-91.649
183,7.8293,2.1562,-97.03
183,7.8293,2.25,-84.414
183,7.8293,2.3438,-99.693
183,7.8293,2.4375,-99.987
183,7.8293,2.5312,-97.181
183,7.8293,2.625,-99.526
183,7.8293,2.7188,-86.829
183,7.8293,2.8125,-97.957
183,7.8293,2.9062,-96.079
183,7.8293,3.0,-98.684
183,7.8293,3.0938,-95.072
183,7.8293,3.1875,-95.494
183,7.8293,3.2812,-96.405
183,7.8293,3.375,-99.798
183,7.8293,3.4688,-96.173
183,7.8293,3.5625,-95.284
183,7.8293,3.6562,-99.645
183,7.8293,3.75,-98.366
183,7.8293,3.8438,-98.667
183,7.8293,3.9375,-99.858
183,7.8293,4.0312,-95.172
183,7.8293,4.125,-99.689
183,7.8293,4.2188,-97.879
183,7.8293,4.3125,-98.381
183,7.8293,4.4062,-99.471
183,7.8293,4.5,-98.048
183,7.8293,4.5938,-98.819
183,7.8293,4.6875,-99.929
183,7.8293,4.7812,-99.579
183,7.8293,4.875,-98.037
183,7.8293,4.9688,-99.889
183,7.8293,5.0625,-96.019
183,7.8293,5.1562,-99.884
183,7.8293,5.25,-99.648
183,7.8293,5.3438,-99.891
183,7.8293,5.4375,-98.769
183,7.8293,5.5312,-99.552
183,7.8293,5.625,-98.677
183,7.8293,5.7188,-98.562
183,7.8293,5.8125,-98.216
183,7.8293,5.9062,-99.558
183,7.8293,6.0,-98.534
183,7.8293,6.0938,-96.195
183,7.8293,6.1875,-98.765
183,7.8293,6.2812,-99.627
183,7.8293,6.375,-99.967
183,7.8293,6.4688,-99.021
183,7.8293,6.5625,-99.704
183,7.8293,6.6562,-99.646
183,7.8293,6.75,-99.834
183,7.8293,6.8438,-98.607
183,7.8293,6.9375,-99.802
183,7.8293,7.0312,-99.979
183,7.8293,7.125,-99.235
183,7.8293,7.2188,-99.961
183,7.8293,7.3125,-98.446
183,7.8293,7.4062,-99.926
183,7.8293,7.5,-99.895
183,7.8293,7.5938,-99.861
183,7.8293,7.6875,-99.895
183,7.8293,7.7812,-99.953
183,7.8293,7.875,-99.159
183,7.8293,7.9688,-99.393
183,7.8293,8.0625,-99.997
183,7.8293,8.1562,-99.61
183,7.8293,8.25,-99.931
183,7.8293,8.3438,-99.874
183,7.8293,8.4375,-99.332
183,7.8293,8.5312,-99.998
183,7.8293,8.625,-99.809
183,7.8293,8.7188,-99.875
183,7.8293,8.8125,-99.736
183,7.8293,8.9062,-99.959
183,7.8293,9.0,-99.665
183,7.8293,9.0938,-99.461
183,7.8293,9.1875,-99.076
183,7.8293,9.2812,-99.44
183,7.8293,9.375,-99.731
183,7.8293,9.4688,-99.771
183,7.8293,9.5625,-99.914
183,7.8293,9.6562,-99.918
183,7.8293,9.75,-99.962
183,7.8293,9.8438,-99.966
183,7.8293,9.9375,-99.882
183,7.8293,10.0312,-99.881
183,7.8293,10.125,-99.992
183,7.8293,10.2188,-99.886
183,7.8293,10.3125,-99.965
183,7.8293,10.4062,-99.945
183,7.8293,10.5,-99.955
183,7.8293,10.5938,-99.621
183,7.8293,10.6875,-99.842
183,7.8293,10.7812,-99.499
183,7.8293,10.875,-99.969
183,7.8293,10.9688,-99.878
183,7.8293,11.0625,-99.917
183,7.8293,11.1562,-99.964
183,7.8293,11.25,-99.681
183,7.8293,11.3438,-99.057
183,7.8293,11.4375,-99.442
183,7.8293,11.5312,-99.854
183,7.8293,11.625,-99.663
183,7.8293,11.7188,-99.954
183,7.8293,11.8125,-99.512
183,7.8293,11.9062,-99.943
183,7.8293,12.0,-99.992
183,7.8293,12.0938,-99.951
183,7.8293,12.1875,-99.958
183,7.8293,12.2812,-99.995
183,7.8293,12.375,-99.987
183,7.8293,12.4688,-99.995
183,7.8293,12.5625,-99.964
183,7.8293,12.6562,-99.902
183,7.8293,12.75,-99.281
183,7.8293,12.8438,-99.856
183,7.8293,12.9375,-99.845
183,7.8293,13.0312,-99.962
183,7.8293,13.125,-99.867
183,7.8293,13.2188,-99.933
183,7.8293,13.3125,-99.973
183,7.8293,13.4062,-99.089
183,7.8293,13.5,-99.521
183,7.8293,13.5938,-99.731
183,7.8293,13.6875,-99.959
183,7.8293,13.7812,-99.453
183,7.8293,13.875,-99.607
183,7.8293,13.9688,-99.113
183,7.8293,14.0625,-99.95
183,7.8293,14.1562,-99.873
183,7.8293,14.25,-99.981
183,7.8293,14.3438,-99.847
183,7.8293,14.4375,-99.742
183,7.8293,14.5312,-99.997
183,7.8293,14.625,-99.615
183,7.8293,14.7188,-99.965
183,7.8293,14.8125,-99.944
183,7.8293,14.9062,-99.973
183,7.8293,15.0,-99.958
183,7.8293,15.0938,-99.968
183,7.8293,15.1875,-99.93
183,7.8293,15.2812,-99.955
183,7.8293,15.375,-99.904
183,7.8293,15.4688,-99.976
183,7.8293,15.5625,-99.894
183,7.8293,15.6562,-99.926
183,7.8293,15.75,-99.721
183,7.8293,15.8438,-99.99
183,7.8293,15.9375,-99.785
184,7.872,0.0,-91.646
184,7.872,0.0938,-66.214
184,7.872,0.1875,-68.2
184,7.872,0.2812,-84.285
184,7.872,0.375,-85.386
184,7.872,0.4688,-70.621
184,7.872,0.5625,-84.48
184,7.872,0.6562,-81.187
184,7.872,0.75,-77.925
184,7.872,0.8438,-80.586
184,7.872,0.9375,-95.076
184,7.872,1.0312,-79.611
184,7.872,1.125,-94.966
184,7.872,1.2188,-83.039
184,7.872,1.3125,-94.082
184,7.872,1.4062,-89.901
184,7.872,1.5,-92.201
184,7.872,1.5938,-95.27
184,7.872,1.6875,-92.027
184,7.872,1.7812,-83.904
184,7.872,1.875,-83.034
184,7.872,1.9688,-84.634
184,7.872,2.0625,-81.856
184,7.872,2.1562,-95.387
184,7.872,2.25,-80.168
184,7.872,2.3438,-83.369
184,7.872,2.4375,-83.666
184,7.872,2.5312,-87.209
184,7.872,2.625,-84.624
184,7.872,2.7188,-78.768
184,7.872,2.8125,-80.614
184,7.872,2.9062,-80.827
184,7.872,3.0,-75.81
184,7.872,3.0938,-84.816
184,7.872,3.1875,-72.344
184,7.872,3.2812,-72.929
184,7.872,3.375,-71.776
184,7.872,3.4688,-68.287
184,7.872,3.5625,-72.553
184,7.872,3.6562,-65.626
184,7.872,3.75,-75.857
184,7.872,3.8438,-78.105
184,7.872,3.9375,-85.857
184,7.872,4.0312,-70.868
184,7.872,4.125,-79.173
184,7.872,4.2188,-68.039
184,7.872,4.3125,-68.557
184,7.872,4.4062,-73.606
184,7.872,4.5,-69.821
184,7.872,4.5938,-80.224
184,7.872,4.6875,-78.599
184,7.872,4.7812,-77.729
184,7.872,4.875,-83.949
184,7.872,4.9688,-79.767
184,7.872,5.0625,-77.932
184,7.872,5.1562,-88.224
184,7.872,5.25,-78.243
184,7.872,5.3438,-74.402
184,7.872,5.4375,-83.243
184,7.872,5.5312,-74.511
184,7.872,5.625,-85.746
184,7.872,5.7188,-83.652
184,7.872,5.8125,-84.531
184,7.872,5.9062,-89.008
184,7.872,6.0,-82.679
184,7.872,6.0938,-82.963
184,7.872,6.1875,-74.725
184,7.872,6.2812,-79.766
184,7.872,6.375,-68.149
184,7.872,6.4688,-68.106
184,7.872,6.5625,-69.715
184,7.872,6.6562,-78.971
184,7.872,6.75,-79.435
184,7.872,6.8438,-76.123
184,7.872,6.9375,-74.487
184,7.872,7.0312,-74.581
184,7.872,7.125,-86.103
184,7.872,7.2188,-64.249
184,7.872,7.3125,-62.893
184,7.872,7.4062,-65.762
184,7.872,7.5,-71.148
184,7.872,7.5938,-70.102
184,7.872,7.6875,-69.814
184,7.872,7.7812,-70.372
184,7.872,7.875,-69.032
184,7.872,7.9688,-60.478
184,7.872,8.0625,-66.968
184,7.872,8.1562,-61.352
184,7.872,8.25,-71.071
184,7.872,8.3438,-73.557
184,7.872,8.4375,-68.65
184,7.872,8.5312,-69.549
184,7.872,8.625,-63.931
184,7.872,8.7188,-72.952
184,7.872,8.8125,-73.603
184,7.872,8.9062,-69.931
184,7.872,9.0,-79.207
184,7.872,9.0938,-84.623
184,7.872,9.1875,-73.884
184,7.872,9.2812,-69.626
184,7.872,9.375,-68.834
184,7.872,9.4688,-68.705
184,7.872,9.5625,-70.363
184,7.872,9.6562,-73.99
184,7.872,9.75,-72.538
184,7.872,9.8438,-84.679
184,7.872,9.9375,-77.551
184,7.872,10.0312,-80.701
184,7.872,10.125,-80.346
184,7.872,10.2188,-86.645
184,7.872,10.3125,-83.222
184,7.872,10.4062,-88.604
184,7.872,10.5,-82.841
184,7.872,10.5938,-74.535
184,7.872,10.6875,-83.174
184,7.872,10.7812,-77.137
184,7.872,10.875,-83.061
184,7.872,10.9688,-90.054
184,7.872,11.0625,-84.474
184,7.872,11.1562,-79.162
184,7.872,11.25,-76.234
184,7.872,11.3438,-80.543
184,7.872,11.4375,-76.997
184,7.872,11.5312,-83.832
184,7.872,11.625,-84.439
184,7.872,11.7188,-76.608
184,7.872,11.8125,-84.179
184,7.872,11.9062,-83.845
184,7.872,12.0,-82.136
184,7.872,12.0938,-80.828
184,7.872,12.1875,-78.195
184,7.872,12.2812,-83.154
184,7.872,12.375,-86.171
184,7.872,12.4688,-77.199
184,7.872,12.5625,-80.408
184,7.872,12.6562,-81.929
184,7.872,12.75,-91.481
184,7.872,12.8438,-86.909
184,7.872,12.9375,-84.572
184,7.872,13.0312,-99.661
184,7.872,13.125,-93.771
184,7.872,13.2188,-85.523
184,7.872,13.3125,-91.101
184,7.872,13.4062,-89.017
184,7.872,13.5,-86.946
184,7.872,13.5938,-87.733
184,7.872,13.6875,-97.184
184,7.872,13.7812,-88.483
184,7.872,13.875,-82.484
184,7.872,13.9688,-87.88
184,7.872,14.0625,-89.302
184,7.872,14.1562,-92.011
184,7.872,14.25,-90.909
184,7.872,14.3438,-83.585
184,7.872,14.4375,-89.503
184,7.872,14.5312,-93.505
184,7.872,14.625,-83.431
184,7.872,14.7188,-87.745
184,7.872,14.8125,-91.122
184,7.872,14.9062,-95.807
184,7.872,15.0,-96.721
184,7.872,15.0938,-95.165
184,7.872,15.1875,-94.484
184,7.872,15.2812,-99.146
184,7.872,15.375,-89.514
184,7.872,15.4688,-96.974
184,7.872,15.5625,-92.95
184,7.872,15.6562,-96.734
184,7.872,15.75,-98.691
184,7.872,15.8438,-96.254
184,7.872,15.9375,-94.931
185,7.9147,0.0,-89.026
185,7.9147,0.0938,-67.454
185,7.9147,0.1875,-57.149
185,7.9147,0.2812,-53.555
185,7.9147,0.375,-45.046
185,7.9147,0.4688,-56.868
185,7.9147,0.5625,-66.65
185,7.9147,0.6562,-67.684
185,7.9147,0.75,-67.509
185,7.9147,0.8438,-70.946
185,7.9147,0.9375,-71.549
185,7.9147,1.0312,-68.955
185,7.9147,1.125,-78.315
185,7.9147,1.2188,-66.465
185,7.9147,1.3125,-79.637
185,7.9147,1.4062,-73.365
185,7.9147,1.5,-68.832
185,7.9147,1.5938,-58.037
185,7.9147,1.6875,-57.426
185,7.9147,1.7812,-66.738
185,7.9147,1.875,-67.913
185,7.9147,1.9688,-72.663
185,7.9147,2.0625,-71.524
185,7.9147,2.1562,-84.102
185,7.9147,2.25,-69.277
185,7.9147,2.3438,-68.583
185,7.9147,2.4375,-60.267
185,7.9147,2.5312,-63.334
185,7.9147,2.625,-67.379
185,7.9147,2.7188,-76.685
185,7.9147,2.8125,-73.243
185,7.9147,2.9062,-74.464
185,7.9147,3.0,-75.058
185,7.9147,3.0938,-78.517
185,7.9147,3.1875,-74.899
185,7.9147,3.2812,-69.146
185,7.9147,3.375,-74.22
185,7.9147,3.4688,-72.666
185,7.9147,3.5625,-79.649
185,7.9147,3.6562,-72.772
185,7.9147,3.75,-80.306
185,7.9147,3.8438,-80.34
185,7.9147,3.9375,-77.301
185,7.9147,4.0312,-77.84
185,7.9147,4.125,-77.972
185,7.9147,4.2188,-81.798
185,7.9147,4.3125,-78.84
185,7.9147,4.4062,-72.894
185,7.9147,4.5,-67.954
185,7.9147,4.5938,-82.246
185,7.9147,4.6875,-82.755
185,7.9147,4.7812,-90.787
185,7.9147,4.875,-97.823
185,7.9147,4.9688,-95.948
185,7.9147,5.0625,-89.563
185,7.9147,5.1562,-93.824
185,7.9147,5.25,-85.555
185,7.9147,5.3438,-85.049
185,7.9147,5.4375,-84.929
185,7.9147,5.5312,-95.036
185,7.9147,5.625,-91.476
185,7.9147,5.7188,-93.729
185,7.9147,5.8125,-89.565
185,7.9147,5.9062,-89.975
185,7.9147,6.0,-98.386
185,7.9147,6.0938,-93.614
185,7.9147,6.1875,-87.934
185,7.9147,6.2812,-92.92
185,7.9147,6.375,-88.335
185,7.9147,6.4688,-97.068
185,7.9147,6.5625,-81.863
185,7.9147,6.6562,-92.004
185,7.9147,6.75,-86.099
185,7.9147,6.8438,-85.42
185,7.9147,6.9375,-87.328
185,7.9147,7.0312,-88.107
185,7.9147,7.125,-92.693
185,7.9147,7.2188,-94.016
185,7.9147,7.3125,-80.862
185,7.9147,7.4062,-93.41
185,7.9147,7.5,-82.149
185,7.9147,7.5938,-87.364
185,7.9147,7.6875,-80.901
185,7.9147,7.7812,-81.061
185,7.9147,7.875,-85.151
185,7.9147,7.9688,-91.56
185,7.9147,8.0625,-85.886
185,7.9147,8.1562,-86.369
185,7.9147,8.25,-84.634
185,7.9147,8.3438,-86.977
185,7.9147,8.4375,-93.88
185,7.9147,8.5312,-86.416
185,7.9147,8.625,-83.1
185,7.9147,8.7188,-75.505
185,7.9147,8.8125,-81.174
185,7.9147,8.9062,-84.055
185,7.9147,9.0,-89.575
185,7.9147,9.0938,-79.676
185,7.9147,9.1875,-89.748
185,7.9147,9.2812,-90.837
185,7.9147,9.375,-86.086
185,7.9147,9.4688,-77.255
185,7.9147,9.5625,-85.944
185,7.9147,9.6562,-92.073
185,7.9147,9.75,-89.267
185,7.9147,9.8438,-84.842
185,7.9147,9.9375,-90.668
185,7.9147,10.0312,-87.44
185,7.9147,10.125,-86.134
185,7.9147,10.2188,-98.507
185,7.9147,10.3125,-86.071
185,7.9147,10.4062,-84.593
185,7.9147,10.5,-86.463
185,7.9147,10.5938,-87.359
185,7.9147,10.6875,-84.656
185,7.9147,10.7812,-91.709
185,7.9147,10.875,-94.793
185,7.9147,10.9688,-98.192
185,7.9147,11.0625,-95.673
185,7.9147,11.1562,-98.286
185,7.9147,11.25,-98.068
185,7.9147,11.3438,-96.664
185,7.9147,11.4375,-94.397
185,7.9147,11.5312,-99.007
185,7.9147,11.625,-94.14
185,7.9147,11.7188,-94.733
185,7.9147,11.8125,-90.116
185,7.9147,11.9062,-89.645
185,7.9147,12.0,-89.162
185,7.9147,12.0938,-85.019
185,7.9147,12.1875,-94.415
185,7.9147,12.2812,-98.934
185,7.9147,12.375,-88.892
185,7.9147,12.4688,-91.556
185,7.9147,12.5625,-93.82
185,7.9147,12.6562,-91.836
185,7.9147,12.75,-93.313
185,7.9147,12.8438,-91.803
185,7.9147,12.9375,-91.338
185,7.9147,13.0312,-93.028
185,7.9147,13.125,-99.513
185,7.9147,13.2188,-97.408
185,7.9147,13.3125,-90.235
185,7.9147,13.4062,-92.436
185,7.9147,13.5,-94.526
185,7.9147,13.5938,-95.73
185,7.9147,13.6875,-95.427
185,7.9147,13.7812,-96.509
185,7.9147,13.875,-99.799
185,7.9147,13.9688,-98.496
185,7.9147,14.0625,-99.02
185,7.9147,14.1562,-97.083
185,7.9147,14.25,-94.921
185,7.9147,14.3438,-91.46
185,7.9147,14.4375,-92.834
185,7.9147,14.5312,-92.766
185,7.9147,14.625,-98.814
185,7.9147,14.7188,-99.557
185,7.9147,14.8125,-93.062
185,7.9147,14.9062,-95.121
185,7.9147,15.0,-97.523
185,7.9147,15.0938,-97.832
185,7.9147,15.1875,-99.925
185,7.9147,15.2812,-96.825
185,7.9147,15.375,-98.069
185,7.9147,15.4688,-98.567
185,7.9147,15.5625,-97.73
185,7.9147,15.6562,-97.964
185,7.9147,15.75,-98.919
185,7.9147,15.8438,-97.909
185,7.9147,15.9375,-99.828
186,7.9573,0.0,-74.905
186,7.9573,0.0938,-60.327
186,7.9573,0.1875,-57.314
186,7.9573,0.2812,-50.973
186,7.9573,0.375,-41.22
186,7.9573,0.4688,-72.339
186,7.9573,0.5625,-67.823
186,7.9573,0.6562,-69.661
186,7.9573,0.75,-66.422
186,7.9573,0.8438,-72.956
186,7.9573,0.9375,-69.173
186,7.9573,1.0312,-77.631
186,7.9573,1.125,-68.796
186,7.9573,1.2188,-71.486
186,7.9573,1.3125,-74.518
186,7.9573,1.4062,-72.475
186,7.9573,1.5,-69.832
186,7.9573,1.5938,-71.971
186,7.9573,1.6875,-60.203
186,7.9573,1.7812,-78.71
186,7.9573,1.875,-91.741
186,7.9573,1.9688,-73.992
186,7.9573,2.0625,-81.487
186,7.9573,2.1562,-75.633
186,7.9573,2.25,-94.33
186,7.9573,2.3438,-77.837
186,7.9573,2.4375,-70.767
186,7.9573,2.5312,-68.382
186,7.9573,2.625,-77.852
186,7.9573,2.7188,-83.04
186,7.9573,2.8125,-82.026
186,7.9573,2.9062,-89.968
186,7.9573,3.0,-87.321
186,7.9573,3.0938,-88.291
186,7.9573,3.1875,-88.866
186,7.9573,3.2812,-85.091
186,7.9573,3.375,-85.748
186,7.9573,3.4688,-87.118
186,7.9573,3.5625,-87.566
186,7.9573,3.6562,-89.355
186,7.9573,3.75,-91.645
186,7.9573,3.8438,-91.965
186,7.9573,3.9375,-90.358
186,7.9573,4.0312,-93.986
186,7.9573,4.125,-96.964
186,7.9573,4.2188,-95.658
186,7.9573,4.3125,-79.26
186,7.9573,4.4062,-87.159
186,7.9573,4.5,-78.009
186,7.9573,4.5938,-83.604
186,7.9573,4.6875,-89.457
186,7.9573,4.7812,-96.059
186,7.9573,4.875,-96.371
186,7.9573,4.9688,-97.785
186,7.9573,5.0625,-98.051
186,7.9573,5.1562,-99.942
186,7.9573,5.25,-97.122
186,7.9573,5.3438,-92.902
186,7.9573,5.4375,-91.826
186,7.9573,5.5312,-84.256
186,7.9573,5.625,-88.144
186,7.9573,5.7188,-96.236
186,7.9573,5.8125,-94.351
186,7.9573,5.9062,-97.082
186,7.9573,6.0,-93.471
186,7.9573,6.0938,-97.205
186,7.9573,6.1875,-92.053
186,7.9573,6.2812,-87.528
186,7.9573,6.375,-86.736
186,7.9573,6.4688,-91.931
186,7.9573,6.5625,-86.821
186,7.9573,6.6562,-82.688
186,7.9573,6.75,-81.28
186,7.9573,6.8438,-84.162
186,7.9573,6.9375,-87.427
186,7.9573,7.0312,-91.437
186,7.9573,7.125,-97.234
186,7.9573,7.2188,-88.325
186,7.9573,7.3125,-98.155
186,7.9573,7.4062,-80.951
186,7.9573,7.5,-89.384
186,7.9573,7.5938,-88.806
186,7.9573,7.6875,-92.655
186,7.9573,7.7812,-85.211
186,7.9573,7.875,-85.472
186,7.9573,7.9688,-84.345
186,7.9573,8.0625,-82.798
186,7.9573,8.1562,-88.738
186,7.9573,8.25,-92.897
186,7.9573,8.3438,-88.415
186,7.9573,8.4375,-90.214
186,7.9573,8.5312,-87.451
186,7.9573,8.625,-99.993
186,7.9573,8.7188,-88.598
186,7.9573,8.8125,-88.336
186,7.9573,8.9062,-79.543
186,7.9573,9.0,-80.83
186,7.9573,9.0938,-77.366
186,7.9573,9.1875,-81.269
186,7.9573,9.2812,-83.787
186,7.9573,9.375,-82.415
186,7.9573,9.4688,-75.03
186,7.9573,9.5625,-78.022
186,7.9573,9.6562,-88.07
186,7.9573,9.75,-78.47
186,7.9573,9.8438,-88.983
186,7.9573,9.9375,-88.084
186,7.9573,10.0312,-99.898
186,7.9573,10.125,-93.519
186,7.9573,10.2188,-91.518
186,7.9573,10.3125,-88.2
186,7.9573,10.4062,-89.027
186,7.9573,10.5,-89.837
186,7.9573,10.5938,-91.863
186,7.9573,10.6875,-86.725
186,7.9573,10.7812,-94.303
186,7.9573,10.875,-91.165
186,7.9573,10.9688,-91.161
186,7.9573,11.0625,-95.505
186,7.9573,11.1562,-90.728
186,7.9573,11.25,-96.229
186,7.9573,11.3438,-95.873
186,7.9573,11.4375,-99.859
186,7.9573,11.5312,-89.564
186,7.9573,11.625,-88.912
186,7.9573,11.7188,-98.493
186,7.9573,11.8125,-95.955
186,7.9573,11.9062,-89.493
186,7.9573,12.0,-90.129
186,7.9573,12.0938,-99.799
186,7.9573,12.1875,-96.52
186,7.9573,12.2812,-89.798
186,7.9573,12.375,-92.721
186,7.9573,12.4688,-98.557
186,7.9573,12.5625,-99.182
186,7.9573,12.6562,-98.109
186,7.9573,12.75,-98.547
186,7.9573,12.8438,-84.465
186,7.9573,12.9375,-88.332
186,7.9573,13.0312,-91.336
186,7.9573,13.125,-99.222
186,7.9573,13.2188,-92.873
186,7.9573,13.3125,-94.59
186,7.9573,13.4062,-99.552
186,7.9573,13.5,-99.774
186,7.9573,13.5938,-94.956
186,7.9573,13.6875,-91.058
186,7.9573,13.7812,-88.809
186,7.9573,13.875,-94.563
186,7.9573,13.9688,-97.93
186,7.9573,14.0625,-89.237
186,7.9573,14.1562,-93.434
186,7.9573,14.25,-89.998
186,7.9573,14.3438,-93.756
186,7.9573,14.4375,-91.161
186,7.9573,14.5312,-87.492
186,7.9573,14.625,-89.973
186,7.9573,14.7188,-88.458
186,7.9573,14.8125,-90.321
186,7.9573,14.9062,-94.17
186,7.9573,15.0,-91.445
186,7.9573,15.0938,-93.359
186,7.9573,15.1875,-98.165
186,7.9573,15.2812,-96.54
186,7.9573,15.375,-99.35
186,7.9573,15.4688,-94.766
186,7.9573,15.5625,-98.943
186,7.9573,15.6562,-99.505
186,7.9573,15.75,-96.563
186,7.9573,15.8438,-97.93
186,7.9573,15.9375,-99.611
187,8.0,0.0,-84.568
187,8.0,0.0938,-63.254
187,8.0,0.1875,-49.187
187,8.0,0.2812,-57.568
187,8.0,0.375,-61.262
187,8.0,0.4688,-58.739
187,8.0,0.5625,-78.688
187,8.0,0.6562,-74.317
187,8.0,0.75,-71.619
187,8.0,0.8438,-71.443
187,8.0,0.9375,-73.473
187,8.0,1.0312,-71.589
187,8.0,1.125,-80.996
187,8.0,1.2188,-79.891
187,8.0,1.3125,-80.19
187,8.0,1.4062,-77.593
187,8.0,1.5,-76.748
187,8.0,1.5938,-77.816
187,8.0,1.6875,-74.988
187,8.0,1.7812,-70.239
187,8.0,1.875,-78.672
187,8.0,1.9688,-86.612
187,8.0,2.0625,-70.556
187,8.0,2.1562,-88.149
187,8.0,2.25,-78.084
187,8.0,2.3438,-85.434
187,8.0,2.4375,-76.211
187,8.0,2.5312,-63.68
187,8.0,2.625,-75.461
187,8.0,2.7188,-74.858
187,8.0,2.8125,-80.546
187,8.0,2.9062,-70.391
187,8.0,3.0,-63.523
187,8.0,3.0938,-81.743
187,8.0,3.1875,-63.727
187,8.0,3.2812,-67.57
187,8.0,3.375,-68.069
187,8.0,3.4688,-71.109
187,8.0,3.5625,-71.006
187,8.0,3.6562,-71.785
187,8.0,3.75,-70.746
187,8.0,3.8438,-72.314
187,8.0,3.9375,-66.999
187,8.0,4.0312,-81.181
187,8.0,4.125,-70.724
187,8.0,4.2188,-72.725
187,8.0,4.3125,-71.761
187,8.0,4.4062,-68.719
187,8.0,4.5,-68.571
187,8.0,4.5938,-76.083
187,8.0,4.6875,-72.521
187,8.0,4.7812,-67.188
187,8.0,4.875,-81.412
187,8.0,4.9688,-70.247
187,8.0,5.0625,-73.586
187,8.0,5.1562,-75.405
187,8.0,5.25,-80.923
187,8.0,5.3438,-83.077
187,8.0,5.4375,-79.447
187,8.0,5.5312,-76.231
187,8.0,5.625,-75.199
187,8.0,5.7188,-89.106
187,8.0,5.8125,-72.924
187,8.0,5.9062,-69.433
187,8.0,6.0,-69.897
187,8.0,6.0938,-70.642
187,8.0,6.1875,-67.188
187,8.0,6.2812,-76.033
187,8.0,6.375,-70.596
187,8.0,6.4688,-68.202
187,8.0,6.5625,-63.421
187,8.0,6.6562,-64.615
187,8.0,6.75,-76.189
187,8.0,6.8438,-74.989
187,8.0,6.9375,-69.284
187,8.0,7.0312,-68.148
187,8.0,7.125,-65.092
187,8.0,7.2188,-63.387
187,8.0,7.3125,-65.92
187,8.0,7.4062,-59.991
187,8.0,7.5,-60.995
187,8.0,7.5938,-63.869
187,8.0,7.6875,-60.511
187,8.0,7.7812,-62.611
187,8.0,7.875,-58.357
187,8.0,7.9688,-67.45
187,8.0,8.0625,-61.348
187,8.0,8.1562,-62.712
187,8.0,8.25,-80.095
187,8.0,8.3438,-67.97
187,8.0,8.4375,-75.191
187,8.0,8.5312,-74.573
187,8.0,8.625,-72.902
187,8.0,8.7188,-77.195
187,8.0,8.8125,-77.59
187,8.0,8.9062,-70.849
187,8.0,9.0,-74.061
187,8.0,9.0938,-86.046
187,8.0,9.1875,-66.458
187,8.0,9.2812,-81.943
187,8.0,9.375,-68.979
187,8.0,9.4688,-69.307
187,8.0,9.5625,-67.052
187,8.0,9.6562,-87.201
187,8.0,9.75,-78.181
187,8.0,9.8438,-79.487
187,8.0,9.9375,-70.937
187,8.0,10.0312,-68.006
187,8.0,10.125,-66.928
187,8.0,10.2188,-71.686
187,8.0,10.3125,-69.719
187,8.0,10.4062,-77.01
187,8.0,10.5,-75.436
187,8.0,10.5938,-77.044
187,8.0,10.6875,-72.889
187,8.0,10.7812,-82.417
187,8.0,10.875,-81.1
187,8.0,10.9688,-75.632
187,8.0,11.0625,-80.763
187,8.0,11.1562,-82.242
187,8.0,11.25,-74.884
187,8.0,11.3438,-87.173
187,8.0,11.4375,-87.753
187,8.0,11.5312,-83.605
187,8.0,11.625,-88.662
187,8.0,11.7188,-80.301
187,8.0,11.8125,-83.082
187,8.0,11.9062,-82.364
187,8.0,12.0,-89.019
187,8.0,12.0938,-92.906
187,8.0,12.1875,-80.251
187,8.0,12.2812,-83.483
187,8.0,12.375,-79.561
187,8.0,12.4688,-84.478
187,8.0,12.5625,-92.14
187,8.0,12.6562,-86.322
187,8.0,12.75,-85.637
187,8.0,12.8438,-78.958
187,8.0,12.9375,-84.996
187,8.0,13.0312,-86.256
187,8.0,13.125,-80.871
187,8.0,13.2188,-82.578
187,8.0,13.3125,-79.82
187,8.0,13.4062,-82.719
187,8.0,13.5,-82.525
187,8.0,13.5938,-85.285
187,8.0,13.6875,-88.762
187,8.0,13.7812,-79.122
187,8.0,13.875,-80.219
187,8.0,13.9688,-97.436
187,8.0,14.0625,-88.068
187,8.0,14.1562,-91.53
187,8.0,14.25,-83.413
187,8.0,14.3438,-93.877
187,8.0,14.4375,-91.727
187,8.0,14.5312,-81.48
187,8.0,14.625,-88.807
187,8.0,14.7188,-86.106
187,8.0,14.8125,-84.422
187,8.0,14.9062,-84.723
187,8.0,15.0,-87.98
187,8.0,15.0938,-90.731
187,8.0,15.1875,-84.506
187,8.0,15.2812,-92.793
187,8.0,15.375,-91.014
187,8.0,15.4688,-94.624
187,8.0,15.5625,-93.994
187,8.0,15.6562,-90.242
187,8.0,15.75,-94.74
187,8.0,15.8438,-91.596
187,8.0,15.9375,-96.745
188,8.0427,0.0,-74.014
188,8.0427,0.0938,-65.482
188,8.0427,0.1875,-63.965
188,8.0427,0.2812,-71.725
188,8.0427,0.375,-70.674
188,8.0427,0.4688,-69.155
188,8.0427,0.5625,-82.371
188,8.0427,0.6562,-86.025
188,8.0427,0.75,-74.383
188,8.0427,0.8438,-80.82
188,8.0427,0.9375,-88.579
188,8.0427,1.0312,-72.146
188,8.0427,1.125,-86.561
188,8.0427,1.2188,-79.73
188,8.0427,1.3125,-87.395
188,8.0427,1.4062,-92.273
188,8.0427,1.5,-92.618
188,8.0427,1.5938,-83.178
188,8.0427,1.6875,-93.861
188,8.0427,1.7812,-79.856
188,8.0427,1.875,-79.719
188,8.0427,1.9688,-82.724
188,8.0427,2.0625,-86.636
188,8.0427,2.1562,-86.146
188,8.0427,2.25,-79.955
188,8.0427,2.3438,-81.105
188,8.0427,2.4375,-88.514
188,8.0427,2.5312,-75.809
188,8.0427,2.625,-87.207
188,8.0427,2.7188,-92.386
188,8.0427,2.8125,-93.141
188,8.0427,2.9062,-72.108
188,8.0427,3.0,-70.772
188,8.0427,3.0938,-67.69
188,8.0427,3.1875,-67.841
188,8.0427,3.2812,-73.684
188,8.0427,3.375,-78.348
188,8.0427,3.4688,-74.926
188,8.0427,3.5625,-82.147
188,8.0427,3.6562,-69.123
188,8.0427,3.75,-69.364
188,8.0427,3.8438,-74.196
188,8.0427,3.9375,-72.507
188,8.0427,4.0312,-74.669
188,8.0427,4.125,-71.201
188,8.0427,4.2188,-76.982
188,8.0427,4.3125,-80.131
188,8.0427,4.4062,-69.601
188,8.0427,4.5,-68.243
188,8.0427,4.5938,-71.146
188,8.0427,4.6875,-67.335
188,8.0427,4.7812,-67.405
188,8.0427,4.875,-75.134
188,8.0427,4.9688,-79.555
188,8.0427,5.0625,-77.499
188,8.0427,5.1562,-69.181
188,8.0427,5.25,-83.972
188,8.0427,5.3438,-74.413
188,8.0427,5.4375,-88.929
188,8.0427,5.5312,-86.088
188,8.0427,5.625,-85.912
188,8.0427,5.7188,-96.648
188,8.0427,5.8125,-81.078
188,8.0427,5.9062,-71.913
188,8.0427,6.0,-74.762
188,8.0427,6.0938,-73.112
188,8.0427,6.1875,-62.119
188,8.0427,6.2812,-62.162
188,8.0427,6.375,-60.34
188,8.0427,6.4688,-66.405
188,8.0427,6.5625,-78.467
188,8.0427,6.6562,-58.596
188,8.0427,6.75,-70.044
188,8.0427,6.8438,-61.819
188,8.0427,6.9375,-64.121
188,8.0427,7.0312,-59.882
188,8.0427,7.125,-57.692
188,8.0427,7.2188,-51.592
188,8.0427,7.3125,-58.576
188,8.0427,7.4062,-54.37
188,8.0427,7.5,-54.562
188,8.0427,7.5938,-64.789
188,8.0427,7.6875,-55.557
188,8.0427,7.7812,-61.878
188,8.0427,7.875,-58.321
188,8.0427,7.9688,-65.631
188,8.0427,8.0625,-71.326
188,8.0427,8.1562,-54.451
188,8.0427,8.25,-56.334
188,8.0427,8.3438,-60.848
188,8.0427,8.4375,-69.153
188,8.0427,8.5312,-73.493
188,8.0427,8.625,-66.818
188,8.0427,8.7188,-67.845
188,8.0427,8.8125,-70.933
188,8.0427,8.9062,-70.453
188,8.0427,9.0,-73.182
188,8.0427,9.0938,-81.404
188,8.0427,9.1875,-70.577
188,8.0427,9.2812,-66.722
188,8.0427,9.375,-65.94
188,8.0427,9.4688,-66.861
188,8.0427,9.5625,-67.189
188,8.0427,9.6562,-63.09
188,8.0427,9.75,-76.138
188,8.0427,9.8438,-87.437
188,8.0427,9.9375,-67.932
188,8.0427,10.0312,-63.165
188,8.0427,10.125,-76.041
188,8.0427,10.2188,-64.742
188,8.0427,10.3125,-71.895
188,8.0427,10.4062,-82.058
188,8.0427,10.5,-72.845
188,8.0427,10.5938,-74.099
188,8.0427,10.6875,-67.852
188,8.0427,10.7812,-69.764
188,8.0427,10.875,-75.548
188,8.0427,10.9688,-71.054
188,8.0427,11.0625,-67.737
188,8.0427,11.1562,-83.351
188,8.0427,11.25,-73.278
188,8.0427,11.3438,-85.849
188,8.0427,11.4375,-72.849
188,8.0427,11.5312,-71.513
188,8.0427,11.625,-78.669
188,8.0427,11.7188,-79.436
188,8.0427,11.8125,-73.716
188,8.0427,11.9062,-72.189
188,8.0427,12.0,-84.97
188,8.0427,12.0938,-88.86
188,8.0427,12.1875,-81.256
188,8.0427,12.2812,-77.451
188,8.0427,12.375,-75.185
188,8.0427,12.4688,-83.805
188,8.0427,12.5625,-79.578
188,8.0427,12.6562,-85.283
188,8.0427,12.75,-81.804
188,8.0427,12.8438,-75.67
188,8.0427,12.9375,-71.687
188,8.0427,13.0312,-89.229
188,8.0427,13.125,-71.769
188,8.0427,13.2188,-72.959
188,8.0427,13.3125,-77.694
188,8.0427,13.4062,-81.34
188,8.0427,13.5,-76.19
188,8.0427,13.5938,-70.128
188,8.0427,13.6875,-71.917
188,8.0427,13.7812,-94.902
188,8.0427,13.875,-73.225
188,8.0427,13.9688,-70.925
188,8.0427,14.0625,-71.531
188,8.0427,14.1562,-74.068
188,8.0427,14.25,-74.825
188,8.0427,14.3438,-81.004
188,8.0427,14.4375,-79.704
188,8.0427,14.5312,-77.535
188,8.0427,14.625,-77.201
188,8.0427,14.7188,-81.412
188,8.0427,14.8125,-77.132
188,8.0427,14.9062,-81.872
188,8.0427,15.0,-85.22
188,8.0427,15.0938,-83.525
188,8.0427,15.1875,-90.431
188,8.0427,15.2812,-81.671
188,8.0427,15.375,-82.215
188,8.0427,15.4688,-83.589
188,8.0427,15.5625,-80.36
188,8.0427,15.6562,-81.07
188,8.0427,15.75,-88.478
188,8.0427,15.8438,-82.379
188,8.0427,15.9375,-92.767
189,8.0853,0.0,-83.211
189,8.0853,0.0938,-72.598
189,8.0853,0.1875,-67.846
189,8.0853,0.2812,-77.433
189,8.0853,0.375,-70.683
189,8.0853,0.4688,-74.639
189,8.0853,0.5625,-66.395
189,8.0853,0.6562,-89.323
189,8.0853,0.75,-71.829
189,8.0853,0.8438,-89.613
189,8.0853,0.9375,-69.57
189,8.0853,1.0312,-97.273
189,8.0853,1.125,-96.535
189,8.0853,1.2188,-80.612
189,8.0853,1.3125,-85.138
189,8.0853,1.4062,-87.639
189,8.0853,1.5,-95.533
189,8.0853,1.5938,-87.743
189,8.0853,1.6875,-95.666
189,8.0853,1.7812,-81.695
189,8.0853,1.875,-88.862
189,8.0853,1.9688,-82.475
189,8.0853,2.0625,-89.398
189,8.0853,2.1562,-83.558
189,8.0853,2.25,-78.09
189,8.0853,2.3438,-70.502
189,8.0853,2.4375,-71.23
189,8.0853,2.5312,-73.818
189,8.0853,2.625,-86.242
189,8.0853,2.7188,-83.164
189,8.0853,2.8125,-79.57
189,8.0853,2.9062,-73.021
189,8.0853,3.0,-83.269
189,8.0853,3.0938,-77.006
189,8.0853,3.1875,-70.881
189,8.0853,3.2812,-75.118
189,8.0853,3.375,-73.22
189,8.0853,3.4688,-77.607
189,8.0853,3.5625,-72.96
189,8.0853,3.6562,-72.852
189,8.0853,3.75,-92.586
189,8.0853,3.8438,-74.674
189,8.0853,3.9375,-71.186
189,8.0853,4.0312,-75.079
189,8.0853,4.125,-75.397
189,8.0853,4.2188,-80.104
189,8.0853,4.3125,-77.995
189,8.0853,4.4062,-69.116
189,8.0853,4.5,-72.429
189,8.0853,4.5938,-72.879
189,8.0853,4.6875,-76.497
189,8.0853,4.7812,-81.343
189,8.0853,4.875,-74.382
189,8.0853,4.9688,-78.951
189,8.0853,5.0625,-70.332
189,8.0853,5.1562,-73.938
189,8.0853,5.25,-81.424
189,8.0853,5.3438,-83.798
189,8.0853,5.4375,-78.636
189,8.0853,5.5312,-67.58
189,8.0853,5.625,-89.392
189,8.0853,5.7188,-76.236
189,8.0853,5.8125,-70.34
189,8.0853,5.9062,-74.754
189,8.0853,6.0,-74.946
189,8.0853,6.0938,-69.723
189,8.0853,6.1875,-76.951
189,8.0853,6.2812,-71.704
189,8.0853,6.375,-67.661
189,8.0853,6.4688,-56.357
189,8.0853,6.5625,-69.167
189,8.0853,6.6562,-59.983
189,8.0853,6.75,-64.721
189,8.0853,6.8438,-59.061
189,8.0853,6.9375,-55.104
189,8.0853,7.0312,-55.779
189,8.0853,7.125,-59.911
189,8.0853,7.2188,-54.161
189,8.0853,7.3125,-54.353
189,8.0853,7.4062,-55.218
189,8.0853,7.5,-63.462
189,8.0853,7.5938,-58.291
189,8.0853,7.6875,-71.556
189,8.0853,7.7812,-71.088
189,8.0853,7.875,-70.374
189,8.0853,7.9688,-61.251
189,8.0853,8.0625,-56.848
189,8.0853,8.1562,-66.072
189,8.0853,8.25,-66.227
189,8.0853,8.3438,-70.619
189,8.0853,8.4375,-65.918
189,8.0853,8.5312,-69.248
189,8.0853,8.625,-67.811
189,8.0853,8.7188,-72.595
189,8.0853,8.8125,-70.649
189,8.0853,8.9062,-69.088
189,8.0853,9.0,-74.18
189,8.0853,9.0938,-70.533
189,8.0853,9.1875,-81.59
189,8.0853,9.2812,-75.201
189,8.0853,9.375,-79.565
189,8.0853,9.4688,-71.623
189,8.0853,9.5625,-68.896
189,8.0853,9.6562,-76.513
189,8.0853,9.75,-75.703
189,8.0853,9.8438,-72.229
189,8.0853,9.9375,-66.133
189,8.0853,10.0312,-65.4
189,8.0853,10.125,-71.807
189,8.0853,10.2188,-94.043
189,8.0853,10.3125,-77.782
189,8.0853,10.4062,-86.531
189,8.0853,10.5,-68.156
189,8.0853,10.5938,-70.664
189,8.0853,10.6875,-76.262
189,8.0853,10.7812,-79.712
189,8.0853,10.875,-72.781
189,8.0853,10.9688,-78.784
189,8.0853,11.0625,-75.402
189,8.0853,11.1562,-74.27
189,8.0853,11.25,-71.403
189,8.0853,11.3438,-81.991
189,8.0853,11.4375,-82.478
189,8.0853,11.5312,-74.161
189,8.0853,11.625,-73.286
189,8.0853,11.7188,-84.258
189,8.0853,11.8125,-74.344
189,8.0853,11.9062,-71.803
189,8.0853,12.0,-77.901
189,8.0853,12.0938,-90.446
189,8.0853,12.1875,-74.353
189,8.0853,12.2812,-81.829
189,8.0853,12.375,-72.365
189,8.0853,12.4688,-75.356
189,8.0853,12.5625,-76.233
189,8.0853,12.6562,-76.38
189,8.0853,12.75,-93.067
189,8.0853,12.8438,-78.947
189,8.0853,12.9375,-90.642
189,8.0853,13.0312,-85.77
189,8.0853,13.125,-77.101
189,8.0853,13.2188,-80.725
189,8.0853,13.3125,-76.139
189,8.0853,13.4062,-70.378
189,8.0853,13.5,-75.116
189,8.0853,13.5938,-72.126
189,8.0853,13.6875,-74.449
189,8.0853,13.7812,-78.81
189,8.0853,13.875,-71.866
189,8.0853,13.9688,-70.249
189,8.0853,14.0625,-74.511
189,8.0853,14.1562,-77.771
189,8.0853,14.25,-74.106
189,8.0853,14.3438,-75.002
189,8.0853,14.4375,-73.34
189,8.0853,14.5312,-75.103
189,8.0853,14.625,-77.045
189,8.0853,14.7188,-83.989
189,8.0853,14.8125,-79.122
189,8.0853,14.9062,-73.182
189,8.0853,15.0,-85.237
189,8.0853,15.0938,-93.862
189,8.0853,15.1875,-85.293
189,8.0853,15.2812,-86.175
189,8.0853,15.375,-83.814
189,8.0853,15.4688,-86.411
189,8.0853,15.5625,-93.179
189,8.0853,15.6562,-92.542
189,8.0853,15.75,-86.851
189,8.0853,15.8438,-88.016
189,8.0853,15.9375,-96.073
190,8.128,0.0,-90.969
190,8.128,0.0938,-73.69
190,8.128,0.1875,-74.385
190,8.128,0.2812,-74.38
190,8.128,0.375,-64.753
190,8.128,0.4688,-75.682
190,8.128,0.5625,-69.077
190,8.128,0.6562,-88.778
190,8.128,0.75,-75.956
190,8.128,0.8438,-97.148
190,8.128,0.9375,-73.025
190,8.128,1.0312,-85.923
190,8.128,1.125,-91.084
190,8.128,1.2188,-81.828
190,8.128,1.3125,-91.45
190,8.128,1.4062,-89.313
190,8.128,1.5,-92.432
190,8.128,1.5938,-92.9
190,8.128,1.6875,-83.298
190,8.128,1.7812,-92.843
190,8.128,1.875,-84.832
190,8.128,1.9688,-84.506
190,8.128,2.0625,-87.493
190,8.128,2.1562,-71.109
190,8.128,2.25,-71.334
190,8.128,2.3438,-75.779
190,8.128,2.4375,-84.197
190,8.128,2.5312,-90.841
190,8.128,2.625,-83.606
190,8.128,2.7188,-81.48
190,8.128,2.8125,-90.491
190,8.128,2.9062,-83.127
190,8.128,3.0,-82.283
190,8.128,3.0938,-82.853
190,8.128,3.1875,-77.145
190,8.128,3.2812,-72.44
190,8.128,3.375,-86.679
190,8.128,3.4688,-69.131
190,8.128,3.5625,-72.036
190,8.128,3.6562,-90.56
190,8.128,3.75,-86.068
190,8.128,3.8438,-78.662
190,8.128,3.9375,-80.561
190,8.128,4.0312,-87.579
190,8.128,4.125,-79.236
190,8.128,4.2188,-75.67
190,8.128,4.3125,-97.709
190,8.128,4.4062,-81.25
190,8.128,4.5,-83.421
190,8.128,4.5938,-75.016
190,8.128,4.6875,-76.728
190,8.128,4.7812,-71.347
190,8.128,4.875,-98.703
190,8.128,4.9688,-78.567
190,8.128,5.0625,-80.571
190,8.128,5.1562,-76.327
190,8.128,5.25,-69.863
190,8.128,5.3438,-83.337
190,8.128,5.4375,-72.153
190,8.128,5.5312,-81.833
190,8.128,5.625,-77.249
190,8.128,5.7188,-73.389
190,8.128,5.8125,-69.898
190,8.128,5.9062,-78.945
190,8.128,6.0,-77.452
190,8.128,6.0938,-78.154
190,8.128,6.1875,-83.267
190,8.128,6.2812,-61.435
190,8.128,6.375,-66.972
190,8.128,6.4688,-51.995
190,8.128,6.5625,-71.275
190,8.128,6.6562,-57.307
190,8.128,6.75,-57.982
190,8.128,6.8438,-93.08
190,8.128,6.9375,-59.125
190,8.128,7.0312,-58.105
190,8.128,7.125,-54.062
190,8.128,7.2188,-55.612
190,8.128,7.3125,-55.064
190,8.128,7.4062,-69.056
190,8.128,7.5,-64.429
190,8.128,7.5938,-71.696
190,8.128,7.6875,-73.899
190,8.128,7.7812,-62.94
190,8.128,7.875,-73.195
190,8.128,7.9688,-79.052
190,8.128,8.0625,-70.848
190,8.128,8.1562,-73.695
190,8.128,8.25,-70.126
190,8.128,8.3438,-87.932
190,8.128,8.4375,-78.523
190,8.128,8.5312,-67.196
190,8.128,8.625,-73.205
190,8.128,8.7188,-70.07
190,8.128,8.8125,-77.711
190,8.128,8.9062,-71.235
190,8.128,9.0,-71.012
190,8.128,9.0938,-70.633
190,8.128,9.1875,-70.656
190,8.128,9.2812,-75.011
190,8.128,9.375,-90.641
190,8.128,9.4688,-76.625
190,8.128,9.5625,-89.019
190,8.128,9.6562,-87.022
190,8.128,9.75,-82.505
190,8.128,9.8438,-70.525
190,8.128,9.9375,-78.932
190,8.128,10.0312,-75.156
190,8.128,10.125,-64.692
190,8.128,10.2188,-72.959
190,8.128,10.3125,-74.229
190,8.128,10.4062,-72.187
190,8.128,10.5,-75.551
190,8.128,10.5938,-78.374
190,8.128,10.6875,-73.344
190,8.128,10.7812,-78.94
190,8.128,10.875,-75.223
190,8.128,10.9688,-74.309
190,8.128,11.0625,-87.492
190,8.128,11.1562,-81.965
190,8.128,11.25,-83.478
190,8.128,11.3438,-84.742
190,8.128,11.4375,-80.933
190,8.128,11.5312,-81.518
190,8.128,11.625,-73.918
190,8.128,11.7188,-78.884
190,8.128,11.8125,-80.305
190,8.128,11.9062,-89.453
190,8.128,12.0,-75.925
190,8.128,12.0938,-82.656
190,8.128,12.1875,-75.713
190,8.128,12.2812,-76.229
190,8.128,12.375,-83.864
190,8.128,12.4688,-86.649
190,8.128,12.5625,-81.006
190,8.128,12.6562,-77.247
190,8.128,12.75,-95.911
190,8.128,12.8438,-81.204
190,8.128,12.9375,-77.356
190,8.128,13.0312,-76.367
190,8.128,13.125,-83.345
190,8.128,13.2188,-84.658
190,8.128,13.3125,-83.915
190,8.128,13.4062,-74.395
190,8.128,13.5,-73.778
190,8.128,13.5938,-69.129
190,8.128,13.6875,-82.934
190,8.128,13.7812,-78.443
190,8.128,13.875,-75.035
190,8.128,13.9688,-79.126
190,8.128,14.0625,-79.843
190,8.128,14.1562,-80.704
190,8.128,14.25,-72.956
190,8.128,14.3438,-77.293
190,8.128,14.4375,-85.732
190,8.128,14.5312,-85.203
190,8.128,14.625,-80.801
190,8.128,14.7188,-93.108
190,8.128,14.8125,-84.799
190,8.128,14.9062,-96.343
190,8.128,15.0,-91.658
190,8.128,15.0938,-96.801
190,8.128,15.1875,-97.519
190,8.128,15.2812,-85.866
190,8.128,15.375,-96.873
190,8.128,15.4688,-90.548
190,8.128,15.5625,-96.044
190,8.128,15.6562,-97.914
190,8.128,15.75,-97.72
190,8.128,15.8438,-97.499
190,8.128,15.9375,-93.412
191,8.1707,0.0,-97.016
191,8.1707,0.0938,-75.073
191,8.1707,0.1875,-78.229
191,8.1707,0.2812,-78.732
191,8.1707,0.375,-64.528
191,8.1707,0.4688,-73.438
191,8.1707,0.5625,-68.678
191,8.1707,0.6562,-95.78
191,8.1707,0.75,-74.333
191,8.1707,0.8438,-85.591
191,8.1707,0.9375,-73.435
191,8.1707,1.0312,-96.689
191,8.1707,1.125,-94.623
191,8.1707,1.2188,-83.622
191,8.1707,1.3125,-84.891
191,8.1707,1.4062,-90.474
191,8.1707,1.5,-76.312
191,8.1707,1.5938,-73.576
191,8.1707,1.6875,-67.945
191,8.1707,1.7812,-76.889
191,8.1707,1.875,-74.047
191,8.1707,1.9688,-80.3
191,8.1707,2.0625,-75.881
191,8.1707,2.1562,-73.191
191,8.1707,2.25,-81.278
191,8.1707,2.3438,-78.542
191,8.1707,2.4375,-88.708
191,8.1707,2.5312,-85.859
191,8.1707,2.625,-85.583
191,8.1707,2.7188,-91.709
191,8.1707,2.8125,-90.114
191,8.1707,2.9062,-79.366
191,8.1707,3.0,-90.361
191,8.1707,3.0938,-97.042
191,8.1707,3.1875,-93.131
191,8.1707,3.2812,-80.544
191,8.1707,3.375,-79.803
191,8.1707,3.4688,-78.255
191,8.1707,3.5625,-81.481
191,8.1707,3.6562,-90.056
191,8.1707,3.75,-81.053
191,8.1707,3.8438,-90.68
191,8.1707,3.9375,-80.12
191,8.1707,4.0312,-86.502
191,8.1707,4.125,-92.771
191,8.1707,4.2188,-79.038
191,8.1707,4.3125,-77.328
191,8.1707,4.4062,-98.129
191,8.1707,4.5,-82.53
191,8.1707,4.5938,-84.744
191,8.1707,4.6875,-79.296
191,8.1707,4.7812,-95.118
191,8.1707,4.875,-89.53
191,8.1707,4.9688,-80.088
191,8.1707,5.0625,-84.7
191,8.1707,5.1562,-76.229
191,8.1707,5.25,-73.379
191,8.1707,5.3438,-74.065
191,8.1707,5.4375,-84.184
191,8.1707,5.5312,-77.66
191,8.1707,5.625,-66.71
191,8.1707,5.7188,-71.003
191,8.1707,5.8125,-74.864
191,8.1707,5.9062,-73.169
191,8.1707,6.0,-74.536
191,8.1707,6.0938,-76.552
191,8.1707,6.1875,-58.075
191,8.1707,6.2812,-62.382
191,8.1707,6.375,-72.568
191,8.1707,6.4688,-73.377
191,8.1707,6.5625,-70.419
191,8.1707,6.6562,-76.404
191,8.1707,6.75,-64.681
191,8.1707,6.8438,-74.493
191,8.1707,6.9375,-64.128
191,8.1707,7.0312,-72.937
191,8.1707,7.125,-70.567
191,8.1707,7.2188,-76.37
191,8.1707,7.3125,-73.567
191,8.1707,7.4062,-72.196
191,8.1707,7.5,-70.468
191,8.1707,7.5938,-77.973
191,8.1707,7.6875,-80.769
191,8.1707,7.7812,-75.043
191,8.1707,7.875,-92.985
191,8.1707,7.9688,-97.785
191,8.1707,8.0625,-86.273
191,8.1707,8.1562,-92.409
191,8.1707,8.25,-83.6
191,8.1707,8.3438,-87.526
191,8.1707,8.4375,-78.534
191,8.1707,8.5312,-83.305
191,8.1707,8.625,-86.972
191,8.1707,8.7188,-90.097
191,8.1707,8.8125,-88.463
191,8.1707,8.9062,-86.88
191,8.1707,9.0,-82.945
191,8.1707,9.0938,-82.189
191,8.1707,9.1875,-87.272
191,8.1707,9.2812,-87.163
191,8.1707,9.375,-85.139
191,8.1707,9.4688,-83.759
191,8.1707,9.5625,-91.812
191,8.1707,9.6562,-83.757
191,8.1707,9.75,-92.348
191,8.1707,9.8438,-95.467
191,8.1707,9.9375,-90.342
191,8.1707,10.0312,-85.499
191,8.1707,10.125,-92.888
191,8.1707,10.2188,-83.586
191,8.1707,10.3125,-84.414
191,8.1707,10.4062,-97.365
191,8.1707,10.5,-86.908
191,8.1707,10.5938,-86.684
191,8.1707,10.6875,-85.557
191,8.1707,10.7812,-90.463
191,8.1707,10.875,-84.441
191,8.1707,10.9688,-92.809
191,8.1707,11.0625,-96.972
191,8.1707,11.1562,-95.912
191,8.1707,11.25,-91.629
191,8.1707,11.3438,-91.817
191,8.1707,11.4375,-95.466
191,8.1707,11.5312,-91.727
191,8.1707,11.625,-91.181
191,8.1707,11.7188,-88.665
191,8.1707,11.8125,-86.664
191,8.1707,11.9062,-85.496
191,8.1707,12.0,-92.791
191,8.1707,12.0938,-90.735
191,8.1707,12.1875,-94.006
191,8.1707,12.2812,-87.731
191,8.1707,12.375,-83.931
191,8.1707,12.4688,-97.537
191,8.1707,12.5625,-81.741
191,8.1707,12.6562,-84.154
191,8.1707,12.75,-90.206
191,8.1707,12.8438,-97.967
191,8.1707,12.9375,-88.42
191,8.1707,13.0312,-91.085
191,8.1707,13.125,-99.392
191,8.1707,13.2188,-89.672
191,8.1707,13.3125,-84.418
191,8.1707,13.4062,-96.64
191,8.1707,13.5,-90.309
191,8.1707,13.5938,-92.931
191,8.1707,13.6875,-92.379
191,8.1707,13.7812,-89.825
191,8.1707,13.875,-89.558
191,8.1707,13.9688,-96.282
191,8.1707,14.0625,-90.969
191,8.1707,14.1562,-96.906
191,8.1707,14.25,-96.819
191,8.1707,14.3438,-97.801
191,8.1707,14.4375,-94.612
191,8.1707,14.5312,-95.739
191,8.1707,14.625,-97.706
191,8.1707,14.7188,-95.537
191,8.1707,14.8125,-98.019
191,8.1707,14.9062,-96.706
191,8.1707,15.0,-99.473
191,8.1707,15.0938,-99.781
191,8.1707,15.1875,-98.897
191,8.1707,15.2812,-98.759
191,8.1707,15.375,-96.887
191,8.1707,15.4688,-97.907
191,8.1707,15.5625,-99.632
191,8.1707,15.6562,-99.322
191,8.1707,15.75,-99.25
191,8.1707,15.8438,-98.0
191,8.1707,15.9375,-99.384
192,8.2133,0.0,-60.962
192,8.2133,0.0938,-61.177
192,8.2133,0.1875,-35.95
192,8.2133,0.2812,-66.183
192,8.2133,0.375,-46.516
192,8.2133,0.4688,-63.131
192,8.2133,0.5625,-71.641
192,8.2133,0.6562,-56.884
192,8.2133,0.75,-78.949
192,8.2133,0.8438,-66.313
192,8.2133,0.9375,-72.382
192,8.2133,1.0312,-67.033
192,8.2133,1.125,-79.226
192,8.2133,1.2188,-76.356
192,8.2133,1.3125,-67.006
192,8.2133,1.4062,-82.85
192,8.2133,1.5,-56.854
192,8.2133,1.5938,-60.219
192,8.2133,1.6875,-57.312
192,8.2133,1.7812,-64.825
192,8.2133,1.875,-60.249
192,8.2133,1.9688,-69.669
192,8.2133,2.0625,-66.687
192,8.2133,2.1562,-61.941
192,8.2133,2.25,-66.989
192,8.2133,2.3438,-64.54
192,8.2133,2.4375,-80.071
192,8.2133,2.5312,-75.225
192,8.2133,2.625,-86.554
192,8.2133,2.7188,-89.281
192,8.2133,2.8125,-82.414
192,8.2133,2.9062,-80.503
192,8.2133,3.0,-80.668
192,8.2133,3.0938,-84.982
192,8.2133,3.1875,-62.346
192,8.2133,3.2812,-79.26
192,8.2133,3.375,-76.193
192,8.2133,3.4688,-91.477
192,8.2133,3.5625,-83.457
192,8.2133,3.6562,-94.684
192,8.2133,3.75,-93.951
192,8.2133,3.8438,-89.688
192,8.2133,3.9375,-87.471
192,8.2133,4.0312,-79.329
192,8.2133,4.125,-82.381
192,8.2133,4.2188,-81.8
192,8.2133,4.3125,-91.74
192,8.2133,4.4062,-90.716
192,8.2133,4.5,-85.273
192,8.2133,4.5938,-97.64
192,8.2133,4.6875,-89.334
192,8.2133,4.7812,-88.207
192,8.2133,4.875,-92.247
192,8.2133,4.9688,-91.932
192,8.2133,5.0625,-87.04
192,8.2133,5.1562,-86.767
192,8.2133,5.25,-87.168
192,8.2133,5.3438,-71.665
192,8.2133,5.4375,-86.74
192,8.2133,5.5312,-96.502
192,8.2133,5.625,-88.89
192,8.2133,5.7188,-88.167
192,8.2133,5.8125,-84.906
192,8.2133,5.9062,-82.319
192,8.2133,6.0,-90.635
192,8.2133,6.0938,-77.534
192,8.2133,6.1875,-70.324
192,8.2133,6.2812,-72.866
192,8.2133,6.375,-70.729
192,8.2133,6.4688,-90.106
192,8.2133,6.5625,-91.782
192,8.2133,6.6562,-75.704
192,8.2133,6.75,-78.606
192,8.2133,6.8438,-69.107
192,8.2133,6.9375,-74.184
192,8.2133,7.0312,-88.633
192,8.2133,7.125,-80.516
192,8.2133,7.2188,-88.211
192,8.2133,7.3125,-80.013
192,8.2133,7.4062,-78.104
192,8.2133,7.5,-73.563
192,8.2133,7.5938,-70.413
192,8.2133,7.6875,-76.289
192,8.2133,7.7812,-74.248
192,8.2133,7.875,-73.335
192,8.2133,7.9688,-79.452
192,8.2133,8.0625,-74.042
192,8.2133,8.1562,-73.642
192,8.2133,8.25,-86.009
192,8.2133,8.3438,-76.6
192,8.2133,8.4375,-74.107
192,8.2133,8.5312,-84.687
192,8.2133,8.625,-75.136
192,8.2133,8.7188,-85.765
192,8.2133,8.8125,-91.893
192,8.2133,8.9062,-86.253
192,8.2133,9.0,-89.622
192,8.2133,9.0938,-79.228
192,8.2133,9.1875,-71.445
192,8.2133,9.2812,-76.673
192,8.2133,9.375,-72.696
192,8.2133,9.4688,-77.196
192,8.2133,9.5625,-82.701
192,8.2133,9.6562,-90.08
192,8.2133,9.75,-82.837
192,8.2133,9.8438,-83.169
192,8.2133,9.9375,-81.652
192,8.2133,10.0312,-84.804
192,8.2133,10.125,-92.898
192,8.2133,10.2188,-84.64
192,8.2133,10.3125,-94.454
192,8.2133,10.4062,-99.227
192,8.2133,10.5,-98.915
192,8.2133,10.5938,-97.962
192,8.2133,10.6875,-84.863
192,8.2133,10.7812,-96.667
192,8.2133,10.875,-93.648
192,8.2133,10.9688,-91.044
192,8.2133,11.0625,-97.414
192,8.2133,11.1562,-94.185
192,8.2133,11.25,-99.683
192,8.2133,11.3438,-98.794
192,8.2133,11.4375,-97.856
192,8.2133,11.5312,-97.881
192,8.2133,11.625,-91.963
192,8.2133,11.7188,-90.02
192,8.2133,11.8125,-97.105
192,8.2133,11.9062,-92.351
192,8.2133,12.0,-97.707
192,8.2133,12.0938,-96.862
192,8.2133,12.1875,-98.621
192,8.2133,12.2812,-97.646
192,8.2133,12.375,-88.549
192,8.2133,12.4688,-91.498
192,8.2133,12.5625,-86.977
192,8.2133,12.6562,-95.599
192,8.2133,12.75,-92.022
192,8.2133,12.8438,-88.025
192,8.2133,12.9375,-88.582
192,8.2133,13.0312,-89.998
192,8.2133,13.125,-93.749
192,8.2133,13.2188,-93.322
192,8.2133,13.3125,-94.485
192,8.2133,13.4062,-90.151
192,8.2133,13.5,-93.385
192,8.2133,13.5938,-92.579
192,8.2133,13.6875,-98.03
192,8.2133,13.7812,-97.765
192,8.2133,13.875,-97.134
192,8.2133,13.9688,-99.009
192,8.2133,14.0625,-99.277
192,8.2133,14.1562,-96.138
192,8.2133,14.25,-98.683
192,8.2133,14.3438,-96.697
192,8.2133,14.4375,-95.274
192,8.2133,14.5312,-97.332
192,8.2133,14.625,-98.162
192,8.2133,14.7188,-99.284
192,8.2133,14.8125,-99.049
192,8.2133,14.9062,-95.27
192,8.2133,15.0,-99.263
192,8.2133,15.0938,-99.739
192,8.2133,15.1875,-99.981
192,8.2133,15.2812,-97.155
192,8.2133,15.375,-98.708
192,8.2133,15.4688,-98.27
192,8.2133,15.5625,-97.687
192,8.2133,15.6562,-98.02
192,8.2133,15.75,-99.148
192,8.2133,15.8438,-98.811
192,8.2133,15.9375,-97.995
193,8.256,0.0,-79.731
193,8.256,0.0938,-76.313
193,8.256,0.1875,-38.959
193,8.256,0.2812,-60.893
193,8.256,0.375,-62.391
193,8.256,0.4688,-50.793
193,8.256,0.5625,-72.95
193,8.256,0.6562,-48.51
193,8.256,0.75,-72.51
193,8.256,0.8438,-56.43
193,8.256,0.9375,-72.696
193,8.256,1.0312,-76.242
193,8.256,1.125,-63.809
193,8.256,1.2188,-74.917
193,8.256,1.3125,-57.82
193,8.256,1.4062,-71.866
193,8.256,1.5,-51.135
193,8.256,1.5938,-75.122
193,8.256,1.6875,-79.931
193,8.256,1.7812,-65.07
193,8.256,1.875,-73.569
193,8.256,1.9688,-61.304
193,8.256,2.0625,-72.167
193,8.256,2.1562,-59.103
193,8.256,2.25,-80.345
193,8.256,2.3438,-69.834
193,8.256,2.4375,-67.592
193,8.256,2.5312,-84.736
193,8.256,2.625,-83.721
193,8.256,2.7188,-87.961
193,8.256,2.8125,-81.594
193,8.256,2.9062,-95.369
193,8.256,3.0,-86.075
193,8.256,3.0938,-92.963
193,8.256,3.1875,-77.111
193,8.256,3.2812,-68.168
193,8.256,3.375,-79.46
193,8.256,3.4688,-75.166
193,8.256,3.5625,-91.35
193,8.256,3.6562,-91.859
193,8.256,3.75,-96.656
193,8.256,3.8438,-91.308
193,8.256,3.9375,-80.438
193,8.256,4.0312,-84.407
193,8.256,4.125,-82.914
193,8.256,4.2188,-93.904
193,8.256,4.3125,-92.075
193,8.256,4.4062,-99.132
193,8.256,4.5,-91.921
193,8.256,4.5938,-97.444
193,8.256,4.6875,-95.334
193,8.256,4.7812,-80.718
193,8.256,4.875,-88.869
193,8.256,4.9688,-90.542
193,8.256,5.0625,-82.344
193,8.256,5.1562,-87.012
193,8.256,5.25,-75.115
193,8.256,5.3438,-91.145
193,8.256,5.4375,-92.298
193,8.256,5.5312,-89.534
193,8.256,5.625,-88.444
193,8.256,5.7188,-92.937
193,8.256,5.8125,-89.447
193,8.256,5.9062,-93.537
193,8.256,6.0,-85.226
193,8.256,6.0938,-70.671
193,8.256,6.1875,-80.193
193,8.256,6.2812,-81.834
193,8.256,6.375,-86.474
193,8.256,6.4688,-87.25
193,8.256,6.5625,-81.819
193,8.256,6.6562,-79.131
193,8.256,6.75,-78.839
193,8.256,6.8438,-77.034
193,8.256,6.9375,-75.695
193,8.256,7.0312,-80.809
193,8.256,7.125,-82.985
193,8.256,7.2188,-68.813
193,8.256,7.3125,-84.243
193,8.256,7.4062,-79.027
193,8.256,7.5,-88.392
193,8.256,7.5938,-84.75
193,8.256,7.6875,-93.378
193,8.256,7.7812,-84.834
193,8.256,7.875,-81.456
193,8.256,7.9688,-87.036
193,8.256,8.0625,-76.145
193,8.256,8.1562,-87.289
193,8.256,8.25,-71.453
193,8.256,8.3438,-69.697
193,8.256,8.4375,-70.449
193,8.256,8.5312,-79.731
193,8.256,8.625,-71.119
193,8.256,8.7188,-89.509
193,8.256,8.8125,-77.649
193,8.256,8.9062,-75.687
193,8.256,9.0,-79.615
193,8.256,9.0938,-71.539
193,8.256,9.1875,-70.036
193,8.256,9.2812,-65.224
193,8.256,9.375,-67.556
193,8.256,9.4688,-64.615
193,8.256,9.5625,-88.405
193,8.256,9.6562,-78.498
193,8.256,9.75,-85.949
193,8.256,9.8438,-85.123
193,8.256,9.9375,-88.799
193,8.256,10.0312,-80.617
193,8.256,10.125,-80.851
193,8.256,10.2188,-87.511
193,8.256,10.3125,-92.201
193,8.256,10.4062,-95.628
193,8.256,10.5,-83.112
193,8.256,10.5938,-86.742
193,8.256,10.6875,-79.608
193,8.256,10.7812,-80.875
193,8.256,10.875,-73.965
193,8.256,10.9688,-95.366
193,8.256,11.0625,-88.108
193,8.256,11.1562,-91.536
193,8.256,11.25,-86.88
193,8.256,11.3438,-81.835
193,8.256,11.4375,-77.672
193,8.256,11.5312,-90.554
193,8.256,11.625,-85.821
193,8.256,11.7188,-85.516
193,8.256,11.8125,-90.601
193,8.256,11.9062,-94.315
193,8.256,12.0,-92.336
193,8.256,12.0938,-89.488
193,8.256,12.1875,-83.407
193,8.256,12.2812,-89.817
193,8.256,12.375,-85.999
193,8.256,12.4688,-89.697
193,8.256,12.5625,-92.445
193,8.256,12.6562,-90.602
193,8.256,12.75,-84.952
193,8.256,12.8438,-97.711
193,8.256,12.9375,-90.389
193,8.256,13.0312,-98.141
193,8.256,13.125,-85.708
193,8.256,13.2188,-98.42
193,8.256,13.3125,-94.986
193,8.256,13.4062,-94.88
193,8.256,13.5,-96.744
193,8.256,13.5938,-96.222
193,8.256,13.6875,-90.025
193,8.256,13.7812,-89.962
193,8.256,13.875,-89.42
193,8.256,13.9688,-93.528
193,8.256,14.0625,-89.06
193,8.256,14.1562,-97.641
193,8.256,14.25,-97.662
193,8.256,14.3438,-98.304
193,8.256,14.4375,-97.923
193,8.256,14.5312,-94.894
193,8.256,14.625,-96.61
193,8.256,14.7188,-96.499
193,8.256,14.8125,-95.712
193,8.256,14.9062,-99.616
193,8.256,15.0,-95.671
193,8.256,15.0938,-98.917
193,8.256,15.1875,-95.738
193,8.256,15.2812,-99.926
193,8.256,15.375,-96.657
193,8.256,15.4688,-95.151
193,8.256,15.5625,-98.162
193,8.256,15.6562,-97.25
193,8.256,15.75,-99.106
193,8.256,15.8438,-99.521
193,8.256,15.9375,-99.651
194,8.2987,0.0,-95.696
194,8.2987,0.0938,-94.803
194,8.2987,0.1875,-39.45
194,8.2987,0.2812,-68.142
194,8.2987,0.375,-62.452
194,8.2987,0.4688,-50.494
194,8.2987,0.5625,-73.309
194,8.2987,0.6562,-47.794
194,8.2987,0.75,-71.948
194,8.2987,0.8438,-54.982
194,8.2987,0.9375,-86.422
194,8.2987,1.0312,-75.485
194,8.2987,1.125,-64.527
194,8.2987,1.2188,-78.537
194,8.2987,1.3125,-56.58
194,8.2987,1.4062,-68.063
194,8.2987,1.5,-53.707
194,8.2987,1.5938,-71.258
194,8.2987,1.6875,-73.806
194,8.2987,1.7812,-74.585
194,8.2987,1.875,-77.718
194,8.2987,1.9688,-65.698
194,8.2987,2.0625,-77.174
194,8.2987,2.1562,-60.628
194,8.2987,2.25,-77.875
194,8.2987,2.3438,-70.934
194,8.2987,2.4375,-74.284
194,8.2987,2.5312,-79.448
194,8.2987,2.625,-75.743
194,8.2987,2.7188,-94.207
194,8.2987,2.8125,-79.1
194,8.2987,2.9062,-92.469
194,8.2987,3.0,-82.372
194,8.2987,3.0938,-91.755
194,8.2987,3.1875,-94.855
194,8.2987,3.2812,-71.469
194,8.2987,3.375,-81.326
194,8.2987,3.4688,-75.59
194,8.2987,3.5625,-86.575
194,8.2987,3.6562,-79.431
194,8.2987,3.75,-94.101
194,8.2987,3.8438,-89.396
194,8.2987,3.9375,-82.859
194,8.2987,4.0312,-88.996
194,8.2987,4.125,-76.324
194,8.2987,4.2188,-91.129
194,8.2987,4.3125,-91.859
194,8.2987,4.4062,-95.345
194,8.2987,4.5,-96.178
194,8.2987,4.5938,-94.104
194,8.2987,4.6875,-95.789
194,8.2987,4.7812,-72.177
194,8.2987,4.875,-84.444
194,8.2987,4.9688,-91.801
194,8.2987,5.0625,-87.096
194,8.2987,5.1562,-81.542
194,8.2987,5.25,-97.511
194,8.2987,5.3438,-83.714
194,8.2987,5.4375,-80.561
194,8.2987,5.5312,-99.458
194,8.2987,5.625,-89.128
194,8.2987,5.7188,-93.044
194,8.2987,5.8125,-83.469
194,8.2987,5.9062,-85.416
194,8.2987,6.0,-80.953
194,8.2987,6.0938,-75.326
194,8.2987,6.1875,-74.834
194,8.2987,6.2812,-76.137
194,8.2987,6.375,-95.785
194,8.2987,6.4688,-86.54
194,8.2987,6.5625,-89.543
194,8.2987,6.6562,-90.127
194,8.2987,6.75,-99.982
194,8.2987,6.8438,-99.137
194,8.2987,6.9375,-78.322
194,8.2987,7.0312,-70.294
194,8.2987,7.125,-88.729
194,8.2987,7.2188,-69.677
194,8.2987,7.3125,-86.507
194,8.2987,7.4062,-88.685
194,8.2987,7.5,-90.703
194,8.2987,7.5938,-83.681
194,8.2987,7.6875,-96.932
194,8.2987,7.7812,-93.18
194,8.2987,7.875,-90.398
194,8.2987,7.9688,-86.292
194,8.2987,8.0625,-94.204
194,8.2987,8.1562,-88.829
194,8.2987,8.25,-77.959
194,8.2987,8.3438,-77.978
194,8.2987,8.4375,-74.395
194,8.2987,8.5312,-67.961
194,8.2987,8.625,-82.87
194,8.2987,8.7188,-82.1
194,8.2987,8.8125,-90.923
194,8.2987,8.9062,-77.573
194,8.2987,9.0,-92.5
194,8.2987,9.0938,-74.248
194,8.2987,9.1875,-76.173
194,8.2987,9.2812,-66.135
194,8.2987,9.375,-73.746
194,8.2987,9.4688,-68.788
194,8.2987,9.5625,-72.155
194,8.2987,9.6562,-76.834
194,8.2987,9.75,-77.019
194,8.2987,9.8438,-78.092
194,8.2987,9.9375,-74.067
194,8.2987,10.0312,-69.924
194,8.2987,10.125,-82.325
194,8.2987,10.2188,-78.146
194,8.2987,10.3125,-82.253
194,8.2987,10.4062,-88.904
194,8.2987,10.5,-76.884
194,8.2987,10.5938,-80.351
194,8.2987,10.6875,-86.238
194,8.2987,10.7812,-77.025
194,8.2987,10.875,-77.888
194,8.2987,10.9688,-83.109
194,8.2987,11.0625,-84.608
194,8.2987,11.1562,-78.223
194,8.2987,11.25,-74.728
194,8.2987,11.3438,-77.411
194,8.2987,11.4375,-74.0
194,8.2987,11.5312,-84.636
194,8.2987,11.625,-80.199
194,8.2987,11.7188,-91.595
194,8.2987,11.8125,-87.863
194,8.2987,11.9062,-88.561
194,8.2987,12.0,-88.943
194,8.2987,12.0938,-86.937
194,8.2987,12.1875,-96.139
194,8.2987,12.2812,-94.626
194,8.2987,12.375,-94.501
194,8.2987,12.4688,-87.953
194,8.2987,12.5625,-91.867
194,8.2987,12.6562,-83.307
194,8.2987,12.75,-87.756
194,8.2987,12.8438,-90.46
194,8.2987,12.9375,-97.821
194,8.2987,13.0312,-97.581
194,8.2987,13.125,-89.051
194,8.2987,13.2188,-91.027
194,8.2987,13.3125,-91.735
194,8.2987,13.4062,-90.664
194,8.2987,13.5,-88.741
194,8.2987,13.5938,-93.607
194,8.2987,13.6875,-99.091
194,8.2987,13.7812,-98.889
194,8.2987,13.875,-99.981
194,8.2987,13.9688,-97.466
194,8.2987,14.0625,-93.827
194,8.2987,14.1562,-95.8
194,8.2987,14.25,-96.01
194,8.2987,14.3438,-99.806
194,8.2987,14.4375,-98.82
194,8.2987,14.5312,-97.349
194,8.2987,14.625,-99.838
194,8.2987,14.7188,-93.464
194,8.2987,14.8125,-98.121
194,8.2987,14.9062,-96.542
194,8.2987,15.0,-99.547
194,8.2987,15.0938,-97.333
194,8.2987,15.1875,-98.725
194,8.2987,15.2812,-99.435
194,8.2987,15.375,-95.729
194,8.2987,15.4688,-96.928
194,8.2987,15.5625,-96.44
194,8.2987,15.6562,-98.444
194,8.2987,15.75,-95.701
194,8.2987,15.8438,-97.089
194,8.2987,15.9375,-98.575
195,8.3413,0.0,-73.361
195,8.3413,0.0938,-76.852
195,8.3413,0.1875,-38.103
195,8.3413,0.2812,-63.387
195,8.3413,0.375,-61.836
195,8.3413,0.4688,-52.008
195,8.3413,0.5625,-76.906
195,8.3413,0.6562,-49.479
195,8.3413,0.75,-74.196
195,8.3413,0.8438,-54.116
195,8.3413,0.9375,-76.386
195,8.3413,1.0312,-74.697
195,8.3413,1.125,-63.878
195,8.3413,1.2188,-79.025
195,8.3413,1.3125,-64.087
195,8.3413,1.4062,-75.685
195,8.3413,1.5,-53.319
195,8.3413,1.5938,-77.095
195,8.3413,1.6875,-73.974
195,8.3413,1.7812,-76.751
195,8.3413,1.875,-84.006
195,8.3413,1.9688,-69.814
195,8.3413,2.0625,-89.254
195,8.3413,2.1562,-60.249
195,8.3413,2.25,-78.445
195,8.3413,2.3438,-62.356
195,8.3413,2.4375,-75.211
195,8.3413,2.5312,-83.594
195,8.3413,2.625,-86.591
195,8.3413,2.7188,-87.942
195,8.3413,2.8125,-82.64
195,8.3413,2.9062,-93.874
195,8.3413,3.0,-84.176
195,8.3413,3.0938,-87.279
195,8.3413,3.1875,-82.932
195,8.3413,3.2812,-86.342
195,8.3413,3.375,-84.436
195,8.3413,3.4688,-83.602
195,8.3413,3.5625,-86.466
195,8.3413,3.6562,-79.05
195,8.3413,3.75,-93.537
195,8.3413,3.8438,-82.954
195,8.3413,3.9375,-95.151
195,8.3413,4.0312,-81.665
195,8.3413,4.125,-82.081
195,8.3413,4.2188,-87.452
195,8.3413,4.3125,-89.266
195,8.3413,4.4062,-90.903
195,8.3413,4.5,-97.775
195,8.3413,4.5938,-93.538
195,8.3413,4.6875,-93.572
195,8.3413,4.7812,-82.827
195,8.3413,4.875,-90.275
195,8.3413,4.9688,-90.887
195,8.3413,5.0625,-86.159
195,8.3413,5.1562,-76.259
195,8.3413,5.25,-79.856
195,8.3413,5.3438,-93.117
195,8.3413,5.4375,-88.927
195,8.3413,5.5312,-91.116
195,8.3413,5.625,-96.282
195,8.3413,5.7188,-89.249
195,8.3413,5.8125,-83.83
195,8.3413,5.9062,-92.495
195,8.3413,6.0,-88.102
195,8.3413,6.0938,-75.625
195,8.3413,6.1875,-82.378
195,8.3413,6.2812,-77.521
195,8.3413,6.375,-92.53
195,8.3413,6.4688,-92.221
195,8.3413,6.5625,-98.975
195,8.3413,6.6562,-89.863
195,8.3413,6.75,-89.182
195,8.3413,6.8438,-78.573
195,8.3413,6.9375,-92.658
195,8.3413,7.0312,-73.658
195,8.3413,7.125,-79.264
195,8.3413,7.2188,-86.046
195,8.3413,7.3125,-73.029
195,8.3413,7.4062,-87.716
195,8.3413,7.5,-87.461
195,8.3413,7.5938,-81.646
195,8.3413,7.6875,-93.609
195,8.3413,7.7812,-86.935
195,8.3413,7.875,-88.092
195,8.3413,7.9688,-87.97
195,8.3413,8.0625,-86.391
195,8.3413,8.1562,-88.787
195,8.3413,8.25,-74.025
195,8.3413,8.3438,-72.924
195,8.3413,8.4375,-77.856
195,8.3413,8.5312,-73.36
195,8.3413,8.625,-84.426
195,8.3413,8.7188,-94.475
195,8.3413,8.8125,-84.819
195,8.3413,8.9062,-84.034
195,8.3413,9.0,-82.224
195,8.3413,9.0938,-74.335
195,8.3413,9.1875,-82.211
195,8.3413,9.2812,-75.097
195,8.3413,9.375,-79.356
195,8.3413,9.4688,-71.994
195,8.3413,9.5625,-76.491
195,8.3413,9.6562,-77.096
195,8.3413,9.75,-93.729
195,8.3413,9.8438,-76.51
195,8.3413,9.9375,-81.821
195,8.3413,10.0312,-80.95
195,8.3413,10.125,-77.895
195,8.3413,10.2188,-86.015
195,8.3413,10.3125,-83.544
195,8.3413,10.4062,-83.615
195,8.3413,10.5,-77.033
195,8.3413,10.5938,-86.041
195,8.3413,10.6875,-81.381
195,8.3413,10.7812,-90.298
195,8.3413,10.875,-78.616
195,8.3413,10.9688,-82.343
195,8.3413,11.0625,-79.757
195,8.3413,11.1562,-79.682
195,8.3413,11.25,-75.244
195,8.3413,11.3438,-81.438
195,8.3413,11.4375,-86.465
195,8.3413,11.5312,-85.885
195,8.3413,11.625,-80.312
195,8.3413,11.7188,-85.948
195,8.3413,11.8125,-91.01
195,8.3413,11.9062,-84.288
195,8.3413,12.0,-88.434
195,8.3413,12.0938,-89.905
195,8.3413,12.1875,-83.733
195,8.3413,12.2812,-90.064
195,8.3413,12.375,-83.967
195,8.3413,12.4688,-84.652
195,8.3413,12.5625,-91.929
195,8.3413,12.6562,-95.289
195,8.3413,12.75,-95.335
195,8.3413,12.8438,-89.701
195,8.3413,12.9375,-88.465
195,8.3413,13.0312,-97.459
195,8.3413,13.125,-93.068
195,8.3413,13.2188,-96.991
195,8.3413,13.3125,-97.684
195,8.3413,13.4062,-98.735
195,8.3413,13.5,-96.232
195,8.3413,13.5938,-98.179
195,8.3413,13.6875,-95.558
195,8.3413,13.7812,-98.007
195,8.3413,13.875,-99.963
195,8.3413,13.9688,-96.682
195,8.3413,14.0625,-96.157
195,8.3413,14.1562,-93.345
195,8.3413,14.25,-96.468
195,8.3413,14.3438,-98.959
195,8.3413,14.4375,-90.317
195,8.3413,14.5312,-97.325
195,8.3413,14.625,-96.625
195,8.3413,14.7188,-99.991
195,8.3413,14.8125,-95.875
195,8.3413,14.9062,-97.408
195,8.3413,15.0,-96.235
195,8.3413,15.0938,-98.021
195,8.3413,15.1875,-97.562
195,8.3413,15.2812,-97.419
195,8.3413,15.375,-92.149
195,8.3413,15.4688,-97.441
195,8.3413,15.5625,-94.104
195,8.3413,15.6562,-99.465
195,8.3413,15.75,-96.136
195,8.3413,15.8438,-98.663
195,8.3413,15.9375,-95.843
196,8.384,0.0,-70.116
196,8.384,0.0938,-79.236
196,8.384,0.1875,-38.377
196,8.384,0.2812,-73.857
196,8.384,0.375,-65.805
196,8.384,0.4688,-49.63
196,8.384,0.5625,-77.34
196,8.384,0.6562,-51.321
196,8.384,0.75,-84.596
196,8.384,0.8438,-56.112
196,8.384,0.9375,-76.608
196,8.384,1.0312,-73.67
196,8.384,1.125,-62.583
196,8.384,1.2188,-83.912
196,8.384,1.3125,-65.652
196,8.384,1.4062,-74.357
196,8.384,1.5,-57.189
196,8.384,1.5938,-80.413
196,8.384,1.6875,-75.015
196,8.384,1.7812,-76.315
196,8.384,1.875,-77.687
196,8.384,1.9688,-66.345
196,8.384,2.0625,-77.536
196,8.384,2.1562,-58.261
196,8.384,2.25,-74.685
196,8.384,2.3438,-67.201
196,8.384,2.4375,-75.366
196,8.384,2.5312,-95.314
196,8.384,2.625,-81.855
196,8.384,2.7188,-92.402
196,8.384,2.8125,-87.421
196,8.384,2.9062,-94.493
196,8.384,3.0,-97.64
196,8.384,3.0938,-92.97
196,8.384,3.1875,-87.969
196,8.384,3.2812,-82.67
196,8.384,3.375,-95.416
196,8.384,3.4688,-79.42
196,8.384,3.5625,-93.161
196,8.384,3.6562,-81.773
196,8.384,3.75,-89.371
196,8.384,3.8438,-93.404
196,8.384,3.9375,-82.888
196,8.384,4.0312,-95.158
196,8.384,4.125,-79.314
196,8.384,4.2188,-94.198
196,8.384,4.3125,-93.83
196,8.384,4.4062,-94.925
196,8.384,4.5,-92.557
196,8.384,4.5938,-92.742
196,8.384,4.6875,-99.21
196,8.384,4.7812,-80.333
196,8.384,4.875,-93.45
196,8.384,4.9688,-95.291
196,8.384,5.0625,-98.949
196,8.384,5.1562,-80.217
196,8.384,5.25,-88.908
196,8.384,5.3438,-94.275
196,8.384,5.4375,-85.629
196,8.384,5.5312,-91.113
196,8.384,5.625,-92.766
196,8.384,5.7188,-94.045
196,8.384,5.8125,-88.313
196,8.384,5.9062,-99.542
196,8.384,6.0,-82.196
196,8.384,6.0938,-80.585
196,8.384,6.1875,-78.527
196,8.384,6.2812,-75.526
196,8.384,6.375,-82.048
196,8.384,6.4688,-79.65
196,8.384,6.5625,-90.015
196,8.384,6.6562,-95.533
196,8.384,6.75,-89.881
196,8.384,6.8438,-84.208
196,8.384,6.9375,-85.539
196,8.384,7.0312,-84.883
196,8.384,7.125,-87.381
196,8.384,7.2188,-92.237
196,8.384,7.3125,-92.632
196,8.384,7.4062,-93.956
196,8.384,7.5,-91.843
196,8.384,7.5938,-86.555
196,8.384,7.6875,-85.396
196,8.384,7.7812,-94.597
196,8.384,7.875,-84.514
196,8.384,7.9688,-89.469
196,8.384,8.0625,-82.985
196,8.384,8.1562,-86.275
196,8.384,8.25,-82.565
196,8.384,8.3438,-82.813
196,8.384,8.4375,-79.333
196,8.384,8.5312,-81.93
196,8.384,8.625,-86.346
196,8.384,8.7188,-87.982
196,8.384,8.8125,-95.528
196,8.384,8.9062,-91.157
196,8.384,9.0,-89.432
196,8.384,9.0938,-86.651
196,8.384,9.1875,-74.896
196,8.384,9.2812,-71.459
196,8.384,9.375,-69.236
196,8.384,9.4688,-80.006
196,8.384,9.5625,-74.023
196,8.384,9.6562,-83.296
196,8.384,9.75,-82.13
196,8.384,9.8438,-91.95
196,8.384,9.9375,-88.452
196,8.384,10.0312,-81.053
196,8.384,10.125,-78.23
196,8.384,10.2188,-81.397
196,8.384,10.3125,-74.591
196,8.384,10.4062,-81.269
196,8.384,10.5,-80.54
196,8.384,10.5938,-88.419
196,8.384,10.6875,-95.547
196,8.384,10.7812,-86.206
196,8.384,10.875,-89.071
196,8.384,10.9688,-83.18
196,8.384,11.0625,-92.632
196,8.384,11.1562,-96.134
196,8.384,11.25,-97.206
196,8.384,11.3438,-93.744
196,8.384,11.4375,-90.128
196,8.384,11.5312,-95.596
196,8.384,11.625,-89.272
196,8.384,11.7188,-94.719
196,8.384,11.8125,-92.85
196,8.384,11.9062,-89.868
196,8.384,12.0,-86.521
196,8.384,12.0938,-90.918
196,8.384,12.1875,-99.198
196,8.384,12.2812,-92.529
196,8.384,12.375,-96.575
196,8.384,12.4688,-93.039
196,8.384,12.5625,-98.372
196,8.384,12.6562,-99.36
196,8.384,12.75,-99.31
196,8.384,12.8438,-85.565
196,8.384,12.9375,-98.246
196,8.384,13.0312,-91.746
196,8.384,13.125,-89.434
196,8.384,13.2188,-91.608
196,8.384,13.3125,-98.801
196,8.384,13.4062,-95.178
196,8.384,13.5,-92.526
196,8.384,13.5938,-97.722
196,8.384,13.6875,-93.92
196,8.384,13.7812,-95.31
196,8.384,13.875,-92.993
196,8.384,13.9688,-93.232
196,8.384,14.0625,-89.624
196,8.384,14.1562,-86.003
196,8.384,14.25,-98.075
196,8.384,14.3438,-85.634
196,8.384,14.4375,-98.331
196,8.384,14.5312,-93.283
196,8.384,14.625,-94.272
196,8.384,14.7188,-94.273
196,8.384,14.8125,-96.884
196,8.384,14.9062,-95.636
196,8.384,15.0,-99.662
196,8.384,15.0938,-97.676
196,8.384,15.1875,-94.817
196,8.384,15.2812,-94.163
196,8.384,15.375,-93.23
196,8.384,15.4688,-97.062
196,8.384,15.5625,-89.875
196,8.384,15.6562,-99.067
196,8.384,15.75,-92.306
196,8.384,15.8438,-98.13
196,8.384,15.9375,-94.106
197,8.4267,0.0,-69.873
197,8.4267,0.0938,-86.445
197,8.4267,0.1875,-38.702
197,8.4267,0.2812,-69.084
197,8.4267,0.375,-72.217
197,8.4267,0.4688,-48.919
197,8.4267,0.5625,-86.946
197,8.4267,0.6562,-52.559
197,8.4267,0.75,-84.985
197,8.4267,0.8438,-53.054
197,8.4267,0.9375,-67.925
197,8.4267,1.0312,-76.931
197,8.4267,1.125,-72.939
197,8.4267,1.2188,-89.389
197,8.4267,1.3125,-65.27
197,8.4267,1.4062,-87.635
197,8.4267,1.5,-64.846
197,8.4267,1.5938,-91.033
197,8.4267,1.6875,-80.838
197,8.4267,1.7812,-79.471
197,8.4267,1.875,-87.113
197,8.4267,1.9688,-69.508
197,8.4267,2.0625,-88.371
197,8.4267,2.1562,-61.333
197,8.4267,2.25,-84.265
197,8.4267,2.3438,-64.957
197,8.4267,2.4375,-82.547
197,8.4267,2.5312,-90.424
197,8.4267,2.625,-88.292
197,8.4267,2.7188,-93.043
197,8.4267,2.8125,-85.387
197,8.4267,2.9062,-95.979
197,8.4267,3.0,-87.841
197,8.4267,3.0938,-94.677
197,8.4267,3.1875,-94.132
197,8.4267,3.2812,-92.83
197,8.4267,3.375,-97.608
197,8.4267,3.4688,-81.914
197,8.4267,3.5625,-94.629
197,8.4267,3.6562,-84.466
197,8.4267,3.75,-93.466
197,8.4267,3.8438,-93.009
197,8.4267,3.9375,-93.796
197,8.4267,4.0312,-94.191
197,8.4267,4.125,-83.24
197,8.4267,4.2188,-93.999
197,8.4267,4.3125,-98.754
197,8.4267,4.4062,-98.952
197,8.4267,4.5,-94.579
197,8.4267,4.5938,-88.817
197,8.4267,4.6875,-96.109
197,8.4267,4.7812,-96.413
197,8.4267,4.875,-94.205
197,8.4267,4.9688,-98.684
197,8.4267,5.0625,-99.794
197,8.4267,5.1562,-96.93
197,8.4267,5.25,-90.1
197,8.4267,5.3438,-97.275
197,8.4267,5.4375,-95.966
197,8.4267,5.5312,-99.608
197,8.4267,5.625,-96.604
197,8.4267,5.7188,-93.22
197,8.4267,5.8125,-96.658
197,8.4267,5.9062,-97.732
197,8.4267,6.0,-99.421
197,8.4267,6.0938,-92.731
197,8.4267,6.1875,-98.788
197,8.4267,6.2812,-79.377
197,8.4267,6.375,-92.378
197,8.4267,6.4688,-93.326
197,8.4267,6.5625,-99.552
197,8.4267,6.6562,-90.017
197,8.4267,6.75,-88.159
197,8.4267,6.8438,-94.869
197,8.4267,6.9375,-85.076
197,8.4267,7.0312,-83.762
197,8.4267,7.125,-86.18
197,8.4267,7.2188,-88.627
197,8.4267,7.3125,-86.769
197,8.4267,7.4062,-84.116
197,8.4267,7.5,-82.065
197,8.4267,7.5938,-85.663
197,8.4267,7.6875,-98.584
197,8.4267,7.7812,-94.088
197,8.4267,7.875,-87.829
197,8.4267,7.9688,-95.144
197,8.4267,8.0625,-87.006
197,8.4267,8.1562,-85.84
197,8.4267,8.25,-97.341
197,8.4267,8.3438,-97.5
197,8.4267,8.4375,-94.486
197,8.4267,8.5312,-94.626
197,8.4267,8.625,-92.847
197,8.4267,8.7188,-97.629
197,8.4267,8.8125,-92.373
197,8.4267,8.9062,-93.149
197,8.4267,9.0,-85.45
197,8.4267,9.0938,-84.907
197,8.4267,9.1875,-78.801
197,8.4267,9.2812,-71.915
197,8.4267,9.375,-81.07
197,8.4267,9.4688,-84.879
197,8.4267,9.5625,-81.485
197,8.4267,9.6562,-89.755
197,8.4267,9.75,-87.374
197,8.4267,9.8438,-90.696
197,8.4267,9.9375,-88.399
197,8.4267,10.0312,-78.837
197,8.4267,10.125,-82.487
197,8.4267,10.2188,-87.291
197,8.4267,10.3125,-80.515
197,8.4267,10.4062,-91.644
197,8.4267,10.5,-82.335
197,8.4267,10.5938,-79.275
197,8.4267,10.6875,-85.028
197,8.4267,10.7812,-86.747
197,8.4267,10.875,-86.894
197,8.4267,10.9688,-83.293
197,8.4267,11.0625,-87.37
197,8.4267,11.1562,-81.01
197,8.4267,11.25,-83.639
197,8.4267,11.3438,-80.812
197,8.4267,11.4375,-81.88
197,8.4267,11.5312,-82.593
197,8.4267,11.625,-82.781
197,8.4267,11.7188,-89.036
197,8.4267,11.8125,-83.106
197,8.4267,11.9062,-85.557
197,8.4267,12.0,-88.845
197,8.4267,12.0938,-83.835
197,8.4267,12.1875,-84.816
197,8.4267,12.2812,-88.938
197,8.4267,12.375,-86.432
197,8.4267,12.4688,-91.642
197,8.4267,12.5625,-85.237
197,8.4267,12.6562,-97.799
197,8.4267,12.75,-84.121
197,8.4267,12.8438,-88.648
197,8.4267,12.9375,-87.338
197,8.4267,13.0312,-88.888
197,8.4267,13.125,-90.093
197,8.4267,13.2188,-87.13
197,8.4267,13.3125,-95.768
197,8.4267,13.4062,-93.611
197,8.4267,13.5,-94.173
197,8.4267,13.5938,-97.778
197,8.4267,13.6875,-87.414
197,8.4267,13.7812,-89.596
197,8.4267,13.875,-86.148
197,8.4267,13.9688,-87.846
197,8.4267,14.0625,-92.988
197,8.4267,14.1562,-93.386
197,8.4267,14.25,-95.661
197,8.4267,14.3438,-94.316
197,8.4267,14.4375,-94.086
197,8.4267,14.5312,-93.598
197,8.4267,14.625,-94.435
197,8.4267,14.7188,-97.007
197,8.4267,14.8125,-96.853
197,8.4267,14.9062,-96.106
197,8.4267,15.0,-96.512
197,8.4267,15.0938,-98.577
197,8.4267,15.1875,-96.925
197,8.4267,15.2812,-97.452
197,8.4267,15.375,-94.037
197,8.4267,15.4688,-96.417
197,8.4267,15.5625,-91.577
197,8.4267,15.6562,-91.373
197,8.4267,15.75,-96.512
197,8.4267,15.8438,-92.524
197,8.4267,15.9375,-98.924
198,8.4693,0.0,-63.585
198,8.4693,0.0938,-77.442
198,8.4693,0.1875,-38.84
198,8.4693,0.2812,-64.648
198,8.4693,0.375,-51.947
198,8.4693,0.4688,-59.254
198,8.4693,0.5625,-64.36
198,8.4693,0.6562,-55.833
198,8.4693,0.75,-69.86
198,8.4693,0.8438,-45.146
198,8.4693,0.9375,-66.99
198,8.4693,1.0312,-69.357
198,8.4693,1.125,-74.587
198,8.4693,1.2188,-73.29
198,8.4693,1.3125,-74.855
198,8.4693,1.4062,-78.808
198,8.4693,1.5,-77.559
198,8.4693,1.5938,-81.486
198,8.4693,1.6875,-83.124
198,8.4693,1.7812,-82.92
198,8.4693,1.875,-77.912
198,8.4693,1.9688,-80.179
198,8.4693,2.0625,-80.15
198,8.4693,2.1562,-79.506
198,8.4693,2.25,-82.744
198,8.4693,2.3438,-65.768
198,8.4693,2.4375,-73.2
198,8.4693,2.5312,-97.027
198,8.4693,2.625,-92.315
198,8.4693,2.7188,-90.525
198,8.4693,2.8125,-96.419
198,8.4693,2.9062,-98.74
198,8.4693,3.0,-93.075
198,8.4693,3.0938,-91.997
198,8.4693,3.1875,-97.825
198,8.4693,3.2812,-93.781
198,8.4693,3.375,-92.221
198,8.4693,3.4688,-84.284
198,8.4693,3.5625,-76.003
198,8.4693,3.6562,-88.095
198,8.4693,3.75,-88.495
198,8.4693,3.8438,-92.457
198,8.4693,3.9375,-91.637
198,8.4693,4.0312,-85.628
198,8.4693,4.125,-99.075
198,8.4693,4.2188,-97.085
198,8.4693,4.3125,-92.542
198,8.4693,4.4062,-94.673
198,8.4693,4.5,-90.452
198,8.4693,4.5938,-93.486
198,8.4693,4.6875,-99.866
198,8.4693,4.7812,-94.258
198,8.4693,4.875,-97.368
198,8.4693,4.9688,-90.93
198,8.4693,5.0625,-95.302
198,8.4693,5.1562,-97.905
198,8.4693,5.25,-91.068
198,8.4693,5.3438,-88.546
198,8.4693,5.4375,-88.432
198,8.4693,5.5312,-94.744
198,8.4693,5.625,-91.118
198,8.4693,5.7188,-92.487
198,8.4693,5.8125,-93.575
198,8.4693,5.9062,-99.397
198,8.4693,6.0,-98.896
198,8.4693,6.0938,-95.216
198,8.4693,6.1875,-91.774
198,8.4693,6.2812,-96.685
198,8.4693,6.375,-91.596
198,8.4693,6.4688,-91.301
198,8.4693,6.5625,-89.406
198,8.4693,6.6562,-87.973
198,8.4693,6.75,-84.679
198,8.4693,6.8438,-99.433
198,8.4693,6.9375,-80.384
198,8.4693,7.0312,-87.734
198,8.4693,7.125,-82.972
198,8.4693,7.2188,-96.507
198,8.4693,7.3125,-87.49
198,8.4693,7.4062,-87.42
198,8.4693,7.5,-93.856
198,8.4693,7.5938,-97.644
198,8.4693,7.6875,-96.392
198,8.4693,7.7812,-98.707
198,8.4693,7.875,-91.031
198,8.4693,7.9688,-85.85
198,8.4693,8.0625,-97.333
198,8.4693,8.1562,-86.908
198,8.4693,8.25,-87.93
198,8.4693,8.3438,-91.442
198,8.4693,8.4375,-89.891
198,8.4693,8.5312,-86.571
198,8.4693,8.625,-74.429
198,8.4693,8.7188,-79.248
198,8.4693,8.8125,-67.63
198,8.4693,8.9062,-79.632
198,8.4693,9.0,-81.247
198,8.4693,9.0938,-81.789
198,8.4693,9.1875,-88.332
198,8.4693,9.2812,-81.247
198,8.4693,9.375,-79.162
198,8.4693,9.4688,-81.544
198,8.4693,9.5625,-80.113
198,8.4693,9.6562,-85.169
198,8.4693,9.75,-96.245
198,8.4693,9.8438,-92.613
198,8.4693,9.9375,-94.255
198,8.4693,10.0312,-79.678
198,8.4693,10.125,-86.517
198,8.4693,10.2188,-74.66
198,8.4693,10.3125,-83.677
198,8.4693,10.4062,-76.114
198,8.4693,10.5,-85.022
198,8.4693,10.5938,-84.05
198,8.4693,10.6875,-89.296
198,8.4693,10.7812,-95.281
198,8.4693,10.875,-84.869
198,8.4693,10.9688,-86.243
198,8.4693,11.0625,-91.919
198,8.4693,11.1562,-86.043
198,8.4693,11.25,-95.4
198,8.4693,11.3438,-85.871
198,8.4693,11.4375,-88.154
198,8.4693,11.5312,-84.741
198,8.4693,11.625,-81.985
198,8.4693,11.7188,-78.0
198,8.4693,11.8125,-75.243
198,8.4693,11.9062,-79.475
198,8.4693,12.0,-74.461
198,8.4693,12.0938,-85.946
198,8.4693,12.1875,-77.8
198,8.4693,12.2812,-85.164
198,8.4693,12.375,-82.146
198,8.4693,12.4688,-83.484
198,8.4693,12.5625,-84.076
198,8.4693,12.6562,-84.926
198,8.4693,12.75,-95.136
198,8.4693,12.8438,-94.629
198,8.4693,12.9375,-86.521
198,8.4693,13.0312,-91.948
198,8.4693,13.125,-92.595
198,8.4693,13.2188,-95.495
198,8.4693,13.3125,-91.944
198,8.4693,13.4062,-94.73
198,8.4693,13.5,-94.285
198,8.4693,13.5938,-98.963
198,8.4693,13.6875,-99.8
198,8.4693,13.7812,-96.658
198,8.4693,13.875,-97.154
198,8.4693,13.9688,-97.715
198,8.4693,14.0625,-98.926
198,8.4693,14.1562,-96.579
198,8.4693,14.25,-96.445
198,8.4693,14.3438,-94.269
198,8.4693,14.4375,-94.79
198,8.4693,14.5312,-96.816
198,8.4693,14.625,-98.552
198,8.4693,14.7188,-99.041
198,8.4693,14.8125,-99.574
198,8.4693,14.9062,-96.566
198,8.4693,15.0,-99.128
198,8.4693,15.0938,-99.73
198,8.4693,15.1875,-99.376
198,8.4693,15.2812,-98.697
198,8.4693,15.375,-97.709
198,8.4693,15.4688,-99.209
198,8.4693,15.5625,-99.253
198,8.4693,15.6562,-98.687
198,8.4693,15.75,-97.469
198,8.4693,15.8438,-99.375
198,8.4693,15.9375,-99.887
199,8.512,0.0,-66.181
199,8.512,0.0938,-75.917
199,8.512,0.1875,-33.924
199,8.512,0.2812,-76.905
199,8.512,0.375,-35.034
199,8.512,0.4688,-76.637
199,8.512,0.5625,-41.274
199,8.512,0.6562,-72.35
199,8.512,0.75,-45.777
199,8.512,0.8438,-67.538
199,8.512,0.9375,-37.44
199,8.512,1.0312,-65.671
199,8.512,1.125,-52.659
199,8.512,1.2188,-82.45
199,8.512,1.3125,-58.676
199,8.512,1.4062,-94.428
199,8.512,1.5,-71.69
199,8.512,1.5938,-85.549
199,8.512,1.6875,-70.243
199,8.512,1.7812,-82.127
199,8.512,1.875,-71.437
199,8.512,1.9688,-83.981
199,8.512,2.0625,-74.242
199,8.512,2.1562,-75.784
199,8.512,2.25,-68.351
199,8.512,2.3438,-78.12
199,8.512,2.4375,-70.326
199,8.512,2.5312,-80.049
199,8.512,2.625,-75.725
199,8.512,2.7188,-88.507
199,8.512,2.8125,-87.585
199,8.512,2.9062,-86.23
199,8.512,3.0,-84.409
199,8.512,3.0938,-84.696
199,8.512,3.1875,-88.123
199,8.512,3.2812,-93.088
199,8.512,3.375,-82.256
199,8.512,3.4688,-84.926
199,8.512,3.5625,-80.471
199,8.512,3.6562,-87.312
199,8.512,3.75,-87.827
199,8.512,3.8438,-98.071
199,8.512,3.9375,-84.325
199,8.512,4.0312,-89.823
199,8.512,4.125,-89.718
199,8.512,4.2188,-95.231
199,8.512,4.3125,-89.718
199,8.512,4.4062,-92.726
199,8.512,4.5,-98.062
199,8.512,4.5938,-91.48
199,8.512,4.6875,-96.391
199,8.512,4.7812,-97.31
199,8.512,4.875,-96.509
199,8.512,4.9688,-86.496
199,8.512,5.0625,-85.165
199,8.512,5.1562,-93.996
199,8.512,5.25,-93.818
199,8.512,5.3438,-88.149
199,8.512,5.4375,-84.209
199,8.512,5.5312,-83.08
199,8.512,5.625,-75.116
199,8.512,5.7188,-81.054
199,8.512,5.8125,-79.589
199,8.512,5.9062,-94.677
199,8.512,6.0,-91.321
199,8.512,6.0938,-86.55
199,8.512,6.1875,-88.184
199,8.512,6.2812,-96.377
199,8.512,6.375,-80.322
199,8.512,6.4688,-90.412
199,8.512,6.5625,-78.318
199,8.512,6.6562,-85.842
199,8.512,6.75,-79.354
199,8.512,6.8438,-82.361
199,8.512,6.9375,-84.922
199,8.512,7.0312,-89.287
199,8.512,7.125,-92.742
199,8.512,7.2188,-86.112
199,8.512,7.3125,-94.399
199,8.512,7.4062,-76.811
199,8.512,7.5,-84.163
199,8.512,7.5938,-73.796
199,8.512,7.6875,-73.734
199,8.512,7.7812,-74.173
199,8.512,7.875,-84.167
199,8.512,7.9688,-82.974
199,8.512,8.0625,-88.787
199,8.512,8.1562,-95.191
199,8.512,8.25,-90.233
199,8.512,8.3438,-94.296
199,8.512,8.4375,-94.935
199,8.512,8.5312,-94.909
199,8.512,8.625,-93.149
199,8.512,8.7188,-95.077
199,8.512,8.8125,-93.161
199,8.512,8.9062,-83.47
199,8.512,9.0,-74.34
199,8.512,9.0938,-76.472
199,8.512,9.1875,-69.909
199,8.512,9.2812,-84.28
199,8.512,9.375,-77.74
199,8.512,9.4688,-85.57
199,8.512,9.5625,-82.299
199,8.512,9.6562,-89.753
199,8.512,9.75,-77.296
199,8.512,9.8438,-87.944
199,8.512,9.9375,-87.234
199,8.512,10.0312,-80.773
199,8.512,10.125,-92.046
199,8.512,10.2188,-80.485
199,8.512,10.3125,-98.903
199,8.512,10.4062,-86.723
199,8.512,10.5,-86.228
199,8.512,10.5938,-92.776
199,8.512,10.6875,-91.707
199,8.512,10.7812,-97.062
199,8.512,10.875,-91.796
199,8.512,10.9688,-90.598
199,8.512,11.0625,-86.038
199,8.512,11.1562,-82.107
199,8.512,11.25,-81.441
199,8.512,11.3438,-86.498
199,8.512,11.4375,-92.135
199,8.512,11.5312,-97.328
199,8.512,11.625,-93.857
199,8.512,11.7188,-93.938
199,8.512,11.8125,-91.205
199,8.512,11.9062,-87.324
199,8.512,12.0,-83.793
199,8.512,12.0938,-93.101
199,8.512,12.1875,-81.241
199,8.512,12.2812,-80.271
199,8.512,12.375,-80.181
199,8.512,12.4688,-77.089
199,8.512,12.5625,-85.408
199,8.512,12.6562,-76.422
199,8.512,12.75,-87.917
199,8.512,12.8438,-81.329
199,8.512,12.9375,-76.673
199,8.512,13.0312,-84.642
199,8.512,13.125,-72.932
199,8.512,13.2188,-83.821
199,8.512,13.3125,-76.943
199,8.512,13.4062,-92.745
199,8.512,13.5,-81.018
199,8.512,13.5938,-99.141
199,8.512,13.6875,-81.589
199,8.512,13.7812,-86.801
199,8.512,13.875,-77.48
199,8.512,13.9688,-84.81
199,8.512,14.0625,-75.233
199,8.512,14.1562,-89.515
199,8.512,14.25,-82.379
199,8.512,14.3438,-80.913
199,8.512,14.4375,-88.099
199,8.512,14.5312,-86.6
199,8.512,14.625,-95.4
199,8.512,14.7188,-94.014
199,8.512,14.8125,-97.751
199,8.512,14.9062,-97.257
199,8.512,15.0,-97.058
199,8.512,15.0938,-99.827
199,8.512,15.1875,-94.707
199,8.512,15.2812,-99.036
199,8.512,15.375,-98.472
199,8.512,15.4688,-99.346
199,8.512,15.5625,-97.203
199,8.512,15.6562,-96.906
199,8.512,15.75,-95.673
199,8.512,15.8438,-94.027
199,8.512,15.9375,-96.96
200,8.5547,0.0,-69.459
200,8.5547,0.0938,-76.034
200,8.5547,0.1875,-34.281
200,8.5547,0.2812,-73.771
200,8.5547,0.375,-37.754
200,8.5547,0.4688,-63.396
200,8.5547,0.5625,-40.817
200,8.5547,0.6562,-69.744
200,8.5547,0.75,-50.105
200,8.5547,0.8438,-84.382
200,8.5547,0.9375,-45.437
200,8.5547,1.0312,-90.627
200,8.5547,1.125,-50.791
200,8.5547,1.2188,-91.024
200,8.5547,1.3125,-65.581
200,8.5547,1.4062,-84.856
200,8.5547,1.5,-70.106
200,8.5547,1.5938,-85.831
200,8.5547,1.6875,-85.167
200,8.5547,1.7812,-80.169
200,8.5547,1.875,-84.54
200,8.5547,1.9688,-80.732
200,8.5547,2.0625,-92.627
200,8.5547,2.1562,-74.97
200,8.5547,2.25,-93.156
200,8.5547,2.3438,-79.13
200,8.5547,2.4375,-76.408
200,8.5547,2.5312,-77.159
200,8.5547,2.625,-88.763
200,8.5547,2.7188,-78.786
200,8.5547,2.8125,-96.128
200,8.5547,2.9062,-78.71
200,8.5547,3.0,-89.26
200,8.5547,3.0938,-74.812
200,8.5547,3.1875,-82.412
200,8.5547,3.2812,-67.483
200,8.5547,3.375,-81.83
200,8.5547,3.4688,-67.888
200,8.5547,3.5625,-85.765
200,8.5547,3.6562,-74.063
200,8.5547,3.75,-95.356
200,8.5547,3.8438,-79.183
200,8.5547,3.9375,-96.719
200,8.5547,4.0312,-80.816
200,8.5547,4.125,-87.074
200,8.5547,4.2188,-85.936
200,8.5547,4.3125,-83.959
200,8.5547,4.4062,-94.526
200,8.5547,4.5,-88.915
200,8.5547,4.5938,-91.52
200,8.5547,4.6875,-88.481
200,8.5547,4.7812,-97.982
200,8.5547,4.875,-97.833
200,8.5547,4.9688,-99.309
200,8.5547,5.0625,-96.634
200,8.5547,5.1562,-89.428
200,8.5547,5.25,-95.753
200,8.5547,5.3438,-98.631
200,8.5547,5.4375,-85.378
200,8.5547,5.5312,-87.23
200,8.5547,5.625,-85.785
200,8.5547,5.7188,-94.201
200,8.5547,5.8125,-77.92
200,8.5547,5.9062,-94.288
200,8.5547,6.0,-97.163
200,8.5547,6.0938,-97.607
200,8.5547,6.1875,-77.853
200,8.5547,6.2812,-80.834
200,8.5547,6.375,-76.562
200,8.5547,6.4688,-83.999
200,8.5547,6.5625,-74.836
200,8.5547,6.6562,-82.46
200,8.5547,6.75,-80.043
200,8.5547,6.8438,-81.119
200,8.5547,6.9375,-87.193
200,8.5547,7.0312,-93.486
200,8.5547,7.125,-88.877
200,8.5547,7.2188,-87.64
200,8.5547,7.3125,-85.172
200,8.5547,7.4062,-84.398
200,8.5547,7.5,-88.468
200,8.5547,7.5938,-82.528
200,8.5547,7.6875,-80.222
200,8.5547,7.7812,-81.373
200,8.5547,7.875,-83.376
200,8.5547,7.9688,-98.413
200,8.5547,8.0625,-92.293
200,8.5547,8.1562,-95.097
200,8.5547,8.25,-94.607
200,8.5547,8.3438,-93.981
200,8.5547,8.4375,-98.201
200,8.5547,8.5312,-98.523
200,8.5547,8.625,-98.382
200,8.5547,8.7188,-95.853
200,8.5547,8.8125,-92.728
200,8.5547,8.9062,-99.437
200,8.5547,9.0,-90.158
200,8.5547,9.0938,-87.235
200,8.5547,9.1875,-88.882
200,8.5547,9.2812,-86.885
200,8.5547,9.375,-91.798
200,8.5547,9.4688,-97.832
200,8.5547,9.5625,-96.048
200,8.5547,9.6562,-88.264
200,8.5547,9.75,-85.801
200,8.5547,9.8438,-85.647
200,8.5547,9.9375,-79.242
200,8.5547,10.0312,-79.915
200,8.5547,10.125,-81.841
200,8.5547,10.2188,-81.841
200,8.5547,10.3125,-73.229
200,8.5547,10.4062,-75.016
200,8.5547,10.5,-77.589
200,8.5547,10.5938,-88.248
200,8.5547,10.6875,-84.823
200,8.5547,10.7812,-97.088
200,8.5547,10.875,-94.204
200,8.5547,10.9688,-84.425
200,8.5547,11.0625,-89.115
200,8.5547,11.1562,-94.987
200,8.5547,11.25,-94.427
200,8.5547,11.3438,-95.996
200,8.5547,11.4375,-94.074
200,8.5547,11.5312,-97.409
200,8.5547,11.625,-93.659
200,8.5547,11.7188,-90.854
200,8.5547,11.8125,-89.997
200,8.5547,11.9062,-89.955
200,8.5547,12.0,-89.665
200,8.5547,12.0938,-99.938
200,8.5547,12.1875,-89.486
200,8.5547,12.2812,-91.359
200,8.5547,12.375,-91.414
200,8.5547,12.4688,-90.014
200,8.5547,12.5625,-91.381
200,8.5547,12.6562,-85.683
200,8.5547,12.75,-90.236
200,8.5547,12.8438,-82.323
200,8.5547,12.9375,-85.995
200,8.5547,13.0312,-76.655
200,8.5547,13.125,-95.463
200,8.5547,13.2188,-81.813
200,8.5547,13.3125,-83.113
200,8.5547,13.4062,-88.511
200,8.5547,13.5,-89.206
200,8.5547,13.5938,-93.344
200,8.5547,13.6875,-94.318
200,8.5547,13.7812,-96.938
200,8.5547,13.875,-99.641
200,8.5547,13.9688,-87.784
200,8.5547,14.0625,-87.371
200,8.5547,14.1562,-87.706
200,8.5547,14.25,-83.677
200,8.5547,14.3438,-87.852
200,8.5547,14.4375,-86.159
200,8.5547,14.5312,-97.185
200,8.5547,14.625,-89.447
200,8.5547,14.7188,-97.015
200,8.5547,14.8125,-97.57
200,8.5547,14.9062,-99.7
200,8.5547,15.0,-95.057
200,8.5547,15.0938,-97.252
200,8.5547,15.1875,-96.82
200,8.5547,15.2812,-99.03
200,8.5547,15.375,-98.145
200,8.5547,15.4688,-99.695
200,8.5547,15.5625,-95.652
200,8.5547,15.6562,-99.117
200,8.5547,15.75,-98.645
200,8.5547,15.8438,-98.537
200,8.5547,15.9375,-99.445
201,8.5973,0.0,-69.24
201,8.5973,0.0938,-75.71
201,8.5973,0.1875,-35.766
201,8.5973,0.2812,-72.406
201,8.5973,0.375,-38.628
201,8.5973,0.4688,-69.199
201,8.5973,0.5625,-39.465
201,8.5973,0.6562,-77.649
201,8.5973,0.75,-50.911
201,8.5973,0.8438,-73.29
201,8.5973,0.9375,-48.749
201,8.5973,1.0312,-73.599
201,8.5973,1.125,-44.126
201,8.5973,1.2188,-76.937
201,8.5973,1.3125,-55.736
201,8.5973,1.4062,-85.651
201,8.5973,1.5,-69.626
201,8.5973,1.5938,-83.69
201,8.5973,1.6875,-70.843
201,8.5973,1.7812,-80.548
201,8.5973,1.875,-86.649
201,8.5973,1.9688,-82.683
201,8.5973,2.0625,-80.463
201,8.5973,2.1562,-80.033
201,8.5973,2.25,-71.973
201,8.5973,2.3438,-67.727
201,8.5973,2.4375,-65.545
201,8.5973,2.5312,-70.007
201,8.5973,2.625,-78.897
201,8.5973,2.7188,-83.455
201,8.5973,2.8125,-81.83
201,8.5973,2.9062,-79.368
201,8.5973,3.0,-84.534
201,8.5973,3.0938,-87.889
201,8.5973,3.1875,-78.641
201,8.5973,3.2812,-74.521
201,8.5973,3.375,-80.445
201,8.5973,3.4688,-74.245
201,8.5973,3.5625,-84.175
201,8.5973,3.6562,-82.32
201,8.5973,3.75,-86.887
201,8.5973,3.8438,-89.03
201,8.5973,3.9375,-85.822
201,8.5973,4.0312,-88.906
201,8.5973,4.125,-93.162
201,8.5973,4.2188,-86.965
201,8.5973,4.3125,-97.295
201,8.5973,4.4062,-86.01
201,8.5973,4.5,-91.249
201,8.5973,4.5938,-99.57
201,8.5973,4.6875,-95.189
201,8.5973,4.7812,-90.694
201,8.5973,4.875,-90.204
201,8.5973,4.9688,-89.826
201,8.5973,5.0625,-98.286
201,8.5973,5.1562,-97.209
201,8.5973,5.25,-97.835
201,8.5973,5.3438,-87.69
201,8.5973,5.4375,-92.965
201,8.5973,5.5312,-92.704
201,8.5973,5.625,-87.504
201,8.5973,5.7188,-74.9
201,8.5973,5.8125,-79.715
201,8.5973,5.9062,-85.979
201,8.5973,6.0,-89.02
201,8.5973,6.0938,-88.816
201,8.5973,6.1875,-89.331
201,8.5973,6.2812,-76.004
201,8.5973,6.375,-76.237
201,8.5973,6.4688,-81.442
201,8.5973,6.5625,-85.292
201,8.5973,6.6562,-94.895
201,8.5973,6.75,-88.141
201,8.5973,6.8438,-98.402
201,8.5973,6.9375,-82.154
201,8.5973,7.0312,-85.446
201,8.5973,7.125,-82.298
201,8.5973,7.2188,-84.41
201,8.5973,7.3125,-87.794
201,8.5973,7.4062,-88.511
201,8.5973,7.5,-83.283
201,8.5973,7.5938,-79.644
201,8.5973,7.6875,-78.032
201,8.5973,7.7812,-70.482
201,8.5973,7.875,-85.806
201,8.5973,7.9688,-74.327
201,8.5973,8.0625,-91.328
201,8.5973,8.1562,-87.749
201,8.5973,8.25,-90.825
201,8.5973,8.3438,-93.26
201,8.5973,8.4375,-89.414
201,8.5973,8.5312,-92.307
201,8.5973,8.625,-89.848
201,8.5973,8.7188,-91.294
201,8.5973,8.8125,-95.447
201,8.5973,8.9062,-98.356
201,8.5973,9.0,-88.249
201,8.5973,9.0938,-90.056
201,8.5973,9.1875,-72.111
201,8.5973,9.2812,-87.065
201,8.5973,9.375,-77.291
201,8.5973,9.4688,-95.1
201,8.5973,9.5625,-84.815
201,8.5973,9.6562,-89.812
201,8.5973,9.75,-88.489
201,8.5973,9.8438,-82.004
201,8.5973,9.9375,-79.654
201,8.5973,10.0312,-70.92
201,8.5973,10.125,-76.006
201,8.5973,10.2188,-78.5
201,8.5973,10.3125,-75.51
201,8.5973,10.4062,-75.721
201,8.5973,10.5,-88.69
201,8.5973,10.5938,-97.126
201,8.5973,10.6875,-87.77
201,8.5973,10.7812,-92.479
201,8.5973,10.875,-98.325
201,8.5973,10.9688,-99.721
201,8.5973,11.0625,-99.418
201,8.5973,11.1562,-99.448
201,8.5973,11.25,-94.403
201,8.5973,11.3438,-91.208
201,8.5973,11.4375,-97.913
201,8.5973,11.5312,-96.224
201,8.5973,11.625,-97.502
201,8.5973,11.7188,-97.99
201,8.5973,11.8125,-94.302
201,8.5973,11.9062,-99.609
201,8.5973,12.0,-92.564
201,8.5973,12.0938,-93.452
201,8.5973,12.1875,-88.148
201,8.5973,12.2812,-93.564
201,8.5973,12.375,-92.233
201,8.5973,12.4688,-97.103
201,8.5973,12.5625,-97.465
201,8.5973,12.6562,-93.869
201,8.5973,12.75,-91.337
201,8.5973,12.8438,-86.155
201,8.5973,12.9375,-86.304
201,8.5973,13.0312,-86.05
201,8.5973,13.125,-77.248
201,8.5973,13.2188,-78.052
201,8.5973,13.3125,-74.229
201,8.5973,13.4062,-80.891
201,8.5973,13.5,-80.918
201,8.5973,13.5938,-91.669
201,8.5973,13.6875,-93.384
201,8.5973,13.7812,-89.009
201,8.5973,13.875,-86.132
201,8.5973,13.9688,-91.202
201,8.5973,14.0625,-82.263
201,8.5973,14.1562,-86.159
201,8.5973,14.25,-84.499
201,8.5973,14.3438,-93.177
201,8.5973,14.4375,-88.144
201,8.5973,14.5312,-97.116
201,8.5973,14.625,-92.445
201,8.5973,14.7188,-97.423
201,8.5973,14.8125,-97.543
201,8.5973,14.9062,-97.186
201,8.5973,15.0,-99.446
201,8.5973,15.0938,-99.077
201,8.5973,15.1875,-99.119
201,8.5973,15.2812,-99.905
201,8.5973,15.375,-99.357
201,8.5973,15.4688,-98.858
201,8.5973,15.5625,-98.748
201,8.5973,15.6562,-98.17
201,8.5973,15.75,-99.731
201,8.5973,15.8438,-99.877
201,8.5973,15.9375,-99.039
202,8.64,0.0,-65.124
202,8.64,0.0938,-75.561
202,8.64,0.1875,-38.067
202,8.64,0.2812,-66.038
202,8.64,0.375,-52.716
202,8.64,0.4688,-70.208
202,8.64,0.5625,-56.542
202,8.64,0.6562,-72.534
202,8.64,0.75,-57.313
202,8.64,0.8438,-68.023
202,8.64,0.9375,-60.537
202,8.64,1.0312,-72.171
202,8.64,1.125,-67.827
202,8.64,1.2188,-76.737
202,8.64,1.3125,-72.223
202,8.64,1.4062,-70.781
202,8.64,1.5,-64.085
202,8.64,1.5938,-73.496
202,8.64,1.6875,-72.291
202,8.64,1.7812,-80.971
202,8.64,1.875,-75.208
202,8.64,1.9688,-73.367
202,8.64,2.0625,-81.852
202,8.64,2.1562,-89.848
202,8.64,2.25,-84.237
202,8.64,2.3438,-73.227
202,8.64,2.4375,-79.66
202,8.64,2.5312,-88.762
202,8.64,2.625,-79.535
202,8.64,2.7188,-94.203
202,8.64,2.8125,-90.035
202,8.64,2.9062,-75.731
202,8.64,3.0,-76.594
202,8.64,3.0938,-76.012
202,8.64,3.1875,-78.556
202,8.64,3.2812,-65.349
202,8.64,3.375,-62.378
202,8.64,3.4688,-75.192
202,8.64,3.5625,-67.946
202,8.64,3.6562,-73.451
202,8.64,3.75,-62.007
202,8.64,3.8438,-63.054
202,8.64,3.9375,-70.349
202,8.64,4.0312,-75.959
202,8.64,4.125,-70.684
202,8.64,4.2188,-67.342
202,8.64,4.3125,-71.384
202,8.64,4.4062,-64.103
202,8.64,4.5,-71.71
202,8.64,4.5938,-72.568
202,8.64,4.6875,-65.753
202,8.64,4.7812,-68.58
202,8.64,4.875,-64.004
202,8.64,4.9688,-66.538
202,8.64,5.0625,-72.478
202,8.64,5.1562,-66.39
202,8.64,5.25,-74.624
202,8.64,5.3438,-72.821
202,8.64,5.4375,-73.933
202,8.64,5.5312,-69.841
202,8.64,5.625,-72.201
202,8.64,5.7188,-72.934
202,8.64,5.8125,-75.362
202,8.64,5.9062,-81.972
202,8.64,6.0,-82.698
202,8.64,6.0938,-82.618
202,8.64,6.1875,-76.114
202,8.64,6.2812,-69.587
202,8.64,6.375,-73.577
202,8.64,6.4688,-70.654
202,8.64,6.5625,-72.351
202,8.64,6.6562,-62.141
202,8.64,6.75,-68.962
202,8.64,6.8438,-70.143
202,8.64,6.9375,-72.123
202,8.64,7.0312,-70.438
202,8.64,7.125,-79.857
202,8.64,7.2188,-80.27
202,8.64,7.3125,-63.911
202,8.64,7.4062,-63.462
202,8.64,7.5,-64.438
202,8.64,7.5938,-62.658
202,8.64,7.6875,-70.042
202,8.64,7.7812,-76.524
202,8.64,7.875,-63.817
202,8.64,7.9688,-64.815
202,8.64,8.0625,-75.881
202,8.64,8.1562,-73.667
202,8.64,8.25,-70.28
202,8.64,8.3438,-64.422
202,8.64,8.4375,-55.174
202,8.64,8.5312,-62.076
202,8.64,8.625,-50.863
202,8.64,8.7188,-60.426
202,8.64,8.8125,-58.219
202,8.64,8.9062,-57.798
202,8.64,9.0,-63.481
202,8.64,9.0938,-62.754
202,8.64,9.1875,-57.8
202,8.64,9.2812,-67.328
202,8.64,9.375,-60.277
202,8.64,9.4688,-64.367
202,8.64,9.5625,-60.864
202,8.64,9.6562,-65.909
202,8.64,9.75,-65.374
202,8.64,9.8438,-64.53
202,8.64,9.9375,-76.596
202,8.64,10.0312,-79.386
202,8.64,10.125,-71.358
202,8.64,10.2188,-98.437
202,8.64,10.3125,-70.319
202,8.64,10.4062,-67.528
202,8.64,10.5,-66.384
202,8.64,10.5938,-67.506
202,8.64,10.6875,-77.514
202,8.64,10.7812,-77.67
202,8.64,10.875,-94.849
202,8.64,10.9688,-78.962
202,8.64,11.0625,-74.072
202,8.64,11.1562,-71.856
202,8.64,11.25,-76.307
202,8.64,11.3438,-76.096
202,8.64,11.4375,-74.086
202,8.64,11.5312,-70.785
202,8.64,11.625,-78.38
202,8.64,11.7188,-80.86
202,8.64,11.8125,-84.383
202,8.64,11.9062,-79.176
202,8.64,12.0,-74.413
202,8.64,12.0938,-75.214
202,8.64,12.1875,-85.901
202,8.64,12.2812,-88.107
202,8.64,12.375,-68.737
202,8.64,12.4688,-76.964
202,8.64,12.5625,-76.165
202,8.64,12.6562,-77.87
202,8.64,12.75,-76.591
202,8.64,12.8438,-79.257
202,8.64,12.9375,-71.497
202,8.64,13.0312,-78.965
202,8.64,13.125,-83.465
202,8.64,13.2188,-80.882
202,8.64,13.3125,-86.058
202,8.64,13.4062,-76.004
202,8.64,13.5,-85.118
202,8.64,13.5938,-77.332
202,8.64,13.6875,-80.857
202,8.64,13.7812,-85.551
202,8.64,13.875,-83.199
202,8.64,13.9688,-85.271
202,8.64,14.0625,-88.392
202,8.64,14.1562,-87.868
202,8.64,14.25,-87.096
202,8.64,14.3438,-83.642
202,8.64,14.4375,-87.027
202,8.64,14.5312,-81.996
202,8.64,14.625,-91.13
202,8.64,14.7188,-89.601
202,8.64,14.8125,-90.366
202,8.64,14.9062,-96.439
202,8.64,15.0,-87.4
202,8.64,15.0938,-94.645
202,8.64,15.1875,-88.973
202,8.64,15.2812,-90.046
202,8.64,15.375,-90.829
202,8.64,15.4688,-92.735
202,8.64,15.5625,-91.069
202,8.64,15.6562,-87.35
202,8.64,15.75,-85.6
202,8.64,15.8438,-98.234
202,8.64,15.9375,-87.094
203,8.6827,0.0,-97.245
203,8.6827,0.0938,-76.766
203,8.6827,0.1875,-58.59
203,8.6827,0.2812,-77.318
203,8.6827,0.375,-71.083
203,8.6827,0.4688,-72.045
203,8.6827,0.5625,-62.832
203,8.6827,0.6562,-71.085
203,8.6827,0.75,-64.949
203,8.6827,0.8438,-83.853
203,8.6827,0.9375,-59.157
203,8.6827,1.0312,-84.42
203,8.6827,1.125,-66.025
203,8.6827,1.2188,-82.863
203,8.6827,1.3125,-84.84
203,8.6827,1.4062,-85.157
203,8.6827,1.5,-91.856
203,8.6827,1.5938,-77.734
203,8.6827,1.6875,-86.118
203,8.6827,1.7812,-96.477
203,8.6827,1.875,-80.921
203,8.6827,1.9688,-91.13
203,8.6827,2.0625,-81.245
203,8.6827,2.1562,-79.332
203,8.6827,2.25,-78.33
203,8.6827,2.3438,-79.929
203,8.6827,2.4375,-94.339
203,8.6827,2.5312,-96.019
203,8.6827,2.625,-92.627
203,8.6827,2.7188,-96.67
203,8.6827,2.8125,-90.458
203,8.6827,2.9062,-94.583
203,8.6827,3.0,-88.381
203,8.6827,3.0938,-87.5
203,8.6827,3.1875,-95.231
203,8.6827,3.2812,-77.103
203,8.6827,3.375,-79.783
203,8.6827,3.4688,-73.097
203,8.6827,3.5625,-71.526
203,8.6827,3.6562,-76.236
203,8.6827,3.75,-71.306
203,8.6827,3.8438,-73.266
203,8.6827,3.9375,-93.423
203,8.6827,4.0312,-81.056
203,8.6827,4.125,-64.59
203,8.6827,4.2188,-69.152
203,8.6827,4.3125,-64.456
203,8.6827,4.4062,-71.839
203,8.6827,4.5,-59.823
203,8.6827,4.5938,-71.062
203,8.6827,4.6875,-64.178
203,8.6827,4.7812,-60.935
203,8.6827,4.875,-67.928
203,8.6827,4.9688,-77.921
203,8.6827,5.0625,-68.237
203,8.6827,5.1562,-58.909
203,8.6827,5.25,-60.186
203,8.6827,5.3438,-76.764
203,8.6827,5.4375,-81.075
203,8.6827,5.5312,-72.898
203,8.6827,5.625,-63.323
203,8.6827,5.7188,-65.857
203,8.6827,5.8125,-67.576
203,8.6827,5.9062,-68.89
203,8.6827,6.0,-81.239
203,8.6827,6.0938,-80.264
203,8.6827,6.1875,-61.055
203,8.6827,6.2812,-62.349
203,8.6827,6.375,-58.796
203,8.6827,6.4688,-57.983
203,8.6827,6.5625,-62.127
203,8.6827,6.6562,-61.801
203,8.6827,6.75,-64.726
203,8.6827,6.8438,-67.889
203,8.6827,6.9375,-69.033
203,8.6827,7.0312,-63.937
203,8.6827,7.125,-59.117
203,8.6827,7.2188,-52.511
203,8.6827,7.3125,-56.045
203,8.6827,7.4062,-51.398
203,8.6827,7.5,-50.593
203,8.6827,7.5938,-57.008
203,8.6827,7.6875,-55.169
203,8.6827,7.7812,-46.454
203,8.6827,7.875,-63.868
203,8.6827,7.9688,-61.014
203,8.6827,8.0625,-59.012
203,8.6827,8.1562,-62.045
203,8.6827,8.25,-51.937
203,8.6827,8.3438,-55.708
203,8.6827,8.4375,-51.697
203,8.6827,8.5312,-58.182
203,8.6827,8.625,-53.738
203,8.6827,8.7188,-60.188
203,8.6827,8.8125,-53.145
203,8.6827,8.9062,-53.124
203,8.6827,9.0,-57.663
203,8.6827,9.0938,-50.823
203,8.6827,9.1875,-52.253
203,8.6827,9.2812,-55.855
203,8.6827,9.375,-52.163
203,8.6827,9.4688,-61.279
203,8.6827,9.5625,-58.778
203,8.6827,9.6562,-63.897
203,8.6827,9.75,-60.329
203,8.6827,9.8438,-55.414
203,8.6827,9.9375,-64.933
203,8.6827,10.0312,-63.324
203,8.6827,10.125,-68.052
203,8.6827,10.2188,-62.985
203,8.6827,10.3125,-81.055
203,8.6827,10.4062,-70.691
203,8.6827,10.5,-74.714
203,8.6827,10.5938,-66.609
203,8.6827,10.6875,-66.957
203,8.6827,10.7812,-64.356
203,8.6827,10.875,-76.786
203,8.6827,10.9688,-73.373
203,8.6827,11.0625,-70.836
203,8.6827,11.1562,-73.218
203,8.6827,11.25,-68.609
203,8.6827,11.3438,-73.055
203,8.6827,11.4375,-68.789
203,8.6827,11.5312,-74.285
203,8.6827,11.625,-78.623
203,8.6827,11.7188,-73.966
203,8.6827,11.8125,-73.559
203,8.6827,11.9062,-67.503
203,8.6827,12.0,-72.634
203,8.6827,12.0938,-76.286
203,8.6827,12.1875,-72.511
203,8.6827,12.2812,-71.192
203,8.6827,12.375,-74.775
203,8.6827,12.4688,-80.326
203,8.6827,12.5625,-80.519
203,8.6827,12.6562,-64.045
203,8.6827,12.75,-72.3
203,8.6827,12.8438,-76.794
203,8.6827,12.9375,-68.621
203,8.6827,13.0312,-74.962
203,8.6827,13.125,-70.972
203,8.6827,13.2188,-70.499
203,8.6827,13.3125,-76.157
203,8.6827,13.4062,-72.917
203,8.6827,13.5,-78.062
203,8.6827,13.5938,-69.208
203,8.6827,13.6875,-77.819
203,8.6827,13.7812,-77.916
203,8.6827,13.875,-77.723
203,8.6827,13.9688,-90.434
203,8.6827,14.0625,-76.031
203,8.6827,14.1562,-83.003
203,8.6827,14.25,-80.431
203,8.6827,14.3438,-76.153
203,8.6827,14.4375,-77.377
203,8.6827,14.5312,-87.234
203,8.6827,14.625,-79.535
203,8.6827,14.7188,-70.981
203,8.6827,14.8125,-77.124
203,8.6827,14.9062,-90.058
203,8.6827,15.0,-86.256
203,8.6827,15.0938,-78.233
203,8.6827,15.1875,-86.338
203,8.6827,15.2812,-88.613
203,8.6827,15.375,-82.562
203,8.6827,15.4688,-84.948
203,8.6827,15.5625,-86.882
203,8.6827,15.6562,-90.771
203,8.6827,15.75,-86.4
203,8.6827,15.8438,-90.706
203,8.6827,15.9375,-91.78
204,8.7253,0.0,-86.726
204,8.7253,0.0938,-80.979
204,8.7253,0.1875,-56.919
204,8.7253,0.2812,-76.388
204,8.7253,0.375,-57.772
204,8.7253,0.4688,-74.997
204,8.7253,0.5625,-68.593
204,8.7253,0.6562,-72.237
204,8.7253,0.75,-74.367
204,8.7253,0.8438,-79.506
204,8.7253,0.9375,-68.577
204,8.7253,1.0312,-87.508
204,8.7253,1.125,-66.694
204,8.7253,1.2188,-80.016
204,8.7253,1.3125,-77.984
204,8.7253,1.4062,-85.403
204,8.7253,1.5,-76.464
204,8.7253,1.5938,-85.046
204,8.7253,1.6875,-86.746
204,8.7253,1.7812,-81.343
204,8.7253,1.875,-75.633
204,8.7253,1.9688,-82.366
204,8.7253,2.0625,-84.97
204,8.7253,2.1562,-83.809
204,8.7253,2.25,-84.152
204,8.7253,2.3438,-84.912
204,8.7253,2.4375,-93.332
204,8.7253,2.5312,-96.556
204,8.7253,2.625,-94.305
204,8.7253,2.7188,-91.086
204,8.7253,2.8125,-93.81
204,8.7253,2.9062,-86.422
204,8.7253,3.0,-88.187
204,8.7253,3.0938,-99.142
204,8.7253,3.1875,-95.761
204,8.7253,3.2812,-77.04
204,8.7253,3.375,-73.996
204,8.7253,3.4688,-83.434
204,8.7253,3.5625,-78.438
204,8.7253,3.6562,-84.825
204,8.7253,3.75,-62.533
204,8.7253,3.8438,-69.039
204,8.7253,3.9375,-62.613
204,8.7253,4.0312,-57.592
204,8.7253,4.125,-69.972
204,8.7253,4.2188,-65.557
204,8.7253,4.3125,-69.408
204,8.7253,4.4062,-66.297
204,8.7253,4.5,-60.992
204,8.7253,4.5938,-65.537
204,8.7253,4.6875,-60.963
204,8.7253,4.7812,-58.826
204,8.7253,4.875,-66.201
204,8.7253,4.9688,-60.504
204,8.7253,5.0625,-57.233
204,8.7253,5.1562,-58.098
204,8.7253,5.25,-62.627
204,8.7253,5.3438,-58.209
204,8.7253,5.4375,-85.872
204,8.7253,5.5312,-72.682
204,8.7253,5.625,-63.781
204,8.7253,5.7188,-70.616
204,8.7253,5.8125,-70.047
204,8.7253,5.9062,-76.817
204,8.7253,6.0,-87.023
204,8.7253,6.0938,-83.893
204,8.7253,6.1875,-73.385
204,8.7253,6.2812,-61.758
204,8.7253,6.375,-58.128
204,8.7253,6.4688,-61.857
204,8.7253,6.5625,-69.306
204,8.7253,6.6562,-62.987
204,8.7253,6.75,-75.637
204,8.7253,6.8438,-71.246
204,8.7253,6.9375,-60.16
204,8.7253,7.0312,-68.608
204,8.7253,7.125,-60.646
204,8.7253,7.2188,-64.962
204,8.7253,7.3125,-64.401
204,8.7253,7.4062,-63.012
204,8.7253,7.5,-54.887
204,8.7253,7.5938,-52.207
204,8.7253,7.6875,-49.974
204,8.7253,7.7812,-43.985
204,8.7253,7.875,-49.538
204,8.7253,7.9688,-57.81
204,8.7253,8.0625,-58.049
204,8.7253,8.1562,-64.354
204,8.7253,8.25,-57.805
204,8.7253,8.3438,-61.806
204,8.7253,8.4375,-64.51
204,8.7253,8.5312,-54.078
204,8.7253,8.625,-52.968
204,8.7253,8.7188,-65.535
204,8.7253,8.8125,-63.168
204,8.7253,8.9062,-71.043
204,8.7253,9.0,-53.539
204,8.7253,9.0938,-54.596
204,8.7253,9.1875,-51.93
204,8.7253,9.2812,-56.089
204,8.7253,9.375,-64.426
204,8.7253,9.4688,-54.47
204,8.7253,9.5625,-70.035
204,8.7253,9.6562,-68.186
204,8.7253,9.75,-66.454
204,8.7253,9.8438,-67.039
204,8.7253,9.9375,-61.731
204,8.7253,10.0312,-62.205
204,8.7253,10.125,-60.704
204,8.7253,10.2188,-68.917
204,8.7253,10.3125,-70.985
204,8.7253,10.4062,-72.118
204,8.7253,10.5,-68.373
204,8.7253,10.5938,-74.484
204,8.7253,10.6875,-64.783
204,8.7253,10.7812,-70.116
204,8.7253,10.875,-79.446
204,8.7253,10.9688,-73.1
204,8.7253,11.0625,-77.154
204,8.7253,11.1562,-83.564
204,8.7253,11.25,-68.751
204,8.7253,11.3438,-68.742
204,8.7253,11.4375,-79.955
204,8.7253,11.5312,-74.279
204,8.7253,11.625,-74.302
204,8.7253,11.7188,-74.709
204,8.7253,11.8125,-73.941
204,8.7253,11.9062,-77.515
204,8.7253,12.0,-71.896
204,8.7253,12.0938,-77.716
204,8.7253,12.1875,-75.168
204,8.7253,12.2812,-79.6
204,8.7253,12.375,-66.929
204,8.7253,12.4688,-72.102
204,8.7253,12.5625,-68.73
204,8.7253,12.6562,-73.516
204,8.7253,12.75,-65.332
204,8.7253,12.8438,-62.922
204,8.7253,12.9375,-74.419
204,8.7253,13.0312,-73.01
204,8.7253,13.125,-74.752
204,8.7253,13.2188,-74.295
204,8.7253,13.3125,-71.625
204,8.7253,13.4062,-73.596
204,8.7253,13.5,-78.495
204,8.7253,13.5938,-70.462
204,8.7253,13.6875,-73.894
204,8.7253,13.7812,-74.749
204,8.7253,13.875,-82.424
204,8.7253,13.9688,-83.769
204,8.7253,14.0625,-74.809
204,8.7253,14.1562,-72.559
204,8.7253,14.25,-82.695
204,8.7253,14.3438,-71.61
204,8.7253,14.4375,-73.753
204,8.7253,14.5312,-66.305
204,8.7253,14.625,-88.088
204,8.7253,14.7188,-74.9
204,8.7253,14.8125,-79.541
204,8.7253,14.9062,-85.305
204,8.7253,15.0,-85.458
204,8.7253,15.0938,-90.198
204,8.7253,15.1875,-72.266
204,8.7253,15.2812,-77.291
204,8.7253,15.375,-83.814
204,8.7253,15.4688,-93.644
204,8.7253,15.5625,-86.855
204,8.7253,15.6562,-85.981
204,8.7253,15.75,-82.808
204,8.7253,15.8438,-89.219
204,8.7253,15.9375,-84.918
205,8.768,0.0,-81.075
205,8.768,0.0938,-79.586
205,8.768,0.1875,-61.072
205,8.768,0.2812,-68.26
205,8.768,0.375,-52.602
205,8.768,0.4688,-67.884
205,8.768,0.5625,-59.769
205,8.768,0.6562,-67.015
205,8.768,0.75,-67.161
205,8.768,0.8438,-68.938
205,8.768,0.9375,-69.637
205,8.768,1.0312,-79.219
205,8.768,1.125,-75.628
205,8.768,1.2188,-88.494
205,8.768,1.3125,-85.758
205,8.768,1.4062,-84.482
205,8.768,1.5,-84.128
205,8.768,1.5938,-80.268
205,8.768,1.6875,-86.377
205,8.768,1.7812,-82.203
205,8.768,1.875,-80.548
205,8.768,1.9688,-86.191
205,8.768,2.0625,-92.93
205,8.768,2.1562,-84.687
205,8.768,2.25,-87.967
205,8.768,2.3438,-87.738
205,8.768,2.4375,-85.897
205,8.768,2.5312,-89.609
205,8.768,2.625,-95.688
205,8.768,2.7188,-96.92
205,8.768,2.8125,-93.806
205,8.768,2.9062,-88.736
205,8.768,3.0,-94.166
205,8.768,3.0938,-98.72
205,8.768,3.1875,-84.814
205,8.768,3.2812,-81.31
205,8.768,3.375,-78.273
205,8.768,3.4688,-66.349
205,8.768,3.5625,-78.779
205,8.768,3.6562,-70.904
205,8.768,3.75,-66.675
205,8.768,3.8438,-63.307
205,8.768,3.9375,-69.399
205,8.768,4.0312,-68.773
205,8.768,4.125,-67.743
205,8.768,4.2188,-64.876
205,8.768,4.3125,-67.564
205,8.768,4.4062,-63.443
205,8.768,4.5,-68.307
205,8.768,4.5938,-70.735
205,8.768,4.6875,-75.385
205,8.768,4.7812,-63.75
205,8.768,4.875,-60.512
205,8.768,4.9688,-76.499
205,8.768,5.0625,-75.631
205,8.768,5.1562,-67.384
205,8.768,5.25,-62.547
205,8.768,5.3438,-63.431
205,8.768,5.4375,-67.77
205,8.768,5.5312,-65.628
205,8.768,5.625,-69.186
205,8.768,5.7188,-67.278
205,8.768,5.8125,-65.764
205,8.768,5.9062,-68.966
205,8.768,6.0,-81.654
205,8.768,6.0938,-72.644
205,8.768,6.1875,-63.565
205,8.768,6.2812,-62.934
205,8.768,6.375,-70.504
205,8.768,6.4688,-70.139
205,8.768,6.5625,-66.563
205,8.768,6.6562,-82.98
205,8.768,6.75,-63.621
205,8.768,6.8438,-79.375
205,8.768,6.9375,-63.819
205,8.768,7.0312,-64.678
205,8.768,7.125,-79.492
205,8.768,7.2188,-62.244
205,8.768,7.3125,-68.483
205,8.768,7.4062,-66.225
205,8.768,7.5,-60.955
205,8.768,7.5938,-62.196
205,8.768,7.6875,-63.319
205,8.768,7.7812,-70.856
205,8.768,7.875,-61.731
205,8.768,7.9688,-59.417
205,8.768,8.0625,-57.389
205,8.768,8.1562,-67.688
205,8.768,8.25,-74.443
205,8.768,8.3438,-57.553
205,8.768,8.4375,-63.563
205,8.768,8.5312,-60.143
205,8.768,8.625,-61.704
205,8.768,8.7188,-63.755
205,8.768,8.8125,-64.483
205,8.768,8.9062,-60.358
205,8.768,9.0,-68.799
205,8.768,9.0938,-65.855
205,8.768,9.1875,-62.887
205,8.768,9.2812,-62.673
205,8.768,9.375,-64.037
205,8.768,9.4688,-64.07
205,8.768,9.5625,-67.463
205,8.768,9.6562,-65.329
205,8.768,9.75,-73.701
205,8.768,9.8438,-65.088
205,8.768,9.9375,-66.511
205,8.768,10.0312,-64.268
205,8.768,10.125,-76.384
205,8.768,10.2188,-77.889
205,8.768,10.3125,-68.433
205,8.768,10.4062,-74.535
205,8.768,10.5,-69.847
205,8.768,10.5938,-63.989
205,8.768,10.6875,-69.734
205,8.768,10.7812,-69.842
205,8.768,10.875,-74.586
205,8.768,10.9688,-67.651
205,8.768,11.0625,-81.931
205,8.768,11.1562,-73.562
205,8.768,11.25,-76.474
205,8.768,11.3438,-72.512
205,8.768,11.4375,-77.99
205,8.768,11.5312,-80.994
205,8.768,11.625,-81.727
205,8.768,11.7188,-79.797
205,8.768,11.8125,-69.934
205,8.768,11.9062,-74.839
205,8.768,12.0,-74.54
205,8.768,12.0938,-67.846
205,8.768,12.1875,-88.647
205,8.768,12.2812,-71.706
205,8.768,12.375,-68.649
205,8.768,12.4688,-73.859
205,8.768,12.5625,-80.652
205,8.768,12.6562,-72.625
205,8.768,12.75,-67.014
205,8.768,12.8438,-68.85
205,8.768,12.9375,-76.177
205,8.768,13.0312,-75.884
205,8.768,13.125,-69.09
205,8.768,13.2188,-78.931
205,8.768,13.3125,-74.219
205,8.768,13.4062,-75.571
205,8.768,13.5,-74.815
205,8.768,13.5938,-76.204
205,8.768,13.6875,-74.87
205,8.768,13.7812,-91.948
205,8.768,13.875,-76.847
205,8.768,13.9688,-79.309
205,8.768,14.0625,-84.147
205,8.768,14.1562,-78.929
205,8.768,14.25,-89.78
205,8.768,14.3438,-78.243
205,8.768,14.4375,-72.086
205,8.768,14.5312,-77.058
205,8.768,14.625,-77.26
205,8.768,14.7188,-79.004
205,8.768,14.8125,-73.443
205,8.768,14.9062,-77.307
205,8.768,15.0,-78.862
205,8.768,15.0938,-82.631
205,8.768,15.1875,-96.098
205,8.768,15.2812,-82.697
205,8.768,15.375,-80.913
205,8.768,15.4688,-84.816
205,8.768,15.5625,-90.641
205,8.768,15.6562,-88.008
205,8.768,15.75,-91.295
205,8.768,15.8438,-85.574
205,8.768,15.9375,-90.43
206,8.8107,0.0,-74.904
206,8.8107,0.0938,-44.495
206,8.8107,0.1875,-29.023
206,8.8107,0.2812,-62.51
206,8.8107,0.375,-40.782
206,8.8107,0.4688,-62.757
206,8.8107,0.5625,-51.977
206,8.8107,0.6562,-57.878
206,8.8107,0.75,-59.368
206,8.8107,0.8438,-71.341
206,8.8107,0.9375,-52.64
206,8.8107,1.0312,-69.222
206,8.8107,1.125,-70.711
206,8.8107,1.2188,-71.227
206,8.8107,1.3125,-82.053
206,8.8107,1.4062,-75.303
206,8.8107,1.5,-59.432
206,8.8107,1.5938,-86.219
206,8.8107,1.6875,-63.563
206,8.8107,1.7812,-70.384
206,8.8107,1.875,-65.047
206,8.8107,1.9688,-69.431
206,8.8107,2.0625,-80.705
206,8.8107,2.1562,-81.908
206,8.8107,2.25,-75.308
206,8.8107,2.3438,-75.485
206,8.8107,2.4375,-86.29
206,8.8107,2.5312,-69.074
206,8.8107,2.625,-69.171
206,8.8107,2.7188,-78.853
206,8.8107,2.8125,-76.354
206,8.8107,2.9062,-81.354
206,8.8107,3.0,-93.363
206,8.8107,3.0938,-97.959
206,8.8107,3.1875,-77.887
206,8.8107,3.2812,-84.438
206,8.8107,3.375,-79.372
206,8.8107,3.4688,-73.223
206,8.8107,3.5625,-81.445
206,8.8107,3.6562,-68.27
206,8.8107,3.75,-65.724
206,8.8107,3.8438,-68.89
206,8.8107,3.9375,-66.889
206,8.8107,4.0312,-76.382
206,8.8107,4.125,-65.345
206,8.8107,4.2188,-71.23
206,8.8107,4.3125,-87.064
206,8.8107,4.4062,-71.78
206,8.8107,4.5,-72.364
206,8.8107,4.5938,-72.678
206,8.8107,4.6875,-87.976
206,8.8107,4.7812,-72.284
206,8.8107,4.875,-71.888
206,8.8107,4.9688,-71.862
206,8.8107,5.0625,-75.376
206,8.8107,5.1562,-73.939
206,8.8107,5.25,-73.165
206,8.8107,5.3438,-75.113
206,8.8107,5.4375,-82.744
206,8.8107,5.5312,-78.881
206,8.8107,5.625,-78.865
206,8.8107,5.7188,-70.263
206,8.8107,5.8125,-96.673
206,8.8107,5.9062,-75.174
206,8.8107,6.0,-79.701
206,8.8107,6.0938,-89.112
206,8.8107,6.1875,-75.496
206,8.8107,6.2812,-76.589
206,8.8107,6.375,-65.296
206,8.8107,6.4688,-72.933
206,8.8107,6.5625,-76.173
206,8.8107,6.6562,-80.158
206,8.8107,6.75,-73.282
206,8.8107,6.8438,-72.235
206,8.8107,6.9375,-69.412
206,8.8107,7.0312,-71.373
206,8.8107,7.125,-72.094
206,8.8107,7.2188,-75.953
206,8.8107,7.3125,-65.439
206,8.8107,7.4062,-67.22
206,8.8107,7.5,-64.425
206,8.8107,7.5938,-65.527
206,8.8107,7.6875,-67.323
206,8.8107,7.7812,-71.176
206,8.8107,7.875,-69.09
206,8.8107,7.9688,-72.459
206,8.8107,8.0625,-77.224
206,8.8107,8.1562,-66.962
206,8.8107,8.25,-73.288
206,8.8107,8.3438,-74.278
206,8.8107,8.4375,-82.246
206,8.8107,8.5312,-74.611
206,8.8107,8.625,-67.944
206,8.8107,8.7188,-74.865
206,8.8107,8.8125,-71.719
206,8.8107,8.9062,-85.673
206,8.8107,9.0,-73.06
206,8.8107,9.0938,-73.77
206,8.8107,9.1875,-80.421
206,8.8107,9.2812,-80.598
206,8.8107,9.375,-78.94
206,8.8107,9.4688,-79.884
206,8.8107,9.5625,-85.428
206,8.8107,9.6562,-74.608
206,8.8107,9.75,-70.606
206,8.8107,9.8438,-74.042
206,8.8107,9.9375,-77.166
206,8.8107,10.0312,-77.242
206,8.8107,10.125,-73.456
206,8.8107,10.2188,-85.97
206,8.8107,10.3125,-75.885
206,8.8107,10.4062,-76.277
206,8.8107,10.5,-82.791
206,8.8107,10.5938,-81.0
206,8.8107,10.6875,-77.131
206,8.8107,10.7812,-76.814
206,8.8107,10.875,-76.906
206,8.8107,10.9688,-80.07
206,8.8107,11.0625,-79.76
206,8.8107,11.1562,-82.519
206,8.8107,11.25,-81.569
206,8.8107,11.3438,-84.032
206,8.8107,11.4375,-79.158
206,8.8107,11.5312,-84.523
206,8.8107,11.625,-77.27
206,8.8107,11.7188,-81.908
206,8.8107,11.8125,-89.405
206,8.8107,11.9062,-81.087
206,8.8107,12.0,-83.141
206,8.8107,12.0938,-78.384
206,8.8107,12.1875,-84.891
206,8.8107,12.2812,-77.967
206,8.8107,12.375,-93.788
206,8.8107,12.4688,-83.939
206,8.8107,12.5625,-77.122
206,8.8107,12.6562,-92.903
206,8.8107,12.75,-81.089
206,8.8107,12.8438,-74.295
206,8.8107,12.9375,-76.544
206,8.8107,13.0312,-80.66
206,8.8107,13.125,-72.202
206,8.8107,13.2188,-73.78
206,8.8107,13.3125,-88.119
206,8.8107,13.4062,-79.068
206,8.8107,13.5,-78.947
206,8.8107,13.5938,-88.607
206,8.8107,13.6875,-77.732
206,8.8107,13.7812,-79.145
206,8.8107,13.875,-95.855
206,8.8107,13.9688,-83.938
206,8.8107,14.0625,-77.856
206,8.8107,14.1562,-86.417
206,8.8107,14.25,-86.001
206,8.8107,14.3438,-94.35
206,8.8107,14.4375,-80.264
206,8.8107,14.5312,-80.202
206,8.8107,14.625,-82.301
206,8.8107,14.7188,-78.615
206,8.8107,14.8125,-84.234
206,8.8107,14.9062,-82.194
206,8.8107,15.0,-82.47
206,8.8107,15.0938,-79.59
206,8.8107,15.1875,-81.535
206,8.8107,15.2812,-82.546
206,8.8107,15.375,-79.969
206,8.8107,15.4688,-83.001
206,8.8107,15.5625,-93.031
206,8.8107,15.6562,-90.318
206,8.8107,15.75,-83.324
206,8.8107,15.8438,-86.165
206,8.8107,15.9375,-85.259
207,8.8533,0.0,-84.775
207,8.8533,0.0938,-40.848
207,8.8533,0.1875,-33.004
207,8.8533,0.2812,-66.709
207,8.8533,0.375,-38.927
207,8.8533,0.4688,-66.45
207,8.8533,0.5625,-38.492
207,8.8533,0.6562,-59.754
207,8.8533,0.75,-48.013
207,8.8533,0.8438,-74.873
207,8.8533,0.9375,-48.359
207,8.8533,1.0312,-80.307
207,8.8533,1.125,-55.169
207,8.8533,1.2188,-73.423
207,8.8533,1.3125,-51.859
207,8.8533,1.4062,-71.343
207,8.8533,1.5,-52.168
207,8.8533,1.5938,-67.741
207,8.8533,1.6875,-46.643
207,8.8533,1.7812,-67.509
207,8.8533,1.875,-63.537
207,8.8533,1.9688,-82.517
207,8.8533,2.0625,-65.094
207,8.8533,2.1562,-80.933
207,8.8533,2.25,-62.164
207,8.8533,2.3438,-78.811
207,8.8533,2.4375,-65.724
207,8.8533,2.5312,-76.216
207,8.8533,2.625,-64.268
207,8.8533,2.7188,-96.147
207,8.8533,2.8125,-75.427
207,8.8533,2.9062,-84.689
207,8.8533,3.0,-81.805
207,8.8533,3.0938,-86.395
207,8.8533,3.1875,-90.565
207,8.8533,3.2812,-99.295
207,8.8533,3.375,-93.328
207,8.8533,3.4688,-81.859
207,8.8533,3.5625,-79.887
207,8.8533,3.6562,-76.0
207,8.8533,3.75,-75.507
207,8.8533,3.8438,-81.683
207,8.8533,3.9375,-74.308
207,8.8533,4.0312,-73.413
207,8.8533,4.125,-84.195
207,8.8533,4.2188,-81.379
207,8.8533,4.3125,-82.14
207,8.8533,4.4062,-84.68
207,8.8533,4.5,-80.709
207,8.8533,4.5938,-94.587
207,8.8533,4.6875,-77.226
207,8.8533,4.7812,-79.733
207,8.8533,4.875,-76.719
207,8.8533,4.9688,-94.421
207,8.8533,5.0625,-72.428
207,8.8533,5.1562,-83.424
207,8.8533,5.25,-76.147
207,8.8533,5.3438,-86.42
207,8.8533,5.4375,-94.365
207,8.8533,5.5312,-91.614
207,8.8533,5.625,-79.863
207,8.8533,5.7188,-93.627
207,8.8533,5.8125,-83.706
207,8.8533,5.9062,-85.659
207,8.8533,6.0,-89.472
207,8.8533,6.0938,-78.062
207,8.8533,6.1875,-75.297
207,8.8533,6.2812,-83.333
207,8.8533,6.375,-73.456
207,8.8533,6.4688,-83.101
207,8.8533,6.5625,-75.304
207,8.8533,6.6562,-76.396
207,8.8533,6.75,-72.473
207,8.8533,6.8438,-74.838
207,8.8533,6.9375,-78.898
207,8.8533,7.0312,-77.295
207,8.8533,7.125,-73.241
207,8.8533,7.2188,-71.906
207,8.8533,7.3125,-73.135
207,8.8533,7.4062,-90.728
207,8.8533,7.5,-84.033
207,8.8533,7.5938,-78.076
207,8.8533,7.6875,-79.459
207,8.8533,7.7812,-73.315
207,8.8533,7.875,-72.73
207,8.8533,7.9688,-76.685
207,8.8533,8.0625,-70.893
207,8.8533,8.1562,-70.107
207,8.8533,8.25,-67.242
207,8.8533,8.3438,-68.146
207,8.8533,8.4375,-65.113
207,8.8533,8.5312,-67.071
207,8.8533,8.625,-68.001
207,8.8533,8.7188,-75.32
207,8.8533,8.8125,-72.017
207,8.8533,8.9062,-78.685
207,8.8533,9.0,-74.148
207,8.8533,9.0938,-79.928
207,8.8533,9.1875,-68.694
207,8.8533,9.2812,-82.215
207,8.8533,9.375,-81.876
207,8.8533,9.4688,-72.156
207,8.8533,9.5625,-77.01
207,8.8533,9.6562,-79.213
207,8.8533,9.75,-76.582
207,8.8533,9.8438,-85.58
207,8.8533,9.9375,-77.149
207,8.8533,10.0312,-79.785
207,8.8533,10.125,-67.749
207,8.8533,10.2188,-76.094
207,8.8533,10.3125,-84.783
207,8.8533,10.4062,-80.69
207,8.8533,10.5,-79.697
207,8.8533,10.5938,-95.118
207,8.8533,10.6875,-80.906
207,8.8533,10.7812,-88.505
207,8.8533,10.875,-84.66
207,8.8533,10.9688,-89.984
207,8.8533,11.0625,-71.552
207,8.8533,11.1562,-78.802
207,8.8533,11.25,-70.519
207,8.8533,11.3438,-82.306
207,8.8533,11.4375,-80.798
207,8.8533,11.5312,-89.119
207,8.8533,11.625,-92.201
207,8.8533,11.7188,-95.333
207,8.8533,11.8125,-87.385
207,8.8533,11.9062,-81.446
207,8.8533,12.0,-77.812
207,8.8533,12.0938,-82.038
207,8.8533,12.1875,-80.359
207,8.8533,12.2812,-76.741
207,8.8533,12.375,-74.401
207,8.8533,12.4688,-72.991
207,8.8533,12.5625,-70.063
207,8.8533,12.6562,-80.494
207,8.8533,12.75,-74.57
207,8.8533,12.8438,-79.005
207,8.8533,12.9375,-75.27
207,8.8533,13.0312,-66.872
207,8.8533,13.125,-74.439
207,8.8533,13.2188,-69.472
207,8.8533,13.3125,-84.189
207,8.8533,13.4062,-77.823
207,8.8533,13.5,-81.232
207,8.8533,13.5938,-78.456
207,8.8533,13.6875,-87.954
207,8.8533,13.7812,-94.193
207,8.8533,13.875,-81.528
207,8.8533,13.9688,-85.581
207,8.8533,14.0625,-77.813
207,8.8533,14.1562,-82.37
207,8.8533,14.25,-79.822
207,8.8533,14.3438,-86.969
207,8.8533,14.4375,-90.467
207,8.8533,14.5312,-93.245
207,8.8533,14.625,-92.256
207,8.8533,14.7188,-87.976
207,8.8533,14.8125,-93.74
207,8.8533,14.9062,-90.644
207,8.8533,15.0,-98.877
207,8.8533,15.0938,-96.739
207,8.8533,15.1875,-96.314
207,8.8533,15.2812,-94.434
207,8.8533,15.375,-91.768
207,8.8533,15.4688,-93.732
207,8.8533,15.5625,-98.713
207,8.8533,15.6562,-96.385
207,8.8533,15.75,-95.421
207,8.8533,15.8438,-97.58
207,8.8533,15.9375,-95.896
208,8.896,0.0,-60.281
208,8.896,0.0938,-40.457
208,8.896,0.1875,-33.763
208,8.896,0.2812,-70.095
208,8.896,0.375,-37.181
208,8.896,0.4688,-66.013
208,8.896,0.5625,-38.716
208,8.896,0.6562,-59.589
208,8.896,0.75,-46.612
208,8.896,0.8438,-74.228
208,8.896,0.9375,-49.854
208,8.896,1.0312,-76.606
208,8.896,1.125,-50.293
208,8.896,1.2188,-83.751
208,8.896,1.3125,-51.292
208,8.896,1.4062,-65.723
208,8.896,1.5,-42.362
208,8.896,1.5938,-61.549
208,8.896,1.6875,-48.44
208,8.896,1.7812,-81.809
208,8.896,1.875,-62.067
208,8.896,1.9688,-78.738
208,8.896,2.0625,-62.326
208,8.896,2.1562,-90.795
208,8.896,2.25,-60.659
208,8.896,2.3438,-73.929
208,8.896,2.4375,-61.308
208,8.896,2.5312,-84.994
208,8.896,2.625,-68.818
208,8.896,2.7188,-90.618
208,8.896,2.8125,-72.831
208,8.896,2.9062,-91.273
208,8.896,3.0,-79.1
208,8.896,3.0938,-97.377
208,8.896,3.1875,-81.927
208,8.896,3.2812,-87.933
208,8.896,3.375,-85.47
208,8.896,3.4688,-86.912
208,8.896,3.5625,-78.141
208,8.896,3.6562,-84.561
208,8.896,3.75,-81.288
208,8.896,3.8438,-79.115
208,8.896,3.9375,-83.464
208,8.896,4.0312,-78.144
208,8.896,4.125,-86.531
208,8.896,4.2188,-85.718
208,8.896,4.3125,-90.352
208,8.896,4.4062,-86.443
208,8.896,4.5,-81.559
208,8.896,4.5938,-83.324
208,8.896,4.6875,-86.64
208,8.896,4.7812,-71.212
208,8.896,4.875,-68.227
208,8.896,4.9688,-79.97
208,8.896,5.0625,-89.357
208,8.896,5.1562,-83.073
208,8.896,5.25,-81.652
208,8.896,5.3438,-90.631
208,8.896,5.4375,-82.395
208,8.896,5.5312,-83.429
208,8.896,5.625,-84.001
208,8.896,5.7188,-82.792
208,8.896,5.8125,-85.204
208,8.896,5.9062,-83.783
208,8.896,6.0,-68.793
208,8.896,6.0938,-73.455
208,8.896,6.1875,-81.893
208,8.896,6.2812,-71.441
208,8.896,6.375,-91.218
208,8.896,6.4688,-73.226
208,8.896,6.5625,-79.252
208,8.896,6.6562,-73.321
208,8.896,6.75,-69.904
208,8.896,6.8438,-77.488
208,8.896,6.9375,-90.592
208,8.896,7.0312,-89.866
208,8.896,7.125,-87.804
208,8.896,7.2188,-87.68
208,8.896,7.3125,-86.748
208,8.896,7.4062,-81.986
208,8.896,7.5,-78.847
208,8.896,7.5938,-84.844
208,8.896,7.6875,-76.552
208,8.896,7.7812,-80.248
208,8.896,7.875,-68.405
208,8.896,7.9688,-81.449
208,8.896,8.0625,-70.13
208,8.896,8.1562,-73.622
208,8.896,8.25,-78.786
208,8.896,8.3438,-77.104
208,8.896,8.4375,-70.715
208,8.896,8.5312,-70.691
208,8.896,8.625,-79.48
208,8.896,8.7188,-68.825
208,8.896,8.8125,-66.087
208,8.896,8.9062,-68.628
208,8.896,9.0,-70.954
208,8.896,9.0938,-79.598
208,8.896,9.1875,-81.739
208,8.896,9.2812,-72.03
208,8.896,9.375,-74.703
208,8.896,9.4688,-76.612
208,8.896,9.5625,-72.682
208,8.896,9.6562,-78.813
208,8.896,9.75,-72.52
208,8.896,9.8438,-80.076
208,8.896,9.9375,-75.201
208,8.896,10.0312,-73.48
208,8.896,10.125,-72.534
208,8.896,10.2188,-86.548
208,8.896,10.3125,-94.256
208,8.896,10.4062,-85.103
208,8.896,10.5,-77.053
208,8.896,10.5938,-85.464
208,8.896,10.6875,-75.514
208,8.896,10.7812,-82.238
208,8.896,10.875,-75.283
208,8.896,10.9688,-82.775
208,8.896,11.0625,-77.718
208,8.896,11.1562,-75.017
208,8.896,11.25,-81.845
208,8.896,11.3438,-77.598
208,8.896,11.4375,-79.476
208,8.896,11.5312,-77.803
208,8.896,11.625,-77.517
208,8.896,11.7188,-75.415
208,8.896,11.8125,-79.206
208,8.896,11.9062,-77.962
208,8.896,12.0,-76.074
208,8.896,12.0938,-73.05
208,8.896,12.1875,-74.733
208,8.896,12.2812,-74.218
208,8.896,12.375,-78.154
208,8.896,12.4688,-75.001
208,8.896,12.5625,-74.708
208,8.896,12.6562,-93.772
208,8.896,12.75,-84.336
208,8.896,12.8438,-81.613
208,8.896,12.9375,-75.348
208,8.896,13.0312,-77.202
208,8.896,13.125,-77.76
208,8.896,13.2188,-82.755
208,8.896,13.3125,-88.274
208,8.896,13.4062,-93.655
208,8.896,13.5,-90.023
208,8.896,13.5938,-89.397
208,8.896,13.6875,-90.191
208,8.896,13.7812,-92.44
208,8.896,13.875,-89.918
208,8.896,13.9688,-94.25
208,8.896,14.0625,-88.836
208,8.896,14.1562,-87.031
208,8.896,14.25,-83.394
208,8.896,14.3438,-84.92
208,8.896,14.4375,-89.158
208,8.896,14.5312,-94.704
208,8.896,14.625,-92.844
208,8.896,14.7188,-93.264
208,8.896,14.8125,-92.836
208,8.896,14.9062,-93.841
208,8.896,15.0,-96.414
208,8.896,15.0938,-95.542
208,8.896,15.1875,-94.952
208,8.896,15.2812,-96.44
208,8.896,15.375,-97.406
208,8.896,15.4688,-95.896
208,8.896,15.5625,-94.454
208,8.896,15.6562,-95.611
208,8.896,15.75,-93.607
208,8.896,15.8438,-98.375
208,8.896,15.9375,-92.343
209,8.9387,0.0,-68.44
209,8.9387,0.0938,-39.73
209,8.9387,0.1875,-34.7
209,8.9387,0.2812,-72.299
209,8.9387,0.375,-41.033
209,8.9387,0.4688,-79.821
209,8.9387,0.5625,-41.214
209,8.9387,0.6562,-56.701
209,8.9387,0.75,-57.551
209,8.9387,0.8438,-67.656
209,8.9387,0.9375,-81.495
209,8.9387,1.0312,-67.381
209,8.9387,1.125,-69.062
209,8.9387,1.2188,-63.396
209,8.9387,1.3125,-73.479
209,8.9387,1.4062,-58.598
209,8.9387,1.5,-52.097
209,8.9387,1.5938,-44.453
209,8.9387,1.6875,-76.387
209,8.9387,1.7812,-65.337
209,8.9387,1.875,-71.317
209,8.9387,1.9688,-65.793
209,8.9387,2.0625,-84.353
209,8.9387,2.1562,-79.702
209,8.9387,2.25,-78.062
209,8.9387,2.3438,-63.186
209,8.9387,2.4375,-65.837
209,8.9387,2.5312,-78.861
209,8.9387,2.625,-79.07
209,8.9387,2.7188,-71.095
209,8.9387,2.8125,-75.453
209,8.9387,2.9062,-82.642
209,8.9387,3.0,-94.458
209,8.9387,3.0938,-80.767
209,8.9387,3.1875,-87.625
209,8.9387,3.2812,-83.858
209,8.9387,3.375,-90.872
209,8.9387,3.4688,-80.708
209,8.9387,3.5625,-82.708
209,8.9387,3.6562,-80.209
209,8.9387,3.75,-81.623
209,8.9387,3.8438,-80.749
209,8.9387,3.9375,-82.626
209,8.9387,4.0312,-78.717
209,8.9387,4.125,-90.095
209,8.9387,4.2188,-90.205
209,8.9387,4.3125,-90.592
209,8.9387,4.4062,-85.387
209,8.9387,4.5,-83.806
209,8.9387,4.5938,-87.86
209,8.9387,4.6875,-87.238
209,8.9387,4.7812,-89.546
209,8.9387,4.875,-72.671
209,8.9387,4.9688,-69.933
209,8.9387,5.0625,-80.712
209,8.9387,5.1562,-78.723
209,8.9387,5.25,-70.557
209,8.9387,5.3438,-74.616
209,8.9387,5.4375,-85.43
209,8.9387,5.5312,-94.391
209,8.9387,5.625,-83.119
209,8.9387,5.7188,-82.559
209,8.9387,5.8125,-85.588
209,8.9387,5.9062,-84.383
209,8.9387,6.0,-76.756
209,8.9387,6.0938,-71.389
209,8.9387,6.1875,-79.499
209,8.9387,6.2812,-77.888
209,8.9387,6.375,-70.025
209,8.9387,6.4688,-79.064
209,8.9387,6.5625,-81.105
209,8.9387,6.6562,-79.571
209,8.9387,6.75,-80.206
209,8.9387,6.8438,-76.084
209,8.9387,6.9375,-74.172
209,8.9387,7.0312,-76.704
209,8.9387,7.125,-78.706
209,8.9387,7.2188,-77.362
209,8.9387,7.3125,-81.634
209,8.9387,7.4062,-79.761
209,8.9387,7.5,-77.34
209,8.9387,7.5938,-99.979
209,8.9387,7.6875,-87.415
209,8.9387,7.7812,-77.322
209,8.9387,7.875,-81.586
209,8.9387,7.9688,-75.868
209,8.9387,8.0625,-71.93
209,8.9387,8.1562,-71.811
209,8.9387,8.25,-71.236
209,8.9387,8.3438,-70.26
209,8.9387,8.4375,-71.168
209,8.9387,8.5312,-70.755
209,8.9387,8.625,-80.995
209,8.9387,8.7188,-90.905
209,8.9387,8.8125,-71.337
209,8.9387,8.9062,-73.431
209,8.9387,9.0,-81.304
209,8.9387,9.0938,-64.355
209,8.9387,9.1875,-77.081
209,8.9387,9.2812,-78.757
209,8.9387,9.375,-82.311
209,8.9387,9.4688,-73.949
209,8.9387,9.5625,-90.434
209,8.9387,9.6562,-75.538
209,8.9387,9.75,-73.019
209,8.9387,9.8438,-70.431
209,8.9387,9.9375,-71.405
209,8.9387,10.0312,-72.99
209,8.9387,10.125,-72.192
209,8.9387,10.2188,-73.58
209,8.9387,10.3125,-72.541
209,8.9387,10.4062,-72.644
209,8.9387,10.5,-75.135
209,8.9387,10.5938,-84.974
209,8.9387,10.6875,-84.738
209,8.9387,10.7812,-82.067
209,8.9387,10.875,-82.639
209,8.9387,10.9688,-82.75
209,8.9387,11.0625,-83.621
209,8.9387,11.1562,-89.699
209,8.9387,11.25,-77.71
209,8.9387,11.3438,-82.584
209,8.9387,11.4375,-87.111
209,8.9387,11.5312,-74.789
209,8.9387,11.625,-78.567
209,8.9387,11.7188,-73.923
209,8.9387,11.8125,-87.403
209,8.9387,11.9062,-76.698
209,8.9387,12.0,-73.574
209,8.9387,12.0938,-69.759
209,8.9387,12.1875,-72.039
209,8.9387,12.2812,-68.039
209,8.9387,12.375,-69.166
209,8.9387,12.4688,-68.465
209,8.9387,12.5625,-67.39
209,8.9387,12.6562,-69.544
209,8.9387,12.75,-73.123
209,8.9387,12.8438,-72.618
209,8.9387,12.9375,-76.733
209,8.9387,13.0312,-71.511
209,8.9387,13.125,-89.302
209,8.9387,13.2188,-78.936
209,8.9387,13.3125,-89.441
209,8.9387,13.4062,-77.188
209,8.9387,13.5,-98.81
209,8.9387,13.5938,-85.901
209,8.9387,13.6875,-94.254
209,8.9387,13.7812,-91.712
209,8.9387,13.875,-92.983
209,8.9387,13.9688,-90.381
209,8.9387,14.0625,-84.519
209,8.9387,14.1562,-88.032
209,8.9387,14.25,-91.62
209,8.9387,14.3438,-84.812
209,8.9387,14.4375,-92.141
209,8.9387,14.5312,-89.955
209,8.9387,14.625,-91.518
209,8.9387,14.7188,-97.505
209,8.9387,14.8125,-94.621
209,8.9387,14.9062,-99.416
209,8.9387,15.0,-94.915
209,8.9387,15.0938,-91.34
209,8.9387,15.1875,-98.269
209,8.9387,15.2812,-95.157
209,8.9387,15.375,-97.422
209,8.9387,15.4688,-98.305
209,8.9387,15.5625,-97.094
209,8.9387,15.6562,-99.492
209,8.9387,15.75,-97.45
209,8.9387,15.8438,-96.19
209,8.9387,15.9375,-98.878
210,8.9813,0.0,-72.388
210,8.9813,0.0938,-39.044
210,8.9813,0.1875,-37.829
210,8.9813,0.2812,-72.574
210,8.9813,0.375,-70.83
210,8.9813,0.4688,-83.706
210,8.9813,0.5625,-54.599
210,8.9813,0.6562,-48.376
210,8.9813,0.75,-64.118
210,8.9813,0.8438,-47.636
210,8.9813,0.9375,-72.383
210,8.9813,1.0312,-51.814
210,8.9813,1.125,-71.807
210,8.9813,1.2188,-65.638
210,8.9813,1.3125,-79.685
210,8.9813,1.4062,-64.54
210,8.9813,1.5,-58.209
210,8.9813,1.5938,-60.609
210,8.9813,1.6875,-47.99
210,8.9813,1.7812,-76.025
210,8.9813,1.875,-52.373
210,8.9813,1.9688,-93.136
210,8.9813,2.0625,-71.207
210,8.9813,2.1562,-78.642
210,8.9813,2.25,-80.134
210,8.9813,2.3438,-74.765
210,8.9813,2.4375,-80.22
210,8.9813,2.5312,-75.666
210,8.9813,2.625,-96.29
210,8.9813,2.7188,-66.006
210,8.9813,2.8125,-81.119
210,8.9813,2.9062,-83.392
210,8.9813,3.0,-86.108
210,8.9813,3.0938,-88.503
210,8.9813,3.1875,-92.147
210,8.9813,3.2812,-85.675
210,8.9813,3.375,-88.559
210,8.9813,3.4688,-86.327
210,8.9813,3.5625,-78.445
210,8.9813,3.6562,-89.001
210,8.9813,3.75,-79.539
210,8.9813,3.8438,-80.62
210,8.9813,3.9375,-83.342
210,8.9813,4.0312,-88.302
210,8.9813,4.125,-87.056
210,8.9813,4.2188,-90.953
210,8.9813,4.3125,-93.959
210,8.9813,4.4062,-87.532
210,8.9813,4.5,-89.248
210,8.9813,4.5938,-92.201
210,8.9813,4.6875,-82.039
210,8.9813,4.7812,-83.509
210,8.9813,4.875,-82.365
210,8.9813,4.9688,-82.117
210,8.9813,5.0625,-81.81
210,8.9813,5.1562,-69.304
210,8.9813,5.25,-76.72
210,8.9813,5.3438,-72.895
210,8.9813,5.4375,-73.692
210,8.9813,5.5312,-87.878
210,8.9813,5.625,-78.713
210,8.9813,5.7188,-83.522
210,8.9813,5.8125,-75.909
210,8.9813,5.9062,-78.828
210,8.9813,6.0,-81.552
210,8.9813,6.0938,-75.952
210,8.9813,6.1875,-74.719
210,8.9813,6.2812,-66.57
210,8.9813,6.375,-74.404
210,8.9813,6.4688,-63.94
210,8.9813,6.5625,-76.118
210,8.9813,6.6562,-71.378
210,8.9813,6.75,-71.547
210,8.9813,6.8438,-71.726
210,8.9813,6.9375,-71.037
210,8.9813,7.0312,-76.536
210,8.9813,7.125,-72.027
210,8.9813,7.2188,-73.311
210,8.9813,7.3125,-77.333
210,8.9813,7.4062,-83.986
210,8.9813,7.5,-89.067
210,8.9813,7.5938,-81.519
210,8.9813,7.6875,-78.907
210,8.9813,7.7812,-78.435
210,8.9813,7.875,-76.671
210,8.9813,7.9688,-82.242
210,8.9813,8.0625,-82.978
210,8.9813,8.1562,-72.616
210,8.9813,8.25,-84.144
210,8.9813,8.3438,-88.061
210,8.9813,8.4375,-83.466
210,8.9813,8.5312,-76.13
210,8.9813,8.625,-74.129
210,8.9813,8.7188,-67.539
210,8.9813,8.8125,-71.2
210,8.9813,8.9062,-65.938
210,8.9813,9.0,-65.681
210,8.9813,9.0938,-66.422
210,8.9813,9.1875,-78.209
210,8.9813,9.2812,-81.958
210,8.9813,9.375,-71.397
210,8.9813,9.4688,-76.359
210,8.9813,9.5625,-75.409
210,8.9813,9.6562,-91.495
210,8.9813,9.75,-81.057
210,8.9813,9.8438,-78.866
210,8.9813,9.9375,-78.876
210,8.9813,10.0312,-67.212
210,8.9813,10.125,-74.311
210,8.9813,10.2188,-70.862
210,8.9813,10.3125,-87.508
210,8.9813,10.4062,-79.277
210,8.9813,10.5,-80.518
210,8.9813,10.5938,-76.562
210,8.9813,10.6875,-86.414
210,8.9813,10.7812,-74.442
210,8.9813,10.875,-77.565
210,8.9813,10.9688,-72.922
210,8.9813,11.0625,-77.9
210,8.9813,11.1562,-81.69
210,8.9813,11.25,-86.836
210,8.9813,11.3438,-84.331
210,8.9813,11.4375,-84.308
210,8.9813,11.5312,-79.14
210,8.9813,11.625,-80.373
210,8.9813,11.7188,-79.276
210,8.9813,11.8125,-82.077
210,8.9813,11.9062,-85.92
210,8.9813,12.0,-92.768
210,8.9813,12.0938,-80.079
210,8.9813,12.1875,-74.481
210,8.9813,12.2812,-80.536
210,8.9813,12.375,-70.954
210,8.9813,12.4688,-77.394
210,8.9813,12.5625,-71.843
210,8.9813,12.6562,-70.587
210,8.9813,12.75,-70.025
210,8.9813,12.8438,-77.282
210,8.9813,12.9375,-66.399
210,8.9813,13.0312,-83.373
210,8.9813,13.125,-74.272
210,8.9813,13.2188,-82.448
210,8.9813,13.3125,-86.756
210,8.9813,13.4062,-72.177
210,8.9813,13.5,-78.893
210,8.9813,13.5938,-72.915
210,8.9813,13.6875,-77.568
210,8.9813,13.7812,-89.342
210,8.9813,13.875,-84.579
210,8.9813,13.9688,-87.226
210,8.9813,14.0625,-92.967
210,8.9813,14.1562,-84.157
210,8.9813,14.25,-84.376
210,8.9813,14.3438,-86.873
210,8.9813,14.4375,-78.109
210,8.9813,14.5312,-86.459
210,8.9813,14.625,-87.518
210,8.9813,14.7188,-78.581
210,8.9813,14.8125,-84.276
210,8.9813,14.9062,-83.787
210,8.9813,15.0,-88.865
210,8.9813,15.0938,-89.042
210,8.9813,15.1875,-95.517
210,8.9813,15.2812,-82.667
210,8.9813,15.375,-90.542
210,8.9813,15.4688,-83.474
210,8.9813,15.5625,-83.297
210,8.9813,15.6562,-94.983
210,8.9813,15.75,-86.054
210,8.9813,15.8438,-96.391
210,8.9813,15.9375,-94.818
211,9.024,0.0,-60.945
211,9.024,0.0938,-39.053
211,9.024,0.1875,-37.955
211,9.024,0.2812,-87.189
211,9.024,0.375,-52.575
211,9.024,0.4688,-71.656
211,9.024,0.5625,-56.195
211,9.024,0.6562,-50.004
211,9.024,0.75,-65.276
211,9.024,0.8438,-50.298
211,9.024,0.9375,-67.926
211,9.024,1.0312,-54.876
211,9.024,1.125,-66.048
211,9.024,1.2188,-56.88
211,9.024,1.3125,-74.859
211,9.024,1.4062,-58.789
211,9.024,1.5,-60.091
211,9.024,1.5938,-76.292
211,9.024,1.6875,-58.243
211,9.024,1.7812,-84.918
211,9.024,1.875,-59.407
211,9.024,1.9688,-87.291
211,9.024,2.0625,-70.22
211,9.024,2.1562,-78.601
211,9.024,2.25,-69.902
211,9.024,2.3438,-73.18
211,9.024,2.4375,-83.87
211,9.024,2.5312,-74.671
211,9.024,2.625,-92.613
211,9.024,2.7188,-77.728
211,9.024,2.8125,-94.139
211,9.024,2.9062,-87.397
211,9.024,3.0,-97.564
211,9.024,3.0938,-91.871
211,9.024,3.1875,-91.334
211,9.024,3.2812,-98.825
211,9.024,3.375,-89.164
211,9.024,3.4688,-89.088
211,9.024,3.5625,-84.169
211,9.024,3.6562,-81.272
211,9.024,3.75,-77.181
211,9.024,3.8438,-83.414
211,9.024,3.9375,-83.08
211,9.024,4.0312,-84.691
211,9.024,4.125,-92.004
211,9.024,4.2188,-89.924
211,9.024,4.3125,-89.848
211,9.024,4.4062,-93.833
211,9.024,4.5,-90.461
211,9.024,4.5938,-87.205
211,9.024,4.6875,-86.182
211,9.024,4.7812,-81.258
211,9.024,4.875,-84.995
211,9.024,4.9688,-79.168
211,9.024,5.0625,-78.728
211,9.024,5.1562,-72.207
211,9.024,5.25,-79.838
211,9.024,5.3438,-78.265
211,9.024,5.4375,-76.673
211,9.024,5.5312,-92.931
211,9.024,5.625,-83.54
211,9.024,5.7188,-89.56
211,9.024,5.8125,-96.243
211,9.024,5.9062,-97.817
211,9.024,6.0,-98.921
211,9.024,6.0938,-90.406
211,9.024,6.1875,-91.148
211,9.024,6.2812,-74.274
211,9.024,6.375,-82.971
211,9.024,6.4688,-74.814
211,9.024,6.5625,-86.819
211,9.024,6.6562,-78.76
211,9.024,6.75,-77.872
211,9.024,6.8438,-81.465
211,9.024,6.9375,-77.118
211,9.024,7.0312,-75.146
211,9.024,7.125,-74.748
211,9.024,7.2188,-80.099
211,9.024,7.3125,-83.544
211,9.024,7.4062,-86.512
211,9.024,7.5,-81.173
211,9.024,7.5938,-84.458
211,9.024,7.6875,-83.532
211,9.024,7.7812,-81.852
211,9.024,7.875,-81.825
211,9.024,7.9688,-84.706
211,9.024,8.0625,-79.648
211,9.024,8.1562,-77.621
211,9.024,8.25,-80.517
211,9.024,8.3438,-78.695
211,9.024,8.4375,-88.234
211,9.024,8.5312,-75.17
211,9.024,8.625,-73.99
211,9.024,8.7188,-72.158
211,9.024,8.8125,-78.879
211,9.024,8.9062,-80.03
211,9.024,9.0,-79.177
211,9.024,9.0938,-71.948
211,9.024,9.1875,-82.08
211,9.024,9.2812,-66.905
211,9.024,9.375,-62.195
211,9.024,9.4688,-78.995
211,9.024,9.5625,-75.366
211,9.024,9.6562,-80.043
211,9.024,9.75,-98.224
211,9.024,9.8438,-85.058
211,9.024,9.9375,-85.901
211,9.024,10.0312,-83.346
211,9.024,10.125,-83.883
211,9.024,10.2188,-80.871
211,9.024,10.3125,-76.099
211,9.024,10.4062,-74.859
211,9.024,10.5,-76.433
211,9.024,10.5938,-84.239
211,9.024,10.6875,-76.059
211,9.024,10.7812,-82.091
211,9.024,10.875,-81.688
211,9.024,10.9688,-86.577
211,9.024,11.0625,-80.674
211,9.024,11.1562,-85.235
211,9.024,11.25,-82.551
211,9.024,11.3438,-83.02
211,9.024,11.4375,-97.508
211,9.024,11.5312,-85.121
211,9.024,11.625,-87.145
211,9.024,11.7188,-81.823
211,9.024,11.8125,-76.556
211,9.024,11.9062,-89.763
211,9.024,12.0,-82.713
211,9.024,12.0938,-89.126
211,9.024,12.1875,-72.453
211,9.024,12.2812,-81.069
211,9.024,12.375,-74.706
211,9.024,12.4688,-84.076
211,9.024,12.5625,-83.959
211,9.024,12.6562,-78.092
211,9.024,12.75,-77.77
211,9.024,12.8438,-72.805
211,9.024,12.9375,-74.885
211,9.024,13.0312,-71.466
211,9.024,13.125,-82.099
211,9.024,13.2188,-73.585
211,9.024,13.3125,-80.502
211,9.024,13.4062,-81.961
211,9.024,13.5,-80.968
211,9.024,13.5938,-79.976
211,9.024,13.6875,-90.008
211,9.024,13.7812,-83.551
211,9.024,13.875,-79.274
211,9.024,13.9688,-80.38
211,9.024,14.0625,-79.442
211,9.024,14.1562,-88.597
211,9.024,14.25,-85.881
211,9.024,14.3438,-84.187
211,9.024,14.4375,-88.692
211,9.024,14.5312,-80.516
211,9.024,14.625,-83.125
211,9.024,14.7188,-81.964
211,9.024,14.8125,-83.725
211,9.024,14.9062,-83.608
211,9.024,15.0,-90.339
211,9.024,15.0938,-91.878
211,9.024,15.1875,-85.33
211,9.024,15.2812,-95.392
211,9.024,15.375,-92.659
211,9.024,15.4688,-97.833
211,9.024,15.5625,-95.248
211,9.024,15.6562,-93.197
211,9.024,15.75,-97.063
211,9.024,15.8438,-94.777
211,9.024,15.9375,-99.42
212,9.0667,0.0,-55.66
212,9.0667,0.0938,-38.927
212,9.0667,0.1875,-35.084
212,9.0667,0.2812,-73.966
212,9.0667,0.375,-59.452
212,9.0667,0.4688,-68.235
212,9.0667,0.5625,-52.438
212,9.0667,0.6562,-63.389
212,9.0667,0.75,-68.01
212,9.0667,0.8438,-69.203
212,9.0667,0.9375,-69.013
212,9.0667,1.0312,-64.542
212,9.0667,1.125,-75.397
212,9.0667,1.2188,-72.217
212,9.0667,1.3125,-74.488
212,9.0667,1.4062,-68.313
212,9.0667,1.5,-70.058
212,9.0667,1.5938,-76.487
212,9.0667,1.6875,-73.459
212,9.0667,1.7812,-85.776
212,9.0667,1.875,-76.629
212,9.0667,1.9688,-85.19
212,9.0667,2.0625,-79.888
212,9.0667,2.1562,-84.912
212,9.0667,2.25,-69.353
212,9.0667,2.3438,-81.757
212,9.0667,2.4375,-71.357
212,9.0667,2.5312,-78.018
212,9.0667,2.625,-90.243
212,9.0667,2.7188,-99.123
212,9.0667,2.8125,-90.555
212,9.0667,2.9062,-89.801
212,9.0667,3.0,-98.86
212,9.0667,3.0938,-94.709
212,9.0667,3.1875,-95.966
212,9.0667,3.2812,-98.092
212,9.0667,3.375,-94.561
212,9.0667,3.4688,-91.735
212,9.0667,3.5625,-98.843
212,9.0667,3.6562,-95.739
212,9.0667,3.75,-82.714
212,9.0667,3.8438,-90.822
212,9.0667,3.9375,-94.05
212,9.0667,4.0312,-88.055
212,9.0667,4.125,-92.076
212,9.0667,4.2188,-85.507
212,9.0667,4.3125,-87.915
212,9.0667,4.4062,-84.642
212,9.0667,4.5,-89.211
212,9.0667,4.5938,-97.459
212,9.0667,4.6875,-92.62
212,9.0667,4.7812,-92.08
212,9.0667,4.875,-82.385
212,9.0667,4.9688,-85.057
212,9.0667,5.0625,-85.594
212,9.0667,5.1562,-88.712
212,9.0667,5.25,-97.505
212,9.0667,5.3438,-87.693
212,9.0667,5.4375,-92.243
212,9.0667,5.5312,-91.295
212,9.0667,5.625,-96.647
212,9.0667,5.7188,-83.161
212,9.0667,5.8125,-97.866
212,9.0667,5.9062,-97.001
212,9.0667,6.0,-95.483
212,9.0667,6.0938,-98.1
212,9.0667,6.1875,-88.135
212,9.0667,6.2812,-90.015
212,9.0667,6.375,-93.942
212,9.0667,6.4688,-96.845
212,9.0667,6.5625,-93.123
212,9.0667,6.6562,-94.934
212,9.0667,6.75,-94.93
212,9.0667,6.8438,-94.955
212,9.0667,6.9375,-92.924
212,9.0667,7.0312,-91.287
212,9.0667,7.125,-94.575
212,9.0667,7.2188,-86.123
212,9.0667,7.3125,-94.313
212,9.0667,7.4062,-88.328
212,9.0667,7.5,-91.033
212,9.0667,7.5938,-92.479
212,9.0667,7.6875,-92.078
212,9.0667,7.7812,-88.449
212,9.0667,7.875,-91.421
212,9.0667,7.9688,-90.59
212,9.0667,8.0625,-99.944
212,9.0667,8.1562,-93.255
212,9.0667,8.25,-89.792
212,9.0667,8.3438,-89.627
212,9.0667,8.4375,-90.439
212,9.0667,8.5312,-86.927
212,9.0667,8.625,-88.329
212,9.0667,8.7188,-88.117
212,9.0667,8.8125,-97.369
212,9.0667,8.9062,-90.615
212,9.0667,9.0,-94.04
212,9.0667,9.0938,-99.78
212,9.0667,9.1875,-96.137
212,9.0667,9.2812,-87.59
212,9.0667,9.375,-93.326
212,9.0667,9.4688,-85.784
212,9.0667,9.5625,-84.673
212,9.0667,9.6562,-82.566
212,9.0667,9.75,-83.536
212,9.0667,9.8438,-80.94
212,9.0667,9.9375,-86.092
212,9.0667,10.0312,-92.127
212,9.0667,10.125,-79.891
212,9.0667,10.2188,-89.548
212,9.0667,10.3125,-85.108
212,9.0667,10.4062,-95.573
212,9.0667,10.5,-92.647
212,9.0667,10.5938,-92.874
212,9.0667,10.6875,-94.619
212,9.0667,10.7812,-98.188
212,9.0667,10.875,-89.203
212,9.0667,10.9688,-95.274
212,9.0667,11.0625,-95.024
212,9.0667,11.1562,-94.678
212,9.0667,11.25,-92.476
212,9.0667,11.3438,-97.495
212,9.0667,11.4375,-91.848
212,9.0667,11.5312,-91.477
212,9.0667,11.625,-89.812
212,9.0667,11.7188,-92.398
212,9.0667,11.8125,-90.72
212,9.0667,11.9062,-81.823
212,9.0667,12.0,-98.409
212,9.0667,12.0938,-75.344
212,9.0667,12.1875,-91.14
212,9.0667,12.2812,-75.895
212,9.0667,12.375,-83.993
212,9.0667,12.4688,-90.463
212,9.0667,12.5625,-94.758
212,9.0667,12.6562,-86.033
212,9.0667,12.75,-96.12
212,9.0667,12.8438,-95.982
212,9.0667,12.9375,-86.635
212,9.0667,13.0312,-85.17
212,9.0667,13.125,-92.662
212,9.0667,13.2188,-97.569
212,9.0667,13.3125,-95.02
212,9.0667,13.4062,-87.126
212,9.0667,13.5,-95.806
212,9.0667,13.5938,-98.796
212,9.0667,13.6875,-92.124
212,9.0667,13.7812,-93.559
212,9.0667,13.875,-90.407
212,9.0667,13.9688,-95.479
212,9.0667,14.0625,-92.274
212,9.0667,14.1562,-98.584
212,9.0667,14.25,-96.526
212,9.0667,14.3438,-87.946
212,9.0667,14.4375,-95.548
212,9.0667,14.5312,-95.261
212,9.0667,14.625,-95.06
212,9.0667,14.7188,-96.066
212,9.0667,14.8125,-97.691
212,9.0667,14.9062,-99.884
212,9.0667,15.0,-99.471
212,9.0667,15.0938,-97.136
212,9.0667,15.1875,-93.153
212,9.0667,15.2812,-97.166
212,9.0667,15.375,-94.368
212,9.0667,15.4688,-98.431
212,9.0667,15.5625,-99.278
212,9.0667,15.6562,-99.878
212,9.0667,15.75,-99.579
212,9.0667,15.8438,-99.819
212,9.0667,15.9375,-99.535
213,9.1093,0.0,-70.551
213,9.1093,0.0938,-38.8
213,9.1093,0.1875,-37.536
213,9.1093,0.2812,-57.971
213,9.1093,0.375,-60.961
213,9.1093,0.4688,-58.703
213,9.1093,0.5625,-53.561
213,9.1093,0.6562,-66.153
213,9.1093,0.75,-64.887
213,9.1093,0.8438,-63.11
213,9.1093,0.9375,-62.762
213,9.1093,1.0312,-58.115
213,9.1093,1.125,-67.815
213,9.1093,1.2188,-67.355
213,9.1093,1.3125,-77.332
213,9.1093,1.4062,-76.661
213,9.1093,1.5,-65.216
213,9.1093,1.5938,-73.469
213,9.1093,1.6875,-70.541
213,9.1093,1.7812,-78.505
213,9.1093,1.875,-89.54
213,9.1093,1.9688,-81.692
213,9.1093,2.0625,-86.113
213,9.1093,2.1562,-77.382
213,9.1093,2.25,-78.517
213,9.1093,2.3438,-80.363
213,9.1093,2.4375,-86.048
213,9.1093,2.5312,-84.153
213,9.1093,2.625,-92.694
213,9.1093,2.7188,-97.2
213,9.1093,2.8125,-94.736
213,9.1093,2.9062,-94.745
213,9.1093,3.0,-91.117
213,9.1093,3.0938,-87.761
213,9.1093,3.1875,-94.624
213,9.1093,3.2812,-85.631
213,9.1093,3.375,-95.393
213,9.1093,3.4688,-85.067
213,9.1093,3.5625,-85.867
213,9.1093,3.6562,-85.154
213,9.1093,3.75,-94.456
213,9.1093,3.8438,-90.207
213,9.1093,3.9375,-92.53
213,9.1093,4.0312,-85.121
213,9.1093,4.125,-98.696
213,9.1093,4.2188,-93.106
213,9.1093,4.3125,-93.152
213,9.1093,4.4062,-87.136
213,9.1093,4.5,-88.002
213,9.1093,4.5938,-89.734
213,9.1093,4.6875,-90.607
213,9.1093,4.7812,-85.649
213,9.1093,4.875,-81.241
213,9.1093,4.9688,-90.727
213,9.1093,5.0625,-98.839
213,9.1093,5.1562,-95.133
213,9.1093,5.25,-89.719
213,9.1093,5.3438,-87.738
213,9.1093,5.4375,-92.105
213,9.1093,5.5312,-98.073
213,9.1093,5.625,-84.893
213,9.1093,5.7188,-82.959
213,9.1093,5.8125,-94.167
213,9.1093,5.9062,-94.628
213,9.1093,6.0,-98.955
213,9.1093,6.0938,-91.279
213,9.1093,6.1875,-99.498
213,9.1093,6.2812,-75.695
213,9.1093,6.375,-85.379
213,9.1093,6.4688,-82.474
213,9.1093,6.5625,-92.493
213,9.1093,6.6562,-89.27
213,9.1093,6.75,-99.932
213,9.1093,6.8438,-85.729
213,9.1093,6.9375,-90.928
213,9.1093,7.0312,-86.496
213,9.1093,7.125,-91.254
213,9.1093,7.2188,-85.226
213,9.1093,7.3125,-82.748
213,9.1093,7.4062,-81.217
213,9.1093,7.5,-84.988
213,9.1093,7.5938,-86.483
213,9.1093,7.6875,-86.121
213,9.1093,7.7812,-87.744
213,9.1093,7.875,-85.515
213,9.1093,7.9688,-88.084
213,9.1093,8.0625,-93.303
213,9.1093,8.1562,-87.858
213,9.1093,8.25,-95.485
213,9.1093,8.3438,-99.058
213,9.1093,8.4375,-86.208
213,9.1093,8.5312,-86.516
213,9.1093,8.625,-85.579
213,9.1093,8.7188,-81.656
213,9.1093,8.8125,-86.392
213,9.1093,8.9062,-93.519
213,9.1093,9.0,-86.437
213,9.1093,9.0938,-84.165
213,9.1093,9.1875,-98.983
213,9.1093,9.2812,-85.303
213,9.1093,9.375,-91.712
213,9.1093,9.4688,-87.874
213,9.1093,9.5625,-88.062
213,9.1093,9.6562,-87.647
213,9.1093,9.75,-94.404
213,9.1093,9.8438,-98.782
213,9.1093,9.9375,-99.423
213,9.1093,10.0312,-90.67
213,9.1093,10.125,-96.536
213,9.1093,10.2188,-92.036
213,9.1093,10.3125,-93.426
213,9.1093,10.4062,-85.727
213,9.1093,10.5,-87.383
213,9.1093,10.5938,-93.215
213,9.1093,10.6875,-92.233
213,9.1093,10.7812,-90.182
213,9.1093,10.875,-89.559
213,9.1093,10.9688,-92.74
213,9.1093,11.0625,-88.702
213,9.1093,11.1562,-86.398
213,9.1093,11.25,-86.017
213,9.1093,11.3438,-86.692
213,9.1093,11.4375,-91.109
213,9.1093,11.5312,-90.999
213,9.1093,11.625,-87.885
213,9.1093,11.7188,-98.28
213,9.1093,11.8125,-85.783
213,9.1093,11.9062,-92.093
213,9.1093,12.0,-77.726
213,9.1093,12.0938,-94.114
213,9.1093,12.1875,-90.942
213,9.1093,12.2812,-90.168
213,9.1093,12.375,-79.725
213,9.1093,12.4688,-84.736
213,9.1093,12.5625,-84.318
213,9.1093,12.6562,-85.692
213,9.1093,12.75,-93.936
213,9.1093,12.8438,-98.948
213,9.1093,12.9375,-88.726
213,9.1093,13.0312,-94.888
213,9.1093,13.125,-91.357
213,9.1093,13.2188,-93.222
213,9.1093,13.3125,-98.867
213,9.1093,13.4062,-89.718
213,9.1093,13.5,-98.097
213,9.1093,13.5938,-90.284
213,9.1093,13.6875,-87.323
213,9.1093,13.7812,-85.563
213,9.1093,13.875,-86.434
213,9.1093,13.9688,-96.32
213,9.1093,14.0625,-93.827
213,9.1093,14.1562,-93.071
213,9.1093,14.25,-94.615
213,9.1093,14.3438,-97.562
213,9.1093,14.4375,-98.912
213,9.1093,14.5312,-93.817
213,9.1093,14.625,-93.051
213,9.1093,14.7188,-99.376
213,9.1093,14.8125,-99.4
213,9.1093,14.9062,-98.469
213,9.1093,15.0,-98.289
213,9.1093,15.0938,-94.402
213,9.1093,15.1875,-98.616
213,9.1093,15.2812,-94.741
213,9.1093,15.375,-99.511
213,9.1093,15.4688,-95.263
213,9.1093,15.5625,-98.707
213,9.1093,15.6562,-99.37
213,9.1093,15.75,-99.609
213,9.1093,15.8438,-97.553
213,9.1093,15.9375,-98.398
214,9.152,0.0,-64.233
214,9.152,0.0938,-38.948
214,9.152,0.1875,-43.678
214,9.152,0.2812,-60.844
214,9.152,0.375,-66.014
214,9.152,0.4688,-45.25
214,9.152,0.5625,-57.145
214,9.152,0.6562,-44.581
214,9.152,0.75,-76.605
214,9.152,0.8438,-61.872
214,9.152,0.9375,-97.137
214,9.152,1.0312,-76.007
214,9.152,1.125,-60.238
214,9.152,1.2188,-92.303
214,9.152,1.3125,-67.621
214,9.152,1.4062,-85.931
214,9.152,1.5,-64.682
214,9.152,1.5938,-71.382
214,9.152,1.6875,-72.388
214,9.152,1.7812,-69.943
214,9.152,1.875,-74.445
214,9.152,1.9688,-77.028
214,9.152,2.0625,-79.862
214,9.152,2.1562,-89.695
214,9.152,2.25,-89.562
214,9.152,2.3438,-81.121
214,9.152,2.4375,-66.878
214,9.152,2.5312,-87.554
214,9.152,2.625,-74.46
214,9.152,2.7188,-91.307
214,9.152,2.8125,-94.736
214,9.152,2.9062,-91.644
214,9.152,3.0,-98.647
214,9.152,3.0938,-78.603
214,9.152,3.1875,-97.958
214,9.152,3.2812,-83.076
214,9.152,3.375,-92.225
214,9.152,3.4688,-97.382
214,9.152,3.5625,-83.901
214,9.152,3.6562,-97.971
214,9.152,3.75,-74.302
214,9.152,3.8438,-97.358
214,9.152,3.9375,-94.899
214,9.152,4.0312,-92.758
214,9.152,4.125,-92.62
214,9.152,4.2188,-92.754
214,9.152,4.3125,-94.781
214,9.152,4.4062,-90.667
214,9.152,4.5,-90.941
214,9.152,4.5938,-93.216
214,9.152,4.6875,-88.387
214,9.152,4.7812,-85.885
214,9.152,4.875,-77.278
214,9.152,4.9688,-90.636
214,9.152,5.0625,-81.905
214,9.152,5.1562,-96.431
214,9.152,5.25,-97.358
214,9.152,5.3438,-84.812
214,9.152,5.4375,-81.896
214,9.152,5.5312,-82.662
214,9.152,5.625,-84.917
214,9.152,5.7188,-87.24
214,9.152,5.8125,-87.877
214,9.152,5.9062,-95.514
214,9.152,6.0,-99.801
214,9.152,6.0938,-92.669
214,9.152,6.1875,-78.987
214,9.152,6.2812,-74.678
214,9.152,6.375,-63.919
214,9.152,6.4688,-75.378
214,9.152,6.5625,-80.291
214,9.152,6.6562,-90.351
214,9.152,6.75,-96.994
214,9.152,6.8438,-81.626
214,9.152,6.9375,-95.419
214,9.152,7.0312,-91.365
214,9.152,7.125,-84.466
214,9.152,7.2188,-75.473
214,9.152,7.3125,-81.461
214,9.152,7.4062,-87.219
214,9.152,7.5,-70.983
214,9.152,7.5938,-85.574
214,9.152,7.6875,-84.511
214,9.152,7.7812,-92.523
214,9.152,7.875,-90.802
214,9.152,7.9688,-96.066
214,9.152,8.0625,-93.863
214,9.152,8.1562,-81.131
214,9.152,8.25,-92.631
214,9.152,8.3438,-92.54
214,9.152,8.4375,-83.707
214,9.152,8.5312,-75.987
214,9.152,8.625,-80.217
214,9.152,8.7188,-75.776
214,9.152,8.8125,-62.466
214,9.152,8.9062,-76.497
214,9.152,9.0,-78.139
214,9.152,9.0938,-77.947
214,9.152,9.1875,-74.554
214,9.152,9.2812,-81.572
214,9.152,9.375,-86.117
214,9.152,9.4688,-70.824
214,9.152,9.5625,-89.708
214,9.152,9.6562,-92.933
214,9.152,9.75,-82.882
214,9.152,9.8438,-79.192
214,9.152,9.9375,-74.216
214,9.152,10.0312,-80.688
214,9.152,10.125,-73.385
214,9.152,10.2188,-79.052
214,9.152,10.3125,-74.305
214,9.152,10.4062,-76.773
214,9.152,10.5,-78.772
214,9.152,10.5938,-75.735
214,9.152,10.6875,-87.571
214,9.152,10.7812,-79.025
214,9.152,10.875,-79.217
214,9.152,10.9688,-77.003
214,9.152,11.0625,-81.726
214,9.152,11.1562,-82.397
214,9.152,11.25,-72.951
214,9.152,11.3438,-84.362
214,9.152,11.4375,-68.822
214,9.152,11.5312,-85.892
214,9.152,11.625,-83.371
214,9.152,11.7188,-78.537
214,9.152,11.8125,-80.797
214,9.152,11.9062,-70.601
214,9.152,12.0,-86.693
214,9.152,12.0938,-77.968
214,9.152,12.1875,-81.94
214,9.152,12.2812,-71.832
214,9.152,12.375,-68.139
214,9.152,12.4688,-67.124
214,9.152,12.5625,-68.566
214,9.152,12.6562,-77.682
214,9.152,12.75,-88.737
214,9.152,12.8438,-82.722
214,9.152,12.9375,-88.737
214,9.152,13.0312,-81.789
214,9.152,13.125,-89.615
214,9.152,13.2188,-81.288
214,9.152,13.3125,-91.728
214,9.152,13.4062,-82.95
214,9.152,13.5,-80.586
214,9.152,13.5938,-95.893
214,9.152,13.6875,-80.852
214,9.152,13.7812,-90.464
214,9.152,13.875,-81.81
214,9.152,13.9688,-93.203
214,9.152,14.0625,-93.693
214,9.152,14.1562,-96.731
214,9.152,14.25,-90.713
214,9.152,14.3438,-88.215
214,9.152,14.4375,-93.425
214,9.152,14.5312,-91.295
214,9.152,14.625,-96.17
214,9.152,14.7188,-98.696
214,9.152,14.8125,-97.394
214,9.152,14.9062,-97.071
214,9.152,15.0,-88.596
214,9.152,15.0938,-96.805
214,9.152,15.1875,-99.224
214,9.152,15.2812,-92.64
214,9.152,15.375,-99.339
214,9.152,15.4688,-94.452
214,9.152,15.5625,-92.528
214,9.152,15.6562,-93.327
214,9.152,15.75,-94.186
214,9.152,15.8438,-95.952
214,9.152,15.9375,-92.82
215,9.1947,0.0,-73.241
215,9.1947,0.0938,-38.963
215,9.1947,0.1875,-46.12
215,9.1947,0.2812,-70.699
215,9.1947,0.375,-54.883
215,9.1947,0.4688,-45.151
215,9.1947,0.5625,-52.837
215,9.1947,0.6562,-44.853
215,9.1947,0.75,-67.902
215,9.1947,0.8438,-61.157
215,9.1947,0.9375,-63.394
215,9.1947,1.0312,-75.723
215,9.1947,1.125,-59.695
215,9.1947,1.2188,-78.558
215,9.1947,1.3125,-70.845
215,9.1947,1.4062,-80.181
215,9.1947,1.5,-62.169
215,9.1947,1.5938,-81.213
215,9.1947,1.6875,-66.089
215,9.1947,1.7812,-70.947
215,9.1947,1.875,-80.403
215,9.1947,1.9688,-77.733
215,9.1947,2.0625,-82.654
215,9.1947,2.1562,-93.164
215,9.1947,2.25,-78.748
215,9.1947,2.3438,-89.833
215,9.1947,2.4375,-71.251
215,9.1947,2.5312,-81.251
215,9.1947,2.625,-73.418
215,9.1947,2.7188,-91.733
215,9.1947,2.8125,-85.957
215,9.1947,2.9062,-90.906
215,9.1947,3.0,-90.92
215,9.1947,3.0938,-80.82
215,9.1947,3.1875,-92.187
215,9.1947,3.2812,-90.9
215,9.1947,3.375,-92.192
215,9.1947,3.4688,-91.457
215,9.1947,3.5625,-82.137
215,9.1947,3.6562,-87.655
215,9.1947,3.75,-74.872
215,9.1947,3.8438,-88.659
215,9.1947,3.9375,-96.692
215,9.1947,4.0312,-94.781
215,9.1947,4.125,-95.088
215,9.1947,4.2188,-85.891
215,9.1947,4.3125,-92.919
215,9.1947,4.4062,-92.574
215,9.1947,4.5,-89.217
215,9.1947,4.5938,-87.461
215,9.1947,4.6875,-94.596
215,9.1947,4.7812,-89.196
215,9.1947,4.875,-69.403
215,9.1947,4.9688,-91.269
215,9.1947,5.0625,-96.289
215,9.1947,5.1562,-99.53
215,9.1947,5.25,-99.934
215,9.1947,5.3438,-83.295
215,9.1947,5.4375,-82.456
215,9.1947,5.5312,-78.089
215,9.1947,5.625,-84.87
215,9.1947,5.7188,-78.829
215,9.1947,5.8125,-85.073
215,9.1947,5.9062,-98.02
215,9.1947,6.0,-96.923
215,9.1947,6.0938,-94.798
215,9.1947,6.1875,-76.969
215,9.1947,6.2812,-76.756
215,9.1947,6.375,-72.343
215,9.1947,6.4688,-92.713
215,9.1947,6.5625,-92.794
215,9.1947,6.6562,-89.22
215,9.1947,6.75,-93.72
215,9.1947,6.8438,-84.046
215,9.1947,6.9375,-94.483
215,9.1947,7.0312,-99.664
215,9.1947,7.125,-90.629
215,9.1947,7.2188,-95.815
215,9.1947,7.3125,-87.99
215,9.1947,7.4062,-95.713
215,9.1947,7.5,-95.613
215,9.1947,7.5938,-93.096
215,9.1947,7.6875,-89.269
215,9.1947,7.7812,-88.49
215,9.1947,7.875,-99.571
215,9.1947,7.9688,-92.674
215,9.1947,8.0625,-99.04
215,9.1947,8.1562,-77.901
215,9.1947,8.25,-84.725
215,9.1947,8.3438,-78.861
215,9.1947,8.4375,-78.569
215,9.1947,8.5312,-73.422
215,9.1947,8.625,-71.921
215,9.1947,8.7188,-78.379
215,9.1947,8.8125,-67.404
215,9.1947,8.9062,-76.14
215,9.1947,9.0,-75.302
215,9.1947,9.0938,-73.859
215,9.1947,9.1875,-84.244
215,9.1947,9.2812,-68.391
215,9.1947,9.375,-81.366
215,9.1947,9.4688,-69.666
215,9.1947,9.5625,-87.325
215,9.1947,9.6562,-78.374
215,9.1947,9.75,-90.582
215,9.1947,9.8438,-83.121
215,9.1947,9.9375,-72.82
215,9.1947,10.0312,-85.345
215,9.1947,10.125,-70.181
215,9.1947,10.2188,-81.405
215,9.1947,10.3125,-84.107
215,9.1947,10.4062,-86.095
215,9.1947,10.5,-70.698
215,9.1947,10.5938,-67.962
215,9.1947,10.6875,-83.816
215,9.1947,10.7812,-76.753
215,9.1947,10.875,-84.346
215,9.1947,10.9688,-83.204
215,9.1947,11.0625,-84.259
215,9.1947,11.1562,-75.632
215,9.1947,11.25,-72.15
215,9.1947,11.3438,-96.001
215,9.1947,11.4375,-84.544
215,9.1947,11.5312,-86.441
215,9.1947,11.625,-75.901
215,9.1947,11.7188,-74.602
215,9.1947,11.8125,-83.137
215,9.1947,11.9062,-78.419
215,9.1947,12.0,-74.748
215,9.1947,12.0938,-78.083
215,9.1947,12.1875,-88.202
215,9.1947,12.2812,-73.568
215,9.1947,12.375,-66.02
215,9.1947,12.4688,-81.301
215,9.1947,12.5625,-69.013
215,9.1947,12.6562,-90.072
215,9.1947,12.75,-80.799
215,9.1947,12.8438,-67.927
215,9.1947,12.9375,-86.517
215,9.1947,13.0312,-81.977
215,9.1947,13.125,-93.88
215,9.1947,13.2188,-89.42
215,9.1947,13.3125,-94.541
215,9.1947,13.4062,-99.577
215,9.1947,13.5,-90.964
215,9.1947,13.5938,-95.464
215,9.1947,13.6875,-83.641
215,9.1947,13.7812,-94.186
215,9.1947,13.875,-91.04
215,9.1947,13.9688,-95.257
215,9.1947,14.0625,-95.901
215,9.1947,14.1562,-98.737
215,9.1947,14.25,-92.253
215,9.1947,14.3438,-89.715
215,9.1947,14.4375,-91.121
215,9.1947,14.5312,-90.724
215,9.1947,14.625,-95.449
215,9.1947,14.7188,-95.179
215,9.1947,14.8125,-92.726
215,9.1947,14.9062,-90.144
215,9.1947,15.0,-93.9
215,9.1947,15.0938,-95.367
215,9.1947,15.1875,-94.041
215,9.1947,15.2812,-99.108
215,9.1947,15.375,-96.531
215,9.1947,15.4688,-97.026
215,9.1947,15.5625,-97.238
215,9.1947,15.6562,-98.779
215,9.1947,15.75,-98.951
215,9.1947,15.8438,-98.296
215,9.1947,15.9375,-95.546
216,9.2373,0.0,-81.763
216,9.2373,0.0938,-39.535
216,9.2373,0.1875,-45.824
216,9.2373,0.2812,-62.868
216,9.2373,0.375,-57.716
216,9.2373,0.4688,-48.247
216,9.2373,0.5625,-57.711
216,9.2373,0.6562,-46.569
216,9.2373,0.75,-72.997
216,9.2373,0.8438,-62.472
216,9.2373,0.9375,-70.73
216,9.2373,1.0312,-71.963
216,9.2373,1.125,-58.899
216,9.2373,1.2188,-66.436
216,9.2373,1.3125,-63.109
216,9.2373,1.4062,-72.16
216,9.2373,1.5,-63.85
216,9.2373,1.5938,-71.428
216,9.2373,1.6875,-75.335
216,9.2373,1.7812,-74.283
216,9.2373,1.875,-72.065
216,9.2373,1.9688,-72.994
216,9.2373,2.0625,-79.197
216,9.2373,2.1562,-87.742
216,9.2373,2.25,-74.495
216,9.2373,2.3438,-68.965
216,9.2373,2.4375,-67.581
216,9.2373,2.5312,-78.978
216,9.2373,2.625,-71.951
216,9.2373,2.7188,-87.403
216,9.2373,2.8125,-75.891
216,9.2373,2.9062,-77.554
216,9.2373,3.0,-86.819
216,9.2373,3.0938,-77.449
216,9.2373,3.1875,-81.748
216,9.2373,3.2812,-77.619
216,9.2373,3.375,-92.331
216,9.2373,3.4688,-80.315
216,9.2373,3.5625,-81.149
216,9.2373,3.6562,-80.793
216,9.2373,3.75,-79.452
216,9.2373,3.8438,-76.241
216,9.2373,3.9375,-86.675
216,9.2373,4.0312,-76.278
216,9.2373,4.125,-83.044
216,9.2373,4.2188,-88.15
216,9.2373,4.3125,-90.928
216,9.2373,4.4062,-83.189
216,9.2373,4.5,-85.787
216,9.2373,4.5938,-77.093
216,9.2373,4.6875,-78.877
216,9.2373,4.7812,-77.531
216,9.2373,4.875,-85.157
216,9.2373,4.9688,-84.904
216,9.2373,5.0625,-89.587
216,9.2373,5.1562,-81.329
216,9.2373,5.25,-86.288
216,9.2373,5.3438,-98.348
216,9.2373,5.4375,-83.056
216,9.2373,5.5312,-86.546
216,9.2373,5.625,-82.396
216,9.2373,5.7188,-91.073
216,9.2373,5.8125,-96.379
216,9.2373,5.9062,-84.258
216,9.2373,6.0,-86.567
216,9.2373,6.0938,-85.249
216,9.2373,6.1875,-75.721
216,9.2373,6.2812,-84.435
216,9.2373,6.375,-73.987
216,9.2373,6.4688,-93.597
216,9.2373,6.5625,-82.178
216,9.2373,6.6562,-82.161
216,9.2373,6.75,-78.283
216,9.2373,6.8438,-83.692
216,9.2373,6.9375,-90.946
216,9.2373,7.0312,-85.081
216,9.2373,7.125,-91.587
216,9.2373,7.2188,-86.918
216,9.2373,7.3125,-92.162
216,9.2373,7.4062,-82.843
216,9.2373,7.5,-81.97
216,9.2373,7.5938,-91.523
216,9.2373,7.6875,-96.517
216,9.2373,7.7812,-94.766
216,9.2373,7.875,-80.223
216,9.2373,7.9688,-93.086
216,9.2373,8.0625,-85.327
216,9.2373,8.1562,-97.577
216,9.2373,8.25,-85.155
216,9.2373,8.3438,-74.29
216,9.2373,8.4375,-81.36
216,9.2373,8.5312,-75.036
216,9.2373,8.625,-72.002
216,9.2373,8.7188,-70.97
216,9.2373,8.8125,-71.469
216,9.2373,8.9062,-78.111
216,9.2373,9.0,-66.378
216,9.2373,9.0938,-74.937
216,9.2373,9.1875,-69.527
216,9.2373,9.2812,-76.23
216,9.2373,9.375,-71.909
216,9.2373,9.4688,-73.293
216,9.2373,9.5625,-85.72
216,9.2373,9.6562,-80.532
216,9.2373,9.75,-84.398
216,9.2373,9.8438,-86.432
216,9.2373,9.9375,-76.05
216,9.2373,10.0312,-83.656
216,9.2373,10.125,-78.719
216,9.2373,10.2188,-88.911
216,9.2373,10.3125,-84.08
216,9.2373,10.4062,-75.026
216,9.2373,10.5,-76.941
216,9.2373,10.5938,-72.185
216,9.2373,10.6875,-90.567
216,9.2373,10.7812,-90.092
216,9.2373,10.875,-93.612
216,9.2373,10.9688,-84.869
216,9.2373,11.0625,-82.039
216,9.2373,11.1562,-79.253
216,9.2373,11.25,-81.052
216,9.2373,11.3438,-79.469
216,9.2373,11.4375,-75.442
216,9.2373,11.5312,-76.402
216,9.2373,11.625,-74.694
216,9.2373,11.7188,-93.672
216,9.2373,11.8125,-80.195
216,9.2373,11.9062,-87.603
216,9.2373,12.0,-74.925
216,9.2373,12.0938,-81.904
216,9.2373,12.1875,-79.85
216,9.2373,12.2812,-90.056
216,9.2373,12.375,-75.465
216,9.2373,12.4688,-86.77
216,9.2373,12.5625,-74.216
216,9.2373,12.6562,-83.883
216,9.2373,12.75,-78.924
216,9.2373,12.8438,-78.332
216,9.2373,12.9375,-80.802
216,9.2373,13.0312,-88.432
216,9.2373,13.125,-85.484
216,9.2373,13.2188,-95.066
216,9.2373,13.3125,-94.726
216,9.2373,13.4062,-88.528
216,9.2373,13.5,-96.179
216,9.2373,13.5938,-88.71
216,9.2373,13.6875,-94.027
216,9.2373,13.7812,-93.418
216,9.2373,13.875,-88.286
216,9.2373,13.9688,-92.475
216,9.2373,14.0625,-98.222
216,9.2373,14.1562,-99.972
216,9.2373,14.25,-94.37
216,9.2373,14.3438,-93.367
216,9.2373,14.4375,-93.104
216,9.2373,14.5312,-91.268
216,9.2373,14.625,-94.83
216,9.2373,14.7188,-94.285
216,9.2373,14.8125,-96.095
216,9.2373,14.9062,-98.159
216,9.2373,15.0,-94.038
216,9.2373,15.0938,-98.948
216,9.2373,15.1875,-96.314
216,9.2373,15.2812,-99.774
216,9.2373,15.375,-99.459
216,9.2373,15.4688,-99.993
216,9.2373,15.5625,-99.146
216,9.2373,15.6562,-97.226
216,9.2373,15.75,-97.982
216,9.2373,15.8438,-94.824
216,9.2373,15.9375,-99.919
217,9.28,0.0,-59.034
217,9.28,0.0938,-38.597
217,9.28,0.1875,-32.799
217,9.28,0.2812,-58.941
217,9.28,0.375,-56.725
217,9.28,0.4688,-52.63
217,9.28,0.5625,-70.269
217,9.28,0.6562,-60.14
217,9.28,0.75,-74.094
217,9.28,0.8438,-59.555
217,9.28,0.9375,-85.173
217,9.28,1.0312,-66.548
217,9.28,1.125,-80.272
217,9.28,1.2188,-68.512
217,9.28,1.3125,-61.487
217,9.28,1.4062,-63.627
217,9.28,1.5,-70.692
217,9.28,1.5938,-62.3
217,9.28,1.6875,-72.506
217,9.28,1.7812,-70.483
217,9.28,1.875,-71.978
217,9.28,1.9688,-76.332
217,9.28,2.0625,-90.367
217,9.28,2.1562,-89.303
217,9.28,2.25,-74.387
217,9.28,2.3438,-71.822
217,9.28,2.4375,-85.553
217,9.28,2.5312,-79.371
217,9.28,2.625,-71.318
217,9.28,2.7188,-88.848
217,9.28,2.8125,-78.517
217,9.28,2.9062,-78.729
217,9.28,3.0,-78.767
217,9.28,3.0938,-78.651
217,9.28,3.1875,-74.281
217,9.28,3.2812,-82.128
217,9.28,3.375,-80.491
217,9.28,3.4688,-80.235
217,9.28,3.5625,-89.379
217,9.28,3.6562,-82.009
217,9.28,3.75,-84.945
217,9.28,3.8438,-83.052
217,9.28,3.9375,-78.424
217,9.28,4.0312,-80.954
217,9.28,4.125,-78.227
217,9.28,4.2188,-78.836
217,9.28,4.3125,-77.545
217,9.28,4.4062,-80.327
217,9.28,4.5,-91.545
217,9.28,4.5938,-86.007
217,9.28,4.6875,-88.822
217,9.28,4.7812,-93.249
217,9.28,4.875,-79.684
217,9.28,4.9688,-87.326
217,9.28,5.0625,-87.25
217,9.28,5.1562,-87.949
217,9.28,5.25,-85.708
217,9.28,5.3438,-87.918
217,9.28,5.4375,-81.483
217,9.28,5.5312,-84.051
217,9.28,5.625,-90.105
217,9.28,5.7188,-89.665
217,9.28,5.8125,-84.494
217,9.28,5.9062,-91.249
217,9.28,6.0,-93.131
217,9.28,6.0938,-96.595
217,9.28,6.1875,-78.25
217,9.28,6.2812,-81.343
217,9.28,6.375,-89.675
217,9.28,6.4688,-84.329
217,9.28,6.5625,-94.563
217,9.28,6.6562,-89.004
217,9.28,6.75,-95.552
217,9.28,6.8438,-85.003
217,9.28,6.9375,-84.167
217,9.28,7.0312,-94.791
217,9.28,7.125,-96.388
217,9.28,7.2188,-85.487
217,9.28,7.3125,-88.463
217,9.28,7.4062,-83.344
217,9.28,7.5,-88.517
217,9.28,7.5938,-80.348
217,9.28,7.6875,-92.601
217,9.28,7.7812,-95.293
217,9.28,7.875,-82.75
217,9.28,7.9688,-84.061
217,9.28,8.0625,-84.312
217,9.28,8.1562,-81.545
217,9.28,8.25,-77.07
217,9.28,8.3438,-74.301
217,9.28,8.4375,-73.974
217,9.28,8.5312,-66.384
217,9.28,8.625,-72.342
217,9.28,8.7188,-79.301
217,9.28,8.8125,-74.422
217,9.28,8.9062,-80.117
217,9.28,9.0,-75.729
217,9.28,9.0938,-87.88
217,9.28,9.1875,-72.092
217,9.28,9.2812,-75.128
217,9.28,9.375,-85.447
217,9.28,9.4688,-79.33
217,9.28,9.5625,-83.615
217,9.28,9.6562,-83.761
217,9.28,9.75,-84.909
217,9.28,9.8438,-78.739
217,9.28,9.9375,-89.644
217,9.28,10.0312,-82.847
217,9.28,10.125,-91.163
217,9.28,10.2188,-89.804
217,9.28,10.3125,-87.479
217,9.28,10.4062,-86.109
217,9.28,10.5,-84.607
217,9.28,10.5938,-80.409
217,9.28,10.6875,-81.318
217,9.28,10.7812,-87.306
217,9.28,10.875,-97.828
217,9.28,10.9688,-87.855
217,9.28,11.0625,-88.887
217,9.28,11.1562,-90.618
217,9.28,11.25,-87.007
217,9.28,11.3438,-96.674
217,9.28,11.4375,-89.837
217,9.28,11.5312,-95.148
217,9.28,11.625,-90.632
217,9.28,11.7188,-86.952
217,9.28,11.8125,-88.414
217,9.28,11.9062,-88.976
217,9.28,12.0,-81.312
217,9.28,12.0938,-78.371
217,9.28,12.1875,-81.665
217,9.28,12.2812,-83.006
217,9.28,12.375,-86.768
217,9.28,12.4688,-82.619
217,9.28,12.5625,-83.365
217,9.28,12.6562,-81.108
217,9.28,12.75,-89.3
217,9.28,12.8438,-81.667
217,9.28,12.9375,-90.714
217,9.28,13.0312,-86.5
217,9.28,13.125,-97.873
217,9.28,13.2188,-91.153
217,9.28,13.3125,-91.288
217,9.28,13.4062,-89.015
217,9.28,13.5,-87.607
217,9.28,13.5938,-93.949
217,9.28,13.6875,-88.812
217,9.28,13.7812,-92.924
217,9.28,13.875,-99.534
217,9.28,13.9688,-91.866
217,9.28,14.0625,-96.915
217,9.28,14.1562,-91.674
217,9.28,14.25,-88.741
217,9.28,14.3438,-89.035
217,9.28,14.4375,-94.067
217,9.28,14.5312,-90.694
217,9.28,14.625,-91.127
217,9.28,14.7188,-95.119
217,9.28,14.8125,-96.823
217,9.28,14.9062,-95.37
217,9.28,15.0,-94.474
217,9.28,15.0938,-94.491
217,9.28,15.1875,-96.752
217,9.28,15.2812,-98.547
217,9.28,15.375,-97.244
217,9.28,15.4688,-96.804
217,9.28,15.5625,-99.733
217,9.28,15.6562,-97.602
217,9.28,15.75,-99.448
217,9.28,15.8438,-99.846
217,9.28,15.9375,-99.731
218,9.3227,0.0,-67.545
218,9.3227,0.0938,-40.177
218,9.3227,0.1875,-38.077
218,9.3227,0.2812,-74.372
218,9.3227,0.375,-70.287
218,9.3227,0.4688,-53.883
218,9.3227,0.5625,-59.796
218,9.3227,0.6562,-71.351
218,9.3227,0.75,-76.854
218,9.3227,0.8438,-72.63
218,9.3227,0.9375,-77.504
218,9.3227,1.0312,-77.136
218,9.3227,1.125,-78.043
218,9.3227,1.2188,-77.404
218,9.3227,1.3125,-67.957
218,9.3227,1.4062,-80.051
218,9.3227,1.5,-67.036
218,9.3227,1.5938,-71.293
218,9.3227,1.6875,-69.844
218,9.3227,1.7812,-86.604
218,9.3227,1.875,-83.027
218,9.3227,1.9688,-92.363
218,9.3227,2.0625,-92.085
218,9.3227,2.1562,-90.516
218,9.3227,2.25,-93.285
218,9.3227,2.3438,-85.873
218,9.3227,2.4375,-87.27
218,9.3227,2.5312,-92.932
218,9.3227,2.625,-90.538
218,9.3227,2.7188,-91.681
218,9.3227,2.8125,-91.324
218,9.3227,2.9062,-92.921
218,9.3227,3.0,-93.752
218,9.3227,3.0938,-88.756
218,9.3227,3.1875,-98.519
218,9.3227,3.2812,-97.699
218,9.3227,3.375,-99.909
218,9.3227,3.4688,-98.007
218,9.3227,3.5625,-95.253
218,9.3227,3.6562,-93.065
218,9.3227,3.75,-90.401
218,9.3227,3.8438,-91.38
218,9.3227,3.9375,-94.121
218,9.3227,4.0312,-91.004
218,9.3227,4.125,-95.104
218,9.3227,4.2188,-92.875
218,9.3227,4.3125,-98.616
218,9.3227,4.4062,-95.18
218,9.3227,4.5,-95.715
218,9.3227,4.5938,-99.583
218,9.3227,4.6875,-96.198
218,9.3227,4.7812,-92.83
218,9.3227,4.875,-92.324
218,9.3227,4.9688,-95.523
218,9.3227,5.0625,-90.036
218,9.3227,5.1562,-90.647
218,9.3227,5.25,-99.011
218,9.3227,5.3438,-96.25
218,9.3227,5.4375,-95.147
218,9.3227,5.5312,-96.719
218,9.3227,5.625,-97.848
218,9.3227,5.7188,-95.904
218,9.3227,5.8125,-95.478
218,9.3227,5.9062,-98.348
218,9.3227,6.0,-99.364
218,9.3227,6.0938,-97.779
218,9.3227,6.1875,-98.117
218,9.3227,6.2812,-96.754
218,9.3227,6.375,-91.599
218,9.3227,6.4688,-99.003
218,9.3227,6.5625,-97.284
218,9.3227,6.6562,-97.739
218,9.3227,6.75,-98.568
218,9.3227,6.8438,-99.66
218,9.3227,6.9375,-94.855
218,9.3227,7.0312,-96.783
218,9.3227,7.125,-98.568
218,9.3227,7.2188,-92.654
218,9.3227,7.3125,-96.538
218,9.3227,7.4062,-94.61
218,9.3227,7.5,-94.197
218,9.3227,7.5938,-96.307
218,9.3227,7.6875,-89.839
218,9.3227,7.7812,-89.651
218,9.3227,7.875,-94.473
218,9.3227,7.9688,-91.975
218,9.3227,8.0625,-92.691
218,9.3227,8.1562,-99.951
218,9.3227,8.25,-98.561
218,9.3227,8.3438,-95.832
218,9.3227,8.4375,-99.866
218,9.3227,8.5312,-99.46
218,9.3227,8.625,-94.449
218,9.3227,8.7188,-91.884
218,9.3227,8.8125,-95.088
218,9.3227,8.9062,-98.044
218,9.3227,9.0,-91.548
218,9.3227,9.0938,-97.041
218,9.3227,9.1875,-92.419
218,9.3227,9.2812,-93.436
218,9.3227,9.375,-89.538
218,9.3227,9.4688,-97.045
218,9.3227,9.5625,-95.125
218,9.3227,9.6562,-99.803
218,9.3227,9.75,-98.792
218,9.3227,9.8438,-96.721
218,9.3227,9.9375,-96.668
218,9.3227,10.0312,-98.173
218,9.3227,10.125,-98.556
218,9.3227,10.2188,-96.589
218,9.3227,10.3125,-99.483
218,9.3227,10.4062,-96.433
218,9.3227,10.5,-99.831
218,9.3227,10.5938,-99.199
218,9.3227,10.6875,-98.674
218,9.3227,10.7812,-98.481
218,9.3227,10.875,-99.505
218,9.3227,10.9688,-99.036
218,9.3227,11.0625,-99.389
218,9.3227,11.1562,-99.239
218,9.3227,11.25,-99.33
218,9.3227,11.3438,-99.364
218,9.3227,11.4375,-97.602
218,9.3227,11.5312,-99.5
218,9.3227,11.625,-97.487
218,9.3227,11.7188,-98.664
218,9.3227,11.8125,-99.868
218,9.3227,11.9062,-99.698
218,9.3227,12.0,-97.958
218,9.3227,12.0938,-98.274
218,9.3227,12.1875,-99.956
218,9.3227,12.2812,-95.075
218,9.3227,12.375,-95.785
218,9.3227,12.4688,-99.39
218,9.3227,12.5625,-96.887
218,9.3227,12.6562,-98.856
218,9.3227,12.75,-99.985
218,9.3227,12.8438,-96.547
218,9.3227,12.9375,-99.101
218,9.3227,13.0312,-98.828
218,9.3227,13.125,-96.675
218,9.3227,13.2188,-99.143
218,9.3227,13.3125,-99.368
218,9.3227,13.4062,-98.925
218,9.3227,13.5,-98.928
218,9.3227,13.5938,-99.994
218,9.3227,13.6875,-98.308
218,9.3227,13.7812,-98.689
218,9.3227,13.875,-99.188
218,9.3227,13.9688,-99.799
218,9.3227,14.0625,-99.891
218,9.3227,14.1562,-99.024
218,9.3227,14.25,-98.398
218,9.3227,14.3438,-99.246
218,9.3227,14.4375,-99.421
218,9.3227,14.5312,-99.458
218,9.3227,14.625,-99.229
218,9.3227,14.7188,-99.493
218,9.3227,14.8125,-99.711
218,9.3227,14.9062,-99.825
218,9.3227,15.0,-99.766
218,9.3227,15.0938,-99.893
218,9.3227,15.1875,-99.878
218,9.3227,15.2812,-99.044
218,9.3227,15.375,-98.757
218,9.3227,15.4688,-99.797
218,9.3227,15.5625,-99.673
218,9.3227,15.6562,-99.593
218,9.3227,15.75,-99.848
218,9.3227,15.8438,-99.886
218,9.3227,15.9375,-98.734
219,9.3653,0.0,-69.844
219,9.3653,0.0938,-41.77
219,9.3653,0.1875,-39.068
219,9.3653,0.2812,-82.231
219,9.3653,0.375,-65.204
219,9.3653,0.4688,-58.631
219,9.3653,0.5625,-73.73
219,9.3653,0.6562,-71.217
219,9.3653,0.75,-79.03
219,9.3653,0.8438,-75.534
219,9.3653,0.9375,-74.585
219,9.3653,1.0312,-74.9
219,9.3653,1.125,-78.145
219,9.3653,1.2188,-80.286
219,9.3653,1.3125,-82.688
219,9.3653,1.4062,-82.276
219,9.3653,1.5,-79.661
219,9.3653,1.5938,-81.282
219,9.3653,1.6875,-83.241
219,9.3653,1.7812,-88.627
219,9.3653,1.875,-84.09
219,9.3653,1.9688,-88.482
219,9.3653,2.0625,-86.588
219,9.3653,2.1562,-93.121
219,9.3653,2.25,-89.069
219,9.3653,2.3438,-84.221
219,9.3653,2.4375,-80.333
219,9.3653,2.5312,-94.825
219,9.3653,2.625,-90.527
219,9.3653,2.7188,-78.465
219,9.3653,2.8125,-82.082
219,9.3653,2.9062,-74.614
219,9.3653,3.0,-76.158
219,9.3653,3.0938,-87.602
219,9.3653,3.1875,-80.761
219,9.3653,3.2812,-78.319
219,9.3653,3.375,-74.344
219,9.3653,3.4688,-70.853
219,9.3653,3.5625,-86.583
219,9.3653,3.6562,-79.209
219,9.3653,3.75,-63.553
219,9.3653,3.8438,-61.611
219,9.3653,3.9375,-56.596
219,9.3653,4.0312,-76.909
219,9.3653,4.125,-67.194
219,9.3653,4.2188,-69.797
219,9.3653,4.3125,-59.211
219,9.3653,4.4062,-96.087
219,9.3653,4.5,-67.131
219,9.3653,4.5938,-63.466
219,9.3653,4.6875,-65.913
219,9.3653,4.7812,-83.205
219,9.3653,4.875,-60.857
219,9.3653,4.9688,-74.063
219,9.3653,5.0625,-64.335
219,9.3653,5.1562,-76.132
219,9.3653,5.25,-77.636
219,9.3653,5.3438,-71.31
219,9.3653,5.4375,-64.392
219,9.3653,5.5312,-64.87
219,9.3653,5.625,-67.741
219,9.3653,5.7188,-70.149
219,9.3653,5.8125,-72.14
219,9.3653,5.9062,-72.991
219,9.3653,6.0,-74.761
219,9.3653,6.0938,-74.522
219,9.3653,6.1875,-96.755
219,9.3653,6.2812,-70.706
219,9.3653,6.375,-65.931
219,9.3653,6.4688,-62.028
219,9.3653,6.5625,-75.755
219,9.3653,6.6562,-70.157
219,9.3653,6.75,-74.368
219,9.3653,6.8438,-70.439
219,9.3653,6.9375,-72.805
219,9.3653,7.0312,-82.381
219,9.3653,7.125,-69.727
219,9.3653,7.2188,-63.697
219,9.3653,7.3125,-66.557
219,9.3653,7.4062,-69.344
219,9.3653,7.5,-62.866
219,9.3653,7.5938,-60.18
219,9.3653,7.6875,-56.079
219,9.3653,7.7812,-65.066
219,9.3653,7.875,-60.31
219,9.3653,7.9688,-62.257
219,9.3653,8.0625,-62.483
219,9.3653,8.1562,-65.158
219,9.3653,8.25,-67.202
219,9.3653,8.3438,-64.642
219,9.3653,8.4375,-64.213
219,9.3653,8.5312,-65.932
219,9.3653,8.625,-64.718
219,9.3653,8.7188,-69.632
219,9.3653,8.8125,-65.988
219,9.3653,8.9062,-71.105
219,9.3653,9.0,-64.49
219,9.3653,9.0938,-69.954
219,9.3653,9.1875,-65.758
219,9.3653,9.2812,-68.401
219,9.3653,9.375,-69.675
219,9.3653,9.4688,-77.045
219,9.3653,9.5625,-75.351
219,9.3653,9.6562,-70.129
219,9.3653,9.75,-73.769
219,9.3653,9.8438,-75.807
219,9.3653,9.9375,-73.273
219,9.3653,10.0312,-83.723
219,9.3653,10.125,-72.848
219,9.3653,10.2188,-80.611
219,9.3653,10.3125,-81.773
219,9.3653,10.4062,-95.288
219,9.3653,10.5,-82.18
219,9.3653,10.5938,-69.774
219,9.3653,10.6875,-78.22
219,9.3653,10.7812,-87.479
219,9.3653,10.875,-77.011
219,9.3653,10.9688,-83.987
219,9.3653,11.0625,-75.832
219,9.3653,11.1562,-79.715
219,9.3653,11.25,-80.016
219,9.3653,11.3438,-75.987
219,9.3653,11.4375,-95.826
219,9.3653,11.5312,-83.062
219,9.3653,11.625,-84.44
219,9.3653,11.7188,-79.531
219,9.3653,11.8125,-82.207
219,9.3653,11.9062,-81.529
219,9.3653,12.0,-77.843
219,9.3653,12.0938,-77.106
219,9.3653,12.1875,-88.589
219,9.3653,12.2812,-88.132
219,9.3653,12.375,-75.474
219,9.3653,12.4688,-71.058
219,9.3653,12.5625,-83.805
219,9.3653,12.6562,-80.338
219,9.3653,12.75,-82.509
219,9.3653,12.8438,-74.464
219,9.3653,12.9375,-78.511
219,9.3653,13.0312,-71.927
219,9.3653,13.125,-79.787
219,9.3653,13.2188,-79.396
219,9.3653,13.3125,-78.513
219,9.3653,13.4062,-85.545
219,9.3653,13.5,-85.927
219,9.3653,13.5938,-87.108
219,9.3653,13.6875,-87.825
219,9.3653,13.7812,-79.737
219,9.3653,13.875,-86.744
219,9.3653,13.9688,-84.258
219,9.3653,14.0625,-94.164
219,9.3653,14.1562,-82.226
219,9.3653,14.25,-93.168
219,9.3653,14.3438,-91.441
219,9.3653,14.4375,-83.603
219,9.3653,14.5312,-84.491
219,9.3653,14.625,-77.963
219,9.3653,14.7188,-81.733
219,9.3653,14.8125,-76.474
219,9.3653,14.9062,-82.152
219,9.3653,15.0,-82.499
219,9.3653,15.0938,-94.39
219,9.3653,15.1875,-95.617
219,9.3653,15.2812,-89.307
219,9.3653,15.375,-80.736
219,9.3653,15.4688,-83.272
219,9.3653,15.5625,-92.384
219,9.3653,15.6562,-91.307
219,9.3653,15.75,-88.828
219,9.3653,15.8438,-98.13
219,9.3653,15.9375,-95.438
220,9.408,0.0,-58.314
220,9.408,0.0938,-41.876
220,9.408,0.1875,-44.057
220,9.408,0.2812,-58.322
220,9.408,0.375,-47.662
220,9.408,0.4688,-57.056
220,9.408,0.5625,-61.548
220,9.408,0.6562,-74.131
220,9.408,0.75,-67.823
220,9.408,0.8438,-73.335
220,9.408,0.9375,-73.76
220,9.408,1.0312,-72.26
220,9.408,1.125,-70.353
220,9.408,1.2188,-85.064
220,9.408,1.3125,-69.929
220,9.408,1.4062,-82.969
220,9.408,1.5,-73.974
220,9.408,1.5938,-69.508
220,9.408,1.6875,-67.551
220,9.408,1.7812,-70.109
220,9.408,1.875,-64.424
220,9.408,1.9688,-66.192
220,9.408,2.0625,-64.38
220,9.408,2.1562,-76.871
220,9.408,2.25,-64.462
220,9.408,2.3438,-67.296
220,9.408,2.4375,-71.398
220,9.408,2.5312,-59.339
220,9.408,2.625,-59.634
220,9.408,2.7188,-63.149
220,9.408,2.8125,-57.485
220,9.408,2.9062,-69.865
220,9.408,3.0,-70.207
220,9.408,3.0938,-84.932
220,9.408,3.1875,-65.983
220,9.408,3.2812,-74.347
220,9.408,3.375,-66.229
220,9.408,3.4688,-68.624
220,9.408,3.5625,-66.203
220,9.408,3.6562,-57.725
220,9.408,3.75,-50.541
220,9.408,3.8438,-55.453
220,9.408,3.9375,-61.59
220,9.408,4.0312,-72.057
220,9.408,4.125,-58.065
220,9.408,4.2188,-63.745
220,9.408,4.3125,-61.088
220,9.408,4.4062,-65.888
220,9.408,4.5,-76.069
220,9.408,4.5938,-62.758
220,9.408,4.6875,-82.561
220,9.408,4.7812,-60.266
220,9.408,4.875,-73.972
220,9.408,4.9688,-61.069
220,9.408,5.0625,-66.705
220,9.408,5.1562,-64.064
220,9.408,5.25,-64.029
220,9.408,5.3438,-69.667
220,9.408,5.4375,-67.589
220,9.408,5.5312,-68.007
220,9.408,5.625,-68.958
220,9.408,5.7188,-67.374
220,9.408,5.8125,-67.432
220,9.408,5.9062,-73.231
220,9.408,6.0,-84.085
220,9.408,6.0938,-71.07
220,9.408,6.1875,-77.157
220,9.408,6.2812,-71.621
220,9.408,6.375,-72.362
220,9.408,6.4688,-71.406
220,9.408,6.5625,-72.152
220,9.408,6.6562,-65.809
220,9.408,6.75,-73.177
220,9.408,6.8438,-68.197
220,9.408,6.9375,-69.873
220,9.408,7.0312,-67.073
220,9.408,7.125,-62.54
220,9.408,7.2188,-71.657
220,9.408,7.3125,-59.952
220,9.408,7.4062,-62.965
220,9.408,7.5,-68.301
220,9.408,7.5938,-60.099
220,9.408,7.6875,-54.38
220,9.408,7.7812,-57.375
220,9.408,7.875,-61.794
220,9.408,7.9688,-69.706
220,9.408,8.0625,-74.754
220,9.408,8.1562,-65.392
220,9.408,8.25,-78.035
220,9.408,8.3438,-71.049
220,9.408,8.4375,-63.125
220,9.408,8.5312,-64.571
220,9.408,8.625,-73.021
220,9.408,8.7188,-71.976
220,9.408,8.8125,-72.001
220,9.408,8.9062,-65.014
220,9.408,9.0,-69.636
220,9.408,9.0938,-65.173
220,9.408,9.1875,-66.344
220,9.408,9.2812,-75.703
220,9.408,9.375,-69.567
220,9.408,9.4688,-83.262
220,9.408,9.5625,-68.907
220,9.408,9.6562,-69.786
220,9.408,9.75,-64.787
220,9.408,9.8438,-77.607
220,9.408,9.9375,-68.058
220,9.408,10.0312,-73.965
220,9.408,10.125,-80.674
220,9.408,10.2188,-78.719
220,9.408,10.3125,-78.455
220,9.408,10.4062,-80.786
220,9.408,10.5,-84.967
220,9.408,10.5938,-71.641
220,9.408,10.6875,-83.424
220,9.408,10.7812,-81.602
220,9.408,10.875,-99.622
220,9.408,10.9688,-78.986
220,9.408,11.0625,-85.749
220,9.408,11.1562,-77.388
220,9.408,11.25,-86.485
220,9.408,11.3438,-85.637
220,9.408,11.4375,-77.327
220,9.408,11.5312,-85.831
220,9.408,11.625,-88.243
220,9.408,11.7188,-78.727
220,9.408,11.8125,-86.239
220,9.408,11.9062,-92.411
220,9.408,12.0,-92.493
220,9.408,12.0938,-72.071
220,9.408,12.1875,-77.839
220,9.408,12.2812,-78.139
220,9.408,12.375,-76.667
220,9.408,12.4688,-81.183
220,9.408,12.5625,-88.125
220,9.408,12.6562,-80.722
220,9.408,12.75,-81.863
220,9.408,12.8438,-78.612
220,9.408,12.9375,-79.389
220,9.408,13.0312,-91.382
220,9.408,13.125,-88.58
220,9.408,13.2188,-80.257
220,9.408,13.3125,-80.682
220,9.408,13.4062,-82.963
220,9.408,13.5,-85.168
220,9.408,13.5938,-91.716
220,9.408,13.6875,-84.955
220,9.408,13.7812,-84.549
220,9.408,13.875,-98.05
220,9.408,13.9688,-85.81
220,9.408,14.0625,-87.38
220,9.408,14.1562,-83.413
220,9.408,14.25,-87.841
220,9.408,14.3438,-87.295
220,9.408,14.4375,-87.63
220,9.408,14.5312,-85.767
220,9.408,14.625,-92.625
220,9.408,14.7188,-91.011
220,9.408,14.8125,-85.755
220,9.408,14.9062,-81.144
220,9.408,15.0,-87.126
220,9.408,15.0938,-81.988
220,9.408,15.1875,-86.053
220,9.408,15.2812,-93.929
220,9.408,15.375,-89.245
220,9.408,15.4688,-90.836
220,9.408,15.5625,-89.569
220,9.408,15.6562,-89.997
220,9.408,15.75,-90.054
220,9.408,15.8438,-98.098
220,9.408,15.9375,-96.578
221,9.4507,0.0,-91.415
221,9.4507,0.0938,-42.48
221,9.4507,0.1875,-47.021
221,9.4507,0.2812,-79.576
221,9.4507,0.375,-34.3
221,9.4507,0.4688,-54.393
221,9.4507,0.5625,-49.456
221,9.4507,0.6562,-74.651
221,9.4507,0.75,-52.877
221,9.4507,0.8438,-73.18
221,9.4507,0.9375,-58.823
221,9.4507,1.0312,-77.036
221,9.4507,1.125,-61.485
221,9.4507,1.2188,-83.774
221,9.4507,1.3125,-66.24
221,9.4507,1.4062,-77.389
221,9.4507,1.5,-58.789
221,9.4507,1.5938,-76.992
221,9.4507,1.6875,-56.675
221,9.4507,1.7812,-63.587
221,9.4507,1.875,-51.054
221,9.4507,1.9688,-65.238
221,9.4507,2.0625,-67.958
221,9.4507,2.1562,-67.439
221,9.4507,2.25,-62.011
221,9.4507,2.3438,-65.95
221,9.4507,2.4375,-68.439
221,9.4507,2.5312,-62.569
221,9.4507,2.625,-65.313
221,9.4507,2.7188,-59.917
221,9.4507,2.8125,-75.627
221,9.4507,2.9062,-66.894
221,9.4507,3.0,-78.684
221,9.4507,3.0938,-71.491
221,9.4507,3.1875,-80.876
221,9.4507,3.2812,-75.445
221,9.4507,3.375,-81.944
221,9.4507,3.4688,-73.821
221,9.4507,3.5625,-92.187
221,9.4507,3.6562,-67.898
221,9.4507,3.75,-81.052
221,9.4507,3.8438,-78.306
221,9.4507,3.9375,-86.776
221,9.4507,4.0312,-73.568
221,9.4507,4.125,-91.208
221,9.4507,4.2188,-82.745
221,9.4507,4.3125,-79.923
221,9.4507,4.4062,-81.571
221,9.4507,4.5,-79.305
221,9.4507,4.5938,-80.084
221,9.4507,4.6875,-69.498
221,9.4507,4.7812,-71.104
221,9.4507,4.875,-76.009
221,9.4507,4.9688,-75.637
221,9.4507,5.0625,-76.706
221,9.4507,5.1562,-68.887
221,9.4507,5.25,-71.117
221,9.4507,5.3438,-79.915
221,9.4507,5.4375,-87.092
221,9.4507,5.5312,-74.938
221,9.4507,5.625,-85.066
221,9.4507,5.7188,-83.553
221,9.4507,5.8125,-77.094
221,9.4507,5.9062,-77.025
221,9.4507,6.0,-78.021
221,9.4507,6.0938,-74.415
221,9.4507,6.1875,-76.044
221,9.4507,6.2812,-74.945
221,9.4507,6.375,-75.6
221,9.4507,6.4688,-96.337
221,9.4507,6.5625,-74.618
221,9.4507,6.6562,-91.391
221,9.4507,6.75,-73.248
221,9.4507,6.8438,-77.11
221,9.4507,6.9375,-67.839
221,9.4507,7.0312,-67.765
221,9.4507,7.125,-74.588
221,9.4507,7.2188,-86.132
221,9.4507,7.3125,-83.971
221,9.4507,7.4062,-79.896
221,9.4507,7.5,-76.861
221,9.4507,7.5938,-84.108
221,9.4507,7.6875,-74.442
221,9.4507,7.7812,-72.002
221,9.4507,7.875,-89.507
221,9.4507,7.9688,-66.995
221,9.4507,8.0625,-76.143
221,9.4507,8.1562,-61.436
221,9.4507,8.25,-74.008
221,9.4507,8.3438,-62.638
221,9.4507,8.4375,-67.716
221,9.4507,8.5312,-76.399
221,9.4507,8.625,-74.775
221,9.4507,8.7188,-68.701
221,9.4507,8.8125,-69.857
221,9.4507,8.9062,-75.506
221,9.4507,9.0,-72.733
221,9.4507,9.0938,-71.066
221,9.4507,9.1875,-82.847
221,9.4507,9.2812,-78.974
221,9.4507,9.375,-83.363
221,9.4507,9.4688,-78.008
221,9.4507,9.5625,-81.25
221,9.4507,9.6562,-74.23
221,9.4507,9.75,-67.811
221,9.4507,9.8438,-75.688
221,9.4507,9.9375,-74.734
221,9.4507,10.0312,-80.282
221,9.4507,10.125,-78.398
221,9.4507,10.2188,-88.018
221,9.4507,10.3125,-88.853
221,9.4507,10.4062,-85.371
221,9.4507,10.5,-84.954
221,9.4507,10.5938,-84.051
221,9.4507,10.6875,-89.356
221,9.4507,10.7812,-85.929
221,9.4507,10.875,-91.995
221,9.4507,10.9688,-89.629
221,9.4507,11.0625,-89.327
221,9.4507,11.1562,-81.123
221,9.4507,11.25,-84.276
221,9.4507,11.3438,-77.674
221,9.4507,11.4375,-80.709
221,9.4507,11.5312,-74.069
221,9.4507,11.625,-84.836
221,9.4507,11.7188,-87.964
221,9.4507,11.8125,-94.835
221,9.4507,11.9062,-84.687
221,9.4507,12.0,-87.792
221,9.4507,12.0938,-85.029
221,9.4507,12.1875,-82.893
221,9.4507,12.2812,-83.858
221,9.4507,12.375,-82.188
221,9.4507,12.4688,-75.069
221,9.4507,12.5625,-82.245
221,9.4507,12.6562,-73.466
221,9.4507,12.75,-80.715
221,9.4507,12.8438,-68.628
221,9.4507,12.9375,-72.814
221,9.4507,13.0312,-69.245
221,9.4507,13.125,-75.67
221,9.4507,13.2188,-70.47
221,9.4507,13.3125,-88.255
221,9.4507,13.4062,-74.903
221,9.4507,13.5,-92.435
221,9.4507,13.5938,-74.751
221,9.4507,13.6875,-82.621
221,9.4507,13.7812,-75.532
221,9.4507,13.875,-83.336
221,9.4507,13.9688,-80.801
221,9.4507,14.0625,-81.156
221,9.4507,14.1562,-86.882
221,9.4507,14.25,-86.546
221,9.4507,14.3438,-90.619
221,9.4507,14.4375,-83.549
221,9.4507,14.5312,-93.67
221,9.4507,14.625,-82.942
221,9.4507,14.7188,-96.473
221,9.4507,14.8125,-79.861
221,9.4507,14.9062,-95.211
221,9.4507,15.0,-84.877
221,9.4507,15.0938,-94.439
221,9.4507,15.1875,-92.931
221,9.4507,15.2812,-87.915
221,9.4507,15.375,-96.917
221,9.4507,15.4688,-91.382
221,9.4507,15.5625,-88.094
221,9.4507,15.6562,-90.11
221,9.4507,15.75,-97.803
221,9.4507,15.8438,-91.125
221,9.4507,15.9375,-90.484
222,9.4933,0.0,-61.677
222,9.4933,0.0938,-42.914
222,9.4933,0.1875,-46.572
222,9.4933,0.2812,-79.618
222,9.4933,0.375,-40.424
222,9.4933,0.4688,-60.302
222,9.4933,0.5625,-35.782
222,9.4933,0.6562,-65.159
222,9.4933,0.75,-45.804
222,9.4933,0.8438,-76.219
222,9.4933,0.9375,-52.371
222,9.4933,1.0312,-81.093
222,9.4933,1.125,-54.531
222,9.4933,1.2188,-87.447
222,9.4933,1.3125,-58.571
222,9.4933,1.4062,-73.44
222,9.4933,1.5,-54.37
222,9.4933,1.5938,-68.532
222,9.4933,1.6875,-49.935
222,9.4933,1.7812,-60.233
222,9.4933,1.875,-46.582
222,9.4933,1.9688,-75.081
222,9.4933,2.0625,-64.16
222,9.4933,2.1562,-78.054
222,9.4933,2.25,-57.896
222,9.4933,2.3438,-80.969
222,9.4933,2.4375,-62.454
222,9.4933,2.5312,-73.947
222,9.4933,2.625,-92.152
222,9.4933,2.7188,-79.467
222,9.4933,2.8125,-81.989
222,9.4933,2.9062,-77.623
222,9.4933,3.0,-80.401
222,9.4933,3.0938,-89.754
222,9.4933,3.1875,-90.859
222,9.4933,3.2812,-85.767
222,9.4933,3.375,-97.481
222,9.4933,3.4688,-83.819
222,9.4933,3.5625,-81.475
222,9.4933,3.6562,-97.943
222,9.4933,3.75,-83.102
222,9.4933,3.8438,-84.725
222,9.4933,3.9375,-88.025
222,9.4933,4.0312,-79.514
222,9.4933,4.125,-92.147
222,9.4933,4.2188,-90.605
222,9.4933,4.3125,-98.256
222,9.4933,4.4062,-89.873
222,9.4933,4.5,-90.597
222,9.4933,4.5938,-79.628
222,9.4933,4.6875,-88.075
222,9.4933,4.7812,-68.323
222,9.4933,4.875,-82.93
222,9.4933,4.9688,-61.901
222,9.4933,5.0625,-78.349
222,9.4933,5.1562,-80.026
222,9.4933,5.25,-86.64
222,9.4933,5.3438,-80.185
222,9.4933,5.4375,-92.577
222,9.4933,5.5312,-81.536
222,9.4933,5.625,-88.515
222,9.4933,5.7188,-82.953
222,9.4933,5.8125,-84.841
222,9.4933,5.9062,-98.031
222,9.4933,6.0,-84.372
222,9.4933,6.0938,-77.169
222,9.4933,6.1875,-85.212
222,9.4933,6.2812,-81.089
222,9.4933,6.375,-80.368
222,9.4933,6.4688,-76.133
222,9.4933,6.5625,-74.847
222,9.4933,6.6562,-81.321
222,9.4933,6.75,-85.841
222,9.4933,6.8438,-83.3
222,9.4933,6.9375,-85.314
222,9.4933,7.0312,-69.664
222,9.4933,7.125,-79.6
222,9.4933,7.2188,-76.703
222,9.4933,7.3125,-75.494
222,9.4933,7.4062,-86.945
222,9.4933,7.5,-92.927
222,9.4933,7.5938,-86.799
222,9.4933,7.6875,-80.72
222,9.4933,7.7812,-89.255
222,9.4933,7.875,-82.049
222,9.4933,7.9688,-91.118
222,9.4933,8.0625,-75.735
222,9.4933,8.1562,-73.727
222,9.4933,8.25,-71.952
222,9.4933,8.3438,-63.737
222,9.4933,8.4375,-65.768
222,9.4933,8.5312,-67.526
222,9.4933,8.625,-67.479
222,9.4933,8.7188,-64.171
222,9.4933,8.8125,-70.832
222,9.4933,8.9062,-86.455
222,9.4933,9.0,-69.857
222,9.4933,9.0938,-72.201
222,9.4933,9.1875,-81.803
222,9.4933,9.2812,-75.123
222,9.4933,9.375,-70.794
222,9.4933,9.4688,-83.504
222,9.4933,9.5625,-80.192
222,9.4933,9.6562,-74.634
222,9.4933,9.75,-78.949
222,9.4933,9.8438,-72.333
222,9.4933,9.9375,-73.507
222,9.4933,10.0312,-78.769
222,9.4933,10.125,-81.458
222,9.4933,10.2188,-72.579
222,9.4933,10.3125,-80.901
222,9.4933,10.4062,-73.209
222,9.4933,10.5,-81.577
222,9.4933,10.5938,-79.944
222,9.4933,10.6875,-84.015
222,9.4933,10.7812,-88.144
222,9.4933,10.875,-84.504
222,9.4933,10.9688,-88.715
222,9.4933,11.0625,-79.257
222,9.4933,11.1562,-83.544
222,9.4933,11.25,-79.567
222,9.4933,11.3438,-79.861
222,9.4933,11.4375,-81.684
222,9.4933,11.5312,-78.907
222,9.4933,11.625,-85.662
222,9.4933,11.7188,-79.892
222,9.4933,11.8125,-87.034
222,9.4933,11.9062,-76.749
222,9.4933,12.0,-74.442
222,9.4933,12.0938,-73.068
222,9.4933,12.1875,-79.616
222,9.4933,12.2812,-93.514
222,9.4933,12.375,-92.122
222,9.4933,12.4688,-94.053
222,9.4933,12.5625,-93.567
222,9.4933,12.6562,-93.801
222,9.4933,12.75,-87.122
222,9.4933,12.8438,-86.414
222,9.4933,12.9375,-74.9
222,9.4933,13.0312,-81.431
222,9.4933,13.125,-75.588
222,9.4933,13.2188,-80.882
222,9.4933,13.3125,-79.322
222,9.4933,13.4062,-82.045
222,9.4933,13.5,-91.845
222,9.4933,13.5938,-84.215
222,9.4933,13.6875,-88.877
222,9.4933,13.7812,-79.463
222,9.4933,13.875,-78.638
222,9.4933,13.9688,-82.214
222,9.4933,14.0625,-83.16
222,9.4933,14.1562,-96.778
222,9.4933,14.25,-85.098
222,9.4933,14.3438,-89.939
222,9.4933,14.4375,-92.805
222,9.4933,14.5312,-87.82
222,9.4933,14.625,-87.91
222,9.4933,14.7188,-87.727
222,9.4933,14.8125,-94.326
222,9.4933,14.9062,-94.548
222,9.4933,15.0,-98.773
222,9.4933,15.0938,-88.406
222,9.4933,15.1875,-94.016
222,9.4933,15.2812,-86.723
222,9.4933,15.375,-86.908
222,9.4933,15.4688,-84.726
222,9.4933,15.5625,-87.842
222,9.4933,15.6562,-90.834
222,9.4933,15.75,-90.865
222,9.4933,15.8438,-97.988
222,9.4933,15.9375,-92.024
223,9.536,0.0,-66.069
223,9.536,0.0938,-43.835
223,9.536,0.1875,-47.39
223,9.536,0.2812,-70.62
223,9.536,0.375,-43.953
223,9.536,0.4688,-65.902
223,9.536,0.5625,-38.779
223,9.536,0.6562,-62.268
223,9.536,0.75,-50.982
223,9.536,0.8438,-65.021
223,9.536,0.9375,-56.907
223,9.536,1.0312,-62.573
223,9.536,1.125,-64.304
223,9.536,1.2188,-60.15
223,9.536,1.3125,-65.892
223,9.536,1.4062,-57.641
223,9.536,1.5,-62.785
223,9.536,1.5938,-48.168
223,9.536,1.6875,-54.214
223,9.536,1.7812,-42.225
223,9.536,1.875,-60.754
223,9.536,1.9688,-59.241
223,9.536,2.0625,-71.161
223,9.536,2.1562,-58.46
223,9.536,2.25,-59.785
223,9.536,2.3438,-58.873
223,9.536,2.4375,-62.922
223,9.536,2.5312,-63.204
223,9.536,2.625,-76.781
223,9.536,2.7188,-73.316
223,9.536,2.8125,-72.077
223,9.536,2.9062,-74.867
223,9.536,3.0,-71.67
223,9.536,3.0938,-75.906
223,9.536,3.1875,-77.171
223,9.536,3.2812,-79.687
223,9.536,3.375,-75.879
223,9.536,3.4688,-75.961
223,9.536,3.5625,-77.191
223,9.536,3.6562,-80.281
223,9.536,3.75,-72.731
223,9.536,3.8438,-85.686
223,9.536,3.9375,-81.247
223,9.536,4.0312,-82.438
223,9.536,4.125,-89.49
223,9.536,4.2188,-85.885
223,9.536,4.3125,-88.755
223,9.536,4.4062,-87.399
223,9.536,4.5,-89.596
223,9.536,4.5938,-88.261
223,9.536,4.6875,-76.198
223,9.536,4.7812,-74.655
223,9.536,4.875,-70.39
223,9.536,4.9688,-76.703
223,9.536,5.0625,-68.803
223,9.536,5.1562,-81.267
223,9.536,5.25,-72.025
223,9.536,5.3438,-75.198
223,9.536,5.4375,-71.742
223,9.536,5.5312,-76.522
223,9.536,5.625,-77.477
223,9.536,5.7188,-75.992
223,9.536,5.8125,-85.884
223,9.536,5.9062,-93.323
223,9.536,6.0,-82.117
223,9.536,6.0938,-72.864
223,9.536,6.1875,-70.308
223,9.536,6.2812,-73.786
223,9.536,6.375,-69.408
223,9.536,6.4688,-87.044
223,9.536,6.5625,-88.875
223,9.536,6.6562,-76.627
223,9.536,6.75,-81.337
223,9.536,6.8438,-74.172
223,9.536,6.9375,-77.71
223,9.536,7.0312,-66.494
223,9.536,7.125,-73.613
223,9.536,7.2188,-67.031
223,9.536,7.3125,-72.972
223,9.536,7.4062,-78.609
223,9.536,7.5,-79.286
223,9.536,7.5938,-78.001
223,9.536,7.6875,-86.448
223,9.536,7.7812,-73.789
223,9.536,7.875,-79.669
223,9.536,7.9688,-73.914
223,9.536,8.0625,-75.405
223,9.536,8.1562,-86.475
223,9.536,8.25,-69.647
223,9.536,8.3438,-84.008
223,9.536,8.4375,-74.182
223,9.536,8.5312,-65.944
223,9.536,8.625,-75.292
223,9.536,8.7188,-73.769
223,9.536,8.8125,-65.105
223,9.536,8.9062,-66.887
223,9.536,9.0,-66.064
223,9.536,9.0938,-73.485
223,9.536,9.1875,-66.729
223,9.536,9.2812,-75.655
223,9.536,9.375,-77.183
223,9.536,9.4688,-80.239
223,9.536,9.5625,-82.978
223,9.536,9.6562,-77.012
223,9.536,9.75,-78.718
223,9.536,9.8438,-81.273
223,9.536,9.9375,-77.177
223,9.536,10.0312,-80.044
223,9.536,10.125,-95.508
223,9.536,10.2188,-86.786
223,9.536,10.3125,-79.099
223,9.536,10.4062,-74.779
223,9.536,10.5,-70.603
223,9.536,10.5938,-88.598
223,9.536,10.6875,-74.094
223,9.536,10.7812,-84.155
223,9.536,10.875,-80.084
223,9.536,10.9688,-80.993
223,9.536,11.0625,-78.949
223,9.536,11.1562,-81.359
223,9.536,11.25,-74.201
223,9.536,11.3438,-76.838
223,9.536,11.4375,-77.585
223,9.536,11.5312,-79.827
223,9.536,11.625,-86.127
223,9.536,11.7188,-88.174
223,9.536,11.8125,-79.129
223,9.536,11.9062,-80.286
223,9.536,12.0,-78.632
223,9.536,12.0938,-78.254
223,9.536,12.1875,-71.018
223,9.536,12.2812,-86.825
223,9.536,12.375,-77.275
223,9.536,12.4688,-77.508
223,9.536,12.5625,-79.021
223,9.536,12.6562,-82.065
223,9.536,12.75,-78.885
223,9.536,12.8438,-86.338
223,9.536,12.9375,-84.281
223,9.536,13.0312,-83.4
223,9.536,13.125,-79.605
223,9.536,13.2188,-82.897
223,9.536,13.3125,-82.224
223,9.536,13.4062,-89.455
223,9.536,13.5,-85.606
223,9.536,13.5938,-92.079
223,9.536,13.6875,-82.876
223,9.536,13.7812,-89.467
223,9.536,13.875,-94.316
223,9.536,13.9688,-87.226
223,9.536,14.0625,-92.484
223,9.536,14.1562,-88.856
223,9.536,14.25,-95.3
223,9.536,14.3438,-90.297
223,9.536,14.4375,-93.871
223,9.536,14.5312,-93.154
223,9.536,14.625,-94.295
223,9.536,14.7188,-95.959
223,9.536,14.8125,-98.022
223,9.536,14.9062,-98.267
223,9.536,15.0,-94.726
223,9.536,15.0938,-89.403
223,9.536,15.1875,-90.852
223,9.536,15.2812,-92.623
223,9.536,15.375,-89.495
223,9.536,15.4688,-87.723
223,9.536,15.5625,-96.124
223,9.536,15.6562,-83.86
223,9.536,15.75,-88.608
223,9.536,15.8438,-93.549
223,9.536,15.9375,-96.968
224,9.5787,0.0,-68.561
224,9.5787,0.0938,-44.609
224,9.5787,0.1875,-35.75
224,9.5787,0.2812,-77.216
224,9.5787,0.375,-60.405
224,9.5787,0.4688,-59.674
224,9.5787,0.5625,-58.673
224,9.5787,0.6562,-43.278
224,9.5787,0.75,-64.117
224,9.5787,0.8438,-44.89
224,9.5787,0.9375,-72.563
224,9.5787,1.0312,-52.972
224,9.5787,1.125,-73.987
224,9.5787,1.2188,-67.379
224,9.5787,1.3125,-86.85
224,9.5787,1.4062,-82.871
224,9.5787,1.5,-61.793
224,9.5787,1.5938,-72.002
224,9.5787,1.6875,-43.345
224,9.5787,1.7812,-71.916
224,9.5787,1.875,-42.206
224,9.5787,1.9688,-78.359
224,9.5787,2.0625,-60.964
224,9.5787,2.1562,-72.817
224,9.5787,2.25,-70.705
224,9.5787,2.3438,-71.896
224,9.5787,2.4375,-68.758
224,9.5787,2.5312,-52.516
224,9.5787,2.625,-70.091
224,9.5787,2.7188,-57.688
224,9.5787,2.8125,-85.518
224,9.5787,2.9062,-64.216
224,9.5787,3.0,-77.078
224,9.5787,3.0938,-91.948
224,9.5787,3.1875,-78.9
224,9.5787,3.2812,-88.047
224,9.5787,3.375,-82.412
224,9.5787,3.4688,-86.96
224,9.5787,3.5625,-71.243
224,9.5787,3.6562,-91.71
224,9.5787,3.75,-71.618
224,9.5787,3.8438,-81.081
224,9.5787,3.9375,-85.827
224,9.5787,4.0312,-85.191
224,9.5787,4.125,-86.731
224,9.5787,4.2188,-91.863
224,9.5787,4.3125,-92.929
224,9.5787,4.4062,-80.523
224,9.5787,4.5,-90.987
224,9.5787,4.5938,-71.904
224,9.5787,4.6875,-83.078
224,9.5787,4.7812,-76.124
224,9.5787,4.875,-78.753
224,9.5787,4.9688,-87.94
224,9.5787,5.0625,-79.379
224,9.5787,5.1562,-88.081
224,9.5787,5.25,-69.657
224,9.5787,5.3438,-91.931
224,9.5787,5.4375,-66.089
224,9.5787,5.5312,-79.612
224,9.5787,5.625,-72.337
224,9.5787,5.7188,-95.159
224,9.5787,5.8125,-86.167
224,9.5787,5.9062,-82.467
224,9.5787,6.0,-88.17
224,9.5787,6.0938,-92.098
224,9.5787,6.1875,-72.071
224,9.5787,6.2812,-81.768
224,9.5787,6.375,-70.209
224,9.5787,6.4688,-68.769
224,9.5787,6.5625,-85.225
224,9.5787,6.6562,-81.456
224,9.5787,6.75,-86.792
224,9.5787,6.8438,-78.107
224,9.5787,6.9375,-80.189
224,9.5787,7.0312,-73.922
224,9.5787,7.125,-66.249
224,9.5787,7.2188,-71.953
224,9.5787,7.3125,-69.418
224,9.5787,7.4062,-72.532
224,9.5787,7.5,-75.758
224,9.5787,7.5938,-81.532
224,9.5787,7.6875,-78.521
224,9.5787,7.7812,-83.148
224,9.5787,7.875,-81.41
224,9.5787,7.9688,-70.909
224,9.5787,8.0625,-72.196
224,9.5787,8.1562,-72.211
224,9.5787,8.25,-68.728
224,9.5787,8.3438,-69.535
224,9.5787,8.4375,-72.168
224,9.5787,8.5312,-68.074
224,9.5787,8.625,-69.184
224,9.5787,8.7188,-74.66
224,9.5787,8.8125,-74.354
224,9.5787,8.9062,-70.778
224,9.5787,9.0,-62.555
224,9.5787,9.0938,-63.061
224,9.5787,9.1875,-56.103
224,9.5787,9.2812,-67.432
224,9.5787,9.375,-68.353
224,9.5787,9.4688,-86.903
224,9.5787,9.5625,-81.395
224,9.5787,9.6562,-85.746
224,9.5787,9.75,-76.038
224,9.5787,9.8438,-68.121
224,9.5787,9.9375,-63.656
224,9.5787,10.0312,-65.374
224,9.5787,10.125,-98.3
224,9.5787,10.2188,-71.429
224,9.5787,10.3125,-94.035
224,9.5787,10.4062,-73.7
224,9.5787,10.5,-67.82
224,9.5787,10.5938,-85.705
224,9.5787,10.6875,-75.041
224,9.5787,10.7812,-84.945
224,9.5787,10.875,-75.462
224,9.5787,10.9688,-88.122
224,9.5787,11.0625,-71.69
224,9.5787,11.1562,-84.818
224,9.5787,11.25,-76.077
224,9.5787,11.3438,-90.328
224,9.5787,11.4375,-77.35
224,9.5787,11.5312,-75.016
224,9.5787,11.625,-75.517
224,9.5787,11.7188,-71.242
224,9.5787,11.8125,-76.588
224,9.5787,11.9062,-64.276
224,9.5787,12.0,-70.815
224,9.5787,12.0938,-72.319
224,9.5787,12.1875,-81.243
224,9.5787,12.2812,-74.45
224,9.5787,12.375,-77.865
224,9.5787,12.4688,-80.381
224,9.5787,12.5625,-71.955
224,9.5787,12.6562,-75.849
224,9.5787,12.75,-74.811
224,9.5787,12.8438,-73.453
224,9.5787,12.9375,-67.97
224,9.5787,13.0312,-75.052
224,9.5787,13.125,-68.64
224,9.5787,13.2188,-72.819
224,9.5787,13.3125,-77.712
224,9.5787,13.4062,-78.299
224,9.5787,13.5,-81.847
224,9.5787,13.5938,-75.037
224,9.5787,13.6875,-96.494
224,9.5787,13.7812,-79.193
224,9.5787,13.875,-80.136
224,9.5787,13.9688,-80.549
224,9.5787,14.0625,-81.482
224,9.5787,14.1562,-93.467
224,9.5787,14.25,-91.277
224,9.5787,14.3438,-95.083
224,9.5787,14.4375,-83.676
224,9.5787,14.5312,-94.414
224,9.5787,14.625,-88.825
224,9.5787,14.7188,-95.957
224,9.5787,14.8125,-95.12
224,9.5787,14.9062,-90.926
224,9.5787,15.0,-93.525
224,9.5787,15.0938,-95.473
224,9.5787,15.1875,-90.251
224,9.5787,15.2812,-86.066
224,9.5787,15.375,-89.925
224,9.5787,15.4688,-85.27
224,9.5787,15.5625,-96.554
224,9.5787,15.6562,-87.377
224,9.5787,15.75,-96.967
224,9.5787,15.8438,-95.827
224,9.5787,15.9375,-93.227
225,9.6213,0.0,-83.472
225,9.6213,0.0938,-45.109
225,9.6213,0.1875,-33.998
225,9.6213,0.2812,-76.135
225,9.6213,0.375,-56.519
225,9.6213,0.4688,-61.143
225,9.6213,0.5625,-67.103
225,9.6213,0.6562,-56.404
225,9.6213,0.75,-68.139
225,9.6213,0.8438,-48.65
225,9.6213,0.9375,-69.961
225,9.6213,1.0312,-51.501
225,9.6213,1.125,-72.31
225,9.6213,1.2188,-53.971
225,9.6213,1.3125,-77.694
225,9.6213,1.4062,-66.811
225,9.6213,1.5,-88.295
225,9.6213,1.5938,-76.139
225,9.6213,1.6875,-62.116
225,9.6213,1.7812,-75.424
225,9.6213,1.875,-45.036
225,9.6213,1.9688,-73.948
225,9.6213,2.0625,-55.313
225,9.6213,2.1562,-74.191
225,9.6213,2.25,-57.69
225,9.6213,2.3438,-78.18
225,9.6213,2.4375,-65.513
225,9.6213,2.5312,-78.409
225,9.6213,2.625,-83.9
225,9.6213,2.7188,-69.637
225,9.6213,2.8125,-79.966
225,9.6213,2.9062,-62.449
225,9.6213,3.0,-99.393
225,9.6213,3.0938,-67.717
225,9.6213,3.1875,-90.408
225,9.6213,3.2812,-74.299
225,9.6213,3.375,-91.805
225,9.6213,3.4688,-82.763
225,9.6213,3.5625,-85.229
225,9.6213,3.6562,-83.64
225,9.6213,3.75,-79.909
225,9.6213,3.8438,-91.04
225,9.6213,3.9375,-88.265
225,9.6213,4.0312,-87.327
225,9.6213,4.125,-91.475
225,9.6213,4.2188,-98.135
225,9.6213,4.3125,-80.977
225,9.6213,4.4062,-94.623
225,9.6213,4.5,-77.202
225,9.6213,4.5938,-97.509
225,9.6213,4.6875,-77.928
225,9.6213,4.7812,-86.535
225,9.6213,4.875,-77.922
225,9.6213,4.9688,-75.565
225,9.6213,5.0625,-72.386
225,9.6213,5.1562,-74.135
225,9.6213,5.25,-79.3
225,9.6213,5.3438,-69.48
225,9.6213,5.4375,-92.759
225,9.6213,5.5312,-80.53
225,9.6213,5.625,-83.984
225,9.6213,5.7188,-79.215
225,9.6213,5.8125,-81.96
225,9.6213,5.9062,-78.309
225,9.6213,6.0,-84.769
225,9.6213,6.0938,-85.913
225,9.6213,6.1875,-81.425
225,9.6213,6.2812,-79.033
225,9.6213,6.375,-73.813
225,9.6213,6.4688,-94.396
225,9.6213,6.5625,-78.073
225,9.6213,6.6562,-81.768
225,9.6213,6.75,-86.266
225,9.6213,6.8438,-91.079
225,9.6213,6.9375,-82.966
225,9.6213,7.0312,-89.716
225,9.6213,7.125,-77.709
225,9.6213,7.2188,-78.134
225,9.6213,7.3125,-79.09
225,9.6213,7.4062,-78.42
225,9.6213,7.5,-83.863
225,9.6213,7.5938,-73.767
225,9.6213,7.6875,-81.04
225,9.6213,7.7812,-76.717
225,9.6213,7.875,-89.13
225,9.6213,7.9688,-80.274
225,9.6213,8.0625,-85.953
225,9.6213,8.1562,-77.082
225,9.6213,8.25,-71.796
225,9.6213,8.3438,-76.926
225,9.6213,8.4375,-79.521
225,9.6213,8.5312,-86.359
225,9.6213,8.625,-72.368
225,9.6213,8.7188,-68.391
225,9.6213,8.8125,-70.707
225,9.6213,8.9062,-67.578
225,9.6213,9.0,-71.562
225,9.6213,9.0938,-84.106
225,9.6213,9.1875,-66.906
225,9.6213,9.2812,-66.583
225,9.6213,9.375,-77.776
225,9.6213,9.4688,-69.199
225,9.6213,9.5625,-77.127
225,9.6213,9.6562,-79.942
225,9.6213,9.75,-78.269
225,9.6213,9.8438,-79.035
225,9.6213,9.9375,-82.901
225,9.6213,10.0312,-65.579
225,9.6213,10.125,-79.909
225,9.6213,10.2188,-72.706
225,9.6213,10.3125,-76.614
225,9.6213,10.4062,-80.014
225,9.6213,10.5,-77.416
225,9.6213,10.5938,-76.001
225,9.6213,10.6875,-74.591
225,9.6213,10.7812,-89.103
225,9.6213,10.875,-77.019
225,9.6213,10.9688,-73.868
225,9.6213,11.0625,-76.094
225,9.6213,11.1562,-88.897
225,9.6213,11.25,-74.882
225,9.6213,11.3438,-81.245
225,9.6213,11.4375,-87.925
225,9.6213,11.5312,-76.729
225,9.6213,11.625,-82.732
225,9.6213,11.7188,-78.986
225,9.6213,11.8125,-84.996
225,9.6213,11.9062,-77.889
225,9.6213,12.0,-80.594
225,9.6213,12.0938,-72.019
225,9.6213,12.1875,-74.891
225,9.6213,12.2812,-71.508
225,9.6213,12.375,-69.615
225,9.6213,12.4688,-78.096
225,9.6213,12.5625,-69.416
225,9.6213,12.6562,-76.564
225,9.6213,12.75,-77.785
225,9.6213,12.8438,-71.146
225,9.6213,12.9375,-76.306
225,9.6213,13.0312,-69.095
225,9.6213,13.125,-78.732
225,9.6213,13.2188,-82.113
225,9.6213,13.3125,-73.967
225,9.6213,13.4062,-73.875
225,9.6213,13.5,-80.891
225,9.6213,13.5938,-74.909
225,9.6213,13.6875,-75.553
225,9.6213,13.7812,-73.217
225,9.6213,13.875,-83.6
225,9.6213,13.9688,-82.704
225,9.6213,14.0625,-83.331
225,9.6213,14.1562,-89.008
225,9.6213,14.25,-96.809
225,9.6213,14.3438,-87.952
225,9.6213,14.4375,-94.569
225,9.6213,14.5312,-91.632
225,9.6213,14.625,-89.256
225,9.6213,14.7188,-98.645
225,9.6213,14.8125,-88.879
225,9.6213,14.9062,-96.496
225,9.6213,15.0,-97.831
225,9.6213,15.0938,-95.11
225,9.6213,15.1875,-89.083
225,9.6213,15.2812,-93.477
225,9.6213,15.375,-98.45
225,9.6213,15.4688,-94.607
225,9.6213,15.5625,-97.772
225,9.6213,15.6562,-97.003
225,9.6213,15.75,-95.571
225,9.6213,15.8438,-98.449
225,9.6213,15.9375,-92.962
226,9.664,0.0,-75.626
226,9.664,0.0938,-46.037
226,9.664,0.1875,-33.203
226,9.664,0.2812,-58.379
226,9.664,0.375,-59.273
226,9.664,0.4688,-62.008
226,9.664,0.5625,-70.115
226,9.664,0.6562,-51.819
226,9.664,0.75,-65.377
226,9.664,0.8438,-51.492
226,9.664,0.9375,-70.339
226,9.664,1.0312,-62.708
226,9.664,1.125,-79.609
226,9.664,1.2188,-67.381
226,9.664,1.3125,-78.075
226,9.664,1.4062,-79.813
226,9.664,1.5,-71.988
226,9.664,1.5938,-66.437
226,9.664,1.6875,-55.131
226,9.664,1.7812,-68.372
226,9.664,1.875,-52.069
226,9.664,1.9688,-90.65
226,9.664,2.0625,-66.522
226,9.664,2.1562,-83.024
226,9.664,2.25,-71.782
226,9.664,2.3438,-82.058
226,9.664,2.4375,-92.388
226,9.664,2.5312,-70.02
226,9.664,2.625,-91.492
226,9.664,2.7188,-82.664
226,9.664,2.8125,-93.755
226,9.664,2.9062,-71.158
226,9.664,3.0,-90.646
226,9.664,3.0938,-83.01
226,9.664,3.1875,-93.646
226,9.664,3.2812,-97.826
226,9.664,3.375,-91.191
226,9.664,3.4688,-89.0
226,9.664,3.5625,-93.928
226,9.664,3.6562,-85.515
226,9.664,3.75,-85.763
226,9.664,3.8438,-95.916
226,9.664,3.9375,-91.052
226,9.664,4.0312,-87.373
226,9.664,4.125,-92.06
226,9.664,4.2188,-90.698
226,9.664,4.3125,-96.35
226,9.664,4.4062,-89.489
226,9.664,4.5,-88.301
226,9.664,4.5938,-85.827
226,9.664,4.6875,-87.327
226,9.664,4.7812,-84.631
226,9.664,4.875,-86.842
226,9.664,4.9688,-91.763
226,9.664,5.0625,-82.686
226,9.664,5.1562,-92.837
226,9.664,5.25,-82.313
226,9.664,5.3438,-84.592
226,9.664,5.4375,-91.046
226,9.664,5.5312,-83.026
226,9.664,5.625,-95.151
226,9.664,5.7188,-86.114
226,9.664,5.8125,-85.636
226,9.664,5.9062,-83.385
226,9.664,6.0,-83.317
226,9.664,6.0938,-95.476
226,9.664,6.1875,-76.634
226,9.664,6.2812,-83.074
226,9.664,6.375,-72.655
226,9.664,6.4688,-68.352
226,9.664,6.5625,-98.907
226,9.664,6.6562,-84.955
226,9.664,6.75,-84.276
226,9.664,6.8438,-95.784
226,9.664,6.9375,-95.368
226,9.664,7.0312,-96.522
226,9.664,7.125,-77.151
226,9.664,7.2188,-81.288
226,9.664,7.3125,-84.446
226,9.664,7.4062,-91.834
226,9.664,7.5,-88.026
226,9.664,7.5938,-88.167
226,9.664,7.6875,-85.751
226,9.664,7.7812,-82.99
226,9.664,7.875,-94.512
226,9.664,7.9688,-82.344
226,9.664,8.0625,-88.166
226,9.664,8.1562,-75.301
226,9.664,8.25,-91.034
226,9.664,8.3438,-66.853
226,9.664,8.4375,-83.04
226,9.664,8.5312,-69.171
226,9.664,8.625,-83.192
226,9.664,8.7188,-68.612
226,9.664,8.8125,-81.019
226,9.664,8.9062,-67.291
226,9.664,9.0,-83.813
226,9.664,9.0938,-86.647
226,9.664,9.1875,-70.602
226,9.664,9.2812,-76.45
226,9.664,9.375,-61.294
226,9.664,9.4688,-71.451
226,9.664,9.5625,-68.656
226,9.664,9.6562,-73.29
226,9.664,9.75,-73.28
226,9.664,9.8438,-82.654
226,9.664,9.9375,-81.613
226,9.664,10.0312,-87.87
226,9.664,10.125,-82.065
226,9.664,10.2188,-83.27
226,9.664,10.3125,-88.983
226,9.664,10.4062,-88.135
226,9.664,10.5,-85.891
226,9.664,10.5938,-90.993
226,9.664,10.6875,-89.726
226,9.664,10.7812,-84.214
226,9.664,10.875,-84.675
226,9.664,10.9688,-90.191
226,9.664,11.0625,-80.187
226,9.664,11.1562,-83.606
226,9.664,11.25,-72.044
226,9.664,11.3438,-85.554
226,9.664,11.4375,-77.483
226,9.664,11.5312,-84.893
226,9.664,11.625,-87.636
226,9.664,11.7188,-93.566
226,9.664,11.8125,-83.545
226,9.664,11.9062,-84.362
226,9.664,12.0,-85.457
226,9.664,12.0938,-80.779
226,9.664,12.1875,-87.713
226,9.664,12.2812,-80.557
226,9.664,12.375,-84.594
226,9.664,12.4688,-83.623
226,9.664,12.5625,-74.088
226,9.664,12.6562,-87.588
226,9.664,12.75,-67.626
226,9.664,12.8438,-85.216
226,9.664,12.9375,-75.008
226,9.664,13.0312,-83.429
226,9.664,13.125,-75.807
226,9.664,13.2188,-81.074
226,9.664,13.3125,-79.004
226,9.664,13.4062,-78.843
226,9.664,13.5,-91.433
226,9.664,13.5938,-80.081
226,9.664,13.6875,-87.21
226,9.664,13.7812,-80.169
226,9.664,13.875,-83.714
226,9.664,13.9688,-87.898
226,9.664,14.0625,-94.168
226,9.664,14.1562,-92.881
226,9.664,14.25,-94.134
226,9.664,14.3438,-88.772
226,9.664,14.4375,-88.899
226,9.664,14.5312,-88.428
226,9.664,14.625,-90.585
226,9.664,14.7188,-84.708
226,9.664,14.8125,-84.007
226,9.664,14.9062,-91.258
226,9.664,15.0,-89.812
226,9.664,15.0938,-92.801
226,9.664,15.1875,-87.528
226,9.664,15.2812,-93.633
226,9.664,15.375,-93.352
226,9.664,15.4688,-96.723
226,9.664,15.5625,-99.213
226,9.664,15.6562,-97.961
226,9.664,15.75,-97.907
226,9.664,15.8438,-99.926
226,9.664,15.9375,-99.006
227,9.7067,0.0,-59.745
227,9.7067,0.0938,-51.458
227,9.7067,0.1875,-43.445
227,9.7067,0.2812,-67.596
227,9.7067,0.375,-49.596
227,9.7067,0.4688,-58.45
227,9.7067,0.5625,-51.55
227,9.7067,0.6562,-63.726
227,9.7067,0.75,-66.853
227,9.7067,0.8438,-47.185
227,9.7067,0.9375,-78.234
227,9.7067,1.0312,-73.444
227,9.7067,1.125,-73.961
227,9.7067,1.2188,-85.311
227,9.7067,1.3125,-85.374
227,9.7067,1.4062,-72.396
227,9.7067,1.5,-79.716
227,9.7067,1.5938,-67.468
227,9.7067,1.6875,-84.096
227,9.7067,1.7812,-83.445
227,9.7067,1.875,-64.325
227,9.7067,1.9688,-72.827
227,9.7067,2.0625,-75.701
227,9.7067,2.1562,-82.496
227,9.7067,2.25,-65.431
227,9.7067,2.3438,-86.576
227,9.7067,2.4375,-70.774
227,9.7067,2.5312,-63.59
227,9.7067,2.625,-69.494
227,9.7067,2.7188,-72.955
227,9.7067,2.8125,-68.446
227,9.7067,2.9062,-79.206
227,9.7067,3.0,-75.101
227,9.7067,3.0938,-70.442
227,9.7067,3.1875,-90.448
227,9.7067,3.2812,-81.626
227,9.7067,3.375,-75.308
227,9.7067,3.4688,-94.238
227,9.7067,3.5625,-75.779
227,9.7067,3.6562,-80.448
227,9.7067,3.75,-80.032
227,9.7067,3.8438,-77.41
227,9.7067,3.9375,-71.172
227,9.7067,4.0312,-74.885
227,9.7067,4.125,-80.443
227,9.7067,4.2188,-65.37
227,9.7067,4.3125,-78.787
227,9.7067,4.4062,-81.642
227,9.7067,4.5,-65.076
227,9.7067,4.5938,-82.852
227,9.7067,4.6875,-83.368
227,9.7067,4.7812,-76.462
227,9.7067,4.875,-89.38
227,9.7067,4.9688,-77.403
227,9.7067,5.0625,-78.969
227,9.7067,5.1562,-97.313
227,9.7067,5.25,-82.247
227,9.7067,5.3438,-65.56
227,9.7067,5.4375,-85.048
227,9.7067,5.5312,-82.7
227,9.7067,5.625,-59.168
227,9.7067,5.7188,-74.956
227,9.7067,5.8125,-81.834
227,9.7067,5.9062,-72.598
227,9.7067,6.0,-91.689
227,9.7067,6.0938,-69.525
227,9.7067,6.1875,-61.736
227,9.7067,6.2812,-75.42
227,9.7067,6.375,-77.627
227,9.7067,6.4688,-76.882
227,9.7067,6.5625,-87.017
227,9.7067,6.6562,-88.453
227,9.7067,6.75,-70.128
227,9.7067,6.8438,-77.894
227,9.7067,6.9375,-89.397
227,9.7067,7.0312,-79.231
227,9.7067,7.125,-82.409
227,9.7067,7.2188,-76.369
227,9.7067,7.3125,-98.326
227,9.7067,7.4062,-99.417
227,9.7067,7.5,-93.528
227,9.7067,7.5938,-78.324
227,9.7067,7.6875,-75.354
227,9.7067,7.7812,-83.12
227,9.7067,7.875,-73.885
227,9.7067,7.9688,-65.252
227,9.7067,8.0625,-86.089
227,9.7067,8.1562,-76.496
227,9.7067,8.25,-72.751
227,9.7067,8.3438,-78.508
227,9.7067,8.4375,-75.346
227,9.7067,8.5312,-78.415
227,9.7067,8.625,-86.125
227,9.7067,8.7188,-86.089
227,9.7067,8.8125,-89.628
227,9.7067,8.9062,-82.185
227,9.7067,9.0,-88.288
227,9.7067,9.0938,-77.159
227,9.7067,9.1875,-83.253
227,9.7067,9.2812,-81.821
227,9.7067,9.375,-81.542
227,9.7067,9.4688,-69.527
227,9.7067,9.5625,-76.502
227,9.7067,9.6562,-75.469
227,9.7067,9.75,-74.389
227,9.7067,9.8438,-76.899
227,9.7067,9.9375,-84.363
227,9.7067,10.0312,-77.599
227,9.7067,10.125,-87.896
227,9.7067,10.2188,-86.228
227,9.7067,10.3125,-80.613
227,9.7067,10.4062,-83.094
227,9.7067,10.5,-77.846
227,9.7067,10.5938,-90.743
227,9.7067,10.6875,-87.888
227,9.7067,10.7812,-84.344
227,9.7067,10.875,-88.719
227,9.7067,10.9688,-92.4
227,9.7067,11.0625,-81.554
227,9.7067,11.1562,-84.417
227,9.7067,11.25,-79.248
227,9.7067,11.3438,-82.625
227,9.7067,11.4375,-80.594
227,9.7067,11.5312,-80.529
227,9.7067,11.625,-81.54
227,9.7067,11.7188,-78.13
227,9.7067,11.8125,-85.352
227,9.7067,11.9062,-78.542
227,9.7067,12.0,-99.08
227,9.7067,12.0938,-83.399
227,9.7067,12.1875,-82.492
227,9.7067,12.2812,-83.913
227,9.7067,12.375,-74.131
227,9.7067,12.4688,-99.552
227,9.7067,12.5625,-84.526
227,9.7067,12.6562,-74.686
227,9.7067,12.75,-77.672
227,9.7067,12.8438,-83.157
227,9.7067,12.9375,-85.487
227,9.7067,13.0312,-89.412
227,9.7067,13.125,-99.78
227,9.7067,13.2188,-99.275
227,9.7067,13.3125,-86.724
227,9.7067,13.4062,-86.684
227,9.7067,13.5,-96.946
227,9.7067,13.5938,-92.25
227,9.7067,13.6875,-89.155
227,9.7067,13.7812,-89.296
227,9.7067,13.875,-90.064
227,9.7067,13.9688,-88.454
227,9.7067,14.0625,-94.105
227,9.7067,14.1562,-87.063
227,9.7067,14.25,-86.167
227,9.7067,14.3438,-82.846
227,9.7067,14.4375,-81.776
227,9.7067,14.5312,-85.756
227,9.7067,14.625,-85.556
227,9.7067,14.7188,-92.291
227,9.7067,14.8125,-85.643
227,9.7067,14.9062,-85.652
227,9.7067,15.0,-91.624
227,9.7067,15.0938,-84.96
227,9.7067,15.1875,-91.277
227,9.7067,15.2812,-86.908
227,9.7067,15.375,-99.496
227,9.7067,15.4688,-89.821
227,9.7067,15.5625,-91.488
227,9.7067,15.6562,-95.96
227,9.7067,15.75,-91.357
227,9.7067,15.8438,-98.642
227,9.7067,15.9375,-88.164
228,9.7493,0.0,-67.461
228,9.7493,0.0938,-47.154
228,9.7493,0.1875,-42.158
228,9.7493,0.2812,-54.873
228,9.7493,0.375,-44.206
228,9.7493,0.4688,-65.962
228,9.7493,0.5625,-50.375
228,9.7493,0.6562,-64.765
228,9.7493,0.75,-64.481
228,9.7493,0.8438,-44.461
228,9.7493,0.9375,-71.159
228,9.7493,1.0312,-77.766
228,9.7493,1.125,-73.351
228,9.7493,1.2188,-76.522
228,9.7493,1.3125,-83.092
228,9.7493,1.4062,-65.848
228,9.7493,1.5,-70.553
228,9.7493,1.5938,-69.371
228,9.7493,1.6875,-63.74
228,9.7493,1.7812,-61.035
228,9.7493,1.875,-62.197
228,9.7493,1.9688,-58.5
228,9.7493,2.0625,-67.495
228,9.7493,2.1562,-68.087
228,9.7493,2.25,-66.989
228,9.7493,2.3438,-65.427
228,9.7493,2.4375,-70.981
228,9.7493,2.5312,-61.809
228,9.7493,2.625,-70.855
228,9.7493,2.7188,-70.726
228,9.7493,2.8125,-65.945
228,9.7493,2.9062,-73.512
228,9.7493,3.0,-73.779
228,9.7493,3.0938,-69.914
228,9.7493,3.1875,-72.917
228,9.7493,3.2812,-78.638
228,9.7493,3.375,-80.32
228,9.7493,3.4688,-81.482
228,9.7493,3.5625,-81.198
228,9.7493,3.6562,-74.924
228,9.7493,3.75,-72.663
228,9.7493,3.8438,-78.486
228,9.7493,3.9375,-64.335
228,9.7493,4.0312,-59.618
228,9.7493,4.125,-63.127
228,9.7493,4.2188,-59.359
228,9.7493,4.3125,-74.671
228,9.7493,4.4062,-66.927
228,9.7493,4.5,-65.296
228,9.7493,4.5938,-67.64
228,9.7493,4.6875,-68.89
228,9.7493,4.7812,-73.021
228,9.7493,4.875,-67.948
228,9.7493,4.9688,-75.68
228,9.7493,5.0625,-70.995
228,9.7493,5.1562,-71.185
228,9.7493,5.25,-72.705
228,9.7493,5.3438,-70.924
228,9.7493,5.4375,-73.493
228,9.7493,5.5312,-66.673
228,9.7493,5.625,-69.512
228,9.7493,5.7188,-65.157
228,9.7493,5.8125,-69.13
228,9.7493,5.9062,-80.952
228,9.7493,6.0,-82.762
228,9.7493,6.0938,-77.768
228,9.7493,6.1875,-72.14
228,9.7493,6.2812,-68.543
228,9.7493,6.375,-77.927
228,9.7493,6.4688,-66.58
228,9.7493,6.5625,-80.974
228,9.7493,6.6562,-72.343
228,9.7493,6.75,-86.662
228,9.7493,6.8438,-74.871
228,9.7493,6.9375,-95.36
228,9.7493,7.0312,-78.628
228,9.7493,7.125,-76.245
228,9.7493,7.2188,-77.18
228,9.7493,7.3125,-77.078
228,9.7493,7.4062,-79.546
228,9.7493,7.5,-78.006
228,9.7493,7.5938,-83.791
228,9.7493,7.6875,-62.282
228,9.7493,7.7812,-65.738
228,9.7493,7.875,-60.933
228,9.7493,7.9688,-66.755
228,9.7493,8.0625,-69.989
228,9.7493,8.1562,-71.278
228,9.7493,8.25,-74.131
228,9.7493,8.3438,-70.551
228,9.7493,8.4375,-64.586
228,9.7493,8.5312,-65.121
228,9.7493,8.625,-65.938
228,9.7493,8.7188,-63.774
228,9.7493,8.8125,-75.213
228,9.7493,8.9062,-70.044
228,9.7493,9.0,-77.426
228,9.7493,9.0938,-71.611
228,9.7493,9.1875,-80.478
228,9.7493,9.2812,-75.028
228,9.7493,9.375,-72.21
228,9.7493,9.4688,-76.553
228,9.7493,9.5625,-71.243
228,9.7493,9.6562,-87.443
228,9.7493,9.75,-72.879
228,9.7493,9.8438,-69.121
228,9.7493,9.9375,-66.396
228,9.7493,10.0312,-82.147
228,9.7493,10.125,-72.181
228,9.7493,10.2188,-84.232
228,9.7493,10.3125,-73.502
228,9.7493,10.4062,-77.517
228,9.7493,10.5,-72.459
228,9.7493,10.5938,-81.709
228,9.7493,10.6875,-71.877
228,9.7493,10.7812,-78.131
228,9.7493,10.875,-73.863
228,9.7493,10.9688,-73.471
228,9.7493,11.0625,-77.418
228,9.7493,11.1562,-80.301
228,9.7493,11.25,-75.705
228,9.7493,11.3438,-77.772
228,9.7493,11.4375,-76.853
228,9.7493,11.5312,-72.978
228,9.7493,11.625,-83.654
228,9.7493,11.7188,-84.402
228,9.7493,11.8125,-84.643
228,9.7493,11.9062,-76.39
228,9.7493,12.0,-81.848
228,9.7493,12.0938,-71.529
228,9.7493,12.1875,-85.319
228,9.7493,12.2812,-79.684
228,9.7493,12.375,-89.271
228,9.7493,12.4688,-73.073
228,9.7493,12.5625,-84.697
228,9.7493,12.6562,-82.953
228,9.7493,12.75,-75.174
228,9.7493,12.8438,-81.868
228,9.7493,12.9375,-82.806
228,9.7493,13.0312,-83.608
228,9.7493,13.125,-76.481
228,9.7493,13.2188,-81.896
228,9.7493,13.3125,-78.125
228,9.7493,13.4062,-76.409
228,9.7493,13.5,-83.801
228,9.7493,13.5938,-86.698
228,9.7493,13.6875,-88.124
228,9.7493,13.7812,-83.73
228,9.7493,13.875,-81.206
228,9.7493,13.9688,-82.146
228,9.7493,14.0625,-79.547
228,9.7493,14.1562,-83.082
228,9.7493,14.25,-88.176
228,9.7493,14.3438,-87.203
228,9.7493,14.4375,-85.513
228,9.7493,14.5312,-87.727
228,9.7493,14.625,-88.135
228,9.7493,14.7188,-85.366
228,9.7493,14.8125,-90.62
228,9.7493,14.9062,-88.694
228,9.7493,15.0,-86.337
228,9.7493,15.0938,-93.401
228,9.7493,15.1875,-87.345
228,9.7493,15.2812,-86.62
228,9.7493,15.375,-84.45
228,9.7493,15.4688,-90.469
228,9.7493,15.5625,-94.609
228,9.7493,15.6562,-87.576
228,9.7493,15.75,-91.419
228,9.7493,15.8438,-92.499
228,9.7493,15.9375,-91.007
229,9.792,0.0,-71.414
229,9.792,0.0938,-48.874
229,9.792,0.1875,-36.254
229,9.792,0.2812,-53.738
229,9.792,0.375,-39.089
229,9.792,0.4688,-74.621
229,9.792,0.5625,-52.292
229,9.792,0.6562,-78.816
229,9.792,0.75,-70.845
229,9.792,0.8438,-46.203
229,9.792,0.9375,-70.094
229,9.792,1.0312,-77.271
229,9.792,1.125,-69.27
229,9.792,1.2188,-84.66
229,9.792,1.3125,-78.653
229,9.792,1.4062,-64.972
229,9.792,1.5,-69.842
229,9.792,1.5938,-86.432
229,9.792,1.6875,-59.073
229,9.792,1.7812,-81.633
229,9.792,1.875,-71.617
229,9.792,1.9688,-66.725
229,9.792,2.0625,-78.039
229,9.792,2.1562,-55.926
229,9.792,2.25,-58.563
229,9.792,2.3438,-47.765
229,9.792,2.4375,-68.344
229,9.792,2.5312,-53.661
229,9.792,2.625,-70.834
229,9.792,2.7188,-59.508
229,9.792,2.8125,-67.109
229,9.792,2.9062,-72.551
229,9.792,3.0,-82.076
229,9.792,3.0938,-76.208
229,9.792,3.1875,-82.383
229,9.792,3.2812,-99.27
229,9.792,3.375,-78.154
229,9.792,3.4688,-82.05
229,9.792,3.5625,-76.692
229,9.792,3.6562,-75.613
229,9.792,3.75,-81.748
229,9.792,3.8438,-87.869
229,9.792,3.9375,-74.127
229,9.792,4.0312,-85.255
229,9.792,4.125,-70.947
229,9.792,4.2188,-80.901
229,9.792,4.3125,-70.3
229,9.792,4.4062,-71.947
229,9.792,4.5,-68.269
229,9.792,4.5938,-77.553
229,9.792,4.6875,-80.435
229,9.792,4.7812,-83.055
229,9.792,4.875,-82.535
229,9.792,4.9688,-71.896
229,9.792,5.0625,-85.048
229,9.792,5.1562,-84.058
229,9.792,5.25,-84.746
229,9.792,5.3438,-75.999
229,9.792,5.4375,-79.57
229,9.792,5.5312,-76.288
229,9.792,5.625,-71.434
229,9.792,5.7188,-67.74
229,9.792,5.8125,-70.704
229,9.792,5.9062,-69.767
229,9.792,6.0,-86.979
229,9.792,6.0938,-90.536
229,9.792,6.1875,-84.135
229,9.792,6.2812,-82.851
229,9.792,6.375,-84.559
229,9.792,6.4688,-79.597
229,9.792,6.5625,-95.121
229,9.792,6.6562,-94.017
229,9.792,6.75,-85.129
229,9.792,6.8438,-94.866
229,9.792,6.9375,-86.044
229,9.792,7.0312,-93.878
229,9.792,7.125,-84.965
229,9.792,7.2188,-78.438
229,9.792,7.3125,-75.262
229,9.792,7.4062,-74.531
229,9.792,7.5,-79.837
229,9.792,7.5938,-76.796
229,9.792,7.6875,-72.916
229,9.792,7.7812,-78.024
229,9.792,7.875,-78.772
229,9.792,7.9688,-70.402
229,9.792,8.0625,-67.413
229,9.792,8.1562,-72.863
229,9.792,8.25,-63.67
229,9.792,8.3438,-64.257
229,9.792,8.4375,-63.114
229,9.792,8.5312,-72.027
229,9.792,8.625,-70.184
229,9.792,8.7188,-73.09
229,9.792,8.8125,-75.293
229,9.792,8.9062,-70.186
229,9.792,9.0,-94.987
229,9.792,9.0938,-70.627
229,9.792,9.1875,-74.911
229,9.792,9.2812,-76.929
229,9.792,9.375,-75.373
229,9.792,9.4688,-78.416
229,9.792,9.5625,-82.869
229,9.792,9.6562,-85.104
229,9.792,9.75,-76.735
229,9.792,9.8438,-75.554
229,9.792,9.9375,-69.833
229,9.792,10.0312,-71.21
229,9.792,10.125,-78.066
229,9.792,10.2188,-63.892
229,9.792,10.3125,-80.342
229,9.792,10.4062,-69.787
229,9.792,10.5,-87.544
229,9.792,10.5938,-81.863
229,9.792,10.6875,-86.836
229,9.792,10.7812,-81.8
229,9.792,10.875,-88.737
229,9.792,10.9688,-87.608
229,9.792,11.0625,-90.376
229,9.792,11.1562,-81.82
229,9.792,11.25,-76.472
229,9.792,11.3438,-75.676
229,9.792,11.4375,-78.479
229,9.792,11.5312,-75.812
229,9.792,11.625,-77.432
229,9.792,11.7188,-72.353
229,9.792,11.8125,-80.429
229,9.792,11.9062,-85.295
229,9.792,12.0,-98.093
229,9.792,12.0938,-94.568
229,9.792,12.1875,-87.276
229,9.792,12.2812,-91.453
229,9.792,12.375,-90.867
229,9.792,12.4688,-95.367
229,9.792,12.5625,-87.574
229,9.792,12.6562,-85.865
229,9.792,12.75,-85.987
229,9.792,12.8438,-87.344
229,9.792,12.9375,-89.095
229,9.792,13.0312,-89.137
229,9.792,13.125,-88.827
229,9.792,13.2188,-92.165
229,9.792,13.3125,-97.045
229,9.792,13.4062,-77.699
229,9.792,13.5,-86.125
229,9.792,13.5938,-79.478
229,9.792,13.6875,-90.636
229,9.792,13.7812,-86.771
229,9.792,13.875,-83.939
229,9.792,13.9688,-91.343
229,9.792,14.0625,-83.195
229,9.792,14.1562,-85.836
229,9.792,14.25,-85.183
229,9.792,14.3438,-90.006
229,9.792,14.4375,-87.0
229,9.792,14.5312,-85.007
229,9.792,14.625,-84.443
229,9.792,14.7188,-89.026
229,9.792,14.8125,-84.464
229,9.792,14.9062,-98.526
229,9.792,15.0,-95.792
229,9.792,15.0938,-95.301
229,9.792,15.1875,-96.837
229,9.792,15.2812,-94.282
229,9.792,15.375,-99.095
229,9.792,15.4688,-91.301
229,9.792,15.5625,-94.782
229,9.792,15.6562,-95.593
229,9.792,15.75,-93.818
229,9.792,15.8438,-95.113
229,9.792,15.9375,-96.205
230,9.8347,0.0,-76.028
230,9.8347,0.0938,-48.615
230,9.8347,0.1875,-40.136
230,9.8347,0.2812,-53.789
230,9.8347,0.375,-54.855
230,9.8347,0.4688,-73.256
230,9.8347,0.5625,-45.371
230,9.8347,0.6562,-61.897
230,9.8347,0.75,-68.631
230,9.8347,0.8438,-46.164
230,9.8347,0.9375,-70.723
230,9.8347,1.0312,-80.828
230,9.8347,1.125,-75.073
230,9.8347,1.2188,-80.917
230,9.8347,1.3125,-78.638
230,9.8347,1.4062,-70.123
230,9.8347,1.5,-75.738
230,9.8347,1.5938,-80.402
230,9.8347,1.6875,-65.166
230,9.8347,1.7812,-88.344
230,9.8347,1.875,-68.405
230,9.8347,1.9688,-70.004
230,9.8347,2.0625,-74.64
230,9.8347,2.1562,-57.935
230,9.8347,2.25,-64.978
230,9.8347,2.3438,-53.894
230,9.8347,2.4375,-71.871
230,9.8347,2.5312,-55.682
230,9.8347,2.625,-73.08
230,9.8347,2.7188,-73.332
230,9.8347,2.8125,-70.73
230,9.8347,2.9062,-82.75
230,9.8347,3.0,-72.139
230,9.8347,3.0938,-79.834
230,9.8347,3.1875,-75.691
230,9.8347,3.2812,-83.075
230,9.8347,3.375,-82.909
230,9.8347,3.4688,-74.167
230,9.8347,3.5625,-78.474
230,9.8347,3.6562,-68.83
230,9.8347,3.75,-77.006
230,9.8347,3.8438,-66.257
230,9.8347,3.9375,-80.203
230,9.8347,4.0312,-89.309
230,9.8347,4.125,-73.578
230,9.8347,4.2188,-70.094
230,9.8347,4.3125,-65.617
230,9.8347,4.4062,-72.395
230,9.8347,4.5,-69.371
230,9.8347,4.5938,-81.25
230,9.8347,4.6875,-82.274
230,9.8347,4.7812,-72.372
230,9.8347,4.875,-70.195
230,9.8347,4.9688,-69.698
230,9.8347,5.0625,-79.26
230,9.8347,5.1562,-80.178
230,9.8347,5.25,-87.549
230,9.8347,5.3438,-68.056
230,9.8347,5.4375,-63.466
230,9.8347,5.5312,-63.766
230,9.8347,5.625,-65.737
230,9.8347,5.7188,-66.032
230,9.8347,5.8125,-70.877
230,9.8347,5.9062,-84.667
230,9.8347,6.0,-97.286
230,9.8347,6.0938,-75.258
230,9.8347,6.1875,-81.366
230,9.8347,6.2812,-78.049
230,9.8347,6.375,-82.844
230,9.8347,6.4688,-92.653
230,9.8347,6.5625,-84.986
230,9.8347,6.6562,-80.966
230,9.8347,6.75,-72.851
230,9.8347,6.8438,-74.659
230,9.8347,6.9375,-68.33
230,9.8347,7.0312,-80.878
230,9.8347,7.125,-76.136
230,9.8347,7.2188,-80.237
230,9.8347,7.3125,-70.32
230,9.8347,7.4062,-67.713
230,9.8347,7.5,-69.983
230,9.8347,7.5938,-64.327
230,9.8347,7.6875,-67.576
230,9.8347,7.7812,-63.362
230,9.8347,7.875,-65.634
230,9.8347,7.9688,-61.782
230,9.8347,8.0625,-62.079
230,9.8347,8.1562,-60.805
230,9.8347,8.25,-63.349
230,9.8347,8.3438,-73.904
230,9.8347,8.4375,-69.105
230,9.8347,8.5312,-76.42
230,9.8347,8.625,-69.915
230,9.8347,8.7188,-93.78
230,9.8347,8.8125,-73.162
230,9.8347,8.9062,-64.719
230,9.8347,9.0,-70.748
230,9.8347,9.0938,-60.36
230,9.8347,9.1875,-74.3
230,9.8347,9.2812,-75.336
230,9.8347,9.375,-86.992
230,9.8347,9.4688,-80.503
230,9.8347,9.5625,-92.676
230,9.8347,9.6562,-68.762
230,9.8347,9.75,-76.471
230,9.8347,9.8438,-75.546
230,9.8347,9.9375,-74.463
230,9.8347,10.0312,-80.952
230,9.8347,10.125,-81.292
230,9.8347,10.2188,-77.127
230,9.8347,10.3125,-84.803
230,9.8347,10.4062,-79.227
230,9.8347,10.5,-80.572
230,9.8347,10.5938,-76.031
230,9.8347,10.6875,-81.916
230,9.8347,10.7812,-87.736
230,9.8347,10.875,-78.397
230,9.8347,10.9688,-82.379
230,9.8347,11.0625,-85.089
230,9.8347,11.1562,-91.257
230,9.8347,11.25,-83.498
230,9.8347,11.3438,-90.91
230,9.8347,11.4375,-96.005
230,9.8347,11.5312,-90.602
230,9.8347,11.625,-92.498
230,9.8347,11.7188,-89.127
230,9.8347,11.8125,-88.555
230,9.8347,11.9062,-82.761
230,9.8347,12.0,-85.141
230,9.8347,12.0938,-82.238
230,9.8347,12.1875,-90.929
230,9.8347,12.2812,-93.817
230,9.8347,12.375,-87.515
230,9.8347,12.4688,-90.969
230,9.8347,12.5625,-84.357
230,9.8347,12.6562,-85.779
230,9.8347,12.75,-83.232
230,9.8347,12.8438,-77.368
230,9.8347,12.9375,-80.481
230,9.8347,13.0312,-82.978
230,9.8347,13.125,-75.823
230,9.8347,13.2188,-77.479
230,9.8347,13.3125,-89.98
230,9.8347,13.4062,-82.943
230,9.8347,13.5,-82.274
230,9.8347,13.5938,-81.321
230,9.8347,13.6875,-87.075
230,9.8347,13.7812,-88.584
230,9.8347,13.875,-88.815
230,9.8347,13.9688,-98.197
230,9.8347,14.0625,-96.281
230,9.8347,14.1562,-92.304
230,9.8347,14.25,-90.455
230,9.8347,14.3438,-90.777
230,9.8347,14.4375,-91.436
230,9.8347,14.5312,-91.36
230,9.8347,14.625,-98.221
230,9.8347,14.7188,-95.214
230,9.8347,14.8125,-92.672
230,9.8347,14.9062,-96.975
230,9.8347,15.0,-94.528
230,9.8347,15.0938,-89.15
230,9.8347,15.1875,-90.854
230,9.8347,15.2812,-90.497
230,9.8347,15.375,-91.166
230,9.8347,15.4688,-93.728
230,9.8347,15.5625,-96.215
230,9.8347,15.6562,-90.179
230,9.8347,15.75,-98.4
230,9.8347,15.8438,-95.645
230,9.8347,15.9375,-97.935
231,9.8773,0.0,-66.457
231,9.8773,0.0938,-49.881
231,9.8773,0.1875,-39.168
231,9.8773,0.2812,-49.176
231,9.8773,0.375,-64.199
231,9.8773,0.4688,-59.654
231,9.8773,0.5625,-47.118
231,9.8773,0.6562,-59.902
231,9.8773,0.75,-69.866
231,9.8773,0.8438,-48.31
231,9.8773,0.9375,-73.334
231,9.8773,1.0312,-94.194
231,9.8773,1.125,-71.752
231,9.8773,1.2188,-87.774
231,9.8773,1.3125,-81.082
231,9.8773,1.4062,-75.563
231,9.8773,1.5,-76.871
231,9.8773,1.5938,-71.978
231,9.8773,1.6875,-69.357
231,9.8773,1.7812,-63.923
231,9.8773,1.875,-66.365
231,9.8773,1.9688,-69.4
231,9.8773,2.0625,-73.931
231,9.8773,2.1562,-61.865
231,9.8773,2.25,-64.652
231,9.8773,2.3438,-64.409
231,9.8773,2.4375,-66.598
231,9.8773,2.5312,-69.424
231,9.8773,2.625,-61.682
231,9.8773,2.7188,-94.916
231,9.8773,2.8125,-67.835
231,9.8773,2.9062,-83.199
231,9.8773,3.0,-77.27
231,9.8773,3.0938,-82.092
231,9.8773,3.1875,-82.993
231,9.8773,3.2812,-76.205
231,9.8773,3.375,-84.764
231,9.8773,3.4688,-74.093
231,9.8773,3.5625,-88.604
231,9.8773,3.6562,-78.221
231,9.8773,3.75,-80.411
231,9.8773,3.8438,-83.554
231,9.8773,3.9375,-85.917
231,9.8773,4.0312,-81.27
231,9.8773,4.125,-68.156
231,9.8773,4.2188,-74.246
231,9.8773,4.3125,-67.395
231,9.8773,4.4062,-78.126
231,9.8773,4.5,-75.199
231,9.8773,4.5938,-79.031
231,9.8773,4.6875,-82.079
231,9.8773,4.7812,-63.611
231,9.8773,4.875,-77.757
231,9.8773,4.9688,-72.762
231,9.8773,5.0625,-83.364
231,9.8773,5.1562,-82.865
231,9.8773,5.25,-85.811
231,9.8773,5.3438,-72.42
231,9.8773,5.4375,-61.637
231,9.8773,5.5312,-69.159
231,9.8773,5.625,-65.104
231,9.8773,5.7188,-70.641
231,9.8773,5.8125,-76.185
231,9.8773,5.9062,-89.318
231,9.8773,6.0,-89.277
231,9.8773,6.0938,-78.287
231,9.8773,6.1875,-81.624
231,9.8773,6.2812,-77.381
231,9.8773,6.375,-80.234
231,9.8773,6.4688,-79.603
231,9.8773,6.5625,-74.639
231,9.8773,6.6562,-82.173
231,9.8773,6.75,-72.369
231,9.8773,6.8438,-78.641
231,9.8773,6.9375,-74.822
231,9.8773,7.0312,-82.574
231,9.8773,7.125,-81.744
231,9.8773,7.2188,-73.064
231,9.8773,7.3125,-71.016
231,9.8773,7.4062,-68.269
231,9.8773,7.5,-77.22
231,9.8773,7.5938,-69.882
231,9.8773,7.6875,-73.203
231,9.8773,7.7812,-65.821
231,9.8773,7.875,-65.798
231,9.8773,7.9688,-72.2
231,9.8773,8.0625,-64.67
231,9.8773,8.1562,-66.923
231,9.8773,8.25,-67.452
231,9.8773,8.3438,-84.313
231,9.8773,8.4375,-78.896
231,9.8773,8.5312,-71.401
231,9.8773,8.625,-74.536
231,9.8773,8.7188,-72.179
231,9.8773,8.8125,-74.655
231,9.8773,8.9062,-71.618
231,9.8773,9.0,-77.356
231,9.8773,9.0938,-77.586
231,9.8773,9.1875,-77.141
231,9.8773,9.2812,-82.882
231,9.8773,9.375,-82.622
231,9.8773,9.4688,-77.817
231,9.8773,9.5625,-81.722
231,9.8773,9.6562,-71.196
231,9.8773,9.75,-76.741
231,9.8773,9.8438,-75.795
231,9.8773,9.9375,-76.269
231,9.8773,10.0312,-82.318
231,9.8773,10.125,-76.913
231,9.8773,10.2188,-76.358
231,9.8773,10.3125,-77.532
231,9.8773,10.4062,-80.391
231,9.8773,10.5,-77.006
231,9.8773,10.5938,-79.879
231,9.8773,10.6875,-75.14
231,9.8773,10.7812,-75.48
231,9.8773,10.875,-74.051
231,9.8773,10.9688,-72.458
231,9.8773,11.0625,-87.273
231,9.8773,11.1562,-85.55
231,9.8773,11.25,-90.364
231,9.8773,11.3438,-99.226
231,9.8773,11.4375,-86.825
231,9.8773,11.5312,-93.997
231,9.8773,11.625,-91.188
231,9.8773,11.7188,-96.955
231,9.8773,11.8125,-86.199
231,9.8773,11.9062,-99.614
231,9.8773,12.0,-92.342
231,9.8773,12.0938,-91.478
231,9.8773,12.1875,-92.388
231,9.8773,12.2812,-90.732
231,9.8773,12.375,-93.443
231,9.8773,12.4688,-97.163
231,9.8773,12.5625,-92.323
231,9.8773,12.6562,-89.901
231,9.8773,12.75,-83.218
231,9.8773,12.8438,-86.886
231,9.8773,12.9375,-78.886
231,9.8773,13.0312,-86.614
231,9.8773,13.125,-87.867
231,9.8773,13.2188,-86.931
231,9.8773,13.3125,-83.822
231,9.8773,13.4062,-77.037
231,9.8773,13.5,-87.618
231,9.8773,13.5938,-88.123
231,9.8773,13.6875,-97.098
231,9.8773,13.7812,-96.16
231,9.8773,13.875,-94.456
231,9.8773,13.9688,-95.862
231,9.8773,14.0625,-93.502
231,9.8773,14.1562,-93.238
231,9.8773,14.25,-99.792
231,9.8773,14.3438,-98.201
231,9.8773,14.4375,-99.081
231,9.8773,14.5312,-96.813
231,9.8773,14.625,-96.251
231,9.8773,14.7188,-95.492
231,9.8773,14.8125,-95.761
231,9.8773,14.9062,-97.996
231,9.8773,15.0,-98.287
231,9.8773,15.0938,-99.658
231,9.8773,15.1875,-98.034
231,9.8773,15.2812,-94.102
231,9.8773,15.375,-97.399
231,9.8773,15.4688,-96.993
231,9.8773,15.5625,-92.307
231,9.8773,15.6562,-98.482
231,9.8773,15.75,-97.056
231,9.8773,15.8438,-98.886
231,9.8773,15.9375,-99.275
232,9.92,0.0,-77.844
232,9.92,0.0938,-48.673
232,9.92,0.1875,-40.605
232,9.92,0.2812,-49.581
232,9.92,0.375,-59.394
232,9.92,0.4688,-67.814
232,9.92,0.5625,-46.733
232,9.92,0.6562,-70.23
232,9.92,0.75,-80.22
232,9.92,0.8438,-50.386
232,9.92,0.9375,-81.705
232,9.92,1.0312,-83.683
232,9.92,1.125,-69.601
232,9.92,1.2188,-79.853
232,9.92,1.3125,-87.651
232,9.92,1.4062,-76.921
232,9.92,1.5,-80.238
232,9.92,1.5938,-84.52
232,9.92,1.6875,-67.469
232,9.92,1.7812,-74.516
232,9.92,1.875,-63.538
232,9.92,1.9688,-84.424
232,9.92,2.0625,-78.899
232,9.92,2.1562,-81.432
232,9.92,2.25,-65.959
232,9.92,2.3438,-68.565
232,9.92,2.4375,-77.63
232,9.92,2.5312,-78.9
232,9.92,2.625,-84.953
232,9.92,2.7188,-85.313
232,9.92,2.8125,-78.266
232,9.92,2.9062,-94.393
232,9.92,3.0,-98.929
232,9.92,3.0938,-89.717
232,9.92,3.1875,-94.96
232,9.92,3.2812,-95.21
232,9.92,3.375,-97.811
232,9.92,3.4688,-93.581
232,9.92,3.5625,-94.747
232,9.92,3.6562,-93.853
232,9.92,3.75,-87.681
232,9.92,3.8438,-95.39
232,9.92,3.9375,-85.503
232,9.92,4.0312,-90.464
232,9.92,4.125,-80.172
232,9.92,4.2188,-96.7
232,9.92,4.3125,-85.471
232,9.92,4.4062,-83.622
232,9.92,4.5,-82.221
232,9.92,4.5938,-90.501
232,9.92,4.6875,-92.499
232,9.92,4.7812,-85.544
232,9.92,4.875,-85.838
232,9.92,4.9688,-90.464
232,9.92,5.0625,-92.691
232,9.92,5.1562,-94.014
232,9.92,5.25,-91.388
232,9.92,5.3438,-97.974
232,9.92,5.4375,-94.277
232,9.92,5.5312,-91.846
232,9.92,5.625,-99.293
232,9.92,5.7188,-89.733
232,9.92,5.8125,-96.999
232,9.92,5.9062,-98.096
232,9.92,6.0,-96.52
232,9.92,6.0938,-97.947
232,9.92,6.1875,-96.69
232,9.92,6.2812,-93.005
232,9.92,6.375,-88.198
232,9.92,6.4688,-92.795
232,9.92,6.5625,-97.3
232,9.92,6.6562,-97.927
232,9.92,6.75,-94.243
232,9.92,6.8438,-98.513
232,9.92,6.9375,-94.975
232,9.92,7.0312,-99.695
232,9.92,7.125,-94.531
232,9.92,7.2188,-88.82
232,9.92,7.3125,-93.782
232,9.92,7.4062,-86.838
232,9.92,7.5,-97.14
232,9.92,7.5938,-92.182
232,9.92,7.6875,-89.379
232,9.92,7.7812,-91.378
232,9.92,7.875,-77.363
232,9.92,7.9688,-82.324
232,9.92,8.0625,-74.46
232,9.92,8.1562,-84.872
232,9.92,8.25,-94.658
232,9.92,8.3438,-95.407
232,9.92,8.4375,-98.748
232,9.92,8.5312,-92.566
232,9.92,8.625,-94.438
232,9.92,8.7188,-94.474
232,9.92,8.8125,-91.354
232,9.92,8.9062,-90.263
232,9.92,9.0,-96.512
232,9.92,9.0938,-90.961
232,9.92,9.1875,-87.244
232,9.92,9.2812,-99.208
232,9.92,9.375,-90.8
232,9.92,9.4688,-92.63
232,9.92,9.5625,-88.106
232,9.92,9.6562,-93.775
232,9.92,9.75,-90.819
232,9.92,9.8438,-88.578
232,9.92,9.9375,-93.039
232,9.92,10.0312,-92.552
232,9.92,10.125,-97.303
232,9.92,10.2188,-94.362
232,9.92,10.3125,-88.32
232,9.92,10.4062,-88.347
232,9.92,10.5,-95.295
232,9.92,10.5938,-92.668
232,9.92,10.6875,-98.156
232,9.92,10.7812,-99.743
232,9.92,10.875,-93.062
232,9.92,10.9688,-89.965
232,9.92,11.0625,-96.114
232,9.92,11.1562,-99.622
232,9.92,11.25,-99.564
232,9.92,11.3438,-99.603
232,9.92,11.4375,-98.864
232,9.92,11.5312,-98.927
232,9.92,11.625,-96.92
232,9.92,11.7188,-97.674
232,9.92,11.8125,-97.76
232,9.92,11.9062,-97.8
232,9.92,12.0,-98.945
232,9.92,12.0938,-99.516
232,9.92,12.1875,-96.537
232,9.92,12.2812,-93.825
232,9.92,12.375,-95.998
232,9.92,12.4688,-98.127
232,9.92,12.5625,-96.027
232,9.92,12.6562,-99.351
232,9.92,12.75,-97.953
232,9.92,12.8438,-97.077
232,9.92,12.9375,-96.44
232,9.92,13.0312,-96.13
232,9.92,13.125,-94.223
232,9.92,13.2188,-94.248
232,9.92,13.3125,-95.037
232,9.92,13.4062,-98.679
232,9.92,13.5,-98.458
232,9.92,13.5938,-98.04
232,9.92,13.6875,-98.833
232,9.92,13.7812,-98.972
232,9.92,13.875,-97.175
232,9.92,13.9688,-98.517
232,9.92,14.0625,-99.605
232,9.92,14.1562,-98.102
232,9.92,14.25,-99.41
232,9.92,14.3438,-98.731
232,9.92,14.4375,-99.739
232,9.92,14.5312,-99.863
232,9.92,14.625,-99.874
232,9.92,14.7188,-99.721
232,9.92,14.8125,-98.769
232,9.92,14.9062,-99.236
232,9.92,15.0,-99.861
232,9.92,15.0938,-99.233
232,9.92,15.1875,-99.536
232,9.92,15.2812,-99.166
232,9.92,15.375,-99.451
232,9.92,15.4688,-99.513
232,9.92,15.5625,-99.752
232,9.92,15.6562,-99.038
232,9.92,15.75,-99.452
232,9.92,15.8438,-99.892
232,9.92,15.9375,-99.326
233,9.9627,0.0,-100.0
233,9.9627,0.0938,-49.903
233,9.9627,0.1875,-47.926
233,9.9627,0.2812,-47.146
233,9.9627,0.375,-58.783
233,9.9627,0.4688,-77.78
233,9.9627,0.5625,-47.346
233,9.9627,0.6562,-73.786
233,9.9627,0.75,-78.818
233,9.9627,0.8438,-52.265
233,9.9627,0.9375,-79.215
233,9.9627,1.0312,-80.411
233,9.9627,1.125,-67.319
233,9.9627,1.2188,-79.487
233,9.9627,1.3125,-94.456
233,9.9627,1.4062,-74.9
233,9.9627,1.5,-89.713
233,9.9627,1.5938,-94.393
233,9.9627,1.6875,-75.381
233,9.9627,1.7812,-78.682
233,9.9627,1.875,-77.689
233,9.9627,1.9688,-79.682
233,9.9627,2.0625,-76.735
233,9.9627,2.1562,-80.262
233,9.9627,2.25,-68.035
233,9.9627,2.3438,-75.905
233,9.9627,2.4375,-89.04
233,9.9627,2.5312,-82.617
233,9.9627,2.625,-82.315
233,9.9627,2.7188,-86.764
233,9.9627,2.8125,-88.011
233,9.9627,2.9062,-87.689
233,9.9627,3.0,-93.904
233,9.9627,3.0938,-96.404
233,9.9627,3.1875,-96.978
233,9.9627,3.2812,-90.595
233,9.9627,3.375,-93.495
233,9.9627,3.4688,-96.222
233,9.9627,3.5625,-91.487
233,9.9627,3.6562,-93.84
233,9.9627,3.75,-95.604
233,9.9627,3.8438,-91.541
233,9.9627,3.9375,-91.95
233,9.9627,4.0312,-93.631
233,9.9627,4.125,-99.574
233,9.9627,4.2188,-90.045
233,9.9627,4.3125,-94.287
233,9.9627,4.4062,-87.136
233,9.9627,4.5,-90.47
233,9.9627,4.5938,-88.574
233,9.9627,4.6875,-88.149
233,9.9627,4.7812,-94.327
233,9.9627,4.875,-93.887
233,9.9627,4.9688,-95.289
233,9.9627,5.0625,-98.137
233,9.9627,5.1562,-95.858
233,9.9627,5.25,-96.048
233,9.9627,5.3438,-94.731
233,9.9627,5.4375,-94.526
233,9.9627,5.5312,-97.712
233,9.9627,5.625,-93.474
233,9.9627,5.7188,-99.87
233,9.9627,5.8125,-92.254
233,9.9627,5.9062,-98.809
233,9.9627,6.0,-98.019
233,9.9627,6.0938,-98.199
233,9.9627,6.1875,-98.529
233,9.9627,6.2812,-94.765
233,9.9627,6.375,-96.04
233,9.9627,6.4688,-93.412
233,9.9627,6.5625,-96.654
233,9.9627,6.6562,-99.739
233,9.9627,6.75,-95.462
233,9.9627,6.8438,-94.796
233,9.9627,6.9375,-99.62
233,9.9627,7.0312,-99.595
233,9.9627,7.125,-98.687
233,9.9627,7.2188,-96.743
233,9.9627,7.3125,-99.259
233,9.9627,7.4062,-98.433
233,9.9627,7.5,-99.445
233,9.9627,7.5938,-97.059
233,9.9627,7.6875,-99.419
233,9.9627,7.7812,-88.941
233,9.9627,7.875,-96.1
233,9.9627,7.9688,-91.174
233,9.9627,8.0625,-96.282
233,9.9627,8.1562,-97.3
233,9.9627,8.25,-97.653
233,9.9627,8.3438,-94.457
233,9.9627,8.4375,-97.763
233,9.9627,8.5312,-95.71
233,9.9627,8.625,-96.533
233,9.9627,8.7188,-96.77
233,9.9627,8.8125,-99.97
233,9.9627,8.9062,-96.432
233,9.9627,9.0,-99.623
233,9.9627,9.0938,-96.78
233,9.9627,9.1875,-97.369
233,9.9627,9.2812,-99.755
233,9.9627,9.375,-98.071
233,9.9627,9.4688,-98.596
233,9.9627,9.5625,-97.841
233,9.9627,9.6562,-95.85
233,9.9627,9.75,-99.231
233,9.9627,9.8438,-99.549
233,9.9627,9.9375,-99.139
233,9.9627,10.0312,-99.852
233,9.9627,10.125,-99.421
233,9.9627,10.2188,-98.303
233,9.9627,10.3125,-99.481
233,9.9627,10.4062,-98.791
233,9.9627,10.5,-99.804
233,9.9627,10.5938,-96.957
233,9.9627,10.6875,-99.269
233,9.9627,10.7812,-99.938
233,9.9627,10.875,-98.283
233,9.9627,10.9688,-99.923
233,9.9627,11.0625,-98.277
233,9.9627,11.1562,-99.499
233,9.9627,11.25,-99.399
233,9.9627,11.3438,-99.629
233,9.9627,11.4375,-99.641
233,9.9627,11.5312,-98.248
233,9.9627,11.625,-99.826
233,9.9627,11.7188,-99.592
233,9.9627,11.8125,-99.109
233,9.9627,11.9062,-99.797
233,9.9627,12.0,-99.369
233,9.9627,12.0938,-98.742
233,9.9627,12.1875,-99.633
233,9.9627,12.2812,-99.67
233,9.9627,12.375,-99.87
233,9.9627,12.4688,-98.515
233,9.9627,12.5625,-98.827
233,9.9627,12.6562,-99.947
233,9.9627,12.75,-99.557
233,9.9627,12.8438,-99.646
233,9.9627,12.9375,-99.225
233,9.9627,13.0312,-99.631
233,9.9627,13.125,-99.65
233,9.9627,13.2188,-99.883
233,9.9627,13.3125,-99.938
233,9.9627,13.4062,-99.868
233,9.9627,13.5,-99.468
233,9.9627,13.5938,-99.983
233,9.9627,13.6875,-99.246
233,9.9627,13.7812,-99.899
233,9.9627,13.875,-99.746
233,9.9627,13.9688,-99.316
233,9.9627,14.0625,-99.362
233,9.9627,14.1562,-99.663
233,9.9627,14.25,-99.239
233,9.9627,14.3438,-99.376
233,9.9627,14.4375,-99.037
233,9.9627,14.5312,-99.859
233,9.9627,14.625,-99.291
233,9.9627,14.7188,-99.779
233,9.9627,14.8125,-98.905
233,9.9627,14.9062,-99.76
233,9.9627,15.0,-99.638
233,9.9627,15.0938,-99.998
233,9.9627,15.1875,-99.419
233,9.9627,15.2812,-99.913
233,9.9627,15.375,-99.905
233,9.9627,15.4688,-99.887
233,9.9627,15.5625,-99.652
233,9.9627,15.6562,-99.855
233,9.9627,15.75,-99.903
233,9.9627,15.8438,-99.843
233,9.9627,15.9375,-99.911
