frame,t_sec,mel_bin,db
0,0.0213,1,-63.258
0,0.0213,2,-46.436
0,0.0213,3,-39.285
0,0.0213,4,-32.698
0,0.0213,5,-34.092
0,0.0213,6,-48.456
0,0.0213,7,-50.648
0,0.0213,8,-37.457
0,0.0213,9,-36.64
0,0.0213,10,-58.485
0,0.0213,11,-44.016
0,0.0213,12,-36.832
0,0.0213,13,-55.815
0,0.0213,14,-44.951
0,0.0213,15,-47.532
0,0.0213,16,-57.04
0,0.0213,17,-54.379
0,0.0213,18,-58.791
0,0.0213,19,-53.309
0,0.0213,20,-52.957
0,0.0213,21,-51.205
0,0.0213,22,-44.914
0,0.0213,23,-44.488
0,0.0213,24,-41.005
0,0.0213,25,-53.948
0,0.0213,26,-51.154
0,0.0213,27,-49.157
0,0.0213,28,-47.335
0,0.0213,29,-53.312
0,0.0213,30,-62.038
0,0.0213,31,-66.377
0,0.0213,32,-65.782
0,0.0213,33,-66.283
0,0.0213,34,-64.846
0,0.0213,35,-66.04
0,0.0213,36,-77.133
0,0.0213,37,-72.512
0,0.0213,38,-62.273
0,0.0213,39,-59.603
0,0.0213,40,-62.597
0,0.0213,41,-65.335
0,0.0213,42,-54.979
0,0.0213,43,-55.048
0,0.0213,44,-61.967
0,0.0213,45,-59.178
0,0.0213,46,-62.705
0,0.0213,47,-54.917
0,0.0213,48,-55.886
0,0.0213,49,-57.617
0,0.0213,50,-56.876
0,0.0213,51,-61.113
0,0.0213,52,-68.269
0,0.0213,53,-59.384
0,0.0213,54,-60.478
0,0.0213,55,-64.401
0,0.0213,56,-70.075
0,0.0213,57,-79.506
0,0.0213,58,-83.999
0,0.0213,59,-88.86
0,0.0213,60,-88.664
0,0.0213,61,-90.627
0,0.0213,62,-97.489
0,0.0213,63,-99.998
0,0.0213,64,-99.984
1,0.064,1,-72.473
1,0.064,2,-46.936
1,0.064,3,-39.098
1,0.064,4,-34.42
1,0.064,5,-33.413
1,0.064,6,-44.665
1,0.064,7,-50.797
1,0.064,8,-37.051
1,0.064,9,-36.072
1,0.064,10,-58.816
1,0.064,11,-45.525
1,0.064,12,-38.615
1,0.064,13,-55.086
1,0.064,14,-45.919
1,0.064,15,-48.344
1,0.064,16,-57.561
1,0.064,17,-55.066
1,0.064,18,-60.794
1,0.064,19,-54.903
1,0.064,20,-54.052
1,0.064,21,-52.074
1,0.064,22,-45.426
1,0.064,23,-46.383
1,0.064,24,-44.212
1,0.064,25,-53.256
1,0.064,26,-51.659
1,0.064,27,-50.961
1,0.064,28,-50.314
1,0.064,29,-52.175
1,0.064,30,-60.275
1,0.064,31,-66.327
1,0.064,32,-67.905
1,0.064,33,-65.181
1,0.064,34,-64.499
1,0.064,35,-68.17
1,0.064,36,-79.665
1,0.064,37,-67.814
1,0.064,38,-58.655
1,0.064,39,-59.328
1,0.064,40,-62.756
1,0.064,41,-69.425
1,0.064,42,-56.523
1,0.064,43,-52.593
1,0.064,44,-64.585
1,0.064,45,-66.372
1,0.064,46,-64.52
1,0.064,47,-56.926
1,0.064,48,-55.152
1,0.064,49,-55.18
1,0.064,50,-54.478
1,0.064,51,-56.023
1,0.064,52,-62.113
1,0.064,53,-60.337
1,0.064,54,-59.849
1,0.064,55,-61.71
1,0.064,56,-68.974
1,0.064,57,-77.091
1,0.064,58,-84.581
1,0.064,59,-87.13
1,0.064,60,-89.79
1,0.064,61,-91.858
1,0.064,62,-96.857
1,0.064,63,-99.998
1,0.064,64,-99.983
2,0.1067,1,-68.278
2,0.1067,2,-51.66
2,0.1067,3,-39.05
2,0.1067,4,-35.587
2,0.1067,5,-33.393
2,0.1067,6,-42.571
2,0.1067,7,-53.715
2,0.1067,8,-39.32
2,0.1067,9,-39.755
2,0.1067,10,-50.632
2,0.1067,11,-45.084
2,0.1067,12,-45.302
2,0.1067,13,-55.957
2,0.1067,14,-43.559
2,0.1067,15,-45.788
2,0.1067,16,-59.475
2,0.1067,17,-58.798
2,0.1067,18,-60.816
2,0.1067,19,-59.465
2,0.1067,20,-57.681
2,0.1067,21,-57.441
2,0.1067,22,-54.314
2,0.1067,23,-53.176
2,0.1067,24,-52.17
2,0.1067,25,-61.733
2,0.1067,26,-59.748
2,0.1067,27,-60.412
2,0.1067,28,-54.544
2,0.1067,29,-52.483
2,0.1067,30,-54.803
2,0.1067,31,-56.901
2,0.1067,32,-59.336
2,0.1067,33,-60.04
2,0.1067,34,-59.419
2,0.1067,35,-57.533
2,0.1067,36,-58.576
2,0.1067,37,-61.398
2,0.1067,38,-61.63
2,0.1067,39,-60.588
2,0.1067,40,-56.442
2,0.1067,41,-60.246
2,0.1067,42,-58.069
2,0.1067,43,-56.152
2,0.1067,44,-60.177
2,0.1067,45,-62.235
2,0.1067,46,-59.785
2,0.1067,47,-58.806
2,0.1067,48,-52.443
2,0.1067,49,-52.922
2,0.1067,50,-55.416
2,0.1067,51,-55.258
2,0.1067,52,-62.445
2,0.1067,53,-64.594
2,0.1067,54,-61.859
2,0.1067,55,-68.36
2,0.1067,56,-68.189
2,0.1067,57,-72.61
2,0.1067,58,-74.752
2,0.1067,59,-77.586
2,0.1067,60,-81.693
2,0.1067,61,-80.174
2,0.1067,62,-84.216
2,0.1067,63,-99.998
2,0.1067,64,-99.581
3,0.1493,1,-80.208
3,0.1493,2,-47.774
3,0.1493,3,-39.673
3,0.1493,4,-38.543
3,0.1493,5,-47.103
3,0.1493,6,-51.303
3,0.1493,7,-50.784
3,0.1493,8,-49.604
3,0.1493,9,-53.977
3,0.1493,10,-49.423
3,0.1493,11,-41.896
3,0.1493,12,-52.162
3,0.1493,13,-56.051
3,0.1493,14,-43.122
3,0.1493,15,-45.457
3,0.1493,16,-67.754
3,0.1493,17,-68.011
3,0.1493,18,-67.742
3,0.1493,19,-69.518
3,0.1493,20,-60.559
3,0.1493,21,-58.957
3,0.1493,22,-64.343
3,0.1493,23,-63.686
3,0.1493,24,-60.41
3,0.1493,25,-70.176
3,0.1493,26,-62.144
3,0.1493,27,-63.451
3,0.1493,28,-59.749
3,0.1493,29,-60.359
3,0.1493,30,-62.347
3,0.1493,31,-65.126
3,0.1493,32,-66.944
3,0.1493,33,-59.709
3,0.1493,34,-56.584
3,0.1493,35,-54.425
3,0.1493,36,-55.87
3,0.1493,37,-58.72
3,0.1493,38,-58.24
3,0.1493,39,-54.893
3,0.1493,40,-55.672
3,0.1493,41,-56.616
3,0.1493,42,-53.944
3,0.1493,43,-51.972
3,0.1493,44,-50.647
3,0.1493,45,-50.925
3,0.1493,46,-50.143
3,0.1493,47,-53.624
3,0.1493,48,-52.61
3,0.1493,49,-49.803
3,0.1493,50,-53.297
3,0.1493,51,-58.421
3,0.1493,52,-63.488
3,0.1493,53,-60.486
3,0.1493,54,-63.24
3,0.1493,55,-65.973
3,0.1493,56,-68.833
3,0.1493,57,-71.496
3,0.1493,58,-75.175
3,0.1493,59,-80.987
3,0.1493,60,-90.754
3,0.1493,61,-96.401
3,0.1493,62,-99.201
3,0.1493,63,-99.999
3,0.1493,64,-99.997
4,0.192,1,-65.338
4,0.192,2,-49.468
4,0.192,3,-41.754
4,0.192,4,-37.469
4,0.192,5,-46.894
4,0.192,6,-50.732
4,0.192,7,-50.526
4,0.192,8,-54.75
4,0.192,9,-56.04
4,0.192,10,-47.993
4,0.192,11,-40.513
4,0.192,12,-58.753
4,0.192,13,-66.066
4,0.192,14,-41.155
4,0.192,15,-43.454
4,0.192,16,-68.797
4,0.192,17,-63.91
4,0.192,18,-67.469
4,0.192,19,-63.085
4,0.192,20,-56.519
4,0.192,21,-60.342
4,0.192,22,-57.457
4,0.192,23,-60.324
4,0.192,24,-63.528
4,0.192,25,-69.075
4,0.192,26,-55.114
4,0.192,27,-61.349
4,0.192,28,-59.334
4,0.192,29,-61.56
4,0.192,30,-64.044
4,0.192,31,-67.389
4,0.192,32,-63.62
4,0.192,33,-58.604
4,0.192,34,-56.922
4,0.192,35,-57.624
4,0.192,36,-59.741
4,0.192,37,-61.311
4,0.192,38,-62.245
4,0.192,39,-61.933
4,0.192,40,-60.848
4,0.192,41,-64.634
4,0.192,42,-58.739
4,0.192,43,-58.166
4,0.192,44,-51.499
4,0.192,45,-50.889
4,0.192,46,-54.369
4,0.192,47,-57.615
4,0.192,48,-55.113
4,0.192,49,-55.599
4,0.192,50,-59.566
4,0.192,51,-62.021
4,0.192,52,-66.552
4,0.192,53,-67.978
4,0.192,54,-69.778
4,0.192,55,-69.913
4,0.192,56,-68.687
4,0.192,57,-72.327
4,0.192,58,-77.534
4,0.192,59,-84.498
4,0.192,60,-96.654
4,0.192,61,-99.993
4,0.192,62,-99.998
4,0.192,63,-99.999
4,0.192,64,-99.999
5,0.2347,1,-65.013
5,0.2347,2,-49.042
5,0.2347,3,-41.304
5,0.2347,4,-33.784
5,0.2347,5,-39.374
5,0.2347,6,-50.711
5,0.2347,7,-44.581
5,0.2347,8,-44.354
5,0.2347,9,-62.443
5,0.2347,10,-47.604
5,0.2347,11,-39.343
5,0.2347,12,-52.625
5,0.2347,13,-62.459
5,0.2347,14,-42.663
5,0.2347,15,-45.094
5,0.2347,16,-68.156
5,0.2347,17,-61.652
5,0.2347,18,-64.711
5,0.2347,19,-65.183
5,0.2347,20,-58.174
5,0.2347,21,-58.546
5,0.2347,22,-54.365
5,0.2347,23,-51.232
5,0.2347,24,-58.813
5,0.2347,25,-64.536
5,0.2347,26,-54.268
5,0.2347,27,-57.48
5,0.2347,28,-58.58
5,0.2347,29,-64.647
5,0.2347,30,-67.829
5,0.2347,31,-65.233
5,0.2347,32,-57.382
5,0.2347,33,-57.024
5,0.2347,34,-56.652
5,0.2347,35,-58.212
5,0.2347,36,-61.786
5,0.2347,37,-61.374
5,0.2347,38,-60.66
5,0.2347,39,-61.565
5,0.2347,40,-60.89
5,0.2347,41,-63.761
5,0.2347,42,-57.526
5,0.2347,43,-57.779
5,0.2347,44,-55.819
5,0.2347,45,-52.603
5,0.2347,46,-54.146
5,0.2347,47,-54.608
5,0.2347,48,-56.737
5,0.2347,49,-56.254
5,0.2347,50,-59.858
5,0.2347,51,-68.281
5,0.2347,52,-72.061
5,0.2347,53,-69.084
5,0.2347,54,-66.175
5,0.2347,55,-64.53
5,0.2347,56,-69.208
5,0.2347,57,-77.369
5,0.2347,58,-82.019
5,0.2347,59,-85.145
5,0.2347,60,-90.175
5,0.2347,61,-96.207
5,0.2347,62,-98.557
5,0.2347,63,-99.999
5,0.2347,64,-99.995
6,0.2773,1,-67.962
6,0.2773,2,-50.569
6,0.2773,3,-42.826
6,0.2773,4,-38.658
6,0.2773,5,-48.135
6,0.2773,6,-48.561
6,0.2773,7,-37.513
6,0.2773,8,-40.137
6,0.2773,9,-56.782
6,0.2773,10,-47.424
6,0.2773,11,-41.499
6,0.2773,12,-53.009
6,0.2773,13,-58.879
6,0.2773,14,-46.171
6,0.2773,15,-48.668
6,0.2773,16,-60.124
6,0.2773,17,-60.835
6,0.2773,18,-62.071
6,0.2773,19,-62.03
6,0.2773,20,-57.01
6,0.2773,21,-52.576
6,0.2773,22,-47.708
6,0.2773,23,-52.999
6,0.2773,24,-60.32
6,0.2773,25,-65.415
6,0.2773,26,-54.683
6,0.2773,27,-55.011
6,0.2773,28,-57.837
6,0.2773,29,-63.883
6,0.2773,30,-66.617
6,0.2773,31,-65.796
6,0.2773,32,-66.419
6,0.2773,33,-67.788
6,0.2773,34,-70.267
6,0.2773,35,-71.922
6,0.2773,36,-69.772
6,0.2773,37,-71.902
6,0.2773,38,-70.886
6,0.2773,39,-65.92
6,0.2773,40,-74.913
6,0.2773,41,-71.425
6,0.2773,42,-63.148
6,0.2773,43,-67.541
6,0.2773,44,-65.459
6,0.2773,45,-66.185
6,0.2773,46,-69.868
6,0.2773,47,-67.053
6,0.2773,48,-69.601
6,0.2773,49,-66.746
6,0.2773,50,-66.205
6,0.2773,51,-79.953
6,0.2773,52,-81.695
6,0.2773,53,-73.572
6,0.2773,54,-72.795
6,0.2773,55,-73.985
6,0.2773,56,-81.81
6,0.2773,57,-85.357
6,0.2773,58,-89.952
6,0.2773,59,-90.638
6,0.2773,60,-92.153
6,0.2773,61,-93.968
6,0.2773,62,-98.236
6,0.2773,63,-99.999
6,0.2773,64,-99.993
7,0.32,1,-68.874
7,0.32,2,-50.311
7,0.32,3,-42.55
7,0.32,4,-39.576
7,0.32,5,-49.733
7,0.32,6,-46.978
7,0.32,7,-36.575
7,0.32,8,-39.991
7,0.32,9,-57.06
7,0.32,10,-46.258
7,0.32,11,-43.333
7,0.32,12,-50.986
7,0.32,13,-56.923
7,0.32,14,-49.414
7,0.32,15,-52.469
7,0.32,16,-61.29
7,0.32,17,-65.523
7,0.32,18,-65.209
7,0.32,19,-62.536
7,0.32,20,-59.696
7,0.32,21,-56.174
7,0.32,22,-49.938
7,0.32,23,-55.147
7,0.32,24,-59.844
7,0.32,25,-65.686
7,0.32,26,-55.424
7,0.32,27,-55.684
7,0.32,28,-61.348
7,0.32,29,-65.649
7,0.32,30,-69.147
7,0.32,31,-68.358
7,0.32,32,-69.058
7,0.32,33,-71.657
7,0.32,34,-74.591
7,0.32,35,-77.803
7,0.32,36,-74.528
7,0.32,37,-73.813
7,0.32,38,-68.35
7,0.32,39,-68.387
7,0.32,40,-77.365
7,0.32,41,-75.579
7,0.32,42,-66.674
7,0.32,43,-69.207
7,0.32,44,-73.091
7,0.32,45,-75.05
7,0.32,46,-72.285
7,0.32,47,-64.768
7,0.32,48,-72.557
7,0.32,49,-70.891
7,0.32,50,-67.165
7,0.32,51,-79.203
7,0.32,52,-81.679
7,0.32,53,-77.426
7,0.32,54,-74.971
7,0.32,55,-79.75
7,0.32,56,-86.402
7,0.32,57,-87.378
7,0.32,58,-90.351
7,0.32,59,-92.473
7,0.32,60,-92.318
7,0.32,61,-94.109
7,0.32,62,-99.398
7,0.32,63,-99.999
7,0.32,64,-99.997
8,0.3627,1,-79.502
8,0.3627,2,-51.63
8,0.3627,3,-44.326
8,0.3627,4,-39.748
8,0.3627,5,-49.929
8,0.3627,6,-45.831
8,0.3627,7,-38.357
8,0.3627,8,-42.554
8,0.3627,9,-57.807
8,0.3627,10,-48.022
8,0.3627,11,-46.298
8,0.3627,12,-52.424
8,0.3627,13,-59.972
8,0.3627,14,-63.476
8,0.3627,15,-67.126
8,0.3627,16,-67.492
8,0.3627,17,-68.059
8,0.3627,18,-68.943
8,0.3627,19,-68.151
8,0.3627,20,-63.57
8,0.3627,21,-60.115
8,0.3627,22,-53.853
8,0.3627,23,-59.647
8,0.3627,24,-63.796
8,0.3627,25,-66.15
8,0.3627,26,-59.223
8,0.3627,27,-62.02
8,0.3627,28,-67.922
8,0.3627,29,-72.044
8,0.3627,30,-74.116
8,0.3627,31,-71.124
8,0.3627,32,-72.234
8,0.3627,33,-77.218
8,0.3627,34,-77.059
8,0.3627,35,-78.476
8,0.3627,36,-74.66
8,0.3627,37,-68.443
8,0.3627,38,-78.324
8,0.3627,39,-80.899
8,0.3627,40,-79.897
8,0.3627,41,-74.843
8,0.3627,42,-65.989
8,0.3627,43,-71.399
8,0.3627,44,-74.503
8,0.3627,45,-77.772
8,0.3627,46,-72.542
8,0.3627,47,-67.71
8,0.3627,48,-72.66
8,0.3627,49,-69.055
8,0.3627,50,-70.088
8,0.3627,51,-77.812
8,0.3627,52,-78.396
8,0.3627,53,-74.516
8,0.3627,54,-73.687
8,0.3627,55,-83.434
8,0.3627,56,-82.606
8,0.3627,57,-89.79
8,0.3627,58,-92.155
8,0.3627,59,-92.608
8,0.3627,60,-93.188
8,0.3627,61,-92.707
8,0.3627,62,-96.922
8,0.3627,63,-100.0
8,0.3627,64,-99.988
9,0.4053,1,-54.226
9,0.4053,2,-38.097
9,0.4053,3,-26.924
9,0.4053,4,-30.412
9,0.4053,5,-46.163
9,0.4053,6,-54.081
9,0.4053,7,-54.011
9,0.4053,8,-52.83
9,0.4053,9,-47.179
9,0.4053,10,-44.916
9,0.4053,11,-49.283
9,0.4053,12,-60.15
9,0.4053,13,-51.803
9,0.4053,14,-43.305
9,0.4053,15,-51.925
9,0.4053,16,-58.22
9,0.4053,17,-58.732
9,0.4053,18,-54.663
9,0.4053,19,-59.965
9,0.4053,20,-60.047
9,0.4053,21,-59.599
9,0.4053,22,-55.379
9,0.4053,23,-57.751
9,0.4053,24,-54.354
9,0.4053,25,-54.858
9,0.4053,26,-54.254
9,0.4053,27,-54.107
9,0.4053,28,-56.07
9,0.4053,29,-55.195
9,0.4053,30,-55.285
9,0.4053,31,-53.579
9,0.4053,32,-53.755
9,0.4053,33,-52.24
9,0.4053,34,-59.086
9,0.4053,35,-58.549
9,0.4053,36,-56.403
9,0.4053,37,-58.83
9,0.4053,38,-50.629
9,0.4053,39,-55.052
9,0.4053,40,-50.7
9,0.4053,41,-50.218
9,0.4053,42,-51.478
9,0.4053,43,-50.313
9,0.4053,44,-50.092
9,0.4053,45,-50.873
9,0.4053,46,-52.812
9,0.4053,47,-52.516
9,0.4053,48,-50.08
9,0.4053,49,-51.675
9,0.4053,50,-51.105
9,0.4053,51,-48.121
9,0.4053,52,-50.323
9,0.4053,53,-49.101
9,0.4053,54,-46.519
9,0.4053,55,-48.581
9,0.4053,56,-46.822
9,0.4053,57,-47.353
9,0.4053,58,-48.145
9,0.4053,59,-48.275
9,0.4053,60,-50.858
9,0.4053,61,-47.282
9,0.4053,62,-52.153
9,0.4053,63,-98.991
9,0.4053,64,-77.714
10,0.448,1,-66.603
10,0.448,2,-52.448
10,0.448,3,-37.211
10,0.448,4,-42.348
10,0.448,5,-55.949
10,0.448,6,-59.58
10,0.448,7,-63.733
10,0.448,8,-56.795
10,0.448,9,-59.453
10,0.448,10,-61.948
10,0.448,11,-60.969
10,0.448,12,-57.558
10,0.448,13,-60.171
10,0.448,14,-64.339
10,0.448,15,-67.528
10,0.448,16,-71.36
10,0.448,17,-70.712
10,0.448,18,-70.718
10,0.448,19,-69.555
10,0.448,20,-66.927
10,0.448,21,-68.621
10,0.448,22,-63.969
10,0.448,23,-65.996
10,0.448,24,-63.127
10,0.448,25,-63.377
10,0.448,26,-68.762
10,0.448,27,-66.095
10,0.448,28,-69.152
10,0.448,29,-70.654
10,0.448,30,-67.665
10,0.448,31,-71.408
10,0.448,32,-72.58
10,0.448,33,-70.239
10,0.448,34,-70.272
10,0.448,35,-72.16
10,0.448,36,-71.767
10,0.448,37,-69.993
10,0.448,38,-69.774
10,0.448,39,-74.427
10,0.448,40,-74.904
10,0.448,41,-73.369
10,0.448,42,-72.062
10,0.448,43,-73.105
10,0.448,44,-70.512
10,0.448,45,-72.11
10,0.448,46,-73.466
10,0.448,47,-73.853
10,0.448,48,-74.561
10,0.448,49,-71.558
10,0.448,50,-74.126
10,0.448,51,-78.85
10,0.448,52,-78.192
10,0.448,53,-81.305
10,0.448,54,-83.054
10,0.448,55,-84.284
10,0.448,56,-83.103
10,0.448,57,-84.524
10,0.448,58,-83.335
10,0.448,59,-82.766
10,0.448,60,-83.517
10,0.448,61,-84.199
10,0.448,62,-85.814
10,0.448,63,-99.999
10,0.448,64,-99.799
11,0.4907,1,-83.508
11,0.4907,2,-67.012
11,0.4907,3,-50.435
11,0.4907,4,-54.259
11,0.4907,5,-62.054
11,0.4907,6,-68.231
11,0.4907,7,-59.857
11,0.4907,8,-56.313
11,0.4907,9,-64.596
11,0.4907,10,-67.541
11,0.4907,11,-60.684
11,0.4907,12,-53.667
11,0.4907,13,-58.452
11,0.4907,14,-67.684
11,0.4907,15,-70.852
11,0.4907,16,-72.306
11,0.4907,17,-73.095
11,0.4907,18,-72.183
11,0.4907,19,-73.06
11,0.4907,20,-70.688
11,0.4907,21,-65.788
11,0.4907,22,-65.46
11,0.4907,23,-64.156
11,0.4907,24,-66.362
11,0.4907,25,-67.3
11,0.4907,26,-66.496
11,0.4907,27,-63.994
11,0.4907,28,-68.937
11,0.4907,29,-73.031
11,0.4907,30,-70.405
11,0.4907,31,-72.637
11,0.4907,32,-72.189
11,0.4907,33,-70.256
11,0.4907,34,-68.993
11,0.4907,35,-70.099
11,0.4907,36,-71.296
11,0.4907,37,-67.708
11,0.4907,38,-68.784
11,0.4907,39,-75.269
11,0.4907,40,-76.485
11,0.4907,41,-75.952
11,0.4907,42,-72.506
11,0.4907,43,-70.753
11,0.4907,44,-68.269
11,0.4907,45,-66.388
11,0.4907,46,-67.826
11,0.4907,47,-69.559
11,0.4907,48,-68.459
11,0.4907,49,-68.416
11,0.4907,50,-72.609
11,0.4907,51,-77.992
11,0.4907,52,-77.417
11,0.4907,53,-83.13
11,0.4907,54,-90.092
11,0.4907,55,-90.213
11,0.4907,56,-88.944
11,0.4907,57,-89.519
11,0.4907,58,-92.63
11,0.4907,59,-93.979
11,0.4907,60,-96.677
11,0.4907,61,-93.32
11,0.4907,62,-99.655
11,0.4907,63,-100.0
11,0.4907,64,-99.996
12,0.5333,1,-87.864
12,0.5333,2,-68.433
12,0.5333,3,-60.16
12,0.5333,4,-60.341
12,0.5333,5,-61.434
12,0.5333,6,-68.697
12,0.5333,7,-63.311
12,0.5333,8,-57.726
12,0.5333,9,-62.772
12,0.5333,10,-64.924
12,0.5333,11,-59.958
12,0.5333,12,-56.625
12,0.5333,13,-62.146
12,0.5333,14,-66.337
12,0.5333,15,-68.119
12,0.5333,16,-72.771
12,0.5333,17,-71.123
12,0.5333,18,-71.056
12,0.5333,19,-74.131
12,0.5333,20,-70.5
12,0.5333,21,-61.106
12,0.5333,22,-63.784
12,0.5333,23,-63.823
12,0.5333,24,-61.393
12,0.5333,25,-73.09
12,0.5333,26,-72.285
12,0.5333,27,-71.765
12,0.5333,28,-73.552
12,0.5333,29,-76.044
12,0.5333,30,-75.553
12,0.5333,31,-77.066
12,0.5333,32,-75.56
12,0.5333,33,-71.609
12,0.5333,34,-74.683
12,0.5333,35,-77.894
12,0.5333,36,-78.754
12,0.5333,37,-74.878
12,0.5333,38,-75.563
12,0.5333,39,-81.521
12,0.5333,40,-84.589
12,0.5333,41,-80.802
12,0.5333,42,-79.898
12,0.5333,43,-75.038
12,0.5333,44,-71.76
12,0.5333,45,-73.376
12,0.5333,46,-75.257
12,0.5333,47,-73.322
12,0.5333,48,-79.132
12,0.5333,49,-76.153
12,0.5333,50,-78.527
12,0.5333,51,-82.471
12,0.5333,52,-84.981
12,0.5333,53,-86.619
12,0.5333,54,-88.641
12,0.5333,55,-90.441
12,0.5333,56,-90.943
12,0.5333,57,-91.516
12,0.5333,58,-93.154
12,0.5333,59,-92.7
12,0.5333,60,-94.658
12,0.5333,61,-94.827
12,0.5333,62,-99.27
12,0.5333,63,-100.0
12,0.5333,64,-99.996
13,0.576,1,-92.291
13,0.576,2,-73.815
13,0.576,3,-61.942
13,0.576,4,-52.638
13,0.576,5,-56.693
13,0.576,6,-60.056
13,0.576,7,-59.005
13,0.576,8,-61.554
13,0.576,9,-63.347
13,0.576,10,-71.621
13,0.576,11,-65.225
13,0.576,12,-64.057
13,0.576,13,-66.371
13,0.576,14,-63.599
13,0.576,15,-65.37
13,0.576,16,-75.402
13,0.576,17,-73.982
13,0.576,18,-76.784
13,0.576,19,-69.446
13,0.576,20,-70.545
13,0.576,21,-70.856
13,0.576,22,-68.617
13,0.576,23,-68.432
13,0.576,24,-70.426
13,0.576,25,-74.829
13,0.576,26,-72.111
13,0.576,27,-72.708
13,0.576,28,-72.037
13,0.576,29,-79.703
13,0.576,30,-79.522
13,0.576,31,-81.826
13,0.576,32,-80.9
13,0.576,33,-80.238
13,0.576,34,-81.101
13,0.576,35,-81.968
13,0.576,36,-84.736
13,0.576,37,-85.223
13,0.576,38,-87.511
13,0.576,39,-82.621
13,0.576,40,-83.11
13,0.576,41,-86.231
13,0.576,42,-83.907
13,0.576,43,-84.659
13,0.576,44,-83.962
13,0.576,45,-84.465
13,0.576,46,-85.289
13,0.576,47,-85.827
13,0.576,48,-87.386
13,0.576,49,-88.087
13,0.576,50,-90.22
13,0.576,51,-92.952
13,0.576,52,-91.871
13,0.576,53,-93.169
13,0.576,54,-92.5
13,0.576,55,-93.105
13,0.576,56,-93.4
13,0.576,57,-93.622
13,0.576,58,-93.319
13,0.576,59,-95.304
13,0.576,60,-96.104
13,0.576,61,-95.154
13,0.576,62,-98.925
13,0.576,63,-100.0
13,0.576,64,-99.995
14,0.6187,1,-83.809
14,0.6187,2,-79.886
14,0.6187,3,-60.962
14,0.6187,4,-52.332
14,0.6187,5,-63.588
14,0.6187,6,-60.751
14,0.6187,7,-58.91
14,0.6187,8,-57.217
14,0.6187,9,-57.838
14,0.6187,10,-73.681
14,0.6187,11,-65.435
14,0.6187,12,-56.479
14,0.6187,13,-64.631
14,0.6187,14,-69.129
14,0.6187,15,-71.04
14,0.6187,16,-79.403
14,0.6187,17,-80.432
14,0.6187,18,-83.441
14,0.6187,19,-71.603
14,0.6187,20,-70.379
14,0.6187,21,-70.764
14,0.6187,22,-65.738
14,0.6187,23,-71.653
14,0.6187,24,-74.923
14,0.6187,25,-75.933
14,0.6187,26,-77.307
14,0.6187,27,-75.184
14,0.6187,28,-75.53
14,0.6187,29,-81.538
14,0.6187,30,-83.745
14,0.6187,31,-84.562
14,0.6187,32,-81.937
14,0.6187,33,-83.19
14,0.6187,34,-87.038
14,0.6187,35,-84.149
14,0.6187,36,-82.32
14,0.6187,37,-88.872
14,0.6187,38,-87.842
14,0.6187,39,-88.547
14,0.6187,40,-88.236
14,0.6187,41,-90.482
14,0.6187,42,-84.987
14,0.6187,43,-85.577
14,0.6187,44,-85.745
14,0.6187,45,-84.676
14,0.6187,46,-85.858
14,0.6187,47,-86.606
14,0.6187,48,-87.599
14,0.6187,49,-90.236
14,0.6187,50,-91.669
14,0.6187,51,-94.247
14,0.6187,52,-91.492
14,0.6187,53,-92.567
14,0.6187,54,-94.06
14,0.6187,55,-94.081
14,0.6187,56,-93.529
14,0.6187,57,-93.666
14,0.6187,58,-94.721
14,0.6187,59,-95.846
14,0.6187,60,-96.267
14,0.6187,61,-96.75
14,0.6187,62,-99.396
14,0.6187,63,-100.0
14,0.6187,64,-99.998
15,0.6613,1,-82.399
15,0.6613,2,-75.588
15,0.6613,3,-60.701
15,0.6613,4,-51.659
15,0.6613,5,-57.051
15,0.6613,6,-58.575
15,0.6613,7,-55.625
15,0.6613,8,-54.408
15,0.6613,9,-60.245
15,0.6613,10,-65.523
15,0.6613,11,-66.787
15,0.6613,12,-63.912
15,0.6613,13,-64.199
15,0.6613,14,-58.873
15,0.6613,15,-61.446
15,0.6613,16,-59.495
15,0.6613,17,-59.156
15,0.6613,18,-62.227
15,0.6613,19,-61.735
15,0.6613,20,-58.903
15,0.6613,21,-52.947
15,0.6613,22,-52.103
15,0.6613,23,-55.285
15,0.6613,24,-57.796
15,0.6613,25,-65.162
15,0.6613,26,-64.506
15,0.6613,27,-65.72
15,0.6613,28,-70.42
15,0.6613,29,-70.976
15,0.6613,30,-70.829
15,0.6613,31,-69.392
15,0.6613,32,-69.668
15,0.6613,33,-68.702
15,0.6613,34,-65.447
15,0.6613,35,-58.546
15,0.6613,36,-58.82
15,0.6613,37,-63.903
15,0.6613,38,-66.612
15,0.6613,39,-69.069
15,0.6613,40,-76.614
15,0.6613,41,-75.255
15,0.6613,42,-72.714
15,0.6613,43,-66.716
15,0.6613,44,-62.84
15,0.6613,45,-59.536
15,0.6613,46,-61.375
15,0.6613,47,-65.321
15,0.6613,48,-67.134
15,0.6613,49,-60.029
15,0.6613,50,-60.826
15,0.6613,51,-65.804
15,0.6613,52,-66.001
15,0.6613,53,-68.036
15,0.6613,54,-65.936
15,0.6613,55,-68.578
15,0.6613,56,-72.631
15,0.6613,57,-78.461
15,0.6613,58,-86.509
15,0.6613,59,-91.846
15,0.6613,60,-96.363
15,0.6613,61,-96.36
15,0.6613,62,-99.363
15,0.6613,63,-100.0
15,0.6613,64,-99.997
16,0.704,1,-73.258
16,0.704,2,-69.736
16,0.704,3,-53.077
16,0.704,4,-44.138
16,0.704,5,-46.45
16,0.704,6,-53.781
16,0.704,7,-51.834
16,0.704,8,-50.122
16,0.704,9,-54.542
16,0.704,10,-63.232
16,0.704,11,-59.222
16,0.704,12,-59.107
16,0.704,13,-61.652
16,0.704,14,-61.988
16,0.704,15,-65.871
16,0.704,16,-67.548
16,0.704,17,-66.499
16,0.704,18,-67.467
16,0.704,19,-60.429
16,0.704,20,-58.019
16,0.704,21,-52.431
16,0.704,22,-54.285
16,0.704,23,-58.31
16,0.704,24,-56.723
16,0.704,25,-60.067
16,0.704,26,-60.267
16,0.704,27,-64.721
16,0.704,28,-67.141
16,0.704,29,-68.169
16,0.704,30,-66.862
16,0.704,31,-68.879
16,0.704,32,-70.285
16,0.704,33,-66.06
16,0.704,34,-63.629
16,0.704,35,-66.189
16,0.704,36,-65.272
16,0.704,37,-63.848
16,0.704,38,-64.642
16,0.704,39,-63.712
16,0.704,40,-69.435
16,0.704,41,-69.113
16,0.704,42,-58.413
16,0.704,43,-58.99
16,0.704,44,-62.323
16,0.704,45,-64.172
16,0.704,46,-60.836
16,0.704,47,-64.515
16,0.704,48,-65.992
16,0.704,49,-59.535
16,0.704,50,-63.566
16,0.704,51,-71.301
16,0.704,52,-68.752
16,0.704,53,-70.207
16,0.704,54,-73.333
16,0.704,55,-73.337
16,0.704,56,-80.216
16,0.704,57,-85.636
16,0.704,58,-89.481
16,0.704,59,-91.982
16,0.704,60,-96.544
16,0.704,61,-97.362
16,0.704,62,-100.0
16,0.704,63,-100.0
16,0.704,64,-100.0
17,0.7467,1,-74.081
17,0.7467,2,-77.828
17,0.7467,3,-44.124
17,0.7467,4,-32.743
17,0.7467,5,-41.383
17,0.7467,6,-57.611
17,0.7467,7,-39.356
17,0.7467,8,-40.702
17,0.7467,9,-54.741
17,0.7467,10,-41.18
17,0.7467,11,-49.431
17,0.7467,12,-50.123
17,0.7467,13,-52.628
17,0.7467,14,-53.42
17,0.7467,15,-56.469
17,0.7467,16,-57.15
17,0.7467,17,-59.413
17,0.7467,18,-58.633
17,0.7467,19,-57.762
17,0.7467,20,-52.784
17,0.7467,21,-58.287
17,0.7467,22,-62.009
17,0.7467,23,-63.457
17,0.7467,24,-65.678
17,0.7467,25,-70.024
17,0.7467,26,-59.861
17,0.7467,27,-60.025
17,0.7467,28,-70.742
17,0.7467,29,-76.662
17,0.7467,30,-78.663
17,0.7467,31,-76.885
17,0.7467,32,-75.809
17,0.7467,33,-70.115
17,0.7467,34,-71.034
17,0.7467,35,-73.489
17,0.7467,36,-70.911
17,0.7467,37,-66.924
17,0.7467,38,-69.258
17,0.7467,39,-63.777
17,0.7467,40,-72.484
17,0.7467,41,-77.1
17,0.7467,42,-61.108
17,0.7467,43,-62.841
17,0.7467,44,-70.554
17,0.7467,45,-68.993
17,0.7467,46,-66.337
17,0.7467,47,-62.738
17,0.7467,48,-64.194
17,0.7467,49,-64.189
17,0.7467,50,-61.359
17,0.7467,51,-67.965
17,0.7467,52,-67.546
17,0.7467,53,-65.705
17,0.7467,54,-66.611
17,0.7467,55,-68.138
17,0.7467,56,-73.628
17,0.7467,57,-86.365
17,0.7467,58,-91.751
17,0.7467,59,-92.109
17,0.7467,60,-93.469
17,0.7467,61,-95.471
17,0.7467,62,-99.498
17,0.7467,63,-99.999
17,0.7467,64,-99.996
18,0.7893,1,-83.162
18,0.7893,2,-74.859
18,0.7893,3,-43.235
18,0.7893,4,-33.897
18,0.7893,5,-44.462
18,0.7893,6,-58.125
18,0.7893,7,-37.385
18,0.7893,8,-41.143
18,0.7893,9,-44.523
18,0.7893,10,-35.349
18,0.7893,11,-47.785
18,0.7893,12,-49.444
18,0.7893,13,-54.792
18,0.7893,14,-49.84
18,0.7893,15,-56.919
18,0.7893,16,-52.044
18,0.7893,17,-53.049
18,0.7893,18,-51.109
18,0.7893,19,-51.239
18,0.7893,20,-53.627
18,0.7893,21,-59.181
18,0.7893,22,-64.976
18,0.7893,23,-68.225
18,0.7893,24,-68.477
18,0.7893,25,-73.489
18,0.7893,26,-66.716
18,0.7893,27,-65.943
18,0.7893,28,-70.35
18,0.7893,29,-75.058
18,0.7893,30,-80.083
18,0.7893,31,-79.954
18,0.7893,32,-76.611
18,0.7893,33,-74.422
18,0.7893,34,-74.915
18,0.7893,35,-73.223
18,0.7893,36,-70.276
18,0.7893,37,-66.737
18,0.7893,38,-75.868
18,0.7893,39,-67.409
18,0.7893,40,-70.34
18,0.7893,41,-80.209
18,0.7893,42,-63.134
18,0.7893,43,-63.354
18,0.7893,44,-71.894
18,0.7893,45,-68.08
18,0.7893,46,-71.826
18,0.7893,47,-66.843
18,0.7893,48,-67.13
18,0.7893,49,-64.42
18,0.7893,50,-58.547
18,0.7893,51,-67.128
18,0.7893,52,-66.074
18,0.7893,53,-62.636
18,0.7893,54,-63.639
18,0.7893,55,-66.527
18,0.7893,56,-72.151
18,0.7893,57,-84.926
18,0.7893,58,-88.978
18,0.7893,59,-91.365
18,0.7893,60,-94.451
18,0.7893,61,-95.232
18,0.7893,62,-99.222
18,0.7893,63,-99.999
18,0.7893,64,-99.996
19,0.832,1,-86.779
19,0.832,2,-80.705
19,0.832,3,-44.681
19,0.832,4,-34.714
19,0.832,5,-44.852
19,0.832,6,-58.73
19,0.832,7,-36.281
19,0.832,8,-38.943
19,0.832,9,-45.379
19,0.832,10,-34.66
19,0.832,11,-45.848
19,0.832,12,-51.307
19,0.832,13,-55.465
19,0.832,14,-50.085
19,0.832,15,-54.141
19,0.832,16,-50.693
19,0.832,17,-53.411
19,0.832,18,-51.368
19,0.832,19,-44.452
19,0.832,20,-45.696
19,0.832,21,-56.557
19,0.832,22,-57.928
19,0.832,23,-61.471
19,0.832,24,-65.674
19,0.832,25,-65.479
19,0.832,26,-63.784
19,0.832,27,-61.611
19,0.832,28,-69.052
19,0.832,29,-78.588
19,0.832,30,-77.411
19,0.832,31,-75.269
19,0.832,32,-73.29
19,0.832,33,-71.897
19,0.832,34,-73.174
19,0.832,35,-74.664
19,0.832,36,-73.297
19,0.832,37,-69.097
19,0.832,38,-77.147
19,0.832,39,-65.665
19,0.832,40,-66.105
19,0.832,41,-80.838
19,0.832,42,-69.659
19,0.832,43,-70.622
19,0.832,44,-73.769
19,0.832,45,-73.033
19,0.832,46,-71.305
19,0.832,47,-68.19
19,0.832,48,-65.886
19,0.832,49,-63.998
19,0.832,50,-61.808
19,0.832,51,-66.451
19,0.832,52,-64.522
19,0.832,53,-59.659
19,0.832,54,-61.302
19,0.832,55,-66.199
19,0.832,56,-73.573
19,0.832,57,-83.207
19,0.832,58,-88.273
19,0.832,59,-91.476
19,0.832,60,-93.759
19,0.832,61,-96.035
19,0.832,62,-99.734
19,0.832,63,-99.999
19,0.832,64,-99.997
20,0.8747,1,-86.799
20,0.8747,2,-72.981
20,0.8747,3,-45.633
20,0.8747,4,-34.349
20,0.8747,5,-43.467
20,0.8747,6,-63.344
20,0.8747,7,-36.592
20,0.8747,8,-38.994
20,0.8747,9,-48.361
20,0.8747,10,-37.168
20,0.8747,11,-47.914
20,0.8747,12,-47.691
20,0.8747,13,-50.726
20,0.8747,14,-53.441
20,0.8747,15,-56.105
20,0.8747,16,-50.903
20,0.8747,17,-53.058
20,0.8747,18,-50.259
20,0.8747,19,-47.102
20,0.8747,20,-47.45
20,0.8747,21,-55.768
20,0.8747,22,-59.901
20,0.8747,23,-62.987
20,0.8747,24,-67.038
20,0.8747,25,-66.993
20,0.8747,26,-61.93
20,0.8747,27,-58.729
20,0.8747,28,-66.256
20,0.8747,29,-71.776
20,0.8747,30,-72.531
20,0.8747,31,-75.317
20,0.8747,32,-74.276
20,0.8747,33,-69.901
20,0.8747,34,-70.545
20,0.8747,35,-73.499
20,0.8747,36,-73.003
20,0.8747,37,-75.929
20,0.8747,38,-75.876
20,0.8747,39,-62.734
20,0.8747,40,-62.642
20,0.8747,41,-76.66
20,0.8747,42,-67.704
20,0.8747,43,-68.375
20,0.8747,44,-73.819
20,0.8747,45,-70.282
20,0.8747,46,-68.953
20,0.8747,47,-69.348
20,0.8747,48,-69.443
20,0.8747,49,-65.703
20,0.8747,50,-62.815
20,0.8747,51,-67.287
20,0.8747,52,-72.896
20,0.8747,53,-71.427
20,0.8747,54,-74.418
20,0.8747,55,-77.082
20,0.8747,56,-81.071
20,0.8747,57,-89.043
20,0.8747,58,-93.053
20,0.8747,59,-98.827
20,0.8747,60,-99.473
20,0.8747,61,-99.771
20,0.8747,62,-99.948
20,0.8747,63,-99.999
20,0.8747,64,-99.999
21,0.9173,1,-87.761
21,0.9173,2,-74.858
21,0.9173,3,-45.009
21,0.9173,4,-34.92
21,0.9173,5,-45.249
21,0.9173,6,-66.78
21,0.9173,7,-35.317
21,0.9173,8,-38.34
21,0.9173,9,-50.09
21,0.9173,10,-39.32
21,0.9173,11,-50.65
21,0.9173,12,-50.763
21,0.9173,13,-56.28
21,0.9173,14,-55.545
21,0.9173,15,-60.836
21,0.9173,16,-51.302
21,0.9173,17,-55.276
21,0.9173,18,-54.527
21,0.9173,19,-48.519
21,0.9173,20,-50.178
21,0.9173,21,-62.319
21,0.9173,22,-60.952
21,0.9173,23,-63.36
21,0.9173,24,-64.697
21,0.9173,25,-67.128
21,0.9173,26,-62.237
21,0.9173,27,-60.022
21,0.9173,28,-64.424
21,0.9173,29,-75.243
21,0.9173,30,-76.759
21,0.9173,31,-76.245
21,0.9173,32,-75.51
21,0.9173,33,-71.275
21,0.9173,34,-66.564
21,0.9173,35,-69.24
21,0.9173,36,-71.606
21,0.9173,37,-72.737
21,0.9173,38,-70.785
21,0.9173,39,-56.413
21,0.9173,40,-57.203
21,0.9173,41,-71.099
21,0.9173,42,-68.907
21,0.9173,43,-71.642
21,0.9173,44,-75.828
21,0.9173,45,-75.296
21,0.9173,46,-72.864
21,0.9173,47,-67.978
21,0.9173,48,-68.991
21,0.9173,49,-68.622
21,0.9173,50,-64.503
21,0.9173,51,-71.325
21,0.9173,52,-75.039
21,0.9173,53,-76.6
21,0.9173,54,-77.392
21,0.9173,55,-83.952
21,0.9173,56,-86.997
21,0.9173,57,-88.482
21,0.9173,58,-91.991
21,0.9173,59,-93.14
21,0.9173,60,-93.944
21,0.9173,61,-95.633
21,0.9173,62,-99.324
21,0.9173,63,-99.999
21,0.9173,64,-99.996
22,0.96,1,-85.671
22,0.96,2,-77.793
22,0.96,3,-44.812
22,0.96,4,-35.051
22,0.96,5,-45.361
22,0.96,6,-70.846
22,0.96,7,-35.111
22,0.96,8,-38.323
22,0.96,9,-47.242
22,0.96,10,-37.353
22,0.96,11,-49.095
22,0.96,12,-48.534
22,0.96,13,-53.021
22,0.96,14,-56.997
22,0.96,15,-61.25
22,0.96,16,-51.928
22,0.96,17,-55.797
22,0.96,18,-54.974
22,0.96,19,-47.746
22,0.96,20,-48.346
22,0.96,21,-54.794
22,0.96,22,-57.261
22,0.96,23,-62.921
22,0.96,24,-65.612
22,0.96,25,-65.409
22,0.96,26,-62.343
22,0.96,27,-58.637
22,0.96,28,-62.284
22,0.96,29,-72.231
22,0.96,30,-72.726
22,0.96,31,-74.298
22,0.96,32,-76.121
22,0.96,33,-70.035
22,0.96,34,-62.04
22,0.96,35,-63.338
22,0.96,36,-71.968
22,0.96,37,-78.017
22,0.96,38,-72.635
22,0.96,39,-56.424
22,0.96,40,-56.759
22,0.96,41,-68.8
22,0.96,42,-63.052
22,0.96,43,-67.197
22,0.96,44,-69.213
22,0.96,45,-67.624
22,0.96,46,-73.405
22,0.96,47,-64.043
22,0.96,48,-67.125
22,0.96,49,-67.096
22,0.96,50,-65.477
22,0.96,51,-76.502
22,0.96,52,-77.907
22,0.96,53,-79.646
22,0.96,54,-78.289
22,0.96,55,-84.337
22,0.96,56,-87.836
22,0.96,57,-86.842
22,0.96,58,-88.823
22,0.96,59,-92.12
22,0.96,60,-94.68
22,0.96,61,-96.053
22,0.96,62,-99.695
22,0.96,63,-99.999
22,0.96,64,-99.998
23,1.0027,1,-72.819
23,1.0027,2,-66.207
23,1.0027,3,-46.734
23,1.0027,4,-34.569
23,1.0027,5,-42.871
23,1.0027,6,-62.84
23,1.0027,7,-34.726
23,1.0027,8,-36.779
23,1.0027,9,-52.675
23,1.0027,10,-37.264
23,1.0027,11,-45.208
23,1.0027,12,-45.736
23,1.0027,13,-48.669
23,1.0027,14,-58.715
23,1.0027,15,-61.275
23,1.0027,16,-55.751
23,1.0027,17,-57.713
23,1.0027,18,-55.855
23,1.0027,19,-53.117
23,1.0027,20,-51.887
23,1.0027,21,-46.633
23,1.0027,22,-53.387
23,1.0027,23,-57.057
23,1.0027,24,-62.718
23,1.0027,25,-61.975
23,1.0027,26,-59.028
23,1.0027,27,-55.578
23,1.0027,28,-63.79
23,1.0027,29,-70.319
23,1.0027,30,-72.776
23,1.0027,31,-70.783
23,1.0027,32,-72.736
23,1.0027,33,-72.106
23,1.0027,34,-66.129
23,1.0027,35,-68.009
23,1.0027,36,-72.274
23,1.0027,37,-73.956
23,1.0027,38,-66.242
23,1.0027,39,-61.139
23,1.0027,40,-61.696
23,1.0027,41,-67.785
23,1.0027,42,-62.568
23,1.0027,43,-66.007
23,1.0027,44,-64.365
23,1.0027,45,-67.951
23,1.0027,46,-66.167
23,1.0027,47,-61.059
23,1.0027,48,-68.696
23,1.0027,49,-67.426
23,1.0027,50,-71.759
23,1.0027,51,-74.435
23,1.0027,52,-72.185
23,1.0027,53,-72.273
23,1.0027,54,-77.043
23,1.0027,55,-81.262
23,1.0027,56,-83.63
23,1.0027,57,-86.06
23,1.0027,58,-87.519
23,1.0027,59,-89.24
23,1.0027,60,-91.043
23,1.0027,61,-89.297
23,1.0027,62,-94.383
23,1.0027,63,-99.999
23,1.0027,64,-99.965
24,1.0453,1,-84.999
24,1.0453,2,-81.15
24,1.0453,3,-43.613
24,1.0453,4,-33.461
24,1.0453,5,-43.164
24,1.0453,6,-63.028
24,1.0453,7,-34.587
24,1.0453,8,-37.236
24,1.0453,9,-51.815
24,1.0453,10,-39.047
24,1.0453,11,-48.857
24,1.0453,12,-50.895
24,1.0453,13,-54.727
24,1.0453,14,-55.18
24,1.0453,15,-59.337
24,1.0453,16,-56.147
24,1.0453,17,-59.631
24,1.0453,18,-58.651
24,1.0453,19,-61.053
24,1.0453,20,-58.918
24,1.0453,21,-53.543
24,1.0453,22,-46.663
24,1.0453,23,-50.518
24,1.0453,24,-55.166
24,1.0453,25,-55.326
24,1.0453,26,-55.976
24,1.0453,27,-60.741
24,1.0453,28,-69.448
24,1.0453,29,-74.932
24,1.0453,30,-74.257
24,1.0453,31,-75.075
24,1.0453,32,-74.38
24,1.0453,33,-72.633
24,1.0453,34,-71.182
24,1.0453,35,-74.023
24,1.0453,36,-81.27
24,1.0453,37,-77.289
24,1.0453,38,-66.778
24,1.0453,39,-62.802
24,1.0453,40,-70.12
24,1.0453,41,-67.228
24,1.0453,42,-61.477
24,1.0453,43,-66.297
24,1.0453,44,-66.275
24,1.0453,45,-65.284
24,1.0453,46,-58.272
24,1.0453,47,-59.759
24,1.0453,48,-60.694
24,1.0453,49,-59.507
24,1.0453,50,-64.345
24,1.0453,51,-65.386
24,1.0453,52,-64.949
24,1.0453,53,-68.22
24,1.0453,54,-72.867
24,1.0453,55,-71.144
24,1.0453,56,-76.338
24,1.0453,57,-80.146
24,1.0453,58,-83.842
24,1.0453,59,-90.682
24,1.0453,60,-92.53
24,1.0453,61,-95.127
24,1.0453,62,-99.75
24,1.0453,63,-99.999
24,1.0453,64,-99.997
25,1.088,1,-85.274
25,1.088,2,-75.444
25,1.088,3,-44.064
25,1.088,4,-34.356
25,1.088,5,-44.582
25,1.088,6,-65.177
25,1.088,7,-33.015
25,1.088,8,-36.229
25,1.088,9,-51.388
25,1.088,10,-41.178
25,1.088,11,-52.735
25,1.088,12,-48.257
25,1.088,13,-53.324
25,1.088,14,-52.987
25,1.088,15,-58.027
25,1.088,16,-57.96
25,1.088,17,-60.738
25,1.088,18,-59.465
25,1.088,19,-57.672
25,1.088,20,-57.142
25,1.088,21,-55.098
25,1.088,22,-49.485
25,1.088,23,-55.545
25,1.088,24,-60.935
25,1.088,25,-62.355
25,1.088,26,-64.185
25,1.088,27,-60.521
25,1.088,28,-60.112
25,1.088,29,-66.371
25,1.088,30,-71.427
25,1.088,31,-73.086
25,1.088,32,-72.615
25,1.088,33,-68.142
25,1.088,34,-63.774
25,1.088,35,-67.365
25,1.088,36,-75.927
25,1.088,37,-76.097
25,1.088,38,-64.409
25,1.088,39,-61.025
25,1.088,40,-68.945
25,1.088,41,-71.522
25,1.088,42,-67.937
25,1.088,43,-69.301
25,1.088,44,-64.348
25,1.088,45,-65.971
25,1.088,46,-59.771
25,1.088,47,-61.6
25,1.088,48,-62.967
25,1.088,49,-60.003
25,1.088,50,-60.902
25,1.088,51,-68.266
25,1.088,52,-76.504
25,1.088,53,-73.943
25,1.088,54,-73.561
25,1.088,55,-71.739
25,1.088,56,-78.472
25,1.088,57,-81.001
25,1.088,58,-86.199
25,1.088,59,-90.048
25,1.088,60,-92.73
25,1.088,61,-95.51
25,1.088,62,-99.199
25,1.088,63,-99.999
25,1.088,64,-99.997
26,1.1307,1,-85.774
26,1.1307,2,-78.194
26,1.1307,3,-46.067
26,1.1307,4,-33.987
26,1.1307,5,-42.147
26,1.1307,6,-63.14
26,1.1307,7,-34.445
26,1.1307,8,-36.128
26,1.1307,9,-56.111
26,1.1307,10,-42.332
26,1.1307,11,-50.743
26,1.1307,12,-54.191
26,1.1307,13,-55.522
26,1.1307,14,-60.363
26,1.1307,15,-60.744
26,1.1307,16,-62.46
26,1.1307,17,-64.008
26,1.1307,18,-62.107
26,1.1307,19,-61.068
26,1.1307,20,-60.429
26,1.1307,21,-59.635
26,1.1307,22,-64.325
26,1.1307,23,-61.96
26,1.1307,24,-59.359
26,1.1307,25,-59.685
26,1.1307,26,-60.656
26,1.1307,27,-57.903
26,1.1307,28,-59.803
26,1.1307,29,-68.709
26,1.1307,30,-70.439
26,1.1307,31,-74.963
26,1.1307,32,-72.076
26,1.1307,33,-70.514
26,1.1307,34,-64.432
26,1.1307,35,-67.41
26,1.1307,36,-76.645
26,1.1307,37,-74.817
26,1.1307,38,-69.248
26,1.1307,39,-66.723
26,1.1307,40,-72.713
26,1.1307,41,-77.23
26,1.1307,42,-72.031
26,1.1307,43,-74.155
26,1.1307,44,-68.155
26,1.1307,45,-72.301
26,1.1307,46,-62.386
26,1.1307,47,-62.218
26,1.1307,48,-63.639
26,1.1307,49,-60.113
26,1.1307,50,-62.776
26,1.1307,51,-68.415
26,1.1307,52,-73.275
26,1.1307,53,-75.739
26,1.1307,54,-80.018
26,1.1307,55,-76.871
26,1.1307,56,-83.167
26,1.1307,57,-82.25
26,1.1307,58,-88.422
26,1.1307,59,-92.97
26,1.1307,60,-94.725
26,1.1307,61,-95.307
26,1.1307,62,-98.822
26,1.1307,63,-99.999
26,1.1307,64,-99.995
27,1.1733,1,-87.498
27,1.1733,2,-74.834
27,1.1733,3,-45.205
27,1.1733,4,-33.295
27,1.1733,5,-40.99
27,1.1733,6,-63.9
27,1.1733,7,-41.191
27,1.1733,8,-44.271
27,1.1733,9,-59.695
27,1.1733,10,-52.817
27,1.1733,11,-65.144
27,1.1733,12,-59.523
27,1.1733,13,-63.758
27,1.1733,14,-66.602
27,1.1733,15,-68.513
27,1.1733,16,-74.256
27,1.1733,17,-74.431
27,1.1733,18,-70.096
27,1.1733,19,-66.273
27,1.1733,20,-66.877
27,1.1733,21,-69.313
27,1.1733,22,-63.72
27,1.1733,23,-64.22
27,1.1733,24,-62.968
27,1.1733,25,-66.528
27,1.1733,26,-68.358
27,1.1733,27,-67.361
27,1.1733,28,-62.636
27,1.1733,29,-64.705
27,1.1733,30,-71.857
27,1.1733,31,-67.254
27,1.1733,32,-63.673
27,1.1733,33,-54.84
27,1.1733,34,-52.175
27,1.1733,35,-54.576
27,1.1733,36,-56.048
27,1.1733,37,-55.0
27,1.1733,38,-59.547
27,1.1733,39,-60.104
27,1.1733,40,-66.925
27,1.1733,41,-66.9
27,1.1733,42,-63.528
27,1.1733,43,-61.5
27,1.1733,44,-58.595
27,1.1733,45,-58.319
27,1.1733,46,-59.216
27,1.1733,47,-63.192
27,1.1733,48,-59.866
27,1.1733,49,-57.384
27,1.1733,50,-61.123
27,1.1733,51,-66.697
27,1.1733,52,-69.47
27,1.1733,53,-74.346
27,1.1733,54,-69.937
27,1.1733,55,-72.987
27,1.1733,56,-82.721
27,1.1733,57,-88.147
27,1.1733,58,-89.87
27,1.1733,59,-94.393
27,1.1733,60,-94.992
27,1.1733,61,-96.5
27,1.1733,62,-99.276
27,1.1733,63,-99.999
27,1.1733,64,-99.996
28,1.216,1,-71.966
28,1.216,2,-75.255
28,1.216,3,-52.556
28,1.216,4,-49.36
28,1.216,5,-57.642
28,1.216,6,-60.168
28,1.216,7,-56.787
28,1.216,8,-63.889
28,1.216,9,-65.551
28,1.216,10,-54.908
28,1.216,11,-62.627
28,1.216,12,-71.008
28,1.216,13,-68.803
28,1.216,14,-64.337
28,1.216,15,-67.44
28,1.216,16,-68.35
28,1.216,17,-71.591
28,1.216,18,-68.19
28,1.216,19,-64.317
28,1.216,20,-66.159
28,1.216,21,-67.179
28,1.216,22,-66.211
28,1.216,23,-65.819
28,1.216,24,-61.721
28,1.216,25,-70.217
28,1.216,26,-70.639
28,1.216,27,-69.609
28,1.216,28,-59.61
28,1.216,29,-61.584
28,1.216,30,-71.131
28,1.216,31,-67.499
28,1.216,32,-58.573
28,1.216,33,-52.375
28,1.216,34,-48.676
28,1.216,35,-47.53
28,1.216,36,-52.414
28,1.216,37,-52.98
28,1.216,38,-48.868
28,1.216,39,-50.51
28,1.216,40,-57.099
28,1.216,41,-60.432
28,1.216,42,-53.341
28,1.216,43,-51.133
28,1.216,44,-50.103
28,1.216,45,-49.996
28,1.216,46,-48.63
28,1.216,47,-53.081
28,1.216,48,-49.741
28,1.216,49,-47.018
28,1.216,50,-49.211
28,1.216,51,-54.655
28,1.216,52,-58.916
28,1.216,53,-61.966
28,1.216,54,-69.624
28,1.216,55,-67.462
28,1.216,56,-67.455
28,1.216,57,-75.201
28,1.216,58,-81.611
28,1.216,59,-86.885
28,1.216,60,-89.746
28,1.216,61,-93.985
28,1.216,62,-99.701
28,1.216,63,-99.999
28,1.216,64,-99.997
29,1.2587,1,-82.525
29,1.2587,2,-77.904
29,1.2587,3,-60.729
29,1.2587,4,-48.362
29,1.2587,5,-55.311
29,1.2587,6,-64.601
29,1.2587,7,-59.646
29,1.2587,8,-62.673
29,1.2587,9,-69.782
29,1.2587,10,-64.523
29,1.2587,11,-69.968
29,1.2587,12,-60.102
29,1.2587,13,-62.015
29,1.2587,14,-77.475
29,1.2587,15,-81.809
29,1.2587,16,-75.735
29,1.2587,17,-78.345
29,1.2587,18,-76.854
29,1.2587,19,-63.283
29,1.2587,20,-63.393
29,1.2587,21,-67.665
29,1.2587,22,-67.673
29,1.2587,23,-69.306
29,1.2587,24,-69.218
29,1.2587,25,-70.887
29,1.2587,26,-70.125
29,1.2587,27,-70.588
29,1.2587,28,-58.913
29,1.2587,29,-61.242
29,1.2587,30,-66.139
29,1.2587,31,-65.765
29,1.2587,32,-57.25
29,1.2587,33,-53.038
29,1.2587,34,-48.751
29,1.2587,35,-49.98
29,1.2587,36,-56.086
29,1.2587,37,-51.281
29,1.2587,38,-53.423
29,1.2587,39,-57.863
29,1.2587,40,-62.186
29,1.2587,41,-62.496
29,1.2587,42,-55.613
29,1.2587,43,-54.568
29,1.2587,44,-50.015
29,1.2587,45,-49.903
29,1.2587,46,-51.042
29,1.2587,47,-47.18
29,1.2587,48,-51.427
29,1.2587,49,-51.705
29,1.2587,50,-49.575
29,1.2587,51,-54.009
29,1.2587,52,-59.723
29,1.2587,53,-64.445
29,1.2587,54,-68.328
29,1.2587,55,-65.976
29,1.2587,56,-70.193
29,1.2587,57,-76.693
29,1.2587,58,-85.38
29,1.2587,59,-89.929
29,1.2587,60,-91.291
29,1.2587,61,-96.097
29,1.2587,62,-99.78
29,1.2587,63,-100.0
29,1.2587,64,-99.999
30,1.3013,1,-70.288
30,1.3013,2,-75.688
30,1.3013,3,-61.894
30,1.3013,4,-45.63
30,1.3013,5,-48.031
30,1.3013,6,-63.36
30,1.3013,7,-55.252
30,1.3013,8,-54.868
30,1.3013,9,-66.289
30,1.3013,10,-61.151
30,1.3013,11,-68.538
30,1.3013,12,-62.403
30,1.3013,13,-64.002
30,1.3013,14,-70.38
30,1.3013,15,-74.091
30,1.3013,16,-71.544
30,1.3013,17,-74.451
30,1.3013,18,-71.844
30,1.3013,19,-72.615
30,1.3013,20,-68.686
30,1.3013,21,-67.547
30,1.3013,22,-61.66
30,1.3013,23,-56.268
30,1.3013,24,-57.687
30,1.3013,25,-61.045
30,1.3013,26,-60.569
30,1.3013,27,-57.484
30,1.3013,28,-50.436
30,1.3013,29,-53.129
30,1.3013,30,-64.866
30,1.3013,31,-57.445
30,1.3013,32,-50.838
30,1.3013,33,-53.989
30,1.3013,34,-56.322
30,1.3013,35,-57.053
30,1.3013,36,-58.945
30,1.3013,37,-58.096
30,1.3013,38,-59.897
30,1.3013,39,-61.291
30,1.3013,40,-64.302
30,1.3013,41,-65.115
30,1.3013,42,-62.474
30,1.3013,43,-58.443
30,1.3013,44,-51.915
30,1.3013,45,-52.166
30,1.3013,46,-55.751
30,1.3013,47,-57.876
30,1.3013,48,-61.249
30,1.3013,49,-58.434
30,1.3013,50,-60.086
30,1.3013,51,-62.745
30,1.3013,52,-66.443
30,1.3013,53,-69.28
30,1.3013,54,-72.086
30,1.3013,55,-74.607
30,1.3013,56,-77.883
30,1.3013,57,-81.891
30,1.3013,58,-83.436
30,1.3013,59,-83.979
30,1.3013,60,-91.816
30,1.3013,61,-99.999
30,1.3013,62,-99.999
30,1.3013,63,-100.0
30,1.3013,64,-100.0
31,1.344,1,-86.475
31,1.344,2,-75.445
31,1.344,3,-41.527
31,1.344,4,-32.177
31,1.344,5,-42.753
31,1.344,6,-63.483
31,1.344,7,-39.318
31,1.344,8,-42.42
31,1.344,9,-54.647
31,1.344,10,-42.142
31,1.344,11,-49.729
31,1.344,12,-45.97
31,1.344,13,-51.5
31,1.344,14,-52.158
31,1.344,15,-57.118
31,1.344,16,-53.813
31,1.344,17,-60.829
31,1.344,18,-65.078
31,1.344,19,-59.535
31,1.344,20,-51.636
31,1.344,21,-50.551
31,1.344,22,-52.125
31,1.344,23,-55.81
31,1.344,24,-59.249
31,1.344,25,-56.92
31,1.344,26,-56.364
31,1.344,27,-63.909
31,1.344,28,-74.93
31,1.344,29,-74.751
31,1.344,30,-72.442
31,1.344,31,-67.957
31,1.344,32,-67.763
31,1.344,33,-67.319
31,1.344,34,-71.549
31,1.344,35,-70.02
31,1.344,36,-71.948
31,1.344,37,-73.782
31,1.344,38,-74.857
31,1.344,39,-70.946
31,1.344,40,-74.304
31,1.344,41,-68.211
31,1.344,42,-64.572
31,1.344,43,-69.411
31,1.344,44,-67.722
31,1.344,45,-71.007
31,1.344,46,-71.085
31,1.344,47,-66.735
31,1.344,48,-59.959
31,1.344,49,-62.411
31,1.344,50,-67.915
31,1.344,51,-70.533
31,1.344,52,-69.821
31,1.344,53,-68.777
31,1.344,54,-66.22
31,1.344,55,-66.237
31,1.344,56,-74.777
31,1.344,57,-82.218
31,1.344,58,-83.196
31,1.344,59,-88.729
31,1.344,60,-93.089
31,1.344,61,-97.569
31,1.344,62,-99.895
31,1.344,63,-99.999
31,1.344,64,-99.998
32,1.3867,1,-82.783
32,1.3867,2,-76.582
32,1.3867,3,-41.994
32,1.3867,4,-33.377
32,1.3867,5,-45.156
32,1.3867,6,-59.999
32,1.3867,7,-38.328
32,1.3867,8,-43.097
32,1.3867,9,-54.18
32,1.3867,10,-47.962
32,1.3867,11,-58.042
32,1.3867,12,-43.107
32,1.3867,13,-50.871
32,1.3867,14,-46.666
32,1.3867,15,-52.407
32,1.3867,16,-44.969
32,1.3867,17,-51.111
32,1.3867,18,-53.342
32,1.3867,19,-55.535
32,1.3867,20,-53.615
32,1.3867,21,-54.108
32,1.3867,22,-57.722
32,1.3867,23,-58.755
32,1.3867,24,-63.51
32,1.3867,25,-63.618
32,1.3867,26,-63.697
32,1.3867,27,-63.636
32,1.3867,28,-65.021
32,1.3867,29,-76.734
32,1.3867,30,-82.126
32,1.3867,31,-77.797
32,1.3867,32,-63.07
32,1.3867,33,-66.681
32,1.3867,34,-73.403
32,1.3867,35,-68.514
32,1.3867,36,-75.013
32,1.3867,37,-81.076
32,1.3867,38,-78.96
32,1.3867,39,-71.666
32,1.3867,40,-74.306
32,1.3867,41,-71.599
32,1.3867,42,-62.817
32,1.3867,43,-66.267
32,1.3867,44,-76.471
32,1.3867,45,-72.668
32,1.3867,46,-72.553
32,1.3867,47,-74.669
32,1.3867,48,-69.344
32,1.3867,49,-61.609
32,1.3867,50,-65.054
32,1.3867,51,-71.003
32,1.3867,52,-73.574
32,1.3867,53,-66.864
32,1.3867,54,-66.745
32,1.3867,55,-71.437
32,1.3867,56,-78.244
32,1.3867,57,-81.317
32,1.3867,58,-87.11
32,1.3867,59,-89.129
32,1.3867,60,-91.249
32,1.3867,61,-94.915
32,1.3867,62,-99.002
32,1.3867,63,-99.999
32,1.3867,64,-99.996
33,1.4293,1,-74.424
33,1.4293,2,-80.446
33,1.4293,3,-41.912
33,1.4293,4,-31.329
33,1.4293,5,-40.005
33,1.4293,6,-56.546
33,1.4293,7,-39.582
33,1.4293,8,-43.052
33,1.4293,9,-63.712
33,1.4293,10,-54.835
33,1.4293,11,-64.693
33,1.4293,12,-63.693
33,1.4293,13,-65.079
33,1.4293,14,-53.875
33,1.4293,15,-57.597
33,1.4293,16,-69.053
33,1.4293,17,-71.278
33,1.4293,18,-68.957
33,1.4293,19,-60.258
33,1.4293,20,-60.47
33,1.4293,21,-71.033
33,1.4293,22,-61.855
33,1.4293,23,-65.18
33,1.4293,24,-68.323
33,1.4293,25,-70.105
33,1.4293,26,-63.459
33,1.4293,27,-60.412
33,1.4293,28,-62.069
33,1.4293,29,-68.247
33,1.4293,30,-75.626
33,1.4293,31,-85.467
33,1.4293,32,-82.747
33,1.4293,33,-79.6
33,1.4293,34,-78.601
33,1.4293,35,-73.764
33,1.4293,36,-76.633
33,1.4293,37,-81.275
33,1.4293,38,-81.721
33,1.4293,39,-78.449
33,1.4293,40,-75.727
33,1.4293,41,-77.476
33,1.4293,42,-69.329
33,1.4293,43,-74.433
33,1.4293,44,-73.847
33,1.4293,45,-80.75
33,1.4293,46,-77.757
33,1.4293,47,-77.129
33,1.4293,48,-76.111
33,1.4293,49,-69.73
33,1.4293,50,-74.1
33,1.4293,51,-78.51
33,1.4293,52,-87.362
33,1.4293,53,-81.161
33,1.4293,54,-78.166
33,1.4293,55,-86.722
33,1.4293,56,-90.031
33,1.4293,57,-90.694
33,1.4293,58,-92.483
33,1.4293,59,-94.173
33,1.4293,60,-95.057
33,1.4293,61,-96.747
33,1.4293,62,-99.252
33,1.4293,63,-99.999
33,1.4293,64,-99.996
34,1.472,1,-76.569
34,1.472,2,-84.118
34,1.472,3,-42.9
34,1.472,4,-31.283
34,1.472,5,-39.866
34,1.472,6,-63.471
34,1.472,7,-44.53
34,1.472,8,-46.552
34,1.472,9,-71.683
34,1.472,10,-64.725
34,1.472,11,-69.521
34,1.472,12,-65.519
34,1.472,13,-68.839
34,1.472,14,-56.636
34,1.472,15,-58.5
34,1.472,16,-68.478
34,1.472,17,-69.971
34,1.472,18,-69.484
34,1.472,19,-64.116
34,1.472,20,-63.374
34,1.472,21,-73.419
34,1.472,22,-68.122
34,1.472,23,-67.438
34,1.472,24,-71.626
34,1.472,25,-71.872
34,1.472,26,-65.981
34,1.472,27,-63.574
34,1.472,28,-65.898
34,1.472,29,-77.403
34,1.472,30,-84.211
34,1.472,31,-86.226
34,1.472,32,-78.835
34,1.472,33,-76.232
34,1.472,34,-75.663
34,1.472,35,-74.326
34,1.472,36,-78.901
34,1.472,37,-80.666
34,1.472,38,-80.736
34,1.472,39,-73.93
34,1.472,40,-76.955
34,1.472,41,-79.964
34,1.472,42,-73.778
34,1.472,43,-76.453
34,1.472,44,-77.265
34,1.472,45,-80.655
34,1.472,46,-77.112
34,1.472,47,-80.056
34,1.472,48,-73.787
34,1.472,49,-75.047
34,1.472,50,-74.368
34,1.472,51,-79.941
34,1.472,52,-82.034
34,1.472,53,-75.354
34,1.472,54,-73.121
34,1.472,55,-84.056
34,1.472,56,-88.181
34,1.472,57,-92.423
34,1.472,58,-91.482
34,1.472,59,-92.873
34,1.472,60,-94.458
34,1.472,61,-97.621
34,1.472,62,-99.651
34,1.472,63,-99.999
34,1.472,64,-99.998
35,1.5147,1,-69.146
35,1.5147,2,-76.955
35,1.5147,3,-44.306
35,1.5147,4,-35.643
35,1.5147,5,-45.22
35,1.5147,6,-61.498
35,1.5147,7,-46.844
35,1.5147,8,-53.858
35,1.5147,9,-72.696
35,1.5147,10,-67.116
35,1.5147,11,-71.588
35,1.5147,12,-65.831
35,1.5147,13,-66.924
35,1.5147,14,-64.658
35,1.5147,15,-67.396
35,1.5147,16,-69.806
35,1.5147,17,-73.234
35,1.5147,18,-74.217
35,1.5147,19,-69.524
35,1.5147,20,-70.473
35,1.5147,21,-72.431
35,1.5147,22,-72.86
35,1.5147,23,-71.156
35,1.5147,24,-76.323
35,1.5147,25,-75.756
35,1.5147,26,-74.002
35,1.5147,27,-67.007
35,1.5147,28,-71.051
35,1.5147,29,-79.265
35,1.5147,30,-80.182
35,1.5147,31,-82.562
35,1.5147,32,-79.436
35,1.5147,33,-76.815
35,1.5147,34,-73.486
35,1.5147,35,-69.981
35,1.5147,36,-67.935
35,1.5147,37,-69.381
35,1.5147,38,-75.835
35,1.5147,39,-74.577
35,1.5147,40,-75.89
35,1.5147,41,-80.008
35,1.5147,42,-79.27
35,1.5147,43,-78.445
35,1.5147,44,-79.334
35,1.5147,45,-78.986
35,1.5147,46,-78.301
35,1.5147,47,-77.044
35,1.5147,48,-72.665
35,1.5147,49,-73.912
35,1.5147,50,-77.711
35,1.5147,51,-80.548
35,1.5147,52,-81.423
35,1.5147,53,-79.5
35,1.5147,54,-75.759
35,1.5147,55,-82.605
35,1.5147,56,-86.335
35,1.5147,57,-91.324
35,1.5147,58,-92.619
35,1.5147,59,-94.444
35,1.5147,60,-93.78
35,1.5147,61,-96.697
35,1.5147,62,-99.874
35,1.5147,63,-100.0
35,1.5147,64,-99.999
36,1.5573,1,-79.799
36,1.5573,2,-75.307
36,1.5573,3,-60.468
36,1.5573,4,-54.505
36,1.5573,5,-59.729
36,1.5573,6,-55.466
36,1.5573,7,-57.902
36,1.5573,8,-59.529
36,1.5573,9,-62.026
36,1.5573,10,-66.17
36,1.5573,11,-61.833
36,1.5573,12,-66.636
36,1.5573,13,-68.615
36,1.5573,14,-68.947
36,1.5573,15,-72.679
36,1.5573,16,-63.212
36,1.5573,17,-63.719
36,1.5573,18,-64.782
36,1.5573,19,-62.58
36,1.5573,20,-58.855
36,1.5573,21,-60.212
36,1.5573,22,-60.84
36,1.5573,23,-64.319
36,1.5573,24,-67.205
36,1.5573,25,-62.964
36,1.5573,26,-62.636
36,1.5573,27,-66.173
36,1.5573,28,-67.797
36,1.5573,29,-60.956
36,1.5573,30,-61.36
36,1.5573,31,-65.389
36,1.5573,32,-66.024
36,1.5573,33,-71.495
36,1.5573,34,-70.006
36,1.5573,35,-69.35
36,1.5573,36,-66.331
36,1.5573,37,-68.344
36,1.5573,38,-69.864
36,1.5573,39,-71.411
36,1.5573,40,-71.759
36,1.5573,41,-72.691
36,1.5573,42,-59.742
36,1.5573,43,-63.902
36,1.5573,44,-65.41
36,1.5573,45,-64.077
36,1.5573,46,-66.919
36,1.5573,47,-66.301
36,1.5573,48,-63.444
36,1.5573,49,-65.152
36,1.5573,50,-65.931
36,1.5573,51,-70.166
36,1.5573,52,-72.126
36,1.5573,53,-68.603
36,1.5573,54,-71.018
36,1.5573,55,-75.085
36,1.5573,56,-76.929
36,1.5573,57,-78.654
36,1.5573,58,-81.89
36,1.5573,59,-84.7
36,1.5573,60,-87.128
36,1.5573,61,-92.034
36,1.5573,62,-97.141
36,1.5573,63,-100.0
36,1.5573,64,-99.989
37,1.6,1,-69.521
37,1.6,2,-42.836
37,1.6,3,-32.317
37,1.6,4,-37.101
37,1.6,5,-49.302
37,1.6,6,-52.988
37,1.6,7,-58.748
37,1.6,8,-57.206
37,1.6,9,-60.641
37,1.6,10,-51.29
37,1.6,11,-55.474
37,1.6,12,-52.071
37,1.6,13,-60.889
37,1.6,14,-56.675
37,1.6,15,-54.489
37,1.6,16,-58.499
37,1.6,17,-59.642
37,1.6,18,-63.124
37,1.6,19,-57.202
37,1.6,20,-55.422
37,1.6,21,-63.234
37,1.6,22,-61.171
37,1.6,23,-63.532
37,1.6,24,-66.943
37,1.6,25,-64.021
37,1.6,26,-66.767
37,1.6,27,-69.296
37,1.6,28,-71.381
37,1.6,29,-72.406
37,1.6,30,-72.628
37,1.6,31,-74.568
37,1.6,32,-71.199
37,1.6,33,-69.81
37,1.6,34,-69.652
37,1.6,35,-72.11
37,1.6,36,-69.67
37,1.6,37,-72.591
37,1.6,38,-72.576
37,1.6,39,-70.458
37,1.6,40,-67.953
37,1.6,41,-67.371
37,1.6,42,-67.101
37,1.6,43,-68.424
37,1.6,44,-68.861
37,1.6,45,-67.532
37,1.6,46,-65.053
37,1.6,47,-63.995
37,1.6,48,-61.805
37,1.6,49,-64.173
37,1.6,50,-67.464
37,1.6,51,-69.723
37,1.6,52,-71.287
37,1.6,53,-70.11
37,1.6,54,-70.536
37,1.6,55,-75.159
37,1.6,56,-74.528
37,1.6,57,-77.73
37,1.6,58,-82.316
37,1.6,59,-87.686
37,1.6,60,-90.382
37,1.6,61,-93.38
37,1.6,62,-99.856
37,1.6,63,-99.999
37,1.6,64,-99.997
38,1.6427,1,-63.181
38,1.6427,2,-40.622
38,1.6427,3,-27.137
38,1.6427,4,-33.795
38,1.6427,5,-30.904
38,1.6427,6,-37.88
38,1.6427,7,-51.092
38,1.6427,8,-41.15
38,1.6427,9,-36.349
38,1.6427,10,-45.25
38,1.6427,11,-55.652
38,1.6427,12,-43.09
38,1.6427,13,-48.03
38,1.6427,14,-47.919
38,1.6427,15,-48.035
38,1.6427,16,-59.261
38,1.6427,17,-60.697
38,1.6427,18,-63.917
38,1.6427,19,-63.048
38,1.6427,20,-63.728
38,1.6427,21,-68.196
38,1.6427,22,-71.535
38,1.6427,23,-74.1
38,1.6427,24,-73.475
38,1.6427,25,-75.068
38,1.6427,26,-79.273
38,1.6427,27,-72.277
38,1.6427,28,-73.665
38,1.6427,29,-75.624
38,1.6427,30,-76.371
38,1.6427,31,-76.047
38,1.6427,32,-76.063
38,1.6427,33,-77.076
38,1.6427,34,-74.98
38,1.6427,35,-77.125
38,1.6427,36,-78.947
38,1.6427,37,-77.466
38,1.6427,38,-72.173
38,1.6427,39,-73.463
38,1.6427,40,-73.541
38,1.6427,41,-73.351
38,1.6427,42,-74.938
38,1.6427,43,-67.194
38,1.6427,44,-64.37
38,1.6427,45,-64.976
38,1.6427,46,-61.303
38,1.6427,47,-51.855
38,1.6427,48,-50.535
38,1.6427,49,-63.319
38,1.6427,50,-66.232
38,1.6427,51,-64.868
38,1.6427,52,-67.676
38,1.6427,53,-64.54
38,1.6427,54,-65.254
38,1.6427,55,-74.721
38,1.6427,56,-80.133
38,1.6427,57,-80.5
38,1.6427,58,-81.891
38,1.6427,59,-88.907
38,1.6427,60,-92.254
38,1.6427,61,-93.926
38,1.6427,62,-98.785
38,1.6427,63,-99.997
38,1.6427,64,-99.99
39,1.6853,1,-60.068
39,1.6853,2,-40.666
39,1.6853,3,-27.231
39,1.6853,4,-34.242
39,1.6853,5,-32.911
39,1.6853,6,-38.58
39,1.6853,7,-55.141
39,1.6853,8,-44.088
39,1.6853,9,-35.274
39,1.6853,10,-44.633
39,1.6853,11,-53.59
39,1.6853,12,-39.29
39,1.6853,13,-43.078
39,1.6853,14,-53.325
39,1.6853,15,-44.677
39,1.6853,16,-60.915
39,1.6853,17,-63.05
39,1.6853,18,-67.045
39,1.6853,19,-68.99
39,1.6853,20,-68.659
39,1.6853,21,-68.781
39,1.6853,22,-72.143
39,1.6853,23,-70.046
39,1.6853,24,-78.645
39,1.6853,25,-78.91
39,1.6853,26,-74.213
39,1.6853,27,-69.811
39,1.6853,28,-71.4
39,1.6853,29,-73.398
39,1.6853,30,-79.125
39,1.6853,31,-80.439
39,1.6853,32,-80.164
39,1.6853,33,-75.64
39,1.6853,34,-71.837
39,1.6853,35,-80.321
39,1.6853,36,-81.637
39,1.6853,37,-76.663
39,1.6853,38,-71.098
39,1.6853,39,-73.941
39,1.6853,40,-78.496
39,1.6853,41,-75.483
39,1.6853,42,-71.752
39,1.6853,43,-65.172
39,1.6853,44,-63.344
39,1.6853,45,-64.154
39,1.6853,46,-61.407
39,1.6853,47,-58.908
39,1.6853,48,-58.295
39,1.6853,49,-67.371
39,1.6853,50,-71.394
39,1.6853,51,-68.117
39,1.6853,52,-71.124
39,1.6853,53,-71.888
39,1.6853,54,-73.626
39,1.6853,55,-82.739
39,1.6853,56,-84.673
39,1.6853,57,-84.897
39,1.6853,58,-83.331
39,1.6853,59,-92.54
39,1.6853,60,-93.765
39,1.6853,61,-93.511
39,1.6853,62,-99.44
39,1.6853,63,-99.998
39,1.6853,64,-99.992
40,1.728,1,-67.507
40,1.728,2,-41.022
40,1.728,3,-27.77
40,1.728,4,-35.334
40,1.728,5,-32.171
40,1.728,6,-32.667
40,1.728,7,-55.587
40,1.728,8,-55.855
40,1.728,9,-37.776
40,1.728,10,-35.21
40,1.728,11,-52.851
40,1.728,12,-41.729
40,1.728,13,-37.313
40,1.728,14,-54.514
40,1.728,15,-50.685
40,1.728,16,-48.453
40,1.728,17,-62.947
40,1.728,18,-60.407
40,1.728,19,-67.51
40,1.728,20,-67.595
40,1.728,21,-71.62
40,1.728,22,-67.68
40,1.728,23,-70.59
40,1.728,24,-68.851
40,1.728,25,-75.035
40,1.728,26,-73.266
40,1.728,27,-68.821
40,1.728,28,-64.032
40,1.728,29,-66.098
40,1.728,30,-79.501
40,1.728,31,-78.444
40,1.728,32,-76.196
40,1.728,33,-72.114
40,1.728,34,-70.395
40,1.728,35,-79.41
40,1.728,36,-78.769
40,1.728,37,-77.811
40,1.728,38,-68.374
40,1.728,39,-71.557
40,1.728,40,-76.284
40,1.728,41,-80.421
40,1.728,42,-70.883
40,1.728,43,-63.28
40,1.728,44,-63.546
40,1.728,45,-64.005
40,1.728,46,-61.155
40,1.728,47,-55.201
40,1.728,48,-54.421
40,1.728,49,-63.712
40,1.728,50,-68.467
40,1.728,51,-64.533
40,1.728,52,-66.829
40,1.728,53,-67.795
40,1.728,54,-71.143
40,1.728,55,-83.566
40,1.728,56,-86.753
40,1.728,57,-85.726
40,1.728,58,-84.033
40,1.728,59,-91.382
40,1.728,60,-92.165
40,1.728,61,-95.879
40,1.728,62,-99.978
40,1.728,63,-99.997
40,1.728,64,-99.996
41,1.7707,1,-64.602
41,1.7707,2,-41.764
41,1.7707,3,-28.379
41,1.7707,4,-35.442
41,1.7707,5,-35.262
41,1.7707,6,-29.418
41,1.7707,7,-44.558
41,1.7707,8,-58.71
41,1.7707,9,-47.422
41,1.7707,10,-34.467
41,1.7707,11,-43.572
41,1.7707,12,-53.641
41,1.7707,13,-36.649
41,1.7707,14,-39.44
41,1.7707,15,-60.49
41,1.7707,16,-49.372
41,1.7707,17,-52.441
41,1.7707,18,-68.105
41,1.7707,19,-62.229
41,1.7707,20,-77.071
41,1.7707,21,-65.532
41,1.7707,22,-75.226
41,1.7707,23,-66.689
41,1.7707,24,-73.909
41,1.7707,25,-70.535
41,1.7707,26,-71.002
41,1.7707,27,-70.845
41,1.7707,28,-67.188
41,1.7707,29,-65.35
41,1.7707,30,-70.087
41,1.7707,31,-72.441
41,1.7707,32,-72.43
41,1.7707,33,-70.721
41,1.7707,34,-71.643
41,1.7707,35,-73.22
41,1.7707,36,-70.708
41,1.7707,37,-77.28
41,1.7707,38,-62.436
41,1.7707,39,-66.679
41,1.7707,40,-72.731
41,1.7707,41,-75.499
41,1.7707,42,-74.641
41,1.7707,43,-65.103
41,1.7707,44,-64.142
41,1.7707,45,-66.965
41,1.7707,46,-62.335
41,1.7707,47,-55.553
41,1.7707,48,-51.673
41,1.7707,49,-61.119
41,1.7707,50,-62.229
41,1.7707,51,-58.539
41,1.7707,52,-61.838
41,1.7707,53,-67.924
41,1.7707,54,-66.749
41,1.7707,55,-77.205
41,1.7707,56,-83.066
41,1.7707,57,-83.831
41,1.7707,58,-85.68
41,1.7707,59,-90.045
41,1.7707,60,-93.152
41,1.7707,61,-94.247
41,1.7707,62,-98.53
41,1.7707,63,-99.997
41,1.7707,64,-99.989
42,1.8133,1,-62.004
42,1.8133,2,-42.294
42,1.8133,3,-28.975
42,1.8133,4,-35.904
42,1.8133,5,-35.359
42,1.8133,6,-31.586
42,1.8133,7,-52.16
42,1.8133,8,-58.939
42,1.8133,9,-42.445
42,1.8133,10,-33.654
42,1.8133,11,-46.327
42,1.8133,12,-52.356
42,1.8133,13,-37.701
42,1.8133,14,-45.708
42,1.8133,15,-60.515
42,1.8133,16,-46.042
42,1.8133,17,-53.481
42,1.8133,18,-62.408
42,1.8133,19,-61.871
42,1.8133,20,-70.345
42,1.8133,21,-65.98
42,1.8133,22,-70.618
42,1.8133,23,-67.517
42,1.8133,24,-70.615
42,1.8133,25,-71.681
42,1.8133,26,-71.872
42,1.8133,27,-70.144
42,1.8133,28,-64.514
42,1.8133,29,-57.354
42,1.8133,30,-76.06
42,1.8133,31,-76.154
42,1.8133,32,-73.668
42,1.8133,33,-68.157
42,1.8133,34,-69.139
42,1.8133,35,-74.001
42,1.8133,36,-75.526
42,1.8133,37,-71.884
42,1.8133,38,-63.387
42,1.8133,39,-67.788
42,1.8133,40,-72.163
42,1.8133,41,-77.989
42,1.8133,42,-70.924
42,1.8133,43,-64.697
42,1.8133,44,-65.986
42,1.8133,45,-68.86
42,1.8133,46,-67.163
42,1.8133,47,-57.472
42,1.8133,48,-53.083
42,1.8133,49,-61.218
42,1.8133,50,-62.533
42,1.8133,51,-59.191
42,1.8133,52,-62.189
42,1.8133,53,-67.799
42,1.8133,54,-64.181
42,1.8133,55,-75.915
42,1.8133,56,-82.794
42,1.8133,57,-80.093
42,1.8133,58,-87.095
42,1.8133,59,-92.382
42,1.8133,60,-91.669
42,1.8133,61,-92.648
42,1.8133,62,-98.706
42,1.8133,63,-99.998
42,1.8133,64,-99.99
43,1.856,1,-60.708
43,1.856,2,-43.181
43,1.856,3,-29.833
43,1.856,4,-37.004
43,1.856,5,-36.03
43,1.856,6,-31.309
43,1.856,7,-47.744
43,1.856,8,-61.724
43,1.856,9,-48.002
43,1.856,10,-35.487
43,1.856,11,-45.395
43,1.856,12,-58.17
43,1.856,13,-35.512
43,1.856,14,-40.767
43,1.856,15,-68.877
43,1.856,16,-50.58
43,1.856,17,-54.93
43,1.856,18,-67.93
43,1.856,19,-64.433
43,1.856,20,-71.964
43,1.856,21,-65.092
43,1.856,22,-75.38
43,1.856,23,-68.346
43,1.856,24,-74.371
43,1.856,25,-72.952
43,1.856,26,-77.75
43,1.856,27,-75.973
43,1.856,28,-72.962
43,1.856,29,-59.405
43,1.856,30,-68.776
43,1.856,31,-77.372
43,1.856,32,-76.912
43,1.856,33,-74.2
43,1.856,34,-72.975
43,1.856,35,-76.529
43,1.856,36,-75.028
43,1.856,37,-76.69
43,1.856,38,-63.936
43,1.856,39,-69.468
43,1.856,40,-80.493
43,1.856,41,-82.943
43,1.856,42,-78.058
43,1.856,43,-70.006
43,1.856,44,-66.689
43,1.856,45,-67.119
43,1.856,46,-63.919
43,1.856,47,-58.886
43,1.856,48,-55.896
43,1.856,49,-64.146
43,1.856,50,-66.282
43,1.856,51,-64.137
43,1.856,52,-63.921
43,1.856,53,-65.672
43,1.856,54,-70.028
43,1.856,55,-74.322
43,1.856,56,-85.248
43,1.856,57,-80.471
43,1.856,58,-84.447
43,1.856,59,-93.703
43,1.856,60,-95.585
43,1.856,61,-96.895
43,1.856,62,-99.403
43,1.856,63,-99.998
43,1.856,64,-99.995
44,1.8987,1,-61.9
44,1.8987,2,-43.742
44,1.8987,3,-30.436
44,1.8987,4,-37.718
44,1.8987,5,-34.716
44,1.8987,6,-35.146
44,1.8987,7,-56.489
44,1.8987,8,-60.197
44,1.8987,9,-45.739
44,1.8987,10,-45.181
44,1.8987,11,-54.75
44,1.8987,12,-43.375
44,1.8987,13,-36.432
44,1.8987,14,-47.606
44,1.8987,15,-58.46
44,1.8987,16,-56.056
44,1.8987,17,-67.197
44,1.8987,18,-64.694
44,1.8987,19,-70.516
44,1.8987,20,-67.073
44,1.8987,21,-70.563
44,1.8987,22,-74.861
44,1.8987,23,-76.748
44,1.8987,24,-73.988
44,1.8987,25,-78.218
44,1.8987,26,-81.217
44,1.8987,27,-79.075
44,1.8987,28,-79.163
44,1.8987,29,-72.908
44,1.8987,30,-73.184
44,1.8987,31,-76.438
44,1.8987,32,-73.161
44,1.8987,33,-67.736
44,1.8987,34,-66.251
44,1.8987,35,-72.751
44,1.8987,36,-70.869
44,1.8987,37,-70.55
44,1.8987,38,-69.804
44,1.8987,39,-69.989
44,1.8987,40,-75.553
44,1.8987,41,-81.031
44,1.8987,42,-77.299
44,1.8987,43,-65.468
44,1.8987,44,-63.635
44,1.8987,45,-63.93
44,1.8987,46,-60.164
44,1.8987,47,-54.38
44,1.8987,48,-51.066
44,1.8987,49,-55.48
44,1.8987,50,-61.811
44,1.8987,51,-58.07
44,1.8987,52,-59.384
44,1.8987,53,-60.283
44,1.8987,54,-63.407
44,1.8987,55,-68.179
44,1.8987,56,-78.342
44,1.8987,57,-78.27
44,1.8987,58,-78.824
44,1.8987,59,-88.101
44,1.8987,60,-90.324
44,1.8987,61,-92.972
44,1.8987,62,-97.053
44,1.8987,63,-99.998
44,1.8987,64,-99.988
45,1.9413,1,-65.583
45,1.9413,2,-44.392
45,1.9413,3,-31.047
45,1.9413,4,-38.0
45,1.9413,5,-33.234
45,1.9413,6,-39.198
45,1.9413,7,-60.406
45,1.9413,8,-46.503
45,1.9413,9,-33.84
45,1.9413,10,-41.38
45,1.9413,11,-56.647
45,1.9413,12,-40.302
45,1.9413,13,-43.102
45,1.9413,14,-49.395
45,1.9413,15,-39.907
45,1.9413,16,-54.428
45,1.9413,17,-63.127
45,1.9413,18,-65.898
45,1.9413,19,-68.337
45,1.9413,20,-68.25
45,1.9413,21,-76.776
45,1.9413,22,-74.67
45,1.9413,23,-69.547
45,1.9413,24,-74.733
45,1.9413,25,-73.862
45,1.9413,26,-73.978
45,1.9413,27,-70.993
45,1.9413,28,-69.49
45,1.9413,29,-69.248
45,1.9413,30,-74.518
45,1.9413,31,-73.559
45,1.9413,32,-67.526
45,1.9413,33,-68.242
45,1.9413,34,-76.356
45,1.9413,35,-80.938
45,1.9413,36,-81.139
45,1.9413,37,-81.216
45,1.9413,38,-82.066
45,1.9413,39,-75.699
45,1.9413,40,-63.135
45,1.9413,41,-63.976
45,1.9413,42,-80.543
45,1.9413,43,-75.311
45,1.9413,44,-73.48
45,1.9413,45,-69.534
45,1.9413,46,-66.32
45,1.9413,47,-53.768
45,1.9413,48,-50.621
45,1.9413,49,-61.377
45,1.9413,50,-62.846
45,1.9413,51,-58.739
45,1.9413,52,-60.925
45,1.9413,53,-63.031
45,1.9413,54,-63.414
45,1.9413,55,-67.329
45,1.9413,56,-76.652
45,1.9413,57,-81.302
45,1.9413,58,-85.154
45,1.9413,59,-87.783
45,1.9413,60,-92.541
45,1.9413,61,-94.28
45,1.9413,62,-97.68
45,1.9413,63,-99.998
45,1.9413,64,-99.99
46,1.984,1,-59.57
46,1.984,2,-45.11
46,1.984,3,-31.841
46,1.984,4,-38.899
46,1.984,5,-37.62
46,1.984,6,-42.419
46,1.984,7,-60.009
46,1.984,8,-43.898
46,1.984,9,-36.554
46,1.984,10,-50.813
46,1.984,11,-63.968
46,1.984,12,-39.015
46,1.984,13,-44.645
46,1.984,14,-38.179
46,1.984,15,-31.893
46,1.984,16,-56.385
46,1.984,17,-47.992
46,1.984,18,-55.622
46,1.984,19,-57.176
46,1.984,20,-60.223
46,1.984,21,-61.793
46,1.984,22,-67.923
46,1.984,23,-68.241
46,1.984,24,-66.884
46,1.984,25,-67.39
46,1.984,26,-66.557
46,1.984,27,-57.819
46,1.984,28,-59.37
46,1.984,29,-61.095
46,1.984,30,-64.475
46,1.984,31,-62.629
46,1.984,32,-57.387
46,1.984,33,-57.664
46,1.984,34,-67.132
46,1.984,35,-70.305
46,1.984,36,-72.568
46,1.984,37,-84.591
46,1.984,38,-76.998
46,1.984,39,-73.78
46,1.984,40,-67.566
46,1.984,41,-68.388
46,1.984,42,-74.424
46,1.984,43,-74.505
46,1.984,44,-75.351
46,1.984,45,-74.114
46,1.984,46,-79.121
46,1.984,47,-62.454
46,1.984,48,-52.56
46,1.984,49,-60.578
46,1.984,50,-71.765
46,1.984,51,-70.929
46,1.984,52,-74.195
46,1.984,53,-69.353
46,1.984,54,-72.373
46,1.984,55,-71.88
46,1.984,56,-78.496
46,1.984,57,-83.235
46,1.984,58,-86.194
46,1.984,59,-89.667
46,1.984,60,-93.296
46,1.984,61,-94.303
46,1.984,62,-98.707
46,1.984,63,-99.999
46,1.984,64,-99.992
47,2.0267,1,-70.13
47,2.0267,2,-45.959
47,2.0267,3,-32.701
47,2.0267,4,-39.987
47,2.0267,5,-37.315
47,2.0267,6,-40.14
47,2.0267,7,-57.995
47,2.0267,8,-46.185
47,2.0267,9,-37.741
47,2.0267,10,-49.977
47,2.0267,11,-60.597
47,2.0267,12,-37.636
47,2.0267,13,-41.939
47,2.0267,14,-42.058
47,2.0267,15,-34.344
47,2.0267,16,-54.62
47,2.0267,17,-40.521
47,2.0267,18,-45.769
47,2.0267,19,-56.273
47,2.0267,20,-57.487
47,2.0267,21,-59.963
47,2.0267,22,-63.46
47,2.0267,23,-64.36
47,2.0267,24,-67.369
47,2.0267,25,-66.444
47,2.0267,26,-63.068
47,2.0267,27,-55.568
47,2.0267,28,-57.441
47,2.0267,29,-60.084
47,2.0267,30,-62.786
47,2.0267,31,-64.015
47,2.0267,32,-55.633
47,2.0267,33,-52.863
47,2.0267,34,-64.976
47,2.0267,35,-69.05
47,2.0267,36,-74.35
47,2.0267,37,-79.537
47,2.0267,38,-80.774
47,2.0267,39,-77.821
47,2.0267,40,-69.936
47,2.0267,41,-66.38
47,2.0267,42,-78.098
47,2.0267,43,-72.711
47,2.0267,44,-68.753
47,2.0267,45,-71.054
47,2.0267,46,-74.971
47,2.0267,47,-73.553
47,2.0267,48,-56.058
47,2.0267,49,-57.753
47,2.0267,50,-72.285
47,2.0267,51,-68.802
47,2.0267,52,-74.87
47,2.0267,53,-74.701
47,2.0267,54,-69.248
47,2.0267,55,-67.297
47,2.0267,56,-73.435
47,2.0267,57,-81.946
47,2.0267,58,-85.264
47,2.0267,59,-87.991
47,2.0267,60,-90.068
47,2.0267,61,-92.709
47,2.0267,62,-98.026
47,2.0267,63,-99.999
47,2.0267,64,-99.99
48,2.0693,1,-78.554
48,2.0693,2,-46.958
48,2.0693,3,-36.571
48,2.0693,4,-31.936
48,2.0693,5,-36.329
48,2.0693,6,-40.889
48,2.0693,7,-53.586
48,2.0693,8,-49.118
48,2.0693,9,-48.425
48,2.0693,10,-55.539
48,2.0693,11,-57.715
48,2.0693,12,-44.646
48,2.0693,13,-45.568
48,2.0693,14,-57.241
48,2.0693,15,-46.662
48,2.0693,16,-51.721
48,2.0693,17,-45.422
48,2.0693,18,-49.644
48,2.0693,19,-62.917
48,2.0693,20,-62.768
48,2.0693,21,-66.998
48,2.0693,22,-62.251
48,2.0693,23,-60.216
48,2.0693,24,-60.751
48,2.0693,25,-58.241
48,2.0693,26,-51.373
48,2.0693,27,-55.217
48,2.0693,28,-60.29
48,2.0693,29,-59.419
48,2.0693,30,-57.314
48,2.0693,31,-57.532
48,2.0693,32,-55.631
48,2.0693,33,-56.601
48,2.0693,34,-60.943
48,2.0693,35,-60.179
48,2.0693,36,-63.599
48,2.0693,37,-62.709
48,2.0693,38,-59.155
48,2.0693,39,-58.391
48,2.0693,40,-61.298
48,2.0693,41,-64.111
48,2.0693,42,-66.237
48,2.0693,43,-66.61
48,2.0693,44,-63.528
48,2.0693,45,-65.044
48,2.0693,46,-67.679
48,2.0693,47,-66.362
48,2.0693,48,-63.308
48,2.0693,49,-65.793
48,2.0693,50,-66.11
48,2.0693,51,-66.34
48,2.0693,52,-70.697
48,2.0693,53,-71.742
48,2.0693,54,-66.65
48,2.0693,55,-67.322
48,2.0693,56,-72.117
48,2.0693,57,-75.693
48,2.0693,58,-78.283
48,2.0693,59,-80.935
48,2.0693,60,-85.562
48,2.0693,61,-86.259
48,2.0693,62,-92.544
48,2.0693,63,-99.999
48,2.0693,64,-99.945
49,2.112,1,-65.358
49,2.112,2,-48.096
49,2.112,3,-34.372
49,2.112,4,-32.17
49,2.112,5,-34.881
49,2.112,6,-48.754
49,2.112,7,-57.337
49,2.112,8,-49.426
49,2.112,9,-61.388
49,2.112,10,-63.501
49,2.112,11,-57.742
49,2.112,12,-61.278
49,2.112,13,-53.811
49,2.112,14,-59.886
49,2.112,15,-60.773
49,2.112,16,-60.881
49,2.112,17,-66.448
49,2.112,18,-68.854
49,2.112,19,-64.8
49,2.112,20,-67.873
49,2.112,21,-68.934
49,2.112,22,-68.79
49,2.112,23,-69.374
49,2.112,24,-68.311
49,2.112,25,-69.581
49,2.112,26,-68.028
49,2.112,27,-69.635
49,2.112,28,-70.649
49,2.112,29,-68.092
49,2.112,30,-70.338
49,2.112,31,-71.607
49,2.112,32,-70.521
49,2.112,33,-66.016
49,2.112,34,-67.307
49,2.112,35,-66.023
49,2.112,36,-63.77
49,2.112,37,-63.31
49,2.112,38,-65.725
49,2.112,39,-59.614
49,2.112,40,-58.152
49,2.112,41,-61.393
49,2.112,42,-59.245
49,2.112,43,-57.702
49,2.112,44,-56.919
49,2.112,45,-57.765
49,2.112,46,-58.808
49,2.112,47,-53.471
49,2.112,48,-54.012
49,2.112,49,-55.741
49,2.112,50,-55.114
49,2.112,51,-57.378
49,2.112,52,-58.638
49,2.112,53,-60.018
49,2.112,54,-57.049
49,2.112,55,-56.445
49,2.112,56,-61.703
49,2.112,57,-68.446
49,2.112,58,-72.487
49,2.112,59,-79.605
49,2.112,60,-83.876
49,2.112,61,-86.035
49,2.112,62,-93.136
49,2.112,63,-99.998
49,2.112,64,-99.948
50,2.1547,1,-80.997
50,2.1547,2,-48.086
50,2.1547,3,-34.622
50,2.1547,4,-32.881
50,2.1547,5,-34.335
50,2.1547,6,-52.621
50,2.1547,7,-58.105
50,2.1547,8,-49.206
50,2.1547,9,-55.909
50,2.1547,10,-58.846
50,2.1547,11,-58.116
50,2.1547,12,-63.767
50,2.1547,13,-56.841
50,2.1547,14,-62.331
50,2.1547,15,-54.454
50,2.1547,16,-59.547
50,2.1547,17,-69.417
50,2.1547,18,-72.427
50,2.1547,19,-68.751
50,2.1547,20,-71.819
50,2.1547,21,-78.896
50,2.1547,22,-70.354
50,2.1547,23,-71.662
50,2.1547,24,-77.786
50,2.1547,25,-75.108
50,2.1547,26,-73.96
50,2.1547,27,-74.343
50,2.1547,28,-75.616
50,2.1547,29,-73.43
50,2.1547,30,-76.65
50,2.1547,31,-77.733
50,2.1547,32,-75.579
50,2.1547,33,-75.042
50,2.1547,34,-71.666
50,2.1547,35,-70.156
50,2.1547,36,-69.532
50,2.1547,37,-67.394
50,2.1547,38,-68.878
50,2.1547,39,-63.783
50,2.1547,40,-64.013
50,2.1547,41,-68.824
50,2.1547,42,-64.973
50,2.1547,43,-63.21
50,2.1547,44,-63.628
50,2.1547,45,-59.224
50,2.1547,46,-62.859
50,2.1547,47,-57.7
50,2.1547,48,-56.685
50,2.1547,49,-56.294
50,2.1547,50,-55.326
50,2.1547,51,-56.002
50,2.1547,52,-56.405
50,2.1547,53,-55.105
50,2.1547,54,-55.344
50,2.1547,55,-59.154
50,2.1547,56,-64.908
50,2.1547,57,-69.825
50,2.1547,58,-76.393
50,2.1547,59,-81.733
50,2.1547,60,-84.332
50,2.1547,61,-89.687
50,2.1547,62,-96.537
50,2.1547,63,-99.998
50,2.1547,64,-99.979
51,2.1973,1,-74.916
51,2.1973,2,-49.214
51,2.1973,3,-35.693
51,2.1973,4,-33.089
51,2.1973,5,-35.633
51,2.1973,6,-52.033
51,2.1973,7,-57.967
51,2.1973,8,-49.202
51,2.1973,9,-55.926
51,2.1973,10,-56.118
51,2.1973,11,-57.255
51,2.1973,12,-63.577
51,2.1973,13,-57.085
51,2.1973,14,-58.628
51,2.1973,15,-53.14
51,2.1973,16,-64.396
51,2.1973,17,-67.309
51,2.1973,18,-71.845
51,2.1973,19,-74.332
51,2.1973,20,-75.573
51,2.1973,21,-80.283
51,2.1973,22,-75.045
51,2.1973,23,-73.829
51,2.1973,24,-73.451
51,2.1973,25,-78.017
51,2.1973,26,-74.94
51,2.1973,27,-77.914
51,2.1973,28,-73.733
51,2.1973,29,-77.584
51,2.1973,30,-80.491
51,2.1973,31,-80.045
51,2.1973,32,-76.492
51,2.1973,33,-74.749
51,2.1973,34,-73.554
51,2.1973,35,-73.675
51,2.1973,36,-70.31
51,2.1973,37,-71.735
51,2.1973,38,-67.071
51,2.1973,39,-65.964
51,2.1973,40,-65.925
51,2.1973,41,-68.982
51,2.1973,42,-62.224
51,2.1973,43,-61.62
51,2.1973,44,-61.609
51,2.1973,45,-60.696
51,2.1973,46,-62.541
51,2.1973,47,-59.502
51,2.1973,48,-57.174
51,2.1973,49,-55.538
51,2.1973,50,-57.749
51,2.1973,51,-56.517
51,2.1973,52,-57.837
51,2.1973,53,-57.069
51,2.1973,54,-56.577
51,2.1973,55,-59.002
51,2.1973,56,-65.572
51,2.1973,57,-70.583
51,2.1973,58,-76.679
51,2.1973,59,-84.637
51,2.1973,60,-85.578
51,2.1973,61,-90.776
51,2.1973,62,-98.38
51,2.1973,63,-99.999
51,2.1973,64,-99.992
52,2.24,1,-68.776
52,2.24,2,-50.621
52,2.24,3,-37.145
52,2.24,4,-32.031
52,2.24,5,-34.726
52,2.24,6,-49.281
52,2.24,7,-48.94
52,2.24,8,-39.838
52,2.24,9,-45.516
52,2.24,10,-60.541
52,2.24,11,-51.616
52,2.24,12,-57.997
52,2.24,13,-55.542
52,2.24,14,-61.068
52,2.24,15,-56.022
52,2.24,16,-64.141
52,2.24,17,-64.0
52,2.24,18,-64.293
52,2.24,19,-62.147
52,2.24,20,-57.511
52,2.24,21,-51.901
52,2.24,22,-51.549
52,2.24,23,-56.371
52,2.24,24,-61.442
52,2.24,25,-60.387
52,2.24,26,-56.862
52,2.24,27,-58.672
52,2.24,28,-64.201
52,2.24,29,-66.28
52,2.24,30,-66.625
52,2.24,31,-70.001
52,2.24,32,-71.429
52,2.24,33,-68.178
52,2.24,34,-60.852
52,2.24,35,-61.855
52,2.24,36,-68.922
52,2.24,37,-70.074
52,2.24,38,-63.962
52,2.24,39,-63.075
52,2.24,40,-60.538
52,2.24,41,-61.986
52,2.24,42,-61.753
52,2.24,43,-56.918
52,2.24,44,-59.037
52,2.24,45,-57.719
52,2.24,46,-64.087
52,2.24,47,-64.44
52,2.24,48,-62.536
52,2.24,49,-60.499
52,2.24,50,-63.941
52,2.24,51,-67.408
52,2.24,52,-69.148
52,2.24,53,-66.872
52,2.24,54,-63.999
52,2.24,55,-65.653
52,2.24,56,-70.775
52,2.24,57,-76.6
52,2.24,58,-80.735
52,2.24,59,-86.891
52,2.24,60,-91.006
52,2.24,61,-93.15
52,2.24,62,-98.215
52,2.24,63,-99.999
52,2.24,64,-99.991
53,2.2827,1,-72.886
53,2.2827,2,-51.975
53,2.2827,3,-38.736
53,2.2827,4,-30.294
53,2.2827,5,-31.796
53,2.2827,6,-55.011
53,2.2827,7,-44.897
53,2.2827,8,-33.917
53,2.2827,9,-46.617
53,2.2827,10,-47.706
53,2.2827,11,-38.945
53,2.2827,12,-53.175
53,2.2827,13,-48.222
53,2.2827,14,-53.206
53,2.2827,15,-51.017
53,2.2827,16,-51.152
53,2.2827,17,-54.456
53,2.2827,18,-56.917
53,2.2827,19,-57.74
53,2.2827,20,-54.067
53,2.2827,21,-45.759
53,2.2827,22,-39.302
53,2.2827,23,-40.495
53,2.2827,24,-48.404
53,2.2827,25,-52.828
53,2.2827,26,-43.635
53,2.2827,27,-48.268
53,2.2827,28,-54.413
53,2.2827,29,-58.755
53,2.2827,30,-62.042
53,2.2827,31,-61.706
53,2.2827,32,-59.082
53,2.2827,33,-54.925
53,2.2827,34,-53.103
53,2.2827,35,-57.037
53,2.2827,36,-73.97
53,2.2827,37,-64.35
53,2.2827,38,-53.096
53,2.2827,39,-54.549
53,2.2827,40,-60.051
53,2.2827,41,-57.831
53,2.2827,42,-55.339
53,2.2827,43,-55.245
53,2.2827,44,-55.618
53,2.2827,45,-57.811
53,2.2827,46,-57.045
53,2.2827,47,-53.489
53,2.2827,48,-54.176
53,2.2827,49,-53.197
53,2.2827,50,-60.412
53,2.2827,51,-70.591
53,2.2827,52,-67.626
53,2.2827,53,-61.993
53,2.2827,54,-57.99
53,2.2827,55,-61.525
53,2.2827,56,-70.052
53,2.2827,57,-76.1
53,2.2827,58,-84.096
53,2.2827,59,-87.089
53,2.2827,60,-89.343
53,2.2827,61,-92.118
53,2.2827,62,-96.565
53,2.2827,63,-99.997
53,2.2827,64,-99.984
54,2.3253,1,-72.435
54,2.3253,2,-53.018
54,2.3253,3,-39.826
54,2.3253,4,-30.292
54,2.3253,5,-31.399
54,2.3253,6,-56.123
54,2.3253,7,-49.285
54,2.3253,8,-37.489
54,2.3253,9,-49.576
54,2.3253,10,-47.421
54,2.3253,11,-36.871
54,2.3253,12,-49.844
54,2.3253,13,-47.471
54,2.3253,14,-51.769
54,2.3253,15,-53.427
54,2.3253,16,-51.666
54,2.3253,17,-54.483
54,2.3253,18,-55.91
54,2.3253,19,-58.015
54,2.3253,20,-55.926
54,2.3253,21,-46.736
54,2.3253,22,-42.456
54,2.3253,23,-42.482
54,2.3253,24,-44.631
54,2.3253,25,-53.248
54,2.3253,26,-45.819
54,2.3253,27,-46.881
54,2.3253,28,-50.916
54,2.3253,29,-58.037
54,2.3253,30,-62.251
54,2.3253,31,-63.003
54,2.3253,32,-61.705
54,2.3253,33,-58.175
54,2.3253,34,-55.449
54,2.3253,35,-58.756
54,2.3253,36,-73.479
54,2.3253,37,-68.757
54,2.3253,38,-53.618
54,2.3253,39,-53.44
54,2.3253,40,-57.84
54,2.3253,41,-56.658
54,2.3253,42,-54.17
54,2.3253,43,-57.035
54,2.3253,44,-57.972
54,2.3253,45,-60.525
54,2.3253,46,-57.967
54,2.3253,47,-53.634
54,2.3253,48,-55.685
54,2.3253,49,-58.849
54,2.3253,50,-65.241
54,2.3253,51,-72.474
54,2.3253,52,-61.998
54,2.3253,53,-61.808
54,2.3253,54,-60.666
54,2.3253,55,-64.664
54,2.3253,56,-74.726
54,2.3253,57,-82.715
54,2.3253,58,-84.883
54,2.3253,59,-86.348
54,2.3253,60,-89.79
54,2.3253,61,-92.668
54,2.3253,62,-97.71
54,2.3253,63,-99.998
54,2.3253,64,-99.989
55,2.368,1,-66.346
55,2.368,2,-54.602
55,2.368,3,-41.044
55,2.368,4,-37.14
55,2.368,5,-38.539
55,2.368,6,-47.526
55,2.368,7,-56.945
55,2.368,8,-38.068
55,2.368,9,-37.71
55,2.368,10,-63.405
55,2.368,11,-42.246
55,2.368,12,-36.769
55,2.368,13,-55.127
55,2.368,14,-45.879
55,2.368,15,-49.497
55,2.368,16,-56.399
55,2.368,17,-55.388
55,2.368,18,-58.044
55,2.368,19,-54.563
55,2.368,20,-55.14
55,2.368,21,-54.196
55,2.368,22,-44.069
55,2.368,23,-42.918
55,2.368,24,-41.221
55,2.368,25,-53.851
55,2.368,26,-52.61
55,2.368,27,-47.484
55,2.368,28,-45.526
55,2.368,29,-60.63
55,2.368,30,-60.649
55,2.368,31,-67.322
55,2.368,32,-65.783
55,2.368,33,-64.835
55,2.368,34,-60.594
55,2.368,35,-61.186
55,2.368,36,-68.562
55,2.368,37,-69.333
55,2.368,38,-60.231
55,2.368,39,-56.165
55,2.368,40,-55.401
55,2.368,41,-56.37
55,2.368,42,-50.912
55,2.368,43,-54.437
55,2.368,44,-57.589
55,2.368,45,-61.002
55,2.368,46,-64.771
55,2.368,47,-57.696
55,2.368,48,-57.675
55,2.368,49,-57.729
55,2.368,50,-59.939
55,2.368,51,-64.792
55,2.368,52,-65.399
55,2.368,53,-62.138
55,2.368,54,-59.535
55,2.368,55,-61.413
55,2.368,56,-72.925
55,2.368,57,-80.202
55,2.368,58,-82.528
55,2.368,59,-87.19
55,2.368,60,-88.33
55,2.368,61,-91.153
55,2.368,62,-99.156
55,2.368,63,-99.999
55,2.368,64,-99.991
56,2.4107,1,-63.93
56,2.4107,2,-54.79
56,2.4107,3,-41.834
56,2.4107,4,-35.406
56,2.4107,5,-35.818
56,2.4107,6,-46.817
56,2.4107,7,-64.375
56,2.4107,8,-38.115
56,2.4107,9,-36.381
56,2.4107,10,-64.015
56,2.4107,11,-46.163
56,2.4107,12,-37.212
56,2.4107,13,-54.141
56,2.4107,14,-46.128
56,2.4107,15,-47.629
56,2.4107,16,-61.68
56,2.4107,17,-58.182
56,2.4107,18,-63.955
56,2.4107,19,-56.479
56,2.4107,20,-58.977
56,2.4107,21,-55.328
56,2.4107,22,-47.692
56,2.4107,23,-46.813
56,2.4107,24,-41.644
56,2.4107,25,-54.961
56,2.4107,26,-53.613
56,2.4107,27,-49.305
56,2.4107,28,-42.993
56,2.4107,29,-58.958
56,2.4107,30,-60.12
56,2.4107,31,-66.676
56,2.4107,32,-66.469
56,2.4107,33,-63.704
56,2.4107,34,-62.634
56,2.4107,35,-64.599
56,2.4107,36,-64.048
56,2.4107,37,-61.889
56,2.4107,38,-55.729
56,2.4107,39,-53.253
56,2.4107,40,-55.164
56,2.4107,41,-54.953
56,2.4107,42,-48.676
56,2.4107,43,-55.707
56,2.4107,44,-59.49
56,2.4107,45,-62.193
56,2.4107,46,-58.311
56,2.4107,47,-53.583
56,2.4107,48,-53.549
56,2.4107,49,-57.541
56,2.4107,50,-59.982
56,2.4107,51,-66.223
56,2.4107,52,-66.537
56,2.4107,53,-61.047
56,2.4107,54,-62.166
56,2.4107,55,-66.178
56,2.4107,56,-73.882
56,2.4107,57,-76.121
56,2.4107,58,-78.705
56,2.4107,59,-89.439
56,2.4107,60,-89.501
56,2.4107,61,-90.535
56,2.4107,62,-99.088
56,2.4107,63,-99.999
56,2.4107,64,-99.99
57,2.4533,1,-77.321
57,2.4533,2,-56.953
57,2.4533,3,-43.672
57,2.4533,4,-34.817
57,2.4533,5,-33.831
57,2.4533,6,-48.737
57,2.4533,7,-63.1
57,2.4533,8,-36.785
57,2.4533,9,-35.985
57,2.4533,10,-62.096
57,2.4533,11,-45.549
57,2.4533,12,-40.276
57,2.4533,13,-61.342
57,2.4533,14,-47.495
57,2.4533,15,-50.758
57,2.4533,16,-63.364
57,2.4533,17,-62.006
57,2.4533,18,-62.416
57,2.4533,19,-58.34
57,2.4533,20,-59.574
57,2.4533,21,-58.923
57,2.4533,22,-48.249
57,2.4533,23,-44.724
57,2.4533,24,-40.722
57,2.4533,25,-53.022
57,2.4533,26,-53.234
57,2.4533,27,-49.854
57,2.4533,28,-47.939
57,2.4533,29,-56.329
57,2.4533,30,-59.777
57,2.4533,31,-65.501
57,2.4533,32,-63.594
57,2.4533,33,-63.316
57,2.4533,34,-62.621
57,2.4533,35,-55.097
57,2.4533,36,-58.973
57,2.4533,37,-61.871
57,2.4533,38,-55.712
57,2.4533,39,-54.356
57,2.4533,40,-57.193
57,2.4533,41,-56.897
57,2.4533,42,-51.471
57,2.4533,43,-54.981
57,2.4533,44,-61.801
57,2.4533,45,-59.356
57,2.4533,46,-53.786
57,2.4533,47,-51.888
57,2.4533,48,-52.022
57,2.4533,49,-57.475
57,2.4533,50,-59.186
57,2.4533,51,-64.423
57,2.4533,52,-66.218
57,2.4533,53,-61.645
57,2.4533,54,-63.807
57,2.4533,55,-67.478
57,2.4533,56,-71.301
57,2.4533,57,-76.035
57,2.4533,58,-84.922
57,2.4533,59,-88.691
57,2.4533,60,-91.385
57,2.4533,61,-95.547
57,2.4533,62,-99.035
57,2.4533,63,-99.999
57,2.4533,64,-99.995
58,2.496,1,-72.525
58,2.496,2,-56.632
58,2.496,3,-43.07
58,2.496,4,-38.66
58,2.496,5,-38.97
58,2.496,6,-46.438
58,2.496,7,-42.291
58,2.496,8,-38.603
58,2.496,9,-41.323
58,2.496,10,-46.667
58,2.496,11,-42.884
58,2.496,12,-44.818
58,2.496,13,-54.995
58,2.496,14,-53.586
58,2.496,15,-60.535
58,2.496,16,-54.143
58,2.496,17,-56.78
58,2.496,18,-60.559
58,2.496,19,-64.44
58,2.496,20,-58.626
58,2.496,21,-58.465
58,2.496,22,-54.958
58,2.496,23,-49.133
58,2.496,24,-48.384
58,2.496,25,-56.467
58,2.496,26,-55.303
58,2.496,27,-55.752
58,2.496,28,-52.528
58,2.496,29,-54.231
58,2.496,30,-58.521
58,2.496,31,-56.031
58,2.496,32,-61.593
58,2.496,33,-65.005
58,2.496,34,-59.653
58,2.496,35,-64.406
58,2.496,36,-63.22
58,2.496,37,-64.474
58,2.496,38,-61.874
58,2.496,39,-58.844
58,2.496,40,-60.45
58,2.496,41,-61.322
58,2.496,42,-59.111
58,2.496,43,-60.525
58,2.496,44,-65.691
58,2.496,45,-64.085
58,2.496,46,-62.831
58,2.496,47,-62.59
58,2.496,48,-63.2
58,2.496,49,-67.073
58,2.496,50,-70.509
58,2.496,51,-68.456
58,2.496,52,-70.155
58,2.496,53,-66.584
58,2.496,54,-65.877
58,2.496,55,-69.205
58,2.496,56,-69.43
58,2.496,57,-72.042
58,2.496,58,-83.091
58,2.496,59,-78.658
58,2.496,60,-75.962
58,2.496,61,-80.983
58,2.496,62,-85.219
58,2.496,63,-99.996
58,2.496,64,-99.719
59,2.5387,1,-70.0
59,2.5387,2,-60.436
59,2.5387,3,-51.13
59,2.5387,4,-47.389
59,2.5387,5,-42.796
59,2.5387,6,-44.242
59,2.5387,7,-32.215
59,2.5387,8,-40.23
59,2.5387,9,-51.121
59,2.5387,10,-45.392
59,2.5387,11,-45.746
59,2.5387,12,-42.887
59,2.5387,13,-58.568
59,2.5387,14,-61.088
59,2.5387,15,-60.694
59,2.5387,16,-61.068
59,2.5387,17,-64.885
59,2.5387,18,-65.304
59,2.5387,19,-64.64
59,2.5387,20,-60.989
59,2.5387,21,-49.791
59,2.5387,22,-49.971
59,2.5387,23,-57.604
59,2.5387,24,-57.425
59,2.5387,25,-68.178
59,2.5387,26,-63.452
59,2.5387,27,-60.608
59,2.5387,28,-68.799
59,2.5387,29,-70.284
59,2.5387,30,-61.905
59,2.5387,31,-46.862
59,2.5387,32,-61.26
59,2.5387,33,-62.002
59,2.5387,34,-60.54
59,2.5387,35,-62.454
59,2.5387,36,-58.609
59,2.5387,37,-65.215
59,2.5387,38,-65.058
59,2.5387,39,-64.3
59,2.5387,40,-64.25
59,2.5387,41,-69.806
59,2.5387,42,-66.201
59,2.5387,43,-67.36
59,2.5387,44,-74.884
59,2.5387,45,-74.983
59,2.5387,46,-74.984
59,2.5387,47,-66.048
59,2.5387,48,-66.767
59,2.5387,49,-67.959
59,2.5387,50,-70.259
59,2.5387,51,-74.061
59,2.5387,52,-74.66
59,2.5387,53,-70.573
59,2.5387,54,-72.59
59,2.5387,55,-76.018
59,2.5387,56,-82.735
59,2.5387,57,-88.764
59,2.5387,58,-89.263
59,2.5387,59,-92.744
59,2.5387,60,-95.421
59,2.5387,61,-96.115
59,2.5387,62,-99.326
59,2.5387,63,-100.0
59,2.5387,64,-99.997
60,2.5813,1,-69.554
60,2.5813,2,-60.132
60,2.5813,3,-44.435
60,2.5813,4,-39.542
60,2.5813,5,-49.287
60,2.5813,6,-43.431
60,2.5813,7,-29.148
60,2.5813,8,-35.661
60,2.5813,9,-48.535
60,2.5813,10,-35.218
60,2.5813,11,-41.998
60,2.5813,12,-41.764
60,2.5813,13,-50.001
60,2.5813,14,-50.42
60,2.5813,15,-48.965
60,2.5813,16,-53.637
60,2.5813,17,-56.373
60,2.5813,18,-51.919
60,2.5813,19,-50.371
60,2.5813,20,-46.87
60,2.5813,21,-45.617
60,2.5813,22,-51.88
60,2.5813,23,-57.73
60,2.5813,24,-64.76
60,2.5813,25,-62.34
60,2.5813,26,-55.113
60,2.5813,27,-57.707
60,2.5813,28,-61.273
60,2.5813,29,-67.609
60,2.5813,30,-64.219
60,2.5813,31,-51.839
60,2.5813,32,-66.124
60,2.5813,33,-66.383
60,2.5813,34,-67.099
60,2.5813,35,-63.631
60,2.5813,36,-63.816
60,2.5813,37,-69.59
60,2.5813,38,-73.878
60,2.5813,39,-59.184
60,2.5813,40,-59.054
60,2.5813,41,-69.08
60,2.5813,42,-62.707
60,2.5813,43,-61.213
60,2.5813,44,-62.378
60,2.5813,45,-62.02
60,2.5813,46,-73.121
60,2.5813,47,-61.933
60,2.5813,48,-58.291
60,2.5813,49,-59.865
60,2.5813,50,-61.278
60,2.5813,51,-65.075
60,2.5813,52,-68.403
60,2.5813,53,-65.742
60,2.5813,54,-66.825
60,2.5813,55,-67.137
60,2.5813,56,-71.715
60,2.5813,57,-82.611
60,2.5813,58,-85.235
60,2.5813,59,-87.781
60,2.5813,60,-91.867
60,2.5813,61,-93.34
60,2.5813,62,-97.26
60,2.5813,63,-99.999
60,2.5813,64,-99.987
61,2.624,1,-78.53
61,2.624,2,-59.625
61,2.624,3,-41.973
61,2.624,4,-34.901
61,2.624,5,-42.634
61,2.624,6,-43.379
61,2.624,7,-28.327
61,2.624,8,-35.526
61,2.624,9,-44.828
61,2.624,10,-34.979
61,2.624,11,-44.226
61,2.624,12,-39.3
61,2.624,13,-51.704
61,2.624,14,-50.328
61,2.624,15,-53.682
61,2.624,16,-50.882
61,2.624,17,-52.835
61,2.624,18,-50.491
61,2.624,19,-43.246
61,2.624,20,-45.665
61,2.624,21,-52.066
61,2.624,22,-52.636
61,2.624,23,-57.4
61,2.624,24,-59.743
61,2.624,25,-63.304
61,2.624,26,-55.738
61,2.624,27,-56.074
61,2.624,28,-67.72
61,2.624,29,-69.039
61,2.624,30,-66.297
61,2.624,31,-54.137
61,2.624,32,-65.8
61,2.624,33,-63.916
61,2.624,34,-67.551
61,2.624,35,-64.713
61,2.624,36,-68.562
61,2.624,37,-74.32
61,2.624,38,-75.742
61,2.624,39,-60.752
61,2.624,40,-64.4
61,2.624,41,-71.49
61,2.624,42,-66.032
61,2.624,43,-64.405
61,2.624,44,-66.09
61,2.624,45,-65.635
61,2.624,46,-72.629
61,2.624,47,-61.663
61,2.624,48,-59.059
61,2.624,49,-63.202
61,2.624,50,-65.2
61,2.624,51,-68.085
61,2.624,52,-66.241
61,2.624,53,-65.254
61,2.624,54,-66.421
61,2.624,55,-71.63
61,2.624,56,-79.479
61,2.624,57,-80.142
61,2.624,58,-80.563
61,2.624,59,-85.601
61,2.624,60,-95.458
61,2.624,61,-99.852
61,2.624,62,-99.971
61,2.624,63,-99.998
61,2.624,64,-99.997
62,2.6667,1,-63.737
62,2.6667,2,-61.19
62,2.6667,3,-45.444
62,2.6667,4,-36.095
62,2.6667,5,-43.156
62,2.6667,6,-43.468
62,2.6667,7,-31.756
62,2.6667,8,-40.547
62,2.6667,9,-43.029
62,2.6667,10,-34.485
62,2.6667,11,-44.189
62,2.6667,12,-39.962
62,2.6667,13,-54.414
62,2.6667,14,-49.675
62,2.6667,15,-53.696
62,2.6667,16,-51.486
62,2.6667,17,-53.949
62,2.6667,18,-53.09
62,2.6667,19,-47.689
62,2.6667,20,-50.769
62,2.6667,21,-53.327
62,2.6667,22,-54.545
62,2.6667,23,-59.64
62,2.6667,24,-61.606
62,2.6667,25,-63.069
62,2.6667,26,-60.646
62,2.6667,27,-61.329
62,2.6667,28,-63.864
62,2.6667,29,-68.747
62,2.6667,30,-68.63
62,2.6667,31,-56.487
62,2.6667,32,-65.619
62,2.6667,33,-66.886
62,2.6667,34,-69.824
62,2.6667,35,-69.556
62,2.6667,36,-73.671
62,2.6667,37,-77.312
62,2.6667,38,-77.542
62,2.6667,39,-65.466
62,2.6667,40,-63.516
62,2.6667,41,-74.082
62,2.6667,42,-67.851
62,2.6667,43,-68.522
62,2.6667,44,-68.366
62,2.6667,45,-65.882
62,2.6667,46,-71.075
62,2.6667,47,-65.294
62,2.6667,48,-63.012
62,2.6667,49,-66.636
62,2.6667,50,-63.514
62,2.6667,51,-64.252
62,2.6667,52,-70.115
62,2.6667,53,-68.345
62,2.6667,54,-69.346
62,2.6667,55,-71.091
62,2.6667,56,-81.257
62,2.6667,57,-77.224
62,2.6667,58,-79.182
62,2.6667,59,-83.021
62,2.6667,60,-93.797
62,2.6667,61,-98.278
62,2.6667,62,-99.816
62,2.6667,63,-99.999
62,2.6667,64,-99.997
63,2.7093,1,-72.992
63,2.7093,2,-63.245
63,2.7093,3,-48.381
63,2.7093,4,-36.793
63,2.7093,5,-42.914
63,2.7093,6,-43.546
63,2.7093,7,-32.459
63,2.7093,8,-44.675
63,2.7093,9,-51.21
63,2.7093,10,-40.988
63,2.7093,11,-46.332
63,2.7093,12,-40.458
63,2.7093,13,-55.292
63,2.7093,14,-55.792
63,2.7093,15,-54.969
63,2.7093,16,-55.653
63,2.7093,17,-59.577
63,2.7093,18,-53.609
63,2.7093,19,-53.91
63,2.7093,20,-53.69
63,2.7093,21,-56.321
63,2.7093,22,-58.429
63,2.7093,23,-63.693
63,2.7093,24,-62.382
63,2.7093,25,-69.446
63,2.7093,26,-61.793
63,2.7093,27,-57.497
63,2.7093,28,-60.677
63,2.7093,29,-72.148
63,2.7093,30,-73.64
63,2.7093,31,-63.954
63,2.7093,32,-75.845
63,2.7093,33,-72.491
63,2.7093,34,-73.956
63,2.7093,35,-73.0
63,2.7093,36,-78.305
63,2.7093,37,-78.619
63,2.7093,38,-76.825
63,2.7093,39,-76.021
63,2.7093,40,-76.095
63,2.7093,41,-79.282
63,2.7093,42,-66.04
63,2.7093,43,-68.034
63,2.7093,44,-71.557
63,2.7093,45,-70.796
63,2.7093,46,-73.325
63,2.7093,47,-70.694
63,2.7093,48,-65.727
63,2.7093,49,-68.586
63,2.7093,50,-66.666
63,2.7093,51,-65.202
63,2.7093,52,-70.258
63,2.7093,53,-67.969
63,2.7093,54,-70.212
63,2.7093,55,-73.161
63,2.7093,56,-85.309
63,2.7093,57,-78.048
63,2.7093,58,-80.56
63,2.7093,59,-88.047
63,2.7093,60,-92.45
63,2.7093,61,-94.427
63,2.7093,62,-97.899
63,2.7093,63,-99.999
63,2.7093,64,-99.99
64,2.752,1,-84.931
64,2.752,2,-66.152
64,2.752,3,-46.814
64,2.752,4,-45.563
64,2.752,5,-52.8
64,2.752,6,-43.395
64,2.752,7,-30.55
64,2.752,8,-39.883
64,2.752,9,-56.597
64,2.752,10,-52.077
64,2.752,11,-47.591
64,2.752,12,-41.291
64,2.752,13,-63.583
64,2.752,14,-63.143
64,2.752,15,-55.77
64,2.752,16,-55.17
64,2.752,17,-66.131
64,2.752,18,-67.329
64,2.752,19,-66.744
64,2.752,20,-64.405
64,2.752,21,-60.81
64,2.752,22,-60.627
64,2.752,23,-61.225
64,2.752,24,-57.672
64,2.752,25,-71.487
64,2.752,26,-67.194
64,2.752,27,-72.098
64,2.752,28,-67.047
64,2.752,29,-73.605
64,2.752,30,-72.942
64,2.752,31,-61.95
64,2.752,32,-77.651
64,2.752,33,-79.427
64,2.752,34,-81.255
64,2.752,35,-79.252
64,2.752,36,-89.711
64,2.752,37,-88.413
64,2.752,38,-82.648
64,2.752,39,-81.37
64,2.752,40,-82.876
64,2.752,41,-83.519
64,2.752,42,-77.031
64,2.752,43,-79.325
64,2.752,44,-82.645
64,2.752,45,-85.379
64,2.752,46,-86.112
64,2.752,47,-78.236
64,2.752,48,-74.52
64,2.752,49,-78.881
64,2.752,50,-79.308
64,2.752,51,-76.264
64,2.752,52,-79.04
64,2.752,53,-79.005
64,2.752,54,-84.411
64,2.752,55,-90.013
64,2.752,56,-92.04
64,2.752,57,-91.922
64,2.752,58,-93.75
64,2.752,59,-97.718
64,2.752,60,-98.202
64,2.752,61,-99.06
64,2.752,62,-99.937
64,2.752,63,-99.999
64,2.752,64,-99.998
65,2.7947,1,-62.575
65,2.7947,2,-52.895
65,2.7947,3,-37.84
65,2.7947,4,-34.393
65,2.7947,5,-36.657
65,2.7947,6,-42.956
65,2.7947,7,-35.127
65,2.7947,8,-44.104
65,2.7947,9,-54.478
65,2.7947,10,-50.886
65,2.7947,11,-52.996
65,2.7947,12,-48.842
65,2.7947,13,-58.95
65,2.7947,14,-63.978
65,2.7947,15,-58.224
65,2.7947,16,-54.088
65,2.7947,17,-60.632
65,2.7947,18,-62.741
65,2.7947,19,-64.902
65,2.7947,20,-61.905
65,2.7947,21,-59.722
65,2.7947,22,-62.943
65,2.7947,23,-61.958
65,2.7947,24,-59.532
65,2.7947,25,-64.918
65,2.7947,26,-65.232
65,2.7947,27,-59.038
65,2.7947,28,-59.944
65,2.7947,29,-59.064
65,2.7947,30,-59.599
65,2.7947,31,-60.709
65,2.7947,32,-58.118
65,2.7947,33,-52.376
65,2.7947,34,-55.547
65,2.7947,35,-55.07
65,2.7947,36,-56.241
65,2.7947,37,-54.801
65,2.7947,38,-59.124
65,2.7947,39,-58.288
65,2.7947,40,-56.869
65,2.7947,41,-55.992
65,2.7947,42,-54.768
65,2.7947,43,-53.256
65,2.7947,44,-52.631
65,2.7947,45,-51.407
65,2.7947,46,-54.436
65,2.7947,47,-54.092
65,2.7947,48,-52.281
65,2.7947,49,-54.359
65,2.7947,50,-53.397
65,2.7947,51,-53.301
65,2.7947,52,-50.504
65,2.7947,53,-52.075
65,2.7947,54,-47.641
65,2.7947,55,-49.272
65,2.7947,56,-50.584
65,2.7947,57,-51.171
65,2.7947,58,-50.325
65,2.7947,59,-51.743
65,2.7947,60,-51.684
65,2.7947,61,-50.754
65,2.7947,62,-57.726
65,2.7947,63,-99.433
65,2.7947,64,-82.899
66,2.8373,1,-61.344
66,2.8373,2,-52.931
66,2.8373,3,-36.677
66,2.8373,4,-40.689
66,2.8373,5,-57.118
66,2.8373,6,-64.944
66,2.8373,7,-56.634
66,2.8373,8,-58.853
66,2.8373,9,-62.594
66,2.8373,10,-60.498
66,2.8373,11,-62.071
66,2.8373,12,-66.352
66,2.8373,13,-67.025
66,2.8373,14,-64.404
66,2.8373,15,-65.958
66,2.8373,16,-71.133
66,2.8373,17,-70.354
66,2.8373,18,-68.396
66,2.8373,19,-66.913
66,2.8373,20,-67.984
66,2.8373,21,-64.537
66,2.8373,22,-62.384
66,2.8373,23,-65.238
66,2.8373,24,-65.964
66,2.8373,25,-71.149
66,2.8373,26,-68.29
66,2.8373,27,-67.71
66,2.8373,28,-69.884
66,2.8373,29,-73.164
66,2.8373,30,-72.412
66,2.8373,31,-71.681
66,2.8373,32,-75.14
66,2.8373,33,-71.819
66,2.8373,34,-74.923
66,2.8373,35,-74.582
66,2.8373,36,-74.579
66,2.8373,37,-72.052
66,2.8373,38,-69.446
66,2.8373,39,-73.911
66,2.8373,40,-71.162
66,2.8373,41,-71.939
66,2.8373,42,-71.457
66,2.8373,43,-68.798
66,2.8373,44,-71.182
66,2.8373,45,-72.521
66,2.8373,46,-72.255
66,2.8373,47,-74.731
66,2.8373,48,-72.789
66,2.8373,49,-71.666
66,2.8373,50,-73.198
66,2.8373,51,-74.662
66,2.8373,52,-75.201
66,2.8373,53,-78.172
66,2.8373,54,-79.139
66,2.8373,55,-81.539
66,2.8373,56,-77.49
66,2.8373,57,-78.864
66,2.8373,58,-77.452
66,2.8373,59,-77.325
66,2.8373,60,-77.253
66,2.8373,61,-77.08
66,2.8373,62,-83.475
66,2.8373,63,-99.998
66,2.8373,64,-99.466
67,2.88,1,-76.952
67,2.88,2,-62.982
67,2.88,3,-48.451
67,2.88,4,-51.946
67,2.88,5,-58.037
67,2.88,6,-64.64
67,2.88,7,-58.768
67,2.88,8,-57.976
67,2.88,9,-58.997
67,2.88,10,-61.203
67,2.88,11,-62.483
67,2.88,12,-65.365
67,2.88,13,-68.226
67,2.88,14,-64.532
67,2.88,15,-63.603
67,2.88,16,-68.723
67,2.88,17,-69.229
67,2.88,18,-71.189
67,2.88,19,-65.757
67,2.88,20,-67.464
67,2.88,21,-66.198
67,2.88,22,-60.5
67,2.88,23,-62.272
67,2.88,24,-67.807
67,2.88,25,-70.152
67,2.88,26,-66.888
67,2.88,27,-66.196
67,2.88,28,-70.701
67,2.88,29,-72.798
67,2.88,30,-72.951
67,2.88,31,-70.847
67,2.88,32,-71.64
67,2.88,33,-70.611
67,2.88,34,-71.869
67,2.88,35,-73.517
67,2.88,36,-78.775
67,2.88,37,-68.732
67,2.88,38,-67.33
67,2.88,39,-70.49
67,2.88,40,-73.25
67,2.88,41,-69.715
67,2.88,42,-69.538
67,2.88,43,-66.493
67,2.88,44,-70.279
67,2.88,45,-72.284
67,2.88,46,-72.064
67,2.88,47,-74.039
67,2.88,48,-70.656
67,2.88,49,-69.833
67,2.88,50,-71.436
67,2.88,51,-73.387
67,2.88,52,-81.792
67,2.88,53,-86.448
67,2.88,54,-86.22
67,2.88,55,-86.943
67,2.88,56,-89.011
67,2.88,57,-91.887
67,2.88,58,-91.974
67,2.88,59,-93.046
67,2.88,60,-95.203
67,2.88,61,-94.955
67,2.88,62,-98.935
67,2.88,63,-100.0
67,2.88,64,-99.996
68,2.9227,1,-87.46
68,2.9227,2,-73.006
68,2.9227,3,-58.917
68,2.9227,4,-60.335
68,2.9227,5,-60.462
68,2.9227,6,-65.315
68,2.9227,7,-58.368
68,2.9227,8,-61.259
68,2.9227,9,-63.408
68,2.9227,10,-58.525
68,2.9227,11,-64.956
68,2.9227,12,-70.654
68,2.9227,13,-70.547
68,2.9227,14,-65.947
68,2.9227,15,-67.499
68,2.9227,16,-67.21
68,2.9227,17,-72.218
68,2.9227,18,-72.448
68,2.9227,19,-56.687
68,2.9227,20,-59.088
68,2.9227,21,-65.374
68,2.9227,22,-68.814
68,2.9227,23,-64.609
68,2.9227,24,-69.575
68,2.9227,25,-72.563
68,2.9227,26,-68.864
68,2.9227,27,-70.806
68,2.9227,28,-73.825
68,2.9227,29,-72.84
68,2.9227,30,-72.24
68,2.9227,31,-74.471
68,2.9227,32,-77.101
68,2.9227,33,-73.328
68,2.9227,34,-74.033
68,2.9227,35,-78.255
68,2.9227,36,-79.305
68,2.9227,37,-72.314
68,2.9227,38,-71.746
68,2.9227,39,-76.098
68,2.9227,40,-76.678
68,2.9227,41,-76.769
68,2.9227,42,-73.973
68,2.9227,43,-71.682
68,2.9227,44,-71.288
68,2.9227,45,-73.965
68,2.9227,46,-73.658
68,2.9227,47,-75.569
68,2.9227,48,-72.862
68,2.9227,49,-72.691
68,2.9227,50,-78.29
68,2.9227,51,-82.596
68,2.9227,52,-84.182
68,2.9227,53,-84.55
68,2.9227,54,-84.274
68,2.9227,55,-87.909
68,2.9227,56,-90.743
68,2.9227,57,-94.338
68,2.9227,58,-93.92
68,2.9227,59,-96.328
68,2.9227,60,-97.428
68,2.9227,61,-94.699
68,2.9227,62,-99.17
68,2.9227,63,-100.0
68,2.9227,64,-99.996
69,2.9653,1,-91.367
69,2.9653,2,-77.634
69,2.9653,3,-58.798
69,2.9653,4,-52.102
69,2.9653,5,-58.57
69,2.9653,6,-64.944
69,2.9653,7,-55.454
69,2.9653,8,-59.231
69,2.9653,9,-63.19
69,2.9653,10,-58.95
69,2.9653,11,-65.116
69,2.9653,12,-67.113
69,2.9653,13,-67.993
69,2.9653,14,-64.516
69,2.9653,15,-68.601
69,2.9653,16,-70.457
69,2.9653,17,-71.131
69,2.9653,18,-68.887
69,2.9653,19,-64.407
69,2.9653,20,-64.864
69,2.9653,21,-67.173
69,2.9653,22,-65.312
69,2.9653,23,-68.429
69,2.9653,24,-68.354
69,2.9653,25,-72.497
69,2.9653,26,-70.301
69,2.9653,27,-71.301
69,2.9653,28,-73.813
69,2.9653,29,-75.025
69,2.9653,30,-76.168
69,2.9653,31,-73.316
69,2.9653,32,-78.183
69,2.9653,33,-75.683
69,2.9653,34,-74.973
69,2.9653,35,-78.269
69,2.9653,36,-77.028
69,2.9653,37,-77.352
69,2.9653,38,-81.237
69,2.9653,39,-80.562
69,2.9653,40,-77.839
69,2.9653,41,-80.695
69,2.9653,42,-81.523
69,2.9653,43,-76.599
69,2.9653,44,-79.797
69,2.9653,45,-79.148
69,2.9653,46,-78.768
69,2.9653,47,-86.037
69,2.9653,48,-83.902
69,2.9653,49,-85.344
69,2.9653,50,-80.838
69,2.9653,51,-83.388
69,2.9653,52,-89.438
69,2.9653,53,-93.197
69,2.9653,54,-88.443
69,2.9653,55,-89.376
69,2.9653,56,-94.763
69,2.9653,57,-96.065
69,2.9653,58,-96.695
69,2.9653,59,-97.794
69,2.9653,60,-97.573
69,2.9653,61,-96.626
69,2.9653,62,-99.304
69,2.9653,63,-100.0
69,2.9653,64,-99.997
70,3.008,1,-89.975
70,3.008,2,-77.685
70,3.008,3,-60.221
70,3.008,4,-50.892
70,3.008,5,-57.721
70,3.008,6,-66.548
70,3.008,7,-58.395
70,3.008,8,-56.388
70,3.008,9,-55.736
70,3.008,10,-57.66
70,3.008,11,-66.827
70,3.008,12,-70.982
70,3.008,13,-72.399
70,3.008,14,-71.591
70,3.008,15,-72.085
70,3.008,16,-69.93
70,3.008,17,-74.458
70,3.008,18,-68.989
70,3.008,19,-71.11
70,3.008,20,-72.281
70,3.008,21,-67.325
70,3.008,22,-68.837
70,3.008,23,-67.829
70,3.008,24,-68.601
70,3.008,25,-77.285
70,3.008,26,-74.656
70,3.008,27,-76.482
70,3.008,28,-76.33
70,3.008,29,-83.145
70,3.008,30,-83.099
70,3.008,31,-76.298
70,3.008,32,-86.628
70,3.008,33,-85.046
70,3.008,34,-86.306
70,3.008,35,-85.78
70,3.008,36,-86.344
70,3.008,37,-88.018
70,3.008,38,-86.552
70,3.008,39,-83.209
70,3.008,40,-84.861
70,3.008,41,-89.121
70,3.008,42,-83.113
70,3.008,43,-86.215
70,3.008,44,-88.825
70,3.008,45,-87.419
70,3.008,46,-90.199
70,3.008,47,-89.349
70,3.008,48,-89.041
70,3.008,49,-91.758
70,3.008,50,-91.033
70,3.008,51,-91.369
70,3.008,52,-94.466
70,3.008,53,-94.623
70,3.008,54,-96.265
70,3.008,55,-96.387
70,3.008,56,-97.232
70,3.008,57,-98.033
70,3.008,58,-98.665
70,3.008,59,-97.898
70,3.008,60,-97.591
70,3.008,61,-97.908
70,3.008,62,-99.675
70,3.008,63,-100.0
70,3.008,64,-99.999
71,3.0507,1,-97.867
71,3.0507,2,-76.911
71,3.0507,3,-64.753
71,3.0507,4,-61.864
71,3.0507,5,-66.572
71,3.0507,6,-71.584
71,3.0507,7,-58.886
71,3.0507,8,-57.893
71,3.0507,9,-58.849
71,3.0507,10,-58.835
71,3.0507,11,-64.463
71,3.0507,12,-60.502
71,3.0507,13,-68.099
71,3.0507,14,-72.208
71,3.0507,15,-74.06
71,3.0507,16,-75.492
71,3.0507,17,-74.713
71,3.0507,18,-68.89
71,3.0507,19,-65.528
71,3.0507,20,-66.772
71,3.0507,21,-72.76
71,3.0507,22,-73.006
71,3.0507,23,-70.419
71,3.0507,24,-69.323
71,3.0507,25,-76.603
71,3.0507,26,-73.305
71,3.0507,27,-74.718
71,3.0507,28,-72.848
71,3.0507,29,-82.563
71,3.0507,30,-82.574
71,3.0507,31,-78.49
71,3.0507,32,-85.896
71,3.0507,33,-84.864
71,3.0507,34,-85.912
71,3.0507,35,-87.307
71,3.0507,36,-89.842
71,3.0507,37,-90.078
71,3.0507,38,-89.567
71,3.0507,39,-87.99
71,3.0507,40,-89.178
71,3.0507,41,-90.506
71,3.0507,42,-87.518
71,3.0507,43,-90.084
71,3.0507,44,-91.65
71,3.0507,45,-92.359
71,3.0507,46,-92.617
71,3.0507,47,-90.87
71,3.0507,48,-90.45
71,3.0507,49,-95.393
71,3.0507,50,-95.004
71,3.0507,51,-95.356
71,3.0507,52,-96.252
71,3.0507,53,-97.305
71,3.0507,54,-95.731
71,3.0507,55,-96.71
71,3.0507,56,-97.337
71,3.0507,57,-97.753
71,3.0507,58,-96.846
71,3.0507,59,-98.133
71,3.0507,60,-98.009
71,3.0507,61,-97.84
71,3.0507,62,-99.392
71,3.0507,63,-100.0
71,3.0507,64,-99.998
72,3.0933,1,-72.797
72,3.0933,2,-76.945
72,3.0933,3,-61.605
72,3.0933,4,-55.812
72,3.0933,5,-56.976
72,3.0933,6,-58.402
72,3.0933,7,-49.119
72,3.0933,8,-49.399
72,3.0933,9,-54.484
72,3.0933,10,-57.087
72,3.0933,11,-61.807
72,3.0933,12,-63.664
72,3.0933,13,-70.22
72,3.0933,14,-71.928
72,3.0933,15,-72.267
72,3.0933,16,-72.543
72,3.0933,17,-74.396
72,3.0933,18,-72.723
72,3.0933,19,-69.547
72,3.0933,20,-68.794
72,3.0933,21,-65.232
72,3.0933,22,-58.34
72,3.0933,23,-57.681
72,3.0933,24,-58.645
72,3.0933,25,-64.986
72,3.0933,26,-71.979
72,3.0933,27,-73.458
72,3.0933,28,-71.205
72,3.0933,29,-70.86
72,3.0933,30,-75.35
72,3.0933,31,-74.26
72,3.0933,32,-75.244
72,3.0933,33,-77.725
72,3.0933,34,-75.618
72,3.0933,35,-70.47
72,3.0933,36,-71.653
72,3.0933,37,-86.653
72,3.0933,38,-88.336
72,3.0933,39,-85.785
72,3.0933,40,-84.274
72,3.0933,41,-89.464
72,3.0933,42,-85.494
72,3.0933,43,-86.078
72,3.0933,44,-88.659
72,3.0933,45,-89.194
72,3.0933,46,-81.798
72,3.0933,47,-76.896
72,3.0933,48,-75.891
72,3.0933,49,-75.292
72,3.0933,50,-76.798
72,3.0933,51,-77.711
72,3.0933,52,-78.5
72,3.0933,53,-78.595
72,3.0933,54,-78.907
72,3.0933,55,-79.109
72,3.0933,56,-87.33
72,3.0933,57,-90.345
72,3.0933,58,-92.816
72,3.0933,59,-92.568
72,3.0933,60,-93.851
72,3.0933,61,-95.018
72,3.0933,62,-99.089
72,3.0933,63,-100.0
72,3.0933,64,-99.996
73,3.136,1,-69.608
73,3.136,2,-61.407
73,3.136,3,-51.253
73,3.136,4,-59.865
73,3.136,5,-46.169
73,3.136,6,-44.189
73,3.136,7,-43.585
73,3.136,8,-39.178
73,3.136,9,-46.422
73,3.136,10,-49.683
73,3.136,11,-60.549
73,3.136,12,-60.006
73,3.136,13,-64.008
73,3.136,14,-65.48
73,3.136,15,-64.918
73,3.136,16,-63.089
73,3.136,17,-61.624
73,3.136,18,-62.374
73,3.136,19,-60.305
73,3.136,20,-53.924
73,3.136,21,-46.573
73,3.136,22,-44.598
73,3.136,23,-47.015
73,3.136,24,-48.082
73,3.136,25,-54.405
73,3.136,26,-63.237
73,3.136,27,-69.612
73,3.136,28,-69.098
73,3.136,29,-67.28
73,3.136,30,-75.498
73,3.136,31,-71.592
73,3.136,32,-72.844
73,3.136,33,-75.157
73,3.136,34,-75.919
73,3.136,35,-70.432
73,3.136,36,-65.716
73,3.136,37,-79.582
73,3.136,38,-89.049
73,3.136,39,-85.99
73,3.136,40,-84.982
73,3.136,41,-88.6
73,3.136,42,-87.582
73,3.136,43,-86.587
73,3.136,44,-88.907
73,3.136,45,-87.322
73,3.136,46,-82.427
73,3.136,47,-71.651
73,3.136,48,-68.686
73,3.136,49,-66.628
73,3.136,50,-68.9
73,3.136,51,-68.03
73,3.136,52,-70.452
73,3.136,53,-68.974
73,3.136,54,-71.626
73,3.136,55,-67.416
73,3.136,56,-74.006
73,3.136,57,-81.213
73,3.136,58,-90.497
73,3.136,59,-92.984
73,3.136,60,-92.648
73,3.136,61,-94.259
73,3.136,62,-99.405
73,3.136,63,-100.0
73,3.136,64,-99.996
74,3.1787,1,-73.695
74,3.1787,2,-79.143
74,3.1787,3,-47.217
74,3.1787,4,-38.674
74,3.1787,5,-49.341
74,3.1787,6,-57.715
74,3.1787,7,-34.674
74,3.1787,8,-38.151
74,3.1787,9,-53.333
74,3.1787,10,-46.555
74,3.1787,11,-59.119
74,3.1787,12,-52.516
74,3.1787,13,-58.388
74,3.1787,14,-58.898
74,3.1787,15,-62.184
74,3.1787,16,-59.399
74,3.1787,17,-59.253
74,3.1787,18,-56.345
74,3.1787,19,-51.275
74,3.1787,20,-46.022
74,3.1787,21,-44.886
74,3.1787,22,-50.98
74,3.1787,23,-51.042
74,3.1787,24,-51.246
74,3.1787,25,-56.313
74,3.1787,26,-65.003
74,3.1787,27,-70.21
74,3.1787,28,-66.698
74,3.1787,29,-66.032
74,3.1787,30,-68.772
74,3.1787,31,-66.666
74,3.1787,32,-71.0
74,3.1787,33,-75.133
74,3.1787,34,-75.366
74,3.1787,35,-72.128
74,3.1787,36,-68.16
74,3.1787,37,-78.294
74,3.1787,38,-88.181
74,3.1787,39,-83.427
74,3.1787,40,-82.537
74,3.1787,41,-88.696
74,3.1787,42,-79.634
74,3.1787,43,-75.995
74,3.1787,44,-80.686
74,3.1787,45,-72.361
74,3.1787,46,-71.391
74,3.1787,47,-57.13
74,3.1787,48,-56.276
74,3.1787,49,-56.85
74,3.1787,50,-58.929
74,3.1787,51,-61.234
74,3.1787,52,-60.217
74,3.1787,53,-61.361
74,3.1787,54,-64.436
74,3.1787,55,-62.307
74,3.1787,56,-68.867
74,3.1787,57,-72.966
74,3.1787,58,-81.436
74,3.1787,59,-87.11
74,3.1787,60,-91.848
74,3.1787,61,-93.698
74,3.1787,62,-98.492
74,3.1787,63,-99.999
74,3.1787,64,-99.993
75,3.2213,1,-65.522
75,3.2213,2,-79.364
75,3.2213,3,-44.781
75,3.2213,4,-32.305
75,3.2213,5,-40.125
75,3.2213,6,-61.597
75,3.2213,7,-34.655
75,3.2213,8,-36.071
75,3.2213,9,-61.004
75,3.2213,10,-48.164
75,3.2213,11,-52.603
75,3.2213,12,-51.147
75,3.2213,13,-51.443
75,3.2213,14,-60.507
75,3.2213,15,-60.231
75,3.2213,16,-57.769
75,3.2213,17,-58.178
75,3.2213,18,-53.27
75,3.2213,19,-57.002
75,3.2213,20,-53.847
75,3.2213,21,-56.264
75,3.2213,22,-58.128
75,3.2213,23,-58.615
75,3.2213,24,-58.159
75,3.2213,25,-63.38
75,3.2213,26,-66.579
75,3.2213,27,-67.612
75,3.2213,28,-67.825
75,3.2213,29,-72.5
75,3.2213,30,-76.2
75,3.2213,31,-73.993
75,3.2213,32,-80.657
75,3.2213,33,-81.665
75,3.2213,34,-82.02
75,3.2213,35,-79.483
75,3.2213,36,-78.564
75,3.2213,37,-83.71
75,3.2213,38,-85.536
75,3.2213,39,-64.443
75,3.2213,40,-64.387
75,3.2213,41,-73.781
75,3.2213,42,-74.143
75,3.2213,43,-86.177
75,3.2213,44,-79.943
75,3.2213,45,-80.314
75,3.2213,46,-77.59
75,3.2213,47,-67.232
75,3.2213,48,-66.141
75,3.2213,49,-61.916
75,3.2213,50,-62.093
75,3.2213,51,-72.223
75,3.2213,52,-75.817
75,3.2213,53,-72.22
75,3.2213,54,-71.301
75,3.2213,55,-75.895
75,3.2213,56,-76.842
75,3.2213,57,-81.688
75,3.2213,58,-86.085
75,3.2213,59,-89.957
75,3.2213,60,-91.964
75,3.2213,61,-92.108
75,3.2213,62,-97.755
75,3.2213,63,-99.999
75,3.2213,64,-99.989
76,3.264,1,-79.627
76,3.264,2,-68.801
76,3.264,3,-41.511
76,3.264,4,-31.238
76,3.264,5,-41.065
76,3.264,6,-61.493
76,3.264,7,-35.16
76,3.264,8,-38.142
76,3.264,9,-55.753
76,3.264,10,-46.449
76,3.264,11,-58.08
76,3.264,12,-54.041
76,3.264,13,-58.457
76,3.264,14,-58.285
76,3.264,15,-62.459
76,3.264,16,-62.764
76,3.264,17,-64.586
76,3.264,18,-62.642
76,3.264,19,-61.757
76,3.264,20,-58.432
76,3.264,21,-54.152
76,3.264,22,-61.29
76,3.264,23,-58.788
76,3.264,24,-60.758
76,3.264,25,-65.197
76,3.264,26,-63.267
76,3.264,27,-61.224
76,3.264,28,-61.984
76,3.264,29,-72.784
76,3.264,30,-71.383
76,3.264,31,-71.676
76,3.264,32,-75.898
76,3.264,33,-77.064
76,3.264,34,-78.002
76,3.264,35,-72.554
76,3.264,36,-75.363
76,3.264,37,-76.276
76,3.264,38,-78.502
76,3.264,39,-72.508
76,3.264,40,-73.931
76,3.264,41,-77.584
76,3.264,42,-78.766
76,3.264,43,-80.037
76,3.264,44,-76.151
76,3.264,45,-81.138
76,3.264,46,-72.548
76,3.264,47,-67.063
76,3.264,48,-75.099
76,3.264,49,-64.241
76,3.264,50,-65.347
76,3.264,51,-79.414
76,3.264,52,-79.41
76,3.264,53,-76.438
76,3.264,54,-77.843
76,3.264,55,-80.443
76,3.264,56,-79.836
76,3.264,57,-82.916
76,3.264,58,-86.479
76,3.264,59,-91.366
76,3.264,60,-93.442
76,3.264,61,-94.717
76,3.264,62,-98.776
76,3.264,63,-99.999
76,3.264,64,-99.992
77,3.3067,1,-82.56
77,3.3067,2,-75.47
77,3.3067,3,-42.119
77,3.3067,4,-32.313
77,3.3067,5,-43.016
77,3.3067,6,-64.409
77,3.3067,7,-34.455
77,3.3067,8,-37.826
77,3.3067,9,-56.255
77,3.3067,10,-45.204
77,3.3067,11,-56.472
77,3.3067,12,-57.921
77,3.3067,13,-63.027
77,3.3067,14,-56.344
77,3.3067,15,-61.249
77,3.3067,16,-64.336
77,3.3067,17,-65.808
77,3.3067,18,-63.431
77,3.3067,19,-61.543
77,3.3067,20,-56.954
77,3.3067,21,-51.989
77,3.3067,22,-60.261
77,3.3067,23,-59.352
77,3.3067,24,-59.971
77,3.3067,25,-59.664
77,3.3067,26,-55.944
77,3.3067,27,-53.01
77,3.3067,28,-54.249
77,3.3067,29,-66.251
77,3.3067,30,-71.974
77,3.3067,31,-65.71
77,3.3067,32,-73.243
77,3.3067,33,-79.83
77,3.3067,34,-77.837
77,3.3067,35,-72.718
77,3.3067,36,-75.623
77,3.3067,37,-82.424
77,3.3067,38,-81.856
77,3.3067,39,-65.909
77,3.3067,40,-67.669
77,3.3067,41,-72.042
77,3.3067,42,-75.847
77,3.3067,43,-78.353
77,3.3067,44,-72.493
77,3.3067,45,-79.281
77,3.3067,46,-75.745
77,3.3067,47,-68.598
77,3.3067,48,-73.276
77,3.3067,49,-62.474
77,3.3067,50,-65.663
77,3.3067,51,-81.35
77,3.3067,52,-82.664
77,3.3067,53,-80.874
77,3.3067,54,-82.967
77,3.3067,55,-81.767
77,3.3067,56,-81.608
77,3.3067,57,-82.573
77,3.3067,58,-86.717
77,3.3067,59,-91.045
77,3.3067,60,-92.869
77,3.3067,61,-95.21
77,3.3067,62,-97.939
77,3.3067,63,-99.999
77,3.3067,64,-99.991
78,3.3493,1,-89.181
78,3.3493,2,-76.13
78,3.3493,3,-41.989
78,3.3493,4,-32.0
78,3.3493,5,-41.836
78,3.3493,6,-57.429
78,3.3493,7,-36.139
78,3.3493,8,-39.315
78,3.3493,9,-56.833
78,3.3493,10,-46.54
78,3.3493,11,-57.749
78,3.3493,12,-58.966
78,3.3493,13,-62.276
78,3.3493,14,-57.442
78,3.3493,15,-61.459
78,3.3493,16,-65.687
78,3.3493,17,-68.595
78,3.3493,18,-65.33
78,3.3493,19,-60.923
78,3.3493,20,-58.507
78,3.3493,21,-54.267
78,3.3493,22,-64.497
78,3.3493,23,-59.533
78,3.3493,24,-60.002
78,3.3493,25,-60.339
78,3.3493,26,-55.397
78,3.3493,27,-52.729
78,3.3493,28,-55.447
78,3.3493,29,-71.166
78,3.3493,30,-73.978
78,3.3493,31,-67.437
78,3.3493,32,-74.379
78,3.3493,33,-82.076
78,3.3493,34,-80.586
78,3.3493,35,-73.853
78,3.3493,36,-77.845
78,3.3493,37,-84.438
78,3.3493,38,-74.912
78,3.3493,39,-67.282
78,3.3493,40,-70.963
78,3.3493,41,-75.402
78,3.3493,42,-81.643
78,3.3493,43,-79.83
78,3.3493,44,-73.6
78,3.3493,45,-81.626
78,3.3493,46,-72.883
78,3.3493,47,-65.279
78,3.3493,48,-62.659
78,3.3493,49,-55.754
78,3.3493,50,-64.795
78,3.3493,51,-76.468
78,3.3493,52,-74.873
78,3.3493,53,-73.644
78,3.3493,54,-79.872
78,3.3493,55,-77.582
78,3.3493,56,-81.128
78,3.3493,57,-80.675
78,3.3493,58,-86.675
78,3.3493,59,-91.366
78,3.3493,60,-92.678
78,3.3493,61,-94.341
78,3.3493,62,-98.646
78,3.3493,63,-99.999
78,3.3493,64,-99.993
79,3.392,1,-89.896
79,3.392,2,-75.036
79,3.392,3,-42.402
79,3.392,4,-31.816
79,3.392,5,-41.114
79,3.392,6,-63.64
79,3.392,7,-36.897
79,3.392,8,-40.222
79,3.392,9,-58.14
79,3.392,10,-48.785
79,3.392,11,-60.491
79,3.392,12,-60.933
79,3.392,13,-65.142
79,3.392,14,-61.008
79,3.392,15,-66.148
79,3.392,16,-71.408
79,3.392,17,-70.58
79,3.392,18,-65.773
79,3.392,19,-64.417
79,3.392,20,-64.203
79,3.392,21,-63.417
79,3.392,22,-70.085
79,3.392,23,-67.547
79,3.392,24,-67.752
79,3.392,25,-67.27
79,3.392,26,-62.993
79,3.392,27,-62.316
79,3.392,28,-68.977
79,3.392,29,-78.258
79,3.392,30,-79.831
79,3.392,31,-77.943
79,3.392,32,-81.671
79,3.392,33,-78.831
79,3.392,34,-78.05
79,3.392,35,-77.069
79,3.392,36,-77.506
79,3.392,37,-80.966
79,3.392,38,-77.529
79,3.392,39,-71.699
79,3.392,40,-75.632
79,3.392,41,-80.908
79,3.392,42,-81.521
79,3.392,43,-80.295
79,3.392,44,-73.734
79,3.392,45,-77.098
79,3.392,46,-68.278
79,3.392,47,-63.385
79,3.392,48,-59.936
79,3.392,49,-54.55
79,3.392,50,-62.104
79,3.392,51,-71.8
79,3.392,52,-73.384
79,3.392,53,-77.079
79,3.392,54,-75.673
79,3.392,55,-74.643
79,3.392,56,-76.469
79,3.392,57,-75.378
79,3.392,58,-82.178
79,3.392,59,-90.663
79,3.392,60,-91.641
79,3.392,61,-92.149
79,3.392,62,-97.673
79,3.392,63,-99.999
79,3.392,64,-99.988
80,3.4347,1,-67.72
80,3.4347,2,-80.361
80,3.4347,3,-40.327
80,3.4347,4,-33.499
80,3.4347,5,-47.164
80,3.4347,6,-54.345
80,3.4347,7,-39.881
80,3.4347,8,-42.821
80,3.4347,9,-58.605
80,3.4347,10,-51.264
80,3.4347,11,-61.423
80,3.4347,12,-60.898
80,3.4347,13,-63.736
80,3.4347,14,-60.898
80,3.4347,15,-69.102
80,3.4347,16,-66.134
80,3.4347,17,-68.824
80,3.4347,18,-69.637
80,3.4347,19,-69.936
80,3.4347,20,-65.862
80,3.4347,21,-65.474
80,3.4347,22,-60.172
80,3.4347,23,-58.21
80,3.4347,24,-62.829
80,3.4347,25,-63.21
80,3.4347,26,-57.445
80,3.4347,27,-56.305
80,3.4347,28,-64.797
80,3.4347,29,-74.854
80,3.4347,30,-76.174
80,3.4347,31,-69.116
80,3.4347,32,-63.801
80,3.4347,33,-70.747
80,3.4347,34,-69.253
80,3.4347,35,-66.205
80,3.4347,36,-65.69
80,3.4347,37,-68.402
80,3.4347,38,-71.238
80,3.4347,39,-71.632
80,3.4347,40,-67.53
80,3.4347,41,-72.775
80,3.4347,42,-71.394
80,3.4347,43,-69.518
80,3.4347,44,-69.432
80,3.4347,45,-67.691
80,3.4347,46,-65.099
80,3.4347,47,-66.485
80,3.4347,48,-64.84
80,3.4347,49,-58.844
80,3.4347,50,-64.764
80,3.4347,51,-65.828
80,3.4347,52,-68.019
80,3.4347,53,-71.402
80,3.4347,54,-71.37
80,3.4347,55,-73.56
80,3.4347,56,-76.867
80,3.4347,57,-79.783
80,3.4347,58,-87.184
80,3.4347,59,-90.218
80,3.4347,60,-91.024
80,3.4347,61,-94.084
80,3.4347,62,-98.322
80,3.4347,63,-100.0
80,3.4347,64,-99.993
81,3.4773,1,-70.086
81,3.4773,2,-79.475
81,3.4773,3,-44.167
81,3.4773,4,-32.25
81,3.4773,5,-40.893
81,3.4773,6,-65.499
81,3.4773,7,-35.143
81,3.4773,8,-36.796
81,3.4773,9,-60.103
81,3.4773,10,-44.579
81,3.4773,11,-51.956
81,3.4773,12,-54.551
81,3.4773,13,-56.863
81,3.4773,14,-62.462
81,3.4773,15,-65.149
81,3.4773,16,-65.593
81,3.4773,17,-66.787
81,3.4773,18,-61.354
81,3.4773,19,-67.295
81,3.4773,20,-65.436
81,3.4773,21,-63.336
81,3.4773,22,-64.721
81,3.4773,23,-57.13
81,3.4773,24,-54.286
81,3.4773,25,-52.648
81,3.4773,26,-54.659
81,3.4773,27,-53.511
81,3.4773,28,-68.371
81,3.4773,29,-76.572
81,3.4773,30,-79.302
81,3.4773,31,-75.017
81,3.4773,32,-69.677
81,3.4773,33,-64.475
81,3.4773,34,-69.314
81,3.4773,35,-76.575
81,3.4773,36,-70.963
81,3.4773,37,-74.267
81,3.4773,38,-78.041
81,3.4773,39,-70.529
81,3.4773,40,-70.978
81,3.4773,41,-74.484
81,3.4773,42,-70.932
81,3.4773,43,-67.401
81,3.4773,44,-60.017
81,3.4773,45,-62.54
81,3.4773,46,-55.339
81,3.4773,47,-56.861
81,3.4773,48,-57.743
81,3.4773,49,-56.02
81,3.4773,50,-61.684
81,3.4773,51,-58.573
81,3.4773,52,-60.911
81,3.4773,53,-69.382
81,3.4773,54,-68.167
81,3.4773,55,-69.768
81,3.4773,56,-75.565
81,3.4773,57,-79.652
81,3.4773,58,-87.626
81,3.4773,59,-90.676
81,3.4773,60,-90.964
81,3.4773,61,-93.107
81,3.4773,62,-97.616
81,3.4773,63,-99.999
81,3.4773,64,-99.99
82,3.52,1,-79.958
82,3.52,2,-78.643
82,3.52,3,-42.039
82,3.52,4,-31.842
82,3.52,5,-41.752
82,3.52,6,-69.563
82,3.52,7,-35.004
82,3.52,8,-38.226
82,3.52,9,-56.572
82,3.52,10,-46.18
82,3.52,11,-57.652
82,3.52,12,-55.491
82,3.52,13,-60.616
82,3.52,14,-54.294
82,3.52,15,-58.656
82,3.52,16,-68.092
82,3.52,17,-65.422
82,3.52,18,-61.46
82,3.52,19,-61.773
82,3.52,20,-62.177
82,3.52,21,-62.171
82,3.52,22,-64.184
82,3.52,23,-64.799
82,3.52,24,-55.948
82,3.52,25,-53.68
82,3.52,26,-51.585
82,3.52,27,-51.112
82,3.52,28,-58.323
82,3.52,29,-76.168
82,3.52,30,-79.086
82,3.52,31,-77.534
82,3.52,32,-75.813
82,3.52,33,-66.86
82,3.52,34,-69.028
82,3.52,35,-74.027
82,3.52,36,-68.469
82,3.52,37,-74.235
82,3.52,38,-78.654
82,3.52,39,-71.792
82,3.52,40,-71.503
82,3.52,41,-71.955
82,3.52,42,-73.925
82,3.52,43,-68.263
82,3.52,44,-61.27
82,3.52,45,-60.907
82,3.52,46,-55.749
82,3.52,47,-59.827
82,3.52,48,-60.293
82,3.52,49,-58.981
82,3.52,50,-59.001
82,3.52,51,-60.059
82,3.52,52,-63.909
82,3.52,53,-70.933
82,3.52,54,-75.055
82,3.52,55,-76.07
82,3.52,56,-76.999
82,3.52,57,-79.438
82,3.52,58,-85.265
82,3.52,59,-87.288
82,3.52,60,-90.799
82,3.52,61,-93.582
82,3.52,62,-97.973
82,3.52,63,-99.999
82,3.52,64,-99.99
83,3.5627,1,-82.775
83,3.5627,2,-80.551
83,3.5627,3,-42.45
83,3.5627,4,-32.401
83,3.5627,5,-42.284
83,3.5627,6,-65.116
83,3.5627,7,-35.075
83,3.5627,8,-37.657
83,3.5627,9,-56.102
83,3.5627,10,-45.083
83,3.5627,11,-55.953
83,3.5627,12,-55.768
83,3.5627,13,-59.373
83,3.5627,14,-53.208
83,3.5627,15,-57.281
83,3.5627,16,-70.335
83,3.5627,17,-66.777
83,3.5627,18,-61.399
83,3.5627,19,-65.307
83,3.5627,20,-62.963
83,3.5627,21,-59.922
83,3.5627,22,-64.707
83,3.5627,23,-64.586
83,3.5627,24,-58.075
83,3.5627,25,-55.767
83,3.5627,26,-53.395
83,3.5627,27,-51.919
83,3.5627,28,-56.175
83,3.5627,29,-73.4
83,3.5627,30,-79.396
83,3.5627,31,-81.644
83,3.5627,32,-80.757
83,3.5627,33,-72.231
83,3.5627,34,-70.131
83,3.5627,35,-76.402
83,3.5627,36,-67.571
83,3.5627,37,-70.075
83,3.5627,38,-77.823
83,3.5627,39,-71.15
83,3.5627,40,-75.378
83,3.5627,41,-75.173
83,3.5627,42,-81.709
83,3.5627,43,-73.049
83,3.5627,44,-65.72
83,3.5627,45,-59.948
83,3.5627,46,-52.705
83,3.5627,47,-56.857
83,3.5627,48,-55.456
83,3.5627,49,-54.297
83,3.5627,50,-60.213
83,3.5627,51,-58.328
83,3.5627,52,-59.462
83,3.5627,53,-66.915
83,3.5627,54,-76.991
83,3.5627,55,-81.476
83,3.5627,56,-81.503
83,3.5627,57,-83.42
83,3.5627,58,-88.499
83,3.5627,59,-87.311
83,3.5627,60,-93.232
83,3.5627,61,-94.833
83,3.5627,62,-98.602
83,3.5627,63,-99.999
83,3.5627,64,-99.994
84,3.6053,1,-83.021
84,3.6053,2,-80.876
84,3.6053,3,-42.557
84,3.6053,4,-32.101
84,3.6053,5,-41.375
84,3.6053,6,-66.902
84,3.6053,7,-35.507
84,3.6053,8,-38.023
84,3.6053,9,-56.89
84,3.6053,10,-45.156
84,3.6053,11,-55.79
84,3.6053,12,-55.552
84,3.6053,13,-59.75
84,3.6053,14,-53.408
84,3.6053,15,-56.975
84,3.6053,16,-69.15
84,3.6053,17,-66.238
84,3.6053,18,-61.199
84,3.6053,19,-63.082
84,3.6053,20,-60.172
84,3.6053,21,-54.278
84,3.6053,22,-53.922
84,3.6053,23,-57.105
84,3.6053,24,-59.103
84,3.6053,25,-59.361
84,3.6053,26,-51.964
84,3.6053,27,-49.558
84,3.6053,28,-56.405
84,3.6053,29,-65.074
84,3.6053,30,-72.918
84,3.6053,31,-78.775
84,3.6053,32,-83.778
84,3.6053,33,-81.031
84,3.6053,34,-74.512
84,3.6053,35,-79.536
84,3.6053,36,-69.283
84,3.6053,37,-69.94
84,3.6053,38,-75.236
84,3.6053,39,-70.762
84,3.6053,40,-79.19
84,3.6053,41,-83.16
84,3.6053,42,-84.316
84,3.6053,43,-76.659
84,3.6053,44,-64.703
84,3.6053,45,-61.855
84,3.6053,46,-58.466
84,3.6053,47,-60.071
84,3.6053,48,-53.547
84,3.6053,49,-51.0
84,3.6053,50,-58.391
84,3.6053,51,-59.313
84,3.6053,52,-58.922
84,3.6053,53,-64.222
84,3.6053,54,-75.043
84,3.6053,55,-76.741
84,3.6053,56,-77.077
84,3.6053,57,-81.035
84,3.6053,58,-86.167
84,3.6053,59,-89.595
84,3.6053,60,-91.903
84,3.6053,61,-93.72
84,3.6053,62,-98.486
84,3.6053,63,-99.999
84,3.6053,64,-99.993
85,3.648,1,-80.897
85,3.648,2,-81.464
85,3.648,3,-42.819
85,3.648,4,-32.262
85,3.648,5,-41.675
85,3.648,6,-69.525
85,3.648,7,-34.727
85,3.648,8,-37.142
85,3.648,9,-55.223
85,3.648,10,-44.11
85,3.648,11,-54.71
85,3.648,12,-56.581
85,3.648,13,-59.83
85,3.648,14,-56.974
85,3.648,15,-59.842
85,3.648,16,-57.693
85,3.648,17,-61.438
85,3.648,18,-58.936
85,3.648,19,-69.134
85,3.648,20,-63.369
85,3.648,21,-57.194
85,3.648,22,-67.283
85,3.648,23,-63.541
85,3.648,24,-63.7
85,3.648,25,-62.822
85,3.648,26,-55.89
85,3.648,27,-53.094
85,3.648,28,-58.388
85,3.648,29,-68.479
85,3.648,30,-75.324
85,3.648,31,-79.064
85,3.648,32,-89.596
85,3.648,33,-87.199
85,3.648,34,-79.807
85,3.648,35,-76.582
85,3.648,36,-77.052
85,3.648,37,-79.254
85,3.648,38,-84.059
85,3.648,39,-77.637
85,3.648,40,-82.119
85,3.648,41,-85.027
85,3.648,42,-87.034
85,3.648,43,-79.048
85,3.648,44,-66.395
85,3.648,45,-64.243
85,3.648,46,-60.066
85,3.648,47,-65.177
85,3.648,48,-59.031
85,3.648,49,-56.878
85,3.648,50,-61.498
85,3.648,51,-65.771
85,3.648,52,-70.367
85,3.648,53,-74.5
85,3.648,54,-75.083
85,3.648,55,-72.836
85,3.648,56,-77.715
85,3.648,57,-83.653
85,3.648,58,-88.507
85,3.648,59,-92.438
85,3.648,60,-91.895
85,3.648,61,-93.587
85,3.648,62,-98.36
85,3.648,63,-99.999
85,3.648,64,-99.991
86,3.6907,1,-82.357
86,3.6907,2,-86.154
86,3.6907,3,-45.235
86,3.6907,4,-33.438
86,3.6907,5,-42.014
86,3.6907,6,-62.592
86,3.6907,7,-36.311
86,3.6907,8,-37.894
86,3.6907,9,-60.746
86,3.6907,10,-46.549
86,3.6907,11,-54.61
86,3.6907,12,-53.397
86,3.6907,13,-55.579
86,3.6907,14,-52.525
86,3.6907,15,-53.589
86,3.6907,16,-59.844
86,3.6907,17,-62.922
86,3.6907,18,-69.23
86,3.6907,19,-67.518
86,3.6907,20,-67.093
86,3.6907,21,-69.128
86,3.6907,22,-68.813
86,3.6907,23,-70.052
86,3.6907,24,-72.554
86,3.6907,25,-71.223
86,3.6907,26,-66.791
86,3.6907,27,-61.576
86,3.6907,28,-68.866
86,3.6907,29,-85.347
86,3.6907,30,-85.696
86,3.6907,31,-87.92
86,3.6907,32,-88.69
86,3.6907,33,-83.412
86,3.6907,34,-79.549
86,3.6907,35,-77.932
86,3.6907,36,-83.822
86,3.6907,37,-82.766
86,3.6907,38,-85.467
86,3.6907,39,-81.693
86,3.6907,40,-85.007
86,3.6907,41,-82.817
86,3.6907,42,-80.824
86,3.6907,43,-70.972
86,3.6907,44,-67.255
86,3.6907,45,-65.773
86,3.6907,46,-62.87
86,3.6907,47,-70.613
86,3.6907,48,-67.329
86,3.6907,49,-66.456
86,3.6907,50,-73.161
86,3.6907,51,-70.142
86,3.6907,52,-70.719
86,3.6907,53,-75.062
86,3.6907,54,-74.964
86,3.6907,55,-72.945
86,3.6907,56,-80.076
86,3.6907,57,-83.371
86,3.6907,58,-86.854
86,3.6907,59,-89.948
86,3.6907,60,-91.542
86,3.6907,61,-95.043
86,3.6907,62,-99.754
86,3.6907,63,-99.999
86,3.6907,64,-99.997
87,3.7333,1,-80.433
87,3.7333,2,-78.686
87,3.7333,3,-61.595
87,3.7333,4,-34.385
87,3.7333,5,-36.649
87,3.7333,6,-63.606
87,3.7333,7,-42.763
87,3.7333,8,-35.137
87,3.7333,9,-51.323
87,3.7333,10,-53.473
87,3.7333,11,-46.891
87,3.7333,12,-59.935
87,3.7333,13,-49.79
87,3.7333,14,-58.758
87,3.7333,15,-46.216
87,3.7333,16,-47.18
87,3.7333,17,-55.951
87,3.7333,18,-61.133
87,3.7333,19,-65.469
87,3.7333,20,-65.834
87,3.7333,21,-67.686
87,3.7333,22,-67.117
87,3.7333,23,-69.588
87,3.7333,24,-72.414
87,3.7333,25,-74.39
87,3.7333,26,-70.41
87,3.7333,27,-66.295
87,3.7333,28,-67.8
87,3.7333,29,-80.048
87,3.7333,30,-83.033
87,3.7333,31,-76.384
87,3.7333,32,-82.309
87,3.7333,33,-78.507
87,3.7333,34,-75.988
87,3.7333,35,-80.741
87,3.7333,36,-82.931
87,3.7333,37,-78.762
87,3.7333,38,-76.64
87,3.7333,39,-83.626
87,3.7333,40,-83.024
87,3.7333,41,-82.888
87,3.7333,42,-70.252
87,3.7333,43,-73.838
87,3.7333,44,-68.161
87,3.7333,45,-67.502
87,3.7333,46,-69.149
87,3.7333,47,-72.838
87,3.7333,48,-73.507
87,3.7333,49,-67.312
87,3.7333,50,-60.075
87,3.7333,51,-60.594
87,3.7333,52,-60.772
87,3.7333,53,-63.322
87,3.7333,54,-72.457
87,3.7333,55,-72.083
87,3.7333,56,-73.922
87,3.7333,57,-80.222
87,3.7333,58,-83.501
87,3.7333,59,-87.082
87,3.7333,60,-92.583
87,3.7333,61,-94.042
87,3.7333,62,-97.999
87,3.7333,63,-99.999
87,3.7333,64,-99.992
88,3.776,1,-74.112
88,3.776,2,-79.961
88,3.776,3,-56.128
88,3.776,4,-36.629
88,3.776,5,-35.877
88,3.776,6,-69.631
88,3.776,7,-44.741
88,3.776,8,-32.124
88,3.776,9,-43.552
88,3.776,10,-61.252
88,3.776,11,-49.866
88,3.776,12,-61.151
88,3.776,13,-48.419
88,3.776,14,-51.745
88,3.776,15,-38.718
88,3.776,16,-36.698
88,3.776,17,-59.371
88,3.776,18,-60.307
88,3.776,19,-56.726
88,3.776,20,-58.313
88,3.776,21,-65.677
88,3.776,22,-64.558
88,3.776,23,-64.97
88,3.776,24,-65.524
88,3.776,25,-68.475
88,3.776,26,-68.568
88,3.776,27,-64.439
88,3.776,28,-66.177
88,3.776,29,-75.768
88,3.776,30,-76.147
88,3.776,31,-77.689
88,3.776,32,-73.436
88,3.776,33,-73.007
88,3.776,34,-78.99
88,3.776,35,-82.143
88,3.776,36,-80.686
88,3.776,37,-76.991
88,3.776,38,-80.967
88,3.776,39,-80.473
88,3.776,40,-78.303
88,3.776,41,-75.525
88,3.776,42,-69.875
88,3.776,43,-72.862
88,3.776,44,-73.014
88,3.776,45,-76.343
88,3.776,46,-70.264
88,3.776,47,-66.926
88,3.776,48,-64.843
88,3.776,49,-62.0
88,3.776,50,-61.729
88,3.776,51,-61.633
88,3.776,52,-61.103
88,3.776,53,-64.503
88,3.776,54,-75.72
88,3.776,55,-74.919
88,3.776,56,-74.68
88,3.776,57,-85.406
88,3.776,58,-86.863
88,3.776,59,-89.142
88,3.776,60,-92.071
88,3.776,61,-94.162
88,3.776,62,-98.416
88,3.776,63,-99.999
88,3.776,64,-99.993
89,3.8187,1,-76.049
89,3.8187,2,-80.24
89,3.8187,3,-62.214
89,3.8187,4,-36.146
89,3.8187,5,-36.322
89,3.8187,6,-65.018
89,3.8187,7,-39.884
89,3.8187,8,-32.159
89,3.8187,9,-49.199
89,3.8187,10,-57.186
89,3.8187,11,-51.878
89,3.8187,12,-64.633
89,3.8187,13,-46.526
89,3.8187,14,-54.301
89,3.8187,15,-37.421
89,3.8187,16,-39.222
89,3.8187,17,-55.568
89,3.8187,18,-59.891
89,3.8187,19,-53.757
89,3.8187,20,-59.289
89,3.8187,21,-64.849
89,3.8187,22,-64.036
89,3.8187,23,-61.593
89,3.8187,24,-60.644
89,3.8187,25,-67.104
89,3.8187,26,-71.806
89,3.8187,27,-61.6
89,3.8187,28,-66.241
89,3.8187,29,-75.409
89,3.8187,30,-77.426
89,3.8187,31,-77.107
89,3.8187,32,-69.482
89,3.8187,33,-67.381
89,3.8187,34,-71.968
89,3.8187,35,-75.516
89,3.8187,36,-80.04
89,3.8187,37,-71.911
89,3.8187,38,-73.889
89,3.8187,39,-80.387
89,3.8187,40,-78.696
89,3.8187,41,-77.13
89,3.8187,42,-68.885
89,3.8187,43,-72.229
89,3.8187,44,-77.599
89,3.8187,45,-74.594
89,3.8187,46,-67.901
89,3.8187,47,-66.617
89,3.8187,48,-65.646
89,3.8187,49,-65.754
89,3.8187,50,-60.95
89,3.8187,51,-61.058
89,3.8187,52,-65.482
89,3.8187,53,-67.306
89,3.8187,54,-75.099
89,3.8187,55,-75.451
89,3.8187,56,-76.211
89,3.8187,57,-81.953
89,3.8187,58,-84.604
89,3.8187,59,-88.575
89,3.8187,60,-90.133
89,3.8187,61,-94.541
89,3.8187,62,-98.411
89,3.8187,63,-99.999
89,3.8187,64,-99.993
90,3.8613,1,-70.35
90,3.8613,2,-80.549
90,3.8613,3,-59.733
90,3.8613,4,-35.06
90,3.8613,5,-36.025
90,3.8613,6,-65.993
90,3.8613,7,-42.405
90,3.8613,8,-33.741
90,3.8613,9,-50.372
90,3.8613,10,-57.832
90,3.8613,11,-51.46
90,3.8613,12,-63.51
90,3.8613,13,-47.106
90,3.8613,14,-54.019
90,3.8613,15,-37.854
90,3.8613,16,-37.375
90,3.8613,17,-55.002
90,3.8613,18,-58.588
90,3.8613,19,-53.591
90,3.8613,20,-59.507
90,3.8613,21,-69.145
90,3.8613,22,-66.638
90,3.8613,23,-65.079
90,3.8613,24,-64.63
90,3.8613,25,-71.143
90,3.8613,26,-66.86
90,3.8613,27,-59.62
90,3.8613,28,-65.37
90,3.8613,29,-75.443
90,3.8613,30,-74.955
90,3.8613,31,-77.448
90,3.8613,32,-69.624
90,3.8613,33,-65.965
90,3.8613,34,-68.717
90,3.8613,35,-69.792
90,3.8613,36,-78.954
90,3.8613,37,-74.917
90,3.8613,38,-77.46
90,3.8613,39,-80.644
90,3.8613,40,-79.571
90,3.8613,41,-80.79
90,3.8613,42,-71.978
90,3.8613,43,-74.391
90,3.8613,44,-74.874
90,3.8613,45,-68.261
90,3.8613,46,-61.422
90,3.8613,47,-66.092
90,3.8613,48,-69.79
90,3.8613,49,-69.15
90,3.8613,50,-66.087
90,3.8613,51,-64.524
90,3.8613,52,-64.501
90,3.8613,53,-64.657
90,3.8613,54,-73.338
90,3.8613,55,-75.673
90,3.8613,56,-78.411
90,3.8613,57,-83.986
90,3.8613,58,-87.57
90,3.8613,59,-90.555
90,3.8613,60,-91.064
90,3.8613,61,-93.056
90,3.8613,62,-98.488
90,3.8613,63,-99.999
90,3.8613,64,-99.993
91,3.904,1,-78.77
91,3.904,2,-78.403
91,3.904,3,-55.637
91,3.904,4,-33.536
91,3.904,5,-35.377
91,3.904,6,-64.822
91,3.904,7,-43.097
91,3.904,8,-34.332
91,3.904,9,-50.454
91,3.904,10,-60.463
91,3.904,11,-52.87
91,3.904,12,-66.617
91,3.904,13,-50.76
91,3.904,14,-57.059
91,3.904,15,-48.19
91,3.904,16,-48.152
91,3.904,17,-43.764
91,3.904,18,-44.374
91,3.904,19,-54.035
91,3.904,20,-58.972
91,3.904,21,-63.384
91,3.904,22,-66.503
91,3.904,23,-65.915
91,3.904,24,-64.804
91,3.904,25,-66.358
91,3.904,26,-58.7
91,3.904,27,-53.883
91,3.904,28,-60.829
91,3.904,29,-77.1
91,3.904,30,-78.402
91,3.904,31,-73.484
91,3.904,32,-71.441
91,3.904,33,-66.123
91,3.904,34,-67.167
91,3.904,35,-78.688
91,3.904,36,-79.665
91,3.904,37,-69.228
91,3.904,38,-80.31
91,3.904,39,-83.146
91,3.904,40,-81.625
91,3.904,41,-79.993
91,3.904,42,-74.131
91,3.904,43,-75.404
91,3.904,44,-67.988
91,3.904,45,-63.927
91,3.904,46,-57.436
91,3.904,47,-62.871
91,3.904,48,-69.096
91,3.904,49,-62.94
91,3.904,50,-66.088
91,3.904,51,-71.847
91,3.904,52,-69.073
91,3.904,53,-69.503
91,3.904,54,-73.245
91,3.904,55,-68.576
91,3.904,56,-71.696
91,3.904,57,-77.007
91,3.904,58,-88.707
91,3.904,59,-89.35
91,3.904,60,-90.928
91,3.904,61,-94.544
91,3.904,62,-98.381
91,3.904,63,-99.999
91,3.904,64,-99.993
92,3.9467,1,-65.526
92,3.9467,2,-80.921
92,3.9467,3,-56.208
92,3.9467,4,-33.245
92,3.9467,5,-35.338
92,3.9467,6,-65.355
92,3.9467,7,-45.177
92,3.9467,8,-39.93
92,3.9467,9,-59.746
92,3.9467,10,-62.854
92,3.9467,11,-59.24
92,3.9467,12,-71.097
92,3.9467,13,-63.124
92,3.9467,14,-74.818
92,3.9467,15,-61.519
92,3.9467,16,-60.765
92,3.9467,17,-62.674
92,3.9467,18,-65.063
92,3.9467,19,-64.186
92,3.9467,20,-62.087
92,3.9467,21,-62.557
92,3.9467,22,-64.752
92,3.9467,23,-60.029
92,3.9467,24,-56.628
92,3.9467,25,-51.97
92,3.9467,26,-50.895
92,3.9467,27,-59.931
92,3.9467,28,-66.031
92,3.9467,29,-70.874
92,3.9467,30,-72.199
92,3.9467,31,-72.595
92,3.9467,32,-67.162
92,3.9467,33,-63.716
92,3.9467,34,-69.176
92,3.9467,35,-77.333
92,3.9467,36,-74.166
92,3.9467,37,-75.079
92,3.9467,38,-83.76
92,3.9467,39,-82.725
92,3.9467,40,-79.99
92,3.9467,41,-77.685
92,3.9467,42,-75.155
92,3.9467,43,-73.266
92,3.9467,44,-71.614
92,3.9467,45,-62.775
92,3.9467,46,-57.493
92,3.9467,47,-58.533
92,3.9467,48,-63.749
92,3.9467,49,-60.434
92,3.9467,50,-67.754
92,3.9467,51,-65.781
92,3.9467,52,-71.729
92,3.9467,53,-74.372
92,3.9467,54,-74.704
92,3.9467,55,-74.034
92,3.9467,56,-72.888
92,3.9467,57,-78.783
92,3.9467,58,-90.689
92,3.9467,59,-91.863
92,3.9467,60,-92.18
92,3.9467,61,-93.877
92,3.9467,62,-97.69
92,3.9467,63,-99.999
92,3.9467,64,-99.99
93,3.9893,1,-58.315
93,3.9893,2,-63.05
93,3.9893,3,-48.399
93,3.9893,4,-37.966
93,3.9893,5,-46.733
93,3.9893,6,-60.227
93,3.9893,7,-49.02
93,3.9893,8,-48.347
93,3.9893,9,-63.16
93,3.9893,10,-58.574
93,3.9893,11,-67.832
93,3.9893,12,-59.604
93,3.9893,13,-60.542
93,3.9893,14,-64.988
93,3.9893,15,-62.751
93,3.9893,16,-63.193
93,3.9893,17,-71.669
93,3.9893,18,-70.623
93,3.9893,19,-71.549
93,3.9893,20,-73.125
93,3.9893,21,-69.046
93,3.9893,22,-71.043
93,3.9893,23,-65.547
93,3.9893,24,-61.24
93,3.9893,25,-57.129
93,3.9893,26,-56.834
93,3.9893,27,-58.372
93,3.9893,28,-56.213
93,3.9893,29,-57.663
93,3.9893,30,-59.943
93,3.9893,31,-63.913
93,3.9893,32,-63.262
93,3.9893,33,-64.989
93,3.9893,34,-64.293
93,3.9893,35,-67.207
93,3.9893,36,-67.764
93,3.9893,37,-70.887
93,3.9893,38,-68.546
93,3.9893,39,-69.927
93,3.9893,40,-69.452
93,3.9893,41,-73.302
93,3.9893,42,-71.038
93,3.9893,43,-71.588
93,3.9893,44,-70.524
93,3.9893,45,-62.586
93,3.9893,46,-58.861
93,3.9893,47,-54.465
93,3.9893,48,-58.655
93,3.9893,49,-58.81
93,3.9893,50,-61.28
93,3.9893,51,-65.571
93,3.9893,52,-70.581
93,3.9893,53,-72.702
93,3.9893,54,-71.829
93,3.9893,55,-71.494
93,3.9893,56,-74.757
93,3.9893,57,-80.728
93,3.9893,58,-86.546
93,3.9893,59,-87.265
93,3.9893,60,-89.838
93,3.9893,61,-94.103
93,3.9893,62,-98.416
93,3.9893,63,-100.0
93,3.9893,64,-99.994
94,4.032,1,-57.284
94,4.032,2,-50.543
94,4.032,3,-24.782
94,4.032,4,-27.339
94,4.032,5,-37.24
94,4.032,6,-38.811
94,4.032,7,-38.616
94,4.032,8,-38.495
94,4.032,9,-56.07
94,4.032,10,-57.803
94,4.032,11,-57.944
94,4.032,12,-54.212
94,4.032,13,-50.825
94,4.032,14,-64.082
94,4.032,15,-57.366
94,4.032,16,-54.833
94,4.032,17,-62.437
94,4.032,18,-65.169
94,4.032,19,-66.187
94,4.032,20,-61.998
94,4.032,21,-55.362
94,4.032,22,-48.403
94,4.032,23,-46.244
94,4.032,24,-46.89
94,4.032,25,-51.955
94,4.032,26,-55.047
94,4.032,27,-62.081
94,4.032,28,-64.631
94,4.032,29,-67.052
94,4.032,30,-68.314
94,4.032,31,-70.181
94,4.032,32,-68.509
94,4.032,33,-63.051
94,4.032,34,-66.655
94,4.032,35,-71.648
94,4.032,36,-64.823
94,4.032,37,-63.617
94,4.032,38,-71.926
94,4.032,39,-72.714
94,4.032,40,-74.799
94,4.032,41,-74.66
94,4.032,42,-72.061
94,4.032,43,-69.944
94,4.032,44,-69.473
94,4.032,45,-64.868
94,4.032,46,-62.589
94,4.032,47,-59.324
94,4.032,48,-64.424
94,4.032,49,-61.596
94,4.032,50,-60.54
94,4.032,51,-62.882
94,4.032,52,-64.185
94,4.032,53,-63.649
94,4.032,54,-67.424
94,4.032,55,-67.108
94,4.032,56,-74.356
94,4.032,57,-75.933
94,4.032,58,-83.865
94,4.032,59,-88.5
94,4.032,60,-91.444
94,4.032,61,-92.907
94,4.032,62,-98.04
94,4.032,63,-99.995
94,4.032,64,-99.984
95,4.0747,1,-59.823
95,4.0747,2,-58.566
95,4.0747,3,-26.207
95,4.0747,4,-27.404
95,4.0747,5,-33.859
95,4.0747,6,-39.107
95,4.0747,7,-40.277
95,4.0747,8,-33.45
95,4.0747,9,-44.852
95,4.0747,10,-56.323
95,4.0747,11,-42.828
95,4.0747,12,-50.922
95,4.0747,13,-49.966
95,4.0747,14,-53.753
95,4.0747,15,-52.239
95,4.0747,16,-49.926
95,4.0747,17,-45.467
95,4.0747,18,-46.975
95,4.0747,19,-49.278
95,4.0747,20,-50.831
95,4.0747,21,-54.963
95,4.0747,22,-59.7
95,4.0747,23,-58.96
95,4.0747,24,-60.68
95,4.0747,25,-59.713
95,4.0747,26,-57.699
95,4.0747,27,-57.565
95,4.0747,28,-61.64
95,4.0747,29,-79.523
95,4.0747,30,-83.876
95,4.0747,31,-79.161
95,4.0747,32,-77.704
95,4.0747,33,-69.985
95,4.0747,34,-75.422
95,4.0747,35,-77.684
95,4.0747,36,-83.114
95,4.0747,37,-77.051
95,4.0747,38,-77.836
95,4.0747,39,-81.511
95,4.0747,40,-82.91
95,4.0747,41,-76.507
95,4.0747,42,-70.0
95,4.0747,43,-68.715
95,4.0747,44,-61.354
95,4.0747,45,-57.329
95,4.0747,46,-50.476
95,4.0747,47,-51.306
95,4.0747,48,-52.032
95,4.0747,49,-51.558
95,4.0747,50,-64.965
95,4.0747,51,-67.87
95,4.0747,52,-67.104
95,4.0747,53,-62.987
95,4.0747,54,-68.561
95,4.0747,55,-66.754
95,4.0747,56,-72.94
95,4.0747,57,-73.649
95,4.0747,58,-80.769
95,4.0747,59,-87.239
95,4.0747,60,-90.168
95,4.0747,61,-94.108
95,4.0747,62,-97.911
95,4.0747,63,-99.996
95,4.0747,64,-99.987
96,4.1173,1,-76.283
96,4.1173,2,-59.402
96,4.1173,3,-26.061
96,4.1173,4,-27.037
96,4.1173,5,-33.892
96,4.1173,6,-40.049
96,4.1173,7,-41.013
96,4.1173,8,-35.452
96,4.1173,9,-47.472
96,4.1173,10,-52.961
96,4.1173,11,-40.342
96,4.1173,12,-50.739
96,4.1173,13,-45.376
96,4.1173,14,-48.143
96,4.1173,15,-46.531
96,4.1173,16,-44.762
96,4.1173,17,-65.324
96,4.1173,18,-65.066
96,4.1173,19,-61.42
96,4.1173,20,-61.143
96,4.1173,21,-53.682
96,4.1173,22,-60.288
96,4.1173,23,-59.602
96,4.1173,24,-59.037
96,4.1173,25,-64.088
96,4.1173,26,-58.24
96,4.1173,27,-55.403
96,4.1173,28,-56.757
96,4.1173,29,-62.047
96,4.1173,30,-76.88
96,4.1173,31,-83.312
96,4.1173,32,-79.224
96,4.1173,33,-72.548
96,4.1173,34,-78.256
96,4.1173,35,-81.398
96,4.1173,36,-87.8
96,4.1173,37,-81.9
96,4.1173,38,-79.23
96,4.1173,39,-75.819
96,4.1173,40,-81.53
96,4.1173,41,-75.165
96,4.1173,42,-68.635
96,4.1173,43,-77.701
96,4.1173,44,-71.426
96,4.1173,45,-69.525
96,4.1173,46,-64.383
96,4.1173,47,-58.674
96,4.1173,48,-55.996
96,4.1173,49,-60.403
96,4.1173,50,-64.262
96,4.1173,51,-67.249
96,4.1173,52,-69.8
96,4.1173,53,-61.507
96,4.1173,54,-66.329
96,4.1173,55,-74.481
96,4.1173,56,-72.498
96,4.1173,57,-76.777
96,4.1173,58,-82.98
96,4.1173,59,-88.911
96,4.1173,60,-92.243
96,4.1173,61,-93.501
96,4.1173,62,-97.551
96,4.1173,63,-99.996
96,4.1173,64,-99.984
97,4.16,1,-57.287
97,4.16,2,-59.733
97,4.16,3,-26.266
97,4.16,4,-27.086
97,4.16,5,-32.213
97,4.16,6,-39.586
97,4.16,7,-43.156
97,4.16,8,-40.519
97,4.16,9,-40.74
97,4.16,10,-58.114
97,4.16,11,-42.533
97,4.16,12,-37.807
97,4.16,13,-55.063
97,4.16,14,-39.525
97,4.16,15,-43.719
97,4.16,16,-51.579
97,4.16,17,-51.68
97,4.16,18,-64.461
97,4.16,19,-62.403
97,4.16,20,-51.703
97,4.16,21,-51.626
97,4.16,22,-54.422
97,4.16,23,-56.026
97,4.16,24,-55.125
97,4.16,25,-60.302
97,4.16,26,-60.805
97,4.16,27,-54.915
97,4.16,28,-52.907
97,4.16,29,-57.652
97,4.16,30,-57.048
97,4.16,31,-70.12
97,4.16,32,-77.058
97,4.16,33,-71.648
97,4.16,34,-76.545
97,4.16,35,-76.384
97,4.16,36,-80.685
97,4.16,37,-83.23
97,4.16,38,-83.537
97,4.16,39,-78.524
97,4.16,40,-68.843
97,4.16,41,-76.993
97,4.16,42,-65.802
97,4.16,43,-67.555
97,4.16,44,-74.697
97,4.16,45,-72.877
97,4.16,46,-73.842
97,4.16,47,-59.706
97,4.16,48,-55.568
97,4.16,49,-56.918
97,4.16,50,-63.063
97,4.16,51,-64.523
97,4.16,52,-67.041
97,4.16,53,-66.519
97,4.16,54,-64.133
97,4.16,55,-73.591
97,4.16,56,-79.791
97,4.16,57,-77.275
97,4.16,58,-75.96
97,4.16,59,-82.792
97,4.16,60,-91.048
97,4.16,61,-93.522
97,4.16,62,-99.662
97,4.16,63,-99.995
97,4.16,64,-99.989
98,4.2027,1,-63.106
98,4.2027,2,-59.468
98,4.2027,3,-26.371
98,4.2027,4,-27.016
98,4.2027,5,-30.768
98,4.2027,6,-39.803
98,4.2027,7,-44.69
98,4.2027,8,-42.064
98,4.2027,9,-40.771
98,4.2027,10,-56.152
98,4.2027,11,-43.811
98,4.2027,12,-37.232
98,4.2027,13,-53.021
98,4.2027,14,-42.256
98,4.2027,15,-44.157
98,4.2027,16,-60.481
98,4.2027,17,-68.47
98,4.2027,18,-64.723
98,4.2027,19,-58.411
98,4.2027,20,-53.953
98,4.2027,21,-50.98
98,4.2027,22,-53.346
98,4.2027,23,-54.237
98,4.2027,24,-52.686
98,4.2027,25,-58.132
98,4.2027,26,-58.051
98,4.2027,27,-54.939
98,4.2027,28,-50.052
98,4.2027,29,-57.514
98,4.2027,30,-52.396
98,4.2027,31,-61.372
98,4.2027,32,-72.285
98,4.2027,33,-77.293
98,4.2027,34,-73.323
98,4.2027,35,-71.286
98,4.2027,36,-75.439
98,4.2027,37,-79.53
98,4.2027,38,-80.501
98,4.2027,39,-71.588
98,4.2027,40,-65.31
98,4.2027,41,-74.261
98,4.2027,42,-72.276
98,4.2027,43,-71.577
98,4.2027,44,-69.129
98,4.2027,45,-74.068
98,4.2027,46,-73.225
98,4.2027,47,-57.784
98,4.2027,48,-53.37
98,4.2027,49,-60.935
98,4.2027,50,-66.84
98,4.2027,51,-69.079
98,4.2027,52,-72.337
98,4.2027,53,-68.627
98,4.2027,54,-68.945
98,4.2027,55,-77.021
98,4.2027,56,-75.883
98,4.2027,57,-77.49
98,4.2027,58,-82.828
98,4.2027,59,-89.411
98,4.2027,60,-94.754
98,4.2027,61,-94.86
98,4.2027,62,-99.344
98,4.2027,63,-99.995
98,4.2027,64,-99.992
99,4.2453,1,-78.842
99,4.2453,2,-60.161
99,4.2453,3,-26.802
99,4.2453,4,-27.379
99,4.2453,5,-30.03
99,4.2453,6,-40.624
99,4.2453,7,-47.462
99,4.2453,8,-41.125
99,4.2453,9,-40.458
99,4.2453,10,-57.105
99,4.2453,11,-45.472
99,4.2453,12,-40.217
99,4.2453,13,-58.11
99,4.2453,14,-43.2
99,4.2453,15,-44.779
99,4.2453,16,-64.156
99,4.2453,17,-61.272
99,4.2453,18,-63.105
99,4.2453,19,-59.726
99,4.2453,20,-55.225
99,4.2453,21,-53.491
99,4.2453,22,-53.323
99,4.2453,23,-54.839
99,4.2453,24,-53.36
99,4.2453,25,-57.484
99,4.2453,26,-57.196
99,4.2453,27,-51.611
99,4.2453,28,-47.884
99,4.2453,29,-54.636
99,4.2453,30,-56.337
99,4.2453,31,-67.542
99,4.2453,32,-76.624
99,4.2453,33,-83.69
99,4.2453,34,-79.707
99,4.2453,35,-73.935
99,4.2453,36,-75.733
99,4.2453,37,-79.041
99,4.2453,38,-80.48
99,4.2453,39,-78.018
99,4.2453,40,-77.388
99,4.2453,41,-82.319
99,4.2453,42,-68.757
99,4.2453,43,-69.612
99,4.2453,44,-81.217
99,4.2453,45,-77.459
99,4.2453,46,-65.524
99,4.2453,47,-56.689
99,4.2453,48,-63.069
99,4.2453,49,-63.092
99,4.2453,50,-63.019
99,4.2453,51,-70.731
99,4.2453,52,-67.886
99,4.2453,53,-66.806
99,4.2453,54,-65.939
99,4.2453,55,-73.707
99,4.2453,56,-80.708
99,4.2453,57,-82.927
99,4.2453,58,-84.668
99,4.2453,59,-92.51
99,4.2453,60,-93.956
99,4.2453,61,-94.603
99,4.2453,62,-98.514
99,4.2453,63,-99.997
99,4.2453,64,-99.988
100,4.288,1,-73.589
100,4.288,2,-60.838
100,4.288,3,-27.279
100,4.288,4,-27.883
100,4.288,5,-29.884
100,4.288,6,-40.583
100,4.288,7,-50.5
100,4.288,8,-40.931
100,4.288,9,-40.028
100,4.288,10,-58.048
100,4.288,11,-49.689
100,4.288,12,-48.494
100,4.288,13,-62.72
100,4.288,14,-51.417
100,4.288,15,-53.529
100,4.288,16,-62.31
100,4.288,17,-61.38
100,4.288,18,-75.796
100,4.288,19,-64.78
100,4.288,20,-57.029
100,4.288,21,-55.169
100,4.288,22,-58.419
100,4.288,23,-59.667
100,4.288,24,-57.498
100,4.288,25,-63.256
100,4.288,26,-59.618
100,4.288,27,-50.512
100,4.288,28,-45.211
100,4.288,29,-63.96
100,4.288,30,-66.365
100,4.288,31,-76.833
100,4.288,32,-79.563
100,4.288,33,-85.322
100,4.288,34,-85.288
100,4.288,35,-78.623
100,4.288,36,-77.795
100,4.288,37,-76.769
100,4.288,38,-82.804
100,4.288,39,-83.071
100,4.288,40,-84.462
100,4.288,41,-89.759
100,4.288,42,-82.838
100,4.288,43,-83.023
100,4.288,44,-73.397
100,4.288,45,-75.104
100,4.288,46,-64.02
100,4.288,47,-56.966
100,4.288,48,-62.524
100,4.288,49,-62.625
100,4.288,50,-64.873
100,4.288,51,-68.421
100,4.288,52,-70.648
100,4.288,53,-66.076
100,4.288,54,-67.161
100,4.288,55,-74.123
100,4.288,56,-75.406
100,4.288,57,-77.777
100,4.288,58,-88.079
100,4.288,59,-91.111
100,4.288,60,-92.397
100,4.288,61,-94.356
100,4.288,62,-98.712
100,4.288,63,-99.997
100,4.288,64,-99.993
101,4.3307,1,-70.409
101,4.3307,2,-62.216
101,4.3307,3,-27.833
101,4.3307,4,-28.55
101,4.3307,5,-33.63
101,4.3307,6,-46.432
101,4.3307,7,-53.439
101,4.3307,8,-41.844
101,4.3307,9,-39.787
101,4.3307,10,-55.663
101,4.3307,11,-51.382
101,4.3307,12,-53.476
101,4.3307,13,-60.96
101,4.3307,14,-61.325
101,4.3307,15,-62.94
101,4.3307,16,-67.783
101,4.3307,17,-65.197
101,4.3307,18,-62.223
101,4.3307,19,-57.924
101,4.3307,20,-57.993
101,4.3307,21,-55.504
101,4.3307,22,-45.806
101,4.3307,23,-47.745
101,4.3307,24,-58.252
101,4.3307,25,-63.301
101,4.3307,26,-63.502
101,4.3307,27,-57.602
101,4.3307,28,-54.648
101,4.3307,29,-64.486
101,4.3307,30,-69.399
101,4.3307,31,-71.834
101,4.3307,32,-70.847
101,4.3307,33,-69.305
101,4.3307,34,-66.785
101,4.3307,35,-62.962
101,4.3307,36,-57.104
101,4.3307,37,-57.387
101,4.3307,38,-60.319
101,4.3307,39,-63.418
101,4.3307,40,-67.971
101,4.3307,41,-67.346
101,4.3307,42,-58.144
101,4.3307,43,-59.336
101,4.3307,44,-66.843
101,4.3307,45,-61.826
101,4.3307,46,-59.625
101,4.3307,47,-55.867
101,4.3307,48,-56.516
101,4.3307,49,-55.471
101,4.3307,50,-56.186
101,4.3307,51,-58.606
101,4.3307,52,-61.316
101,4.3307,53,-60.957
101,4.3307,54,-59.191
101,4.3307,55,-63.383
101,4.3307,56,-69.399
101,4.3307,57,-71.194
101,4.3307,58,-74.035
101,4.3307,59,-82.678
101,4.3307,60,-87.679
101,4.3307,61,-89.34
101,4.3307,62,-97.704
101,4.3307,63,-99.997
101,4.3307,64,-99.982
102,4.3733,1,-61.31
102,4.3733,2,-62.577
102,4.3733,3,-28.365
102,4.3733,4,-29.379
102,4.3733,5,-33.82
102,4.3733,6,-39.539
102,4.3733,7,-57.865
102,4.3733,8,-44.489
102,4.3733,9,-33.596
102,4.3733,10,-44.107
102,4.3733,11,-55.505
102,4.3733,12,-45.358
102,4.3733,13,-49.628
102,4.3733,14,-54.215
102,4.3733,15,-45.906
102,4.3733,16,-59.385
102,4.3733,17,-53.073
102,4.3733,18,-58.162
102,4.3733,19,-50.469
102,4.3733,20,-50.55
102,4.3733,21,-44.922
102,4.3733,22,-47.549
102,4.3733,23,-43.012
102,4.3733,24,-54.669
102,4.3733,25,-57.567
102,4.3733,26,-54.979
102,4.3733,27,-54.198
102,4.3733,28,-51.139
102,4.3733,29,-50.651
102,4.3733,30,-60.162
102,4.3733,31,-63.698
102,4.3733,32,-64.998
102,4.3733,33,-64.567
102,4.3733,34,-60.955
102,4.3733,35,-59.54
102,4.3733,36,-61.587
102,4.3733,37,-61.011
102,4.3733,38,-56.173
102,4.3733,39,-61.86
102,4.3733,40,-66.537
102,4.3733,41,-68.423
102,4.3733,42,-54.28
102,4.3733,43,-52.572
102,4.3733,44,-58.376
102,4.3733,45,-60.07
102,4.3733,46,-57.078
102,4.3733,47,-53.54
102,4.3733,48,-52.403
102,4.3733,49,-55.51
102,4.3733,50,-57.52
102,4.3733,51,-56.024
102,4.3733,52,-61.925
102,4.3733,53,-62.567
102,4.3733,54,-63.651
102,4.3733,55,-68.247
102,4.3733,56,-76.686
102,4.3733,57,-73.958
102,4.3733,58,-75.422
102,4.3733,59,-86.656
102,4.3733,60,-91.225
102,4.3733,61,-93.233
102,4.3733,62,-97.657
102,4.3733,63,-99.997
102,4.3733,64,-99.985
103,4.416,1,-73.586
103,4.416,2,-62.968
103,4.416,3,-28.875
103,4.416,4,-29.903
103,4.416,5,-35.586
103,4.416,6,-41.634
103,4.416,7,-62.658
103,4.416,8,-42.092
103,4.416,9,-34.442
103,4.416,10,-49.939
103,4.416,11,-54.572
103,4.416,12,-41.194
103,4.416,13,-45.397
103,4.416,14,-50.658
103,4.416,15,-43.24
103,4.416,16,-58.615
103,4.416,17,-52.603
103,4.416,18,-59.105
103,4.416,19,-49.864
103,4.416,20,-51.255
103,4.416,21,-40.824
103,4.416,22,-44.163
103,4.416,23,-43.68
103,4.416,24,-57.232
103,4.416,25,-57.781
103,4.416,26,-55.057
103,4.416,27,-51.19
103,4.416,28,-47.857
103,4.416,29,-47.824
103,4.416,30,-57.744
103,4.416,31,-62.869
103,4.416,32,-63.341
103,4.416,33,-61.119
103,4.416,34,-57.34
103,4.416,35,-58.055
103,4.416,36,-68.828
103,4.416,37,-58.86
103,4.416,38,-53.369
103,4.416,39,-56.637
103,4.416,40,-62.474
103,4.416,41,-64.456
103,4.416,42,-53.086
103,4.416,43,-51.316
103,4.416,44,-56.343
103,4.416,45,-60.613
103,4.416,46,-59.666
103,4.416,47,-57.22
103,4.416,48,-52.918
103,4.416,49,-55.37
103,4.416,50,-59.091
103,4.416,51,-57.609
103,4.416,52,-61.496
103,4.416,53,-61.944
103,4.416,54,-65.269
103,4.416,55,-67.503
103,4.416,56,-75.469
103,4.416,57,-77.349
103,4.416,58,-79.539
103,4.416,59,-87.291
103,4.416,60,-90.951
103,4.416,61,-93.709
103,4.416,62,-99.072
103,4.416,63,-99.998
103,4.416,64,-99.992
104,4.4587,1,-60.689
104,4.4587,2,-51.185
104,4.4587,3,-28.59
104,4.4587,4,-30.018
104,4.4587,5,-34.039
104,4.4587,6,-38.266
104,4.4587,7,-56.501
104,4.4587,8,-42.451
104,4.4587,9,-34.416
104,4.4587,10,-48.084
104,4.4587,11,-58.28
104,4.4587,12,-41.66
104,4.4587,13,-45.416
104,4.4587,14,-50.939
104,4.4587,15,-44.324
104,4.4587,16,-60.324
104,4.4587,17,-53.175
104,4.4587,18,-57.259
104,4.4587,19,-50.882
104,4.4587,20,-51.159
104,4.4587,21,-43.195
104,4.4587,22,-45.139
104,4.4587,23,-43.786
104,4.4587,24,-54.306
104,4.4587,25,-57.684
104,4.4587,26,-54.862
104,4.4587,27,-51.01
104,4.4587,28,-50.13
104,4.4587,29,-49.855
104,4.4587,30,-51.629
104,4.4587,31,-54.025
104,4.4587,32,-58.81
104,4.4587,33,-59.615
104,4.4587,34,-57.492
104,4.4587,35,-57.621
104,4.4587,36,-64.151
104,4.4587,37,-58.487
104,4.4587,38,-55.39
104,4.4587,39,-56.898
104,4.4587,40,-59.288
104,4.4587,41,-60.153
104,4.4587,42,-59.043
104,4.4587,43,-55.301
104,4.4587,44,-60.327
104,4.4587,45,-61.73
104,4.4587,46,-59.456
104,4.4587,47,-59.323
104,4.4587,48,-55.853
104,4.4587,49,-56.106
104,4.4587,50,-58.594
104,4.4587,51,-54.837
104,4.4587,52,-60.077
104,4.4587,53,-60.257
104,4.4587,54,-64.127
104,4.4587,55,-67.049
104,4.4587,56,-72.3
104,4.4587,57,-73.575
104,4.4587,58,-75.015
104,4.4587,59,-79.029
104,4.4587,60,-85.37
104,4.4587,61,-84.804
104,4.4587,62,-91.368
104,4.4587,63,-99.997
104,4.4587,64,-99.906
105,4.5013,1,-64.075
105,4.5013,2,-71.074
105,4.5013,3,-33.6
105,4.5013,4,-34.041
105,4.5013,5,-43.349
105,4.5013,6,-48.449
105,4.5013,7,-59.43
105,4.5013,8,-36.634
105,4.5013,9,-33.598
105,4.5013,10,-51.843
105,4.5013,11,-55.475
105,4.5013,12,-48.788
105,4.5013,13,-57.473
105,4.5013,14,-53.494
105,4.5013,15,-54.061
105,4.5013,16,-62.077
105,4.5013,17,-55.458
105,4.5013,18,-62.686
105,4.5013,19,-55.81
105,4.5013,20,-56.873
105,4.5013,21,-49.551
105,4.5013,22,-51.647
105,4.5013,23,-48.86
105,4.5013,24,-51.688
105,4.5013,25,-54.182
105,4.5013,26,-54.567
105,4.5013,27,-50.603
105,4.5013,28,-46.218
105,4.5013,29,-52.392
105,4.5013,30,-60.233
105,4.5013,31,-65.118
105,4.5013,32,-64.289
105,4.5013,33,-62.773
105,4.5013,34,-57.861
105,4.5013,35,-63.194
105,4.5013,36,-62.789
105,4.5013,37,-58.079
105,4.5013,38,-55.045
105,4.5013,39,-64.062
105,4.5013,40,-69.918
105,4.5013,41,-71.324
105,4.5013,42,-58.467
105,4.5013,43,-57.974
105,4.5013,44,-65.866
105,4.5013,45,-64.861
105,4.5013,46,-61.584
105,4.5013,47,-62.476
105,4.5013,48,-59.613
105,4.5013,49,-56.78
105,4.5013,50,-61.428
105,4.5013,51,-59.762
105,4.5013,52,-65.901
105,4.5013,53,-66.993
105,4.5013,54,-66.255
105,4.5013,55,-68.95
105,4.5013,56,-76.479
105,4.5013,57,-76.945
105,4.5013,58,-78.124
105,4.5013,59,-89.107
105,4.5013,60,-88.444
105,4.5013,61,-93.472
105,4.5013,62,-99.082
105,4.5013,63,-99.999
105,4.5013,64,-99.995
106,4.544,1,-68.524
106,4.544,2,-66.035
106,4.544,3,-32.723
106,4.544,4,-33.62
106,4.544,5,-42.994
106,4.544,6,-53.025
106,4.544,7,-49.315
106,4.544,8,-47.148
106,4.544,9,-46.538
106,4.544,10,-59.551
106,4.544,11,-63.197
106,4.544,12,-63.771
106,4.544,13,-70.05
106,4.544,14,-55.039
106,4.544,15,-57.547
106,4.544,16,-69.048
106,4.544,17,-68.977
106,4.544,18,-74.766
106,4.544,19,-69.812
106,4.544,20,-72.707
106,4.544,21,-69.904
106,4.544,22,-70.255
106,4.544,23,-73.027
106,4.544,24,-69.608
106,4.544,25,-65.258
106,4.544,26,-64.674
106,4.544,27,-64.066
106,4.544,28,-59.156
106,4.544,29,-67.965
106,4.544,30,-75.284
106,4.544,31,-80.911
106,4.544,32,-82.49
106,4.544,33,-77.302
106,4.544,34,-76.794
106,4.544,35,-84.862
106,4.544,36,-67.688
106,4.544,37,-65.323
106,4.544,38,-74.53
106,4.544,39,-86.197
106,4.544,40,-85.305
106,4.544,41,-78.567
106,4.544,42,-68.462
106,4.544,43,-71.576
106,4.544,44,-77.52
106,4.544,45,-78.517
106,4.544,46,-71.403
106,4.544,47,-73.527
106,4.544,48,-72.105
106,4.544,49,-66.953
106,4.544,50,-73.112
106,4.544,51,-78.344
106,4.544,52,-80.036
106,4.544,53,-77.668
106,4.544,54,-75.843
106,4.544,55,-83.628
106,4.544,56,-85.341
106,4.544,57,-87.072
106,4.544,58,-91.596
106,4.544,59,-93.607
106,4.544,60,-94.92
106,4.544,61,-95.261
106,4.544,62,-99.186
106,4.544,63,-99.999
106,4.544,64,-99.995
107,4.5867,1,-75.263
107,4.5867,2,-66.815
107,4.5867,3,-32.984
107,4.5867,4,-33.837
107,4.5867,5,-42.947
107,4.5867,6,-53.541
107,4.5867,7,-60.638
107,4.5867,8,-55.636
107,4.5867,9,-54.857
107,4.5867,10,-65.711
107,4.5867,11,-65.061
107,4.5867,12,-74.548
107,4.5867,13,-76.248
107,4.5867,14,-60.514
107,4.5867,15,-62.926
107,4.5867,16,-67.364
107,4.5867,17,-67.121
107,4.5867,18,-73.088
107,4.5867,19,-74.299
107,4.5867,20,-76.68
107,4.5867,21,-78.962
107,4.5867,22,-75.701
107,4.5867,23,-67.002
107,4.5867,24,-69.223
107,4.5867,25,-75.231
107,4.5867,26,-74.331
107,4.5867,27,-69.992
107,4.5867,28,-68.16
107,4.5867,29,-74.842
107,4.5867,30,-80.912
107,4.5867,31,-86.194
107,4.5867,32,-88.148
107,4.5867,33,-87.081
107,4.5867,34,-84.218
107,4.5867,35,-84.742
107,4.5867,36,-85.301
107,4.5867,37,-86.396
107,4.5867,38,-82.467
107,4.5867,39,-84.711
107,4.5867,40,-92.493
107,4.5867,41,-92.478
107,4.5867,42,-86.1
107,4.5867,43,-84.532
107,4.5867,44,-89.61
107,4.5867,45,-92.397
107,4.5867,46,-89.077
107,4.5867,47,-86.108
107,4.5867,48,-85.898
107,4.5867,49,-81.806
107,4.5867,50,-88.115
107,4.5867,51,-88.36
107,4.5867,52,-91.781
107,4.5867,53,-90.458
107,4.5867,54,-87.636
107,4.5867,55,-89.252
107,4.5867,56,-92.576
107,4.5867,57,-92.485
107,4.5867,58,-93.416
107,4.5867,59,-94.373
107,4.5867,60,-94.424
107,4.5867,61,-95.976
107,4.5867,62,-98.727
107,4.5867,63,-99.999
107,4.5867,64,-99.994
108,4.6293,1,-70.681
108,4.6293,2,-66.361
108,4.6293,3,-33.288
108,4.6293,4,-33.455
108,4.6293,5,-39.109
108,4.6293,6,-50.79
108,4.6293,7,-46.494
108,4.6293,8,-35.929
108,4.6293,9,-42.699
108,4.6293,10,-67.124
108,4.6293,11,-59.802
108,4.6293,12,-65.407
108,4.6293,13,-64.618
108,4.6293,14,-63.719
108,4.6293,15,-64.603
108,4.6293,16,-64.133
108,4.6293,17,-65.379
108,4.6293,18,-64.431
108,4.6293,19,-62.569
108,4.6293,20,-59.944
108,4.6293,21,-53.928
108,4.6293,22,-59.496
108,4.6293,23,-59.436
108,4.6293,24,-53.147
108,4.6293,25,-56.455
108,4.6293,26,-54.517
108,4.6293,27,-58.078
108,4.6293,28,-65.569
108,4.6293,29,-69.11
108,4.6293,30,-75.249
108,4.6293,31,-78.676
108,4.6293,32,-73.447
108,4.6293,33,-62.871
108,4.6293,34,-62.912
108,4.6293,35,-73.925
108,4.6293,36,-66.815
108,4.6293,37,-59.399
108,4.6293,38,-68.661
108,4.6293,39,-78.967
108,4.6293,40,-72.419
108,4.6293,41,-69.097
108,4.6293,42,-62.097
108,4.6293,43,-68.402
108,4.6293,44,-72.284
108,4.6293,45,-69.332
108,4.6293,46,-66.723
108,4.6293,47,-66.444
108,4.6293,48,-64.339
108,4.6293,49,-57.532
108,4.6293,50,-64.914
108,4.6293,51,-68.184
108,4.6293,52,-76.218
108,4.6293,53,-79.921
108,4.6293,54,-82.121
108,4.6293,55,-78.369
108,4.6293,56,-81.141
108,4.6293,57,-75.856
108,4.6293,58,-78.441
108,4.6293,59,-89.879
108,4.6293,60,-91.556
108,4.6293,61,-93.224
108,4.6293,62,-97.948
108,4.6293,63,-99.999
108,4.6293,64,-99.989
109,4.672,1,-74.025
109,4.672,2,-68.29
109,4.672,3,-33.627
109,4.672,4,-31.551
109,4.672,5,-34.616
109,4.672,6,-51.243
109,4.672,7,-43.389
109,4.672,8,-34.085
109,4.672,9,-46.362
109,4.672,10,-47.811
109,4.672,11,-42.03
109,4.672,12,-54.857
109,4.672,13,-48.381
109,4.672,14,-53.064
109,4.672,15,-52.219
109,4.672,16,-51.035
109,4.672,17,-41.56
109,4.672,18,-45.687
109,4.672,19,-54.885
109,4.672,20,-57.814
109,4.672,21,-54.952
109,4.672,22,-59.226
109,4.672,23,-59.923
109,4.672,24,-60.988
109,4.672,25,-62.574
109,4.672,26,-55.086
109,4.672,27,-58.682
109,4.672,28,-66.752
109,4.672,29,-75.813
109,4.672,30,-75.618
109,4.672,31,-78.808
109,4.672,32,-77.038
109,4.672,33,-71.515
109,4.672,34,-74.08
109,4.672,35,-76.155
109,4.672,36,-79.383
109,4.672,37,-75.097
109,4.672,38,-74.728
109,4.672,39,-77.344
109,4.672,40,-77.023
109,4.672,41,-80.128
109,4.672,42,-70.75
109,4.672,43,-70.562
109,4.672,44,-73.494
109,4.672,45,-73.675
109,4.672,46,-72.066
109,4.672,47,-61.419
109,4.672,48,-60.14
109,4.672,49,-56.07
109,4.672,50,-62.28
109,4.672,51,-71.344
109,4.672,52,-73.598
109,4.672,53,-67.562
109,4.672,54,-62.694
109,4.672,55,-65.727
109,4.672,56,-73.558
109,4.672,57,-77.165
109,4.672,58,-81.296
109,4.672,59,-85.504
109,4.672,60,-88.151
109,4.672,61,-91.456
109,4.672,62,-98.639
109,4.672,63,-99.999
109,4.672,64,-99.992
110,4.7147,1,-67.774
110,4.7147,2,-68.894
110,4.7147,3,-34.08
110,4.7147,4,-30.718
110,4.7147,5,-32.017
110,4.7147,6,-52.549
110,4.7147,7,-48.595
110,4.7147,8,-38.896
110,4.7147,9,-53.043
110,4.7147,10,-50.476
110,4.7147,11,-38.996
110,4.7147,12,-51.509
110,4.7147,13,-44.692
110,4.7147,14,-48.109
110,4.7147,15,-43.48
110,4.7147,16,-43.014
110,4.7147,17,-57.572
110,4.7147,18,-59.157
110,4.7147,19,-57.237
110,4.7147,20,-59.318
110,4.7147,21,-56.47
110,4.7147,22,-62.539
110,4.7147,23,-62.811
110,4.7147,24,-64.868
110,4.7147,25,-66.654
110,4.7147,26,-64.258
110,4.7147,27,-58.371
110,4.7147,28,-59.863
110,4.7147,29,-65.48
110,4.7147,30,-78.206
110,4.7147,31,-82.327
110,4.7147,32,-80.447
110,4.7147,33,-74.165
110,4.7147,34,-82.189
110,4.7147,35,-81.979
110,4.7147,36,-85.998
110,4.7147,37,-82.518
110,4.7147,38,-75.897
110,4.7147,39,-75.255
110,4.7147,40,-75.568
110,4.7147,41,-78.544
110,4.7147,42,-69.444
110,4.7147,43,-75.787
110,4.7147,44,-79.302
110,4.7147,45,-73.925
110,4.7147,46,-75.396
110,4.7147,47,-76.564
110,4.7147,48,-69.779
110,4.7147,49,-69.204
110,4.7147,50,-73.324
110,4.7147,51,-67.192
110,4.7147,52,-64.609
110,4.7147,53,-60.531
110,4.7147,54,-64.935
110,4.7147,55,-73.187
110,4.7147,56,-80.289
110,4.7147,57,-81.299
110,4.7147,58,-84.862
110,4.7147,59,-89.43
110,4.7147,60,-90.717
110,4.7147,61,-95.722
110,4.7147,62,-99.628
110,4.7147,63,-99.999
110,4.7147,64,-99.997
111,4.7573,1,-81.306
111,4.7573,2,-69.0
111,4.7573,3,-34.48
111,4.7573,4,-33.506
111,4.7573,5,-32.875
111,4.7573,6,-46.839
111,4.7573,7,-55.805
111,4.7573,8,-42.378
111,4.7573,9,-42.58
111,4.7573,10,-63.574
111,4.7573,11,-41.873
111,4.7573,12,-37.53
111,4.7573,13,-58.829
111,4.7573,14,-38.097
111,4.7573,15,-43.597
111,4.7573,16,-51.76
111,4.7573,17,-52.311
111,4.7573,18,-64.363
111,4.7573,19,-60.338
111,4.7573,20,-53.906
111,4.7573,21,-54.466
111,4.7573,22,-55.601
111,4.7573,23,-58.778
111,4.7573,24,-59.896
111,4.7573,25,-64.949
111,4.7573,26,-62.633
111,4.7573,27,-56.857
111,4.7573,28,-56.337
111,4.7573,29,-60.274
111,4.7573,30,-63.826
111,4.7573,31,-75.743
111,4.7573,32,-83.047
111,4.7573,33,-76.619
111,4.7573,34,-77.148
111,4.7573,35,-78.943
111,4.7573,36,-84.384
111,4.7573,37,-83.228
111,4.7573,38,-81.391
111,4.7573,39,-78.061
111,4.7573,40,-79.282
111,4.7573,41,-80.124
111,4.7573,42,-64.801
111,4.7573,43,-66.002
111,4.7573,44,-74.71
111,4.7573,45,-71.242
111,4.7573,46,-72.299
111,4.7573,47,-73.471
111,4.7573,48,-64.49
111,4.7573,49,-66.611
111,4.7573,50,-71.971
111,4.7573,51,-64.33
111,4.7573,52,-63.066
111,4.7573,53,-61.436
111,4.7573,54,-60.949
111,4.7573,55,-66.239
111,4.7573,56,-69.591
111,4.7573,57,-74.021
111,4.7573,58,-76.986
111,4.7573,59,-86.678
111,4.7573,60,-90.834
111,4.7573,61,-93.207
111,4.7573,62,-98.094
111,4.7573,63,-99.999
111,4.7573,64,-99.99
112,4.8,1,-70.478
112,4.8,2,-67.151
112,4.8,3,-34.799
112,4.8,4,-34.265
112,4.8,5,-31.994
112,4.8,6,-44.264
112,4.8,7,-54.617
112,4.8,8,-45.332
112,4.8,9,-45.077
112,4.8,10,-67.666
112,4.8,11,-43.661
112,4.8,12,-37.342
112,4.8,13,-59.074
112,4.8,14,-41.049
112,4.8,15,-44.319
112,4.8,16,-61.408
112,4.8,17,-62.471
112,4.8,18,-64.832
112,4.8,19,-60.444
112,4.8,20,-51.369
112,4.8,21,-49.917
112,4.8,22,-54.808
112,4.8,23,-57.061
112,4.8,24,-56.506
112,4.8,25,-62.355
112,4.8,26,-60.735
112,4.8,27,-57.726
112,4.8,28,-55.625
112,4.8,29,-57.915
112,4.8,30,-55.651
112,4.8,31,-63.552
112,4.8,32,-78.497
112,4.8,33,-81.164
112,4.8,34,-77.74
112,4.8,35,-80.172
112,4.8,36,-84.921
112,4.8,37,-77.279
112,4.8,38,-76.681
112,4.8,39,-80.177
112,4.8,40,-69.868
112,4.8,41,-72.998
112,4.8,42,-66.936
112,4.8,43,-65.419
112,4.8,44,-73.637
112,4.8,45,-72.459
112,4.8,46,-75.065
112,4.8,47,-72.518
112,4.8,48,-66.016
112,4.8,49,-62.238
112,4.8,50,-71.037
112,4.8,51,-66.325
112,4.8,52,-66.076
112,4.8,53,-59.791
112,4.8,54,-58.097
112,4.8,55,-68.817
112,4.8,56,-74.404
112,4.8,57,-72.557
112,4.8,58,-74.256
112,4.8,59,-86.369
112,4.8,60,-91.069
112,4.8,61,-92.821
112,4.8,62,-99.256
112,4.8,63,-99.998
112,4.8,64,-99.994
113,4.8427,1,-77.761
113,4.8427,2,-71.667
113,4.8427,3,-35.644
113,4.8427,4,-34.448
113,4.8427,5,-31.394
113,4.8427,6,-43.696
113,4.8427,7,-55.207
113,4.8427,8,-44.794
113,4.8427,9,-44.525
113,4.8427,10,-68.575
113,4.8427,11,-46.563
113,4.8427,12,-41.574
113,4.8427,13,-65.073
113,4.8427,14,-40.887
113,4.8427,15,-43.455
113,4.8427,16,-62.247
113,4.8427,17,-63.535
113,4.8427,18,-65.871
113,4.8427,19,-63.242
113,4.8427,20,-56.117
113,4.8427,21,-56.552
113,4.8427,22,-55.795
113,4.8427,23,-58.562
113,4.8427,24,-58.984
113,4.8427,25,-68.04
113,4.8427,26,-64.517
113,4.8427,27,-59.272
113,4.8427,28,-57.26
113,4.8427,29,-59.248
113,4.8427,30,-61.247
113,4.8427,31,-68.522
113,4.8427,32,-79.742
113,4.8427,33,-89.773
113,4.8427,34,-82.686
113,4.8427,35,-79.502
113,4.8427,36,-82.701
113,4.8427,37,-80.427
113,4.8427,38,-82.1
113,4.8427,39,-86.053
113,4.8427,40,-76.173
113,4.8427,41,-76.491
113,4.8427,42,-69.193
113,4.8427,43,-65.038
113,4.8427,44,-72.586
113,4.8427,45,-78.235
113,4.8427,46,-77.326
113,4.8427,47,-68.742
113,4.8427,48,-64.284
113,4.8427,49,-63.977
113,4.8427,50,-64.271
113,4.8427,51,-68.348
113,4.8427,52,-77.956
113,4.8427,53,-73.185
113,4.8427,54,-66.323
113,4.8427,55,-69.651
113,4.8427,56,-74.967
113,4.8427,57,-73.153
113,4.8427,58,-80.849
113,4.8427,59,-88.51
113,4.8427,60,-91.862
113,4.8427,61,-94.885
113,4.8427,62,-98.296
113,4.8427,63,-99.999
113,4.8427,64,-99.993
114,4.8853,1,-75.305
114,4.8853,2,-73.028
114,4.8853,3,-36.009
114,4.8853,4,-34.7
114,4.8853,5,-32.232
114,4.8853,6,-45.172
114,4.8853,7,-51.638
114,4.8853,8,-41.065
114,4.8853,9,-43.827
114,4.8853,10,-64.83
114,4.8853,11,-55.468
114,4.8853,12,-53.927
114,4.8853,13,-62.161
114,4.8853,14,-52.202
114,4.8853,15,-57.474
114,4.8853,16,-69.015
114,4.8853,17,-70.326
114,4.8853,18,-66.852
114,4.8853,19,-66.561
114,4.8853,20,-63.804
114,4.8853,21,-65.99
114,4.8853,22,-63.248
114,4.8853,23,-65.391
114,4.8853,24,-68.163
114,4.8853,25,-71.687
114,4.8853,26,-69.409
114,4.8853,27,-65.14
114,4.8853,28,-61.099
114,4.8853,29,-65.309
114,4.8853,30,-74.845
114,4.8853,31,-70.987
114,4.8853,32,-67.254
114,4.8853,33,-71.294
114,4.8853,34,-72.69
114,4.8853,35,-67.638
114,4.8853,36,-69.963
114,4.8853,37,-71.091
114,4.8853,38,-77.995
114,4.8853,39,-82.012
114,4.8853,40,-76.003
114,4.8853,41,-71.852
114,4.8853,42,-76.842
114,4.8853,43,-79.979
114,4.8853,44,-79.243
114,4.8853,45,-73.631
114,4.8853,46,-72.199
114,4.8853,47,-62.914
114,4.8853,48,-64.773
114,4.8853,49,-65.278
114,4.8853,50,-60.358
114,4.8853,51,-66.271
114,4.8853,52,-70.795
114,4.8853,53,-67.521
114,4.8853,54,-67.903
114,4.8853,55,-69.933
114,4.8853,56,-77.245
114,4.8853,57,-76.275
114,4.8853,58,-78.516
114,4.8853,59,-84.911
114,4.8853,60,-85.088
114,4.8853,61,-88.703
114,4.8853,62,-92.873
114,4.8853,63,-99.999
114,4.8853,64,-99.952
115,4.928,1,-62.364
115,4.928,2,-54.463
115,4.928,3,-33.673
115,4.928,4,-32.961
115,4.928,5,-42.884
115,4.928,6,-53.983
115,4.928,7,-39.787
115,4.928,8,-38.513
115,4.928,9,-51.116
115,4.928,10,-52.242
115,4.928,11,-51.465
115,4.928,12,-45.544
115,4.928,13,-50.346
115,4.928,14,-61.655
115,4.928,15,-61.824
115,4.928,16,-42.983
115,4.928,17,-48.926
115,4.928,18,-64.607
115,4.928,19,-62.388
115,4.928,20,-60.857
115,4.928,21,-57.498
115,4.928,22,-48.987
115,4.928,23,-52.466
115,4.928,24,-52.01
115,4.928,25,-52.538
115,4.928,26,-58.593
115,4.928,27,-57.498
115,4.928,28,-63.813
115,4.928,29,-64.012
115,4.928,30,-57.099
115,4.928,31,-58.617
115,4.928,32,-53.417
115,4.928,33,-58.352
115,4.928,34,-60.392
115,4.928,35,-63.197
115,4.928,36,-58.791
115,4.928,37,-52.926
115,4.928,38,-56.684
115,4.928,39,-64.754
115,4.928,40,-69.085
115,4.928,41,-66.681
115,4.928,42,-65.607
115,4.928,43,-63.012
115,4.928,44,-60.807
115,4.928,45,-59.616
115,4.928,46,-60.697
115,4.928,47,-60.534
115,4.928,48,-58.328
115,4.928,49,-59.895
115,4.928,50,-54.927
115,4.928,51,-59.878
115,4.928,52,-63.545
115,4.928,53,-60.853
115,4.928,54,-62.051
115,4.928,55,-65.219
115,4.928,56,-68.375
115,4.928,57,-74.579
115,4.928,58,-82.233
115,4.928,59,-87.65
115,4.928,60,-95.786
115,4.928,61,-96.371
115,4.928,62,-99.1
115,4.928,63,-99.999
115,4.928,64,-99.996
116,4.9707,1,-76.968
116,4.9707,2,-64.912
116,4.9707,3,-39.57
116,4.9707,4,-37.808
116,4.9707,5,-41.521
116,4.9707,6,-52.074
116,4.9707,7,-41.964
116,4.9707,8,-41.082
116,4.9707,9,-57.961
116,4.9707,10,-37.618
116,4.9707,11,-37.213
116,4.9707,12,-44.042
116,4.9707,13,-45.738
116,4.9707,14,-51.307
116,4.9707,15,-49.766
116,4.9707,16,-42.08
116,4.9707,17,-46.517
116,4.9707,18,-55.875
116,4.9707,19,-56.33
116,4.9707,20,-53.992
116,4.9707,21,-48.366
116,4.9707,22,-44.725
116,4.9707,23,-42.02
116,4.9707,24,-49.882
116,4.9707,25,-53.778
116,4.9707,26,-47.59
116,4.9707,27,-51.115
116,4.9707,28,-62.321
116,4.9707,29,-65.49
116,4.9707,30,-63.44
116,4.9707,31,-64.268
116,4.9707,32,-60.203
116,4.9707,33,-70.776
116,4.9707,34,-63.842
116,4.9707,35,-64.242
116,4.9707,36,-68.227
116,4.9707,37,-69.075
116,4.9707,38,-65.926
116,4.9707,39,-62.249
116,4.9707,40,-60.911
116,4.9707,41,-64.248
116,4.9707,42,-66.418
116,4.9707,43,-65.738
116,4.9707,44,-68.274
116,4.9707,45,-66.815
116,4.9707,46,-66.854
116,4.9707,47,-59.052
116,4.9707,48,-52.038
116,4.9707,49,-54.309
116,4.9707,50,-56.374
116,4.9707,51,-61.81
116,4.9707,52,-62.448
116,4.9707,53,-61.144
116,4.9707,54,-61.579
116,4.9707,55,-65.027
116,4.9707,56,-66.02
116,4.9707,57,-73.384
116,4.9707,58,-74.801
116,4.9707,59,-87.483
116,4.9707,60,-90.049
116,4.9707,61,-91.849
116,4.9707,62,-96.848
116,4.9707,63,-99.999
116,4.9707,64,-99.985
117,5.0133,1,-71.767
117,5.0133,2,-73.72
117,5.0133,3,-38.385
117,5.0133,4,-34.807
117,5.0133,5,-44.819
117,5.0133,6,-52.383
117,5.0133,7,-38.336
117,5.0133,8,-40.776
117,5.0133,9,-51.153
117,5.0133,10,-44.411
117,5.0133,11,-51.873
117,5.0133,12,-36.296
117,5.0133,13,-40.434
117,5.0133,14,-49.77
117,5.0133,15,-53.018
117,5.0133,16,-51.185
117,5.0133,17,-54.237
117,5.0133,18,-51.226
117,5.0133,19,-53.255
117,5.0133,20,-51.05
117,5.0133,21,-46.538
117,5.0133,22,-38.738
117,5.0133,23,-44.052
117,5.0133,24,-50.503
117,5.0133,25,-51.627
117,5.0133,26,-53.327
117,5.0133,27,-56.438
117,5.0133,28,-57.668
117,5.0133,29,-65.376
117,5.0133,30,-61.148
117,5.0133,31,-64.209
117,5.0133,32,-63.856
117,5.0133,33,-72.118
117,5.0133,34,-62.567
117,5.0133,35,-63.655
117,5.0133,36,-68.298
117,5.0133,37,-73.356
117,5.0133,38,-61.198
117,5.0133,39,-54.228
117,5.0133,40,-57.55
117,5.0133,41,-60.699
117,5.0133,42,-56.973
117,5.0133,43,-67.024
117,5.0133,44,-65.11
117,5.0133,45,-63.391
117,5.0133,46,-67.954
117,5.0133,47,-60.503
117,5.0133,48,-48.924
117,5.0133,49,-54.359
117,5.0133,50,-59.796
117,5.0133,51,-64.106
117,5.0133,52,-68.286
117,5.0133,53,-65.93
117,5.0133,54,-65.192
117,5.0133,55,-66.754
117,5.0133,56,-68.794
117,5.0133,57,-72.828
117,5.0133,58,-80.163
117,5.0133,59,-85.116
117,5.0133,60,-86.09
117,5.0133,61,-94.367
117,5.0133,62,-99.98
117,5.0133,63,-99.998
117,5.0133,64,-99.998
118,5.056,1,-79.581
118,5.056,2,-72.496
118,5.056,3,-36.734
118,5.056,4,-32.432
118,5.056,5,-43.978
118,5.056,6,-51.414
118,5.056,7,-35.536
118,5.056,8,-38.134
118,5.056,9,-53.529
118,5.056,10,-43.819
118,5.056,11,-53.691
118,5.056,12,-39.797
118,5.056,13,-43.754
118,5.056,14,-49.805
118,5.056,15,-52.938
118,5.056,16,-47.67
118,5.056,17,-51.762
118,5.056,18,-53.466
118,5.056,19,-53.513
118,5.056,20,-51.307
118,5.056,21,-45.841
118,5.056,22,-42.804
118,5.056,23,-46.056
118,5.056,24,-52.432
118,5.056,25,-57.058
118,5.056,26,-53.621
118,5.056,27,-52.557
118,5.056,28,-54.685
118,5.056,29,-63.076
118,5.056,30,-69.23
118,5.056,31,-67.397
118,5.056,32,-61.117
118,5.056,33,-74.573
118,5.056,34,-66.717
118,5.056,35,-64.62
118,5.056,36,-67.429
118,5.056,37,-73.63
118,5.056,38,-62.929
118,5.056,39,-58.969
118,5.056,40,-66.855
118,5.056,41,-59.539
118,5.056,42,-56.701
118,5.056,43,-65.997
118,5.056,44,-61.959
118,5.056,45,-64.13
118,5.056,46,-73.19
118,5.056,47,-61.06
118,5.056,48,-50.152
118,5.056,49,-53.126
118,5.056,50,-58.775
118,5.056,51,-59.749
118,5.056,52,-62.566
118,5.056,53,-67.921
118,5.056,54,-65.462
118,5.056,55,-62.768
118,5.056,56,-66.07
118,5.056,57,-72.9
118,5.056,58,-77.831
118,5.056,59,-87.416
118,5.056,60,-92.163
118,5.056,61,-97.908
118,5.056,62,-99.995
118,5.056,63,-99.999
118,5.056,64,-99.998
119,5.0987,1,-71.714
119,5.0987,2,-75.108
119,5.0987,3,-37.011
119,5.0987,4,-31.879
119,5.0987,5,-43.591
119,5.0987,6,-51.146
119,5.0987,7,-34.947
119,5.0987,8,-38.135
119,5.0987,9,-51.071
119,5.0987,10,-45.089
119,5.0987,11,-57.427
119,5.0987,12,-44.833
119,5.0987,13,-49.965
119,5.0987,14,-51.964
119,5.0987,15,-56.906
119,5.0987,16,-47.751
119,5.0987,17,-52.68
119,5.0987,18,-59.479
119,5.0987,19,-55.398
119,5.0987,20,-54.4
119,5.0987,21,-52.904
119,5.0987,22,-48.955
119,5.0987,23,-51.783
119,5.0987,24,-57.421
119,5.0987,25,-66.53
119,5.0987,26,-60.723
119,5.0987,27,-55.105
119,5.0987,28,-54.465
119,5.0987,29,-65.688
119,5.0987,30,-70.186
119,5.0987,31,-73.017
119,5.0987,32,-67.384
119,5.0987,33,-80.124
119,5.0987,34,-76.235
119,5.0987,35,-67.86
119,5.0987,36,-65.619
119,5.0987,37,-75.204
119,5.0987,38,-74.812
119,5.0987,39,-64.739
119,5.0987,40,-67.126
119,5.0987,41,-64.752
119,5.0987,42,-62.52
119,5.0987,43,-75.579
119,5.0987,44,-73.314
119,5.0987,45,-76.178
119,5.0987,46,-71.194
119,5.0987,47,-61.353
119,5.0987,48,-53.635
119,5.0987,49,-56.301
119,5.0987,50,-61.619
119,5.0987,51,-69.693
119,5.0987,52,-70.796
119,5.0987,53,-73.443
119,5.0987,54,-76.598
119,5.0987,55,-76.679
119,5.0987,56,-74.402
119,5.0987,57,-78.689
119,5.0987,58,-83.572
119,5.0987,59,-87.114
119,5.0987,60,-89.218
119,5.0987,61,-94.332
119,5.0987,62,-99.996
119,5.0987,63,-99.999
119,5.0987,64,-99.998
120,5.1413,1,-74.625
120,5.1413,2,-75.325
120,5.1413,3,-38.956
120,5.1413,4,-32.681
120,5.1413,5,-43.438
120,5.1413,6,-50.98
120,5.1413,7,-36.03
120,5.1413,8,-38.99
120,5.1413,9,-54.028
120,5.1413,10,-48.58
120,5.1413,11,-58.571
120,5.1413,12,-51.135
120,5.1413,13,-55.425
120,5.1413,14,-55.942
120,5.1413,15,-60.274
120,5.1413,16,-46.795
120,5.1413,17,-52.561
120,5.1413,18,-67.211
120,5.1413,19,-61.726
120,5.1413,20,-61.722
120,5.1413,21,-61.348
120,5.1413,22,-57.785
120,5.1413,23,-58.061
120,5.1413,24,-59.906
120,5.1413,25,-65.361
120,5.1413,26,-64.822
120,5.1413,27,-59.097
120,5.1413,28,-58.504
120,5.1413,29,-71.176
120,5.1413,30,-76.613
120,5.1413,31,-74.459
120,5.1413,32,-69.419
120,5.1413,33,-85.149
120,5.1413,34,-84.403
120,5.1413,35,-82.424
120,5.1413,36,-77.319
120,5.1413,37,-81.799
120,5.1413,38,-78.924
120,5.1413,39,-68.73
120,5.1413,40,-70.97
120,5.1413,41,-71.556
120,5.1413,42,-68.859
120,5.1413,43,-81.652
120,5.1413,44,-81.209
120,5.1413,45,-76.245
120,5.1413,46,-77.548
120,5.1413,47,-69.322
120,5.1413,48,-56.35
120,5.1413,49,-57.103
120,5.1413,50,-65.876
120,5.1413,51,-75.375
120,5.1413,52,-74.751
120,5.1413,53,-72.053
120,5.1413,54,-72.677
120,5.1413,55,-73.913
120,5.1413,56,-75.945
120,5.1413,57,-82.273
120,5.1413,58,-91.387
120,5.1413,59,-90.698
120,5.1413,60,-91.914
120,5.1413,61,-94.642
120,5.1413,62,-99.74
120,5.1413,63,-99.999
120,5.1413,64,-99.997
121,5.184,1,-65.981
121,5.184,2,-53.557
121,5.184,3,-40.893
121,5.184,4,-36.778
121,5.184,5,-57.449
121,5.184,6,-52.893
121,5.184,7,-46.756
121,5.184,8,-53.026
121,5.184,9,-54.368
121,5.184,10,-59.618
121,5.184,11,-58.55
121,5.184,12,-47.792
121,5.184,13,-51.913
121,5.184,14,-64.792
121,5.184,15,-62.552
121,5.184,16,-47.381
121,5.184,17,-53.141
121,5.184,18,-62.337
121,5.184,19,-65.261
121,5.184,20,-61.124
121,5.184,21,-61.732
121,5.184,22,-60.771
121,5.184,23,-65.122
121,5.184,24,-65.304
121,5.184,25,-67.309
121,5.184,26,-63.443
121,5.184,27,-62.454
121,5.184,28,-66.366
121,5.184,29,-62.898
121,5.184,30,-65.134
121,5.184,31,-64.959
121,5.184,32,-63.799
121,5.184,33,-60.397
121,5.184,34,-58.947
121,5.184,35,-60.429
121,5.184,36,-60.617
121,5.184,37,-60.334
121,5.184,38,-63.732
121,5.184,39,-62.035
121,5.184,40,-59.911
121,5.184,41,-64.069
121,5.184,42,-64.231
121,5.184,43,-63.581
121,5.184,44,-60.648
121,5.184,45,-58.705
121,5.184,46,-57.752
121,5.184,47,-57.86
121,5.184,48,-60.289
121,5.184,49,-58.861
121,5.184,50,-59.169
121,5.184,51,-58.467
121,5.184,52,-59.462
121,5.184,53,-56.905
121,5.184,54,-51.911
121,5.184,55,-57.857
121,5.184,56,-56.618
121,5.184,57,-58.405
121,5.184,58,-56.042
121,5.184,59,-56.527
121,5.184,60,-55.852
121,5.184,61,-56.366
121,5.184,62,-64.431
121,5.184,63,-99.779
121,5.184,64,-89.121
122,5.2267,1,-64.204
122,5.2267,2,-44.482
122,5.2267,3,-27.498
122,5.2267,4,-30.118
122,5.2267,5,-46.254
122,5.2267,6,-51.528
122,5.2267,7,-41.115
122,5.2267,8,-43.239
122,5.2267,9,-54.143
122,5.2267,10,-45.706
122,5.2267,11,-49.797
122,5.2267,12,-59.807
122,5.2267,13,-57.655
122,5.2267,14,-50.823
122,5.2267,15,-55.616
122,5.2267,16,-61.256
122,5.2267,17,-60.19
122,5.2267,18,-60.212
122,5.2267,19,-63.352
122,5.2267,20,-62.109
122,5.2267,21,-61.249
122,5.2267,22,-55.219
122,5.2267,23,-51.708
122,5.2267,24,-49.9
122,5.2267,25,-56.098
122,5.2267,26,-56.352
122,5.2267,27,-54.544
122,5.2267,28,-56.014
122,5.2267,29,-58.719
122,5.2267,30,-60.526
122,5.2267,31,-65.388
122,5.2267,32,-59.378
122,5.2267,33,-54.213
122,5.2267,34,-56.438
122,5.2267,35,-58.749
122,5.2267,36,-58.387
122,5.2267,37,-57.3
122,5.2267,38,-55.663
122,5.2267,39,-56.213
122,5.2267,40,-57.026
122,5.2267,41,-59.57
122,5.2267,42,-56.094
122,5.2267,43,-52.655
122,5.2267,44,-50.09
122,5.2267,45,-50.268
122,5.2267,46,-53.014
122,5.2267,47,-53.659
122,5.2267,48,-57.933
122,5.2267,49,-59.655
122,5.2267,50,-59.212
122,5.2267,51,-59.812
122,5.2267,52,-55.547
122,5.2267,53,-56.715
122,5.2267,54,-60.228
122,5.2267,55,-62.304
122,5.2267,56,-60.372
122,5.2267,57,-61.087
122,5.2267,58,-62.952
122,5.2267,59,-60.595
122,5.2267,60,-59.638
122,5.2267,61,-58.752
122,5.2267,62,-66.293
122,5.2267,63,-99.887
122,5.2267,64,-90.99
123,5.2693,1,-71.05
123,5.2693,2,-56.588
123,5.2693,3,-43.426
123,5.2693,4,-35.474
123,5.2693,5,-43.492
123,5.2693,6,-61.768
123,5.2693,7,-38.304
123,5.2693,8,-39.807
123,5.2693,9,-60.972
123,5.2693,10,-37.723
123,5.2693,11,-40.968
123,5.2693,12,-41.755
123,5.2693,13,-43.506
123,5.2693,14,-53.032
123,5.2693,15,-54.825
123,5.2693,16,-49.936
123,5.2693,17,-52.379
123,5.2693,18,-51.324
123,5.2693,19,-51.863
123,5.2693,20,-47.651
123,5.2693,21,-39.198
123,5.2693,22,-47.8
123,5.2693,23,-49.594
123,5.2693,24,-52.734
123,5.2693,25,-55.771
123,5.2693,26,-51.585
123,5.2693,27,-47.108
123,5.2693,28,-57.308
123,5.2693,29,-63.208
123,5.2693,30,-64.99
123,5.2693,31,-64.147
123,5.2693,32,-59.121
123,5.2693,33,-60.381
123,5.2693,34,-63.51
123,5.2693,35,-68.813
123,5.2693,36,-71.331
123,5.2693,37,-70.94
123,5.2693,38,-70.652
123,5.2693,39,-67.087
123,5.2693,40,-63.033
123,5.2693,41,-68.977
123,5.2693,42,-65.321
123,5.2693,43,-62.051
123,5.2693,44,-62.282
123,5.2693,45,-62.275
123,5.2693,46,-61.431
123,5.2693,47,-64.996
123,5.2693,48,-68.866
123,5.2693,49,-61.692
123,5.2693,50,-66.902
123,5.2693,51,-76.946
123,5.2693,52,-76.485
123,5.2693,53,-70.348
123,5.2693,54,-70.625
123,5.2693,55,-70.317
123,5.2693,56,-69.028
123,5.2693,57,-73.425
123,5.2693,58,-81.995
123,5.2693,59,-87.048
123,5.2693,60,-91.066
123,5.2693,61,-92.59
123,5.2693,62,-98.131
123,5.2693,63,-99.999
123,5.2693,64,-99.989
124,5.312,1,-77.184
124,5.312,2,-71.104
124,5.312,3,-44.3
124,5.312,4,-35.167
124,5.312,5,-45.487
124,5.312,6,-66.174
124,5.312,7,-37.635
124,5.312,8,-40.571
124,5.312,9,-55.351
124,5.312,10,-46.222
124,5.312,11,-57.029
124,5.312,12,-36.66
124,5.312,13,-41.262
124,5.312,14,-47.761
124,5.312,15,-51.91
124,5.312,16,-46.468
124,5.312,17,-48.54
124,5.312,18,-45.901
124,5.312,19,-42.184
124,5.312,20,-42.577
124,5.312,21,-42.385
124,5.312,22,-50.872
124,5.312,23,-51.727
124,5.312,24,-54.736
124,5.312,25,-54.919
124,5.312,26,-49.188
124,5.312,27,-48.027
124,5.312,28,-53.955
124,5.312,29,-62.461
124,5.312,30,-66.718
124,5.312,31,-65.106
124,5.312,32,-63.127
124,5.312,33,-59.173
124,5.312,34,-62.443
124,5.312,35,-70.937
124,5.312,36,-76.554
124,5.312,37,-76.485
124,5.312,38,-66.283
124,5.312,39,-59.865
124,5.312,40,-58.147
124,5.312,41,-65.852
124,5.312,42,-57.643
124,5.312,43,-60.149
124,5.312,44,-57.246
124,5.312,45,-61.747
124,5.312,46,-62.835
124,5.312,47,-65.849
124,5.312,48,-65.647
124,5.312,49,-59.093
124,5.312,50,-64.509
124,5.312,51,-71.184
124,5.312,52,-75.672
124,5.312,53,-72.4
124,5.312,54,-65.018
124,5.312,55,-64.722
124,5.312,56,-69.049
124,5.312,57,-77.341
124,5.312,58,-85.583
124,5.312,59,-84.874
124,5.312,60,-89.492
124,5.312,61,-91.723
124,5.312,62,-99.197
124,5.312,63,-99.999
124,5.312,64,-99.991
125,5.3547,1,-83.947
125,5.3547,2,-75.743
125,5.3547,3,-46.641
125,5.3547,4,-37.368
125,5.3547,5,-46.642
125,5.3547,6,-61.225
125,5.3547,7,-37.065
125,5.3547,8,-39.945
125,5.3547,9,-55.095
125,5.3547,10,-44.142
125,5.3547,11,-54.177
125,5.3547,12,-37.019
125,5.3547,13,-41.366
125,5.3547,14,-47.726
125,5.3547,15,-51.679
125,5.3547,16,-46.034
125,5.3547,17,-46.551
125,5.3547,18,-42.882
125,5.3547,19,-41.608
125,5.3547,20,-44.225
125,5.3547,21,-46.662
125,5.3547,22,-52.418
125,5.3547,23,-53.804
125,5.3547,24,-57.017
125,5.3547,25,-57.181
125,5.3547,26,-53.324
125,5.3547,27,-52.214
125,5.3547,28,-54.454
125,5.3547,29,-61.116
125,5.3547,30,-66.856
125,5.3547,31,-72.116
125,5.3547,32,-65.56
125,5.3547,33,-62.889
125,5.3547,34,-65.979
125,5.3547,35,-71.722
125,5.3547,36,-75.424
125,5.3547,37,-81.598
125,5.3547,38,-73.377
125,5.3547,39,-62.32
125,5.3547,40,-60.162
125,5.3547,41,-68.771
125,5.3547,42,-56.888
125,5.3547,43,-58.817
125,5.3547,44,-54.839
125,5.3547,45,-60.965
125,5.3547,46,-65.734
125,5.3547,47,-69.355
125,5.3547,48,-73.205
125,5.3547,49,-62.965
125,5.3547,50,-63.204
125,5.3547,51,-72.373
125,5.3547,52,-74.534
125,5.3547,53,-74.145
125,5.3547,54,-69.944
125,5.3547,55,-71.122
125,5.3547,56,-73.385
125,5.3547,57,-76.344
125,5.3547,58,-76.897
125,5.3547,59,-81.699
125,5.3547,60,-89.126
125,5.3547,61,-94.438
125,5.3547,62,-99.179
125,5.3547,63,-99.999
125,5.3547,64,-99.995
126,5.3973,1,-85.352
126,5.3973,2,-78.808
126,5.3973,3,-49.313
126,5.3973,4,-37.904
126,5.3973,5,-47.144
126,5.3973,6,-71.021
126,5.3973,7,-37.445
126,5.3973,8,-39.859
126,5.3973,9,-56.788
126,5.3973,10,-45.23
126,5.3973,11,-55.395
126,5.3973,12,-38.244
126,5.3973,13,-42.024
126,5.3973,14,-47.29
126,5.3973,15,-50.54
126,5.3973,16,-45.863
126,5.3973,17,-42.501
126,5.3973,18,-37.467
126,5.3973,19,-57.156
126,5.3973,20,-54.704
126,5.3973,21,-48.404
126,5.3973,22,-59.17
126,5.3973,23,-55.568
126,5.3973,24,-56.952
126,5.3973,25,-58.238
126,5.3973,26,-51.905
126,5.3973,27,-49.097
126,5.3973,28,-52.248
126,5.3973,29,-59.022
126,5.3973,30,-69.125
126,5.3973,31,-74.544
126,5.3973,32,-68.821
126,5.3973,33,-63.723
126,5.3973,34,-66.58
126,5.3973,35,-69.65
126,5.3973,36,-75.583
126,5.3973,37,-82.303
126,5.3973,38,-68.221
126,5.3973,39,-60.236
126,5.3973,40,-58.855
126,5.3973,41,-70.926
126,5.3973,42,-58.39
126,5.3973,43,-61.209
126,5.3973,44,-58.092
126,5.3973,45,-59.821
126,5.3973,46,-64.676
126,5.3973,47,-67.441
126,5.3973,48,-67.929
126,5.3973,49,-56.855
126,5.3973,50,-62.665
126,5.3973,51,-66.786
126,5.3973,52,-67.844
126,5.3973,53,-66.761
126,5.3973,54,-64.301
126,5.3973,55,-70.597
126,5.3973,56,-68.011
126,5.3973,57,-74.222
126,5.3973,58,-75.513
126,5.3973,59,-81.372
126,5.3973,60,-91.799
126,5.3973,61,-97.132
126,5.3973,62,-99.794
126,5.3973,63,-99.999
126,5.3973,64,-99.998
127,5.44,1,-78.201
127,5.44,2,-83.939
127,5.44,3,-47.713
127,5.44,4,-36.343
127,5.44,5,-45.118
127,5.44,6,-68.241
127,5.44,7,-36.308
127,5.44,8,-38.469
127,5.44,9,-53.805
127,5.44,10,-41.847
127,5.44,11,-52.049
127,5.44,12,-40.664
127,5.44,13,-44.164
127,5.44,14,-45.67
127,5.44,15,-48.469
127,5.44,16,-40.251
127,5.44,17,-46.662
127,5.44,18,-54.985
127,5.44,19,-54.321
127,5.44,20,-54.673
127,5.44,21,-56.5
127,5.44,22,-60.689
127,5.44,23,-58.199
127,5.44,24,-58.775
127,5.44,25,-60.515
127,5.44,26,-55.041
127,5.44,27,-50.87
127,5.44,28,-51.56
127,5.44,29,-62.675
127,5.44,30,-72.33
127,5.44,31,-75.868
127,5.44,32,-68.489
127,5.44,33,-66.861
127,5.44,34,-68.231
127,5.44,35,-68.608
127,5.44,36,-76.064
127,5.44,37,-81.397
127,5.44,38,-72.0
127,5.44,39,-61.888
127,5.44,40,-65.348
127,5.44,41,-78.764
127,5.44,42,-61.325
127,5.44,43,-60.146
127,5.44,44,-64.224
127,5.44,45,-73.083
127,5.44,46,-70.968
127,5.44,47,-67.524
127,5.44,48,-56.833
127,5.44,49,-55.753
127,5.44,50,-64.429
127,5.44,51,-62.706
127,5.44,52,-62.648
127,5.44,53,-62.47
127,5.44,54,-63.865
127,5.44,55,-68.01
127,5.44,56,-71.664
127,5.44,57,-78.672
127,5.44,58,-81.533
127,5.44,59,-90.482
127,5.44,60,-91.967
127,5.44,61,-95.277
127,5.44,62,-99.989
127,5.44,63,-99.999
127,5.44,64,-99.998
128,5.4827,1,-78.654
128,5.4827,2,-81.777
128,5.4827,3,-46.079
128,5.4827,4,-35.223
128,5.4827,5,-43.559
128,5.4827,6,-67.814
128,5.4827,7,-35.5
128,5.4827,8,-38.368
128,5.4827,9,-48.444
128,5.4827,10,-40.376
128,5.4827,11,-52.683
128,5.4827,12,-49.453
128,5.4827,13,-52.007
128,5.4827,14,-44.683
128,5.4827,15,-50.237
128,5.4827,16,-59.149
128,5.4827,17,-62.4
128,5.4827,18,-65.395
128,5.4827,19,-62.958
128,5.4827,20,-61.846
128,5.4827,21,-59.614
128,5.4827,22,-63.3
128,5.4827,23,-65.452
128,5.4827,24,-71.327
128,5.4827,25,-72.362
128,5.4827,26,-66.208
128,5.4827,27,-57.501
128,5.4827,28,-54.465
128,5.4827,29,-76.947
128,5.4827,30,-80.694
128,5.4827,31,-82.711
128,5.4827,32,-81.745
128,5.4827,33,-78.839
128,5.4827,34,-78.456
128,5.4827,35,-82.615
128,5.4827,36,-84.622
128,5.4827,37,-85.714
128,5.4827,38,-86.085
128,5.4827,39,-72.757
128,5.4827,40,-75.068
128,5.4827,41,-85.462
128,5.4827,42,-75.437
128,5.4827,43,-76.714
128,5.4827,44,-77.614
128,5.4827,45,-76.827
128,5.4827,46,-79.568
128,5.4827,47,-76.345
128,5.4827,48,-68.92
128,5.4827,49,-64.861
128,5.4827,50,-69.147
128,5.4827,51,-70.269
128,5.4827,52,-72.995
128,5.4827,53,-73.268
128,5.4827,54,-75.791
128,5.4827,55,-77.762
128,5.4827,56,-80.642
128,5.4827,57,-87.333
128,5.4827,58,-91.819
128,5.4827,59,-92.634
128,5.4827,60,-92.694
128,5.4827,61,-93.743
128,5.4827,62,-98.646
128,5.4827,63,-99.999
128,5.4827,64,-99.994
129,5.5253,1,-64.269
129,5.5253,2,-75.042
129,5.5253,3,-46.339
129,5.5253,4,-35.887
129,5.5253,5,-45.003
129,5.5253,6,-64.442
129,5.5253,7,-38.377
129,5.5253,8,-37.665
129,5.5253,9,-59.038
129,5.5253,10,-44.546
129,5.5253,11,-48.839
129,5.5253,12,-49.253
129,5.5253,13,-48.617
129,5.5253,14,-48.724
129,5.5253,15,-47.535
129,5.5253,16,-55.055
129,5.5253,17,-57.162
129,5.5253,18,-60.992
129,5.5253,19,-63.502
129,5.5253,20,-61.883
129,5.5253,21,-59.018
129,5.5253,22,-63.165
129,5.5253,23,-65.62
129,5.5253,24,-67.973
129,5.5253,25,-74.729
129,5.5253,26,-68.049
129,5.5253,27,-63.141
129,5.5253,28,-66.67
129,5.5253,29,-77.397
129,5.5253,30,-79.127
129,5.5253,31,-79.019
129,5.5253,32,-72.13
129,5.5253,33,-76.944
129,5.5253,34,-80.793
129,5.5253,35,-82.61
129,5.5253,36,-83.786
129,5.5253,37,-84.123
129,5.5253,38,-82.478
129,5.5253,39,-80.754
129,5.5253,40,-79.62
129,5.5253,41,-87.01
129,5.5253,42,-83.469
129,5.5253,43,-80.765
129,5.5253,44,-80.047
129,5.5253,45,-75.905
129,5.5253,46,-75.981
129,5.5253,47,-73.891
129,5.5253,48,-69.765
129,5.5253,49,-72.149
129,5.5253,50,-70.944
129,5.5253,51,-72.215
129,5.5253,52,-71.581
129,5.5253,53,-72.806
129,5.5253,54,-74.373
129,5.5253,55,-74.253
129,5.5253,56,-82.531
129,5.5253,57,-89.065
129,5.5253,58,-88.334
129,5.5253,59,-90.488
129,5.5253,60,-91.648
129,5.5253,61,-93.112
129,5.5253,62,-98.431
129,5.5253,63,-99.999
129,5.5253,64,-99.993
130,5.568,1,-75.817
130,5.568,2,-87.542
130,5.568,3,-61.145
130,5.568,4,-35.332
130,5.568,5,-36.413
130,5.568,6,-66.974
130,5.568,7,-46.264
130,5.568,8,-34.122
130,5.568,9,-46.282
130,5.568,10,-49.409
130,5.568,11,-39.033
130,5.568,12,-51.165
130,5.568,13,-42.905
130,5.568,14,-46.449
130,5.568,15,-38.077
130,5.568,16,-35.704
130,5.568,17,-57.995
130,5.568,18,-58.229
130,5.568,19,-58.231
130,5.568,20,-58.892
130,5.568,21,-55.085
130,5.568,22,-67.881
130,5.568,23,-68.366
130,5.568,24,-65.692
130,5.568,25,-66.171
130,5.568,26,-63.854
130,5.568,27,-58.866
130,5.568,28,-60.197
130,5.568,29,-65.833
130,5.568,30,-69.007
130,5.568,31,-67.393
130,5.568,32,-67.442
130,5.568,33,-63.019
130,5.568,34,-65.395
130,5.568,35,-71.316
130,5.568,36,-73.097
130,5.568,37,-83.587
130,5.568,38,-70.831
130,5.568,39,-68.663
130,5.568,40,-65.198
130,5.568,41,-71.623
130,5.568,42,-75.201
130,5.568,43,-71.843
130,5.568,44,-71.324
130,5.568,45,-70.783
130,5.568,46,-65.156
130,5.568,47,-80.979
130,5.568,48,-65.95
130,5.568,49,-61.603
130,5.568,50,-65.703
130,5.568,51,-68.243
130,5.568,52,-64.826
130,5.568,53,-67.201
130,5.568,54,-64.502
130,5.568,55,-65.815
130,5.568,56,-70.4
130,5.568,57,-80.853
130,5.568,58,-82.698
130,5.568,59,-87.301
130,5.568,60,-91.836
130,5.568,61,-95.048
130,5.568,62,-99.221
130,5.568,63,-99.999
130,5.568,64,-99.996
131,5.6107,1,-73.448
131,5.6107,2,-81.514
131,5.6107,3,-56.047
131,5.6107,4,-35.197
131,5.6107,5,-36.925
131,5.6107,6,-70.952
131,5.6107,7,-45.359
131,5.6107,8,-35.31
131,5.6107,9,-49.388
131,5.6107,10,-48.04
131,5.6107,11,-38.515
131,5.6107,12,-52.833
131,5.6107,13,-43.643
131,5.6107,14,-48.652
131,5.6107,15,-37.752
131,5.6107,16,-36.348
131,5.6107,17,-54.73
131,5.6107,18,-57.161
131,5.6107,19,-57.595
131,5.6107,20,-59.286
131,5.6107,21,-54.966
131,5.6107,22,-69.91
131,5.6107,23,-66.534
131,5.6107,24,-64.497
131,5.6107,25,-64.954
131,5.6107,26,-59.309
131,5.6107,27,-55.395
131,5.6107,28,-58.363
131,5.6107,29,-63.674
131,5.6107,30,-67.354
131,5.6107,31,-62.261
131,5.6107,32,-62.656
131,5.6107,33,-57.899
131,5.6107,34,-64.556
131,5.6107,35,-67.662
131,5.6107,36,-70.458
131,5.6107,37,-76.238
131,5.6107,38,-67.164
131,5.6107,39,-66.657
131,5.6107,40,-60.228
131,5.6107,41,-71.623
131,5.6107,42,-73.255
131,5.6107,43,-67.866
131,5.6107,44,-70.118
131,5.6107,45,-63.743
131,5.6107,46,-66.391
131,5.6107,47,-63.999
131,5.6107,48,-51.972
131,5.6107,49,-56.772
131,5.6107,50,-60.456
131,5.6107,51,-66.005
131,5.6107,52,-66.475
131,5.6107,53,-63.169
131,5.6107,54,-59.32
131,5.6107,55,-64.418
131,5.6107,56,-68.492
131,5.6107,57,-77.92
131,5.6107,58,-83.18
131,5.6107,59,-88.029
131,5.6107,60,-91.548
131,5.6107,61,-94.221
131,5.6107,62,-99.23
131,5.6107,63,-99.999
131,5.6107,64,-99.995
132,5.6533,1,-76.43
132,5.6533,2,-68.076
132,5.6533,3,-53.604
132,5.6533,4,-35.186
132,5.6533,5,-36.882
132,5.6533,6,-64.764
132,5.6533,7,-45.211
132,5.6533,8,-36.764
132,5.6533,9,-53.556
132,5.6533,10,-44.486
132,5.6533,11,-37.565
132,5.6533,12,-55.834
132,5.6533,13,-44.685
132,5.6533,14,-51.982
132,5.6533,15,-38.528
132,5.6533,16,-40.264
132,5.6533,17,-49.344
132,5.6533,18,-53.504
132,5.6533,19,-60.048
132,5.6533,20,-61.485
132,5.6533,21,-58.072
132,5.6533,22,-62.298
132,5.6533,23,-64.617
132,5.6533,24,-67.113
132,5.6533,25,-65.026
132,5.6533,26,-60.974
132,5.6533,27,-57.143
132,5.6533,28,-58.953
132,5.6533,29,-62.906
132,5.6533,30,-64.761
132,5.6533,31,-63.273
132,5.6533,32,-65.768
132,5.6533,33,-63.56
132,5.6533,34,-66.637
132,5.6533,35,-68.731
132,5.6533,36,-68.672
132,5.6533,37,-72.667
132,5.6533,38,-72.1
132,5.6533,39,-69.229
132,5.6533,40,-65.203
132,5.6533,41,-72.204
132,5.6533,42,-71.414
132,5.6533,43,-70.701
132,5.6533,44,-68.68
132,5.6533,45,-63.981
132,5.6533,46,-70.915
132,5.6533,47,-67.332
132,5.6533,48,-53.898
132,5.6533,49,-58.005
132,5.6533,50,-61.887
132,5.6533,51,-66.682
132,5.6533,52,-67.972
132,5.6533,53,-64.111
132,5.6533,54,-59.383
132,5.6533,55,-65.415
132,5.6533,56,-68.903
132,5.6533,57,-78.133
132,5.6533,58,-83.867
132,5.6533,59,-89.308
132,5.6533,60,-92.502
132,5.6533,61,-95.312
132,5.6533,62,-98.827
132,5.6533,63,-99.999
132,5.6533,64,-99.995
133,5.696,1,-73.443
133,5.696,2,-79.349
133,5.696,3,-58.653
133,5.696,4,-35.726
133,5.696,5,-36.532
133,5.696,6,-71.774
133,5.696,7,-45.24
133,5.696,8,-35.379
133,5.696,9,-50.197
133,5.696,10,-47.05
133,5.696,11,-38.762
133,5.696,12,-54.881
133,5.696,13,-44.346
133,5.696,14,-50.671
133,5.696,15,-41.821
133,5.696,16,-41.548
133,5.696,17,-44.535
133,5.696,18,-46.455
133,5.696,19,-56.495
133,5.696,20,-59.543
133,5.696,21,-57.009
133,5.696,22,-62.882
133,5.696,23,-63.928
133,5.696,24,-64.916
133,5.696,25,-62.664
133,5.696,26,-60.98
133,5.696,27,-56.379
133,5.696,28,-57.876
133,5.696,29,-62.164
133,5.696,30,-68.829
133,5.696,31,-66.772
133,5.696,32,-61.711
133,5.696,33,-57.402
133,5.696,34,-66.884
133,5.696,35,-71.801
133,5.696,36,-76.356
133,5.696,37,-81.58
133,5.696,38,-68.969
133,5.696,39,-68.676
133,5.696,40,-63.598
133,5.696,41,-74.177
133,5.696,42,-78.059
133,5.696,43,-79.679
133,5.696,44,-68.192
133,5.696,45,-64.058
133,5.696,46,-65.346
133,5.696,47,-73.471
133,5.696,48,-63.865
133,5.696,49,-64.767
133,5.696,50,-69.328
133,5.696,51,-67.713
133,5.696,52,-67.506
133,5.696,53,-65.303
133,5.696,54,-65.651
133,5.696,55,-67.573
133,5.696,56,-72.034
133,5.696,57,-79.518
133,5.696,58,-84.435
133,5.696,59,-87.88
133,5.696,60,-91.506
133,5.696,61,-94.383
133,5.696,62,-98.76
133,5.696,63,-99.999
133,5.696,64,-99.994
134,5.7387,1,-64.583
134,5.7387,2,-85.402
134,5.7387,3,-61.417
134,5.7387,4,-35.664
134,5.7387,5,-36.455
134,5.7387,6,-68.575
134,5.7387,7,-39.767
134,5.7387,8,-33.205
134,5.7387,9,-52.829
134,5.7387,10,-53.133
134,5.7387,11,-48.481
134,5.7387,12,-64.213
134,5.7387,13,-47.516
134,5.7387,14,-53.64
134,5.7387,15,-50.521
134,5.7387,16,-50.884
134,5.7387,17,-51.159
134,5.7387,18,-53.484
134,5.7387,19,-44.722
134,5.7387,20,-45.936
134,5.7387,21,-50.384
134,5.7387,22,-55.721
134,5.7387,23,-58.299
134,5.7387,24,-63.165
134,5.7387,25,-63.761
134,5.7387,26,-55.957
134,5.7387,27,-57.379
134,5.7387,28,-64.031
134,5.7387,29,-68.548
134,5.7387,30,-71.664
134,5.7387,31,-69.628
134,5.7387,32,-67.746
134,5.7387,33,-63.307
134,5.7387,34,-68.777
134,5.7387,35,-76.624
134,5.7387,36,-79.287
134,5.7387,37,-68.095
134,5.7387,38,-67.265
134,5.7387,39,-72.69
134,5.7387,40,-67.328
134,5.7387,41,-81.073
134,5.7387,42,-71.653
134,5.7387,43,-63.127
134,5.7387,44,-66.412
134,5.7387,45,-68.634
134,5.7387,46,-64.933
134,5.7387,47,-62.087
134,5.7387,48,-62.163
134,5.7387,49,-56.123
134,5.7387,50,-52.024
134,5.7387,51,-63.645
134,5.7387,52,-61.691
134,5.7387,53,-63.979
134,5.7387,54,-67.932
134,5.7387,55,-74.052
134,5.7387,56,-78.747
134,5.7387,57,-81.555
134,5.7387,58,-82.969
134,5.7387,59,-85.077
134,5.7387,60,-88.747
134,5.7387,61,-93.47
134,5.7387,62,-98.063
134,5.7387,63,-99.999
134,5.7387,64,-99.991
135,5.7813,1,-66.958
135,5.7813,2,-75.226
135,5.7813,3,-47.713
135,5.7813,4,-36.111
135,5.7813,5,-44.776
135,5.7813,6,-67.554
135,5.7813,7,-43.593
135,5.7813,8,-44.476
135,5.7813,9,-61.714
135,5.7813,10,-57.922
135,5.7813,11,-57.153
135,5.7813,12,-62.406
135,5.7813,13,-63.218
135,5.7813,14,-68.024
135,5.7813,15,-61.772
135,5.7813,16,-59.272
135,5.7813,17,-64.567
135,5.7813,18,-63.741
135,5.7813,19,-64.402
135,5.7813,20,-65.626
135,5.7813,21,-72.357
135,5.7813,22,-74.72
135,5.7813,23,-73.391
135,5.7813,24,-69.4
135,5.7813,25,-65.741
135,5.7813,26,-70.636
135,5.7813,27,-72.393
135,5.7813,28,-71.807
135,5.7813,29,-66.267
135,5.7813,30,-61.279
135,5.7813,31,-63.979
135,5.7813,32,-63.438
135,5.7813,33,-64.594
135,5.7813,34,-67.537
135,5.7813,35,-66.448
135,5.7813,36,-71.923
135,5.7813,37,-74.334
135,5.7813,38,-75.48
135,5.7813,39,-75.125
135,5.7813,40,-75.194
135,5.7813,41,-77.577
135,5.7813,42,-73.984
135,5.7813,43,-72.747
135,5.7813,44,-71.391
135,5.7813,45,-69.554
135,5.7813,46,-68.991
135,5.7813,47,-69.341
135,5.7813,48,-64.881
135,5.7813,49,-64.736
135,5.7813,50,-66.807
135,5.7813,51,-67.531
135,5.7813,52,-70.629
135,5.7813,53,-72.299
135,5.7813,54,-76.927
135,5.7813,55,-80.525
135,5.7813,56,-79.795
135,5.7813,57,-83.064
135,5.7813,58,-90.148
135,5.7813,59,-90.932
135,5.7813,60,-91.636
135,5.7813,61,-93.055
135,5.7813,62,-97.994
135,5.7813,63,-100.0
135,5.7813,64,-99.992
136,5.824,1,-82.762
136,5.824,2,-74.471
136,5.824,3,-47.08
136,5.824,4,-35.341
136,5.824,5,-44.397
136,5.824,6,-60.33
136,5.824,7,-39.76
136,5.824,8,-40.342
136,5.824,9,-62.221
136,5.824,10,-60.92
136,5.824,11,-58.456
136,5.824,12,-64.665
136,5.824,13,-61.523
136,5.824,14,-66.119
136,5.824,15,-60.753
136,5.824,16,-57.612
136,5.824,17,-63.839
136,5.824,18,-65.644
136,5.824,19,-67.89
136,5.824,20,-69.999
136,5.824,21,-67.65
136,5.824,22,-69.647
136,5.824,23,-66.943
136,5.824,24,-60.301
136,5.824,25,-57.789
136,5.824,26,-62.472
136,5.824,27,-64.5
136,5.824,28,-62.152
136,5.824,29,-60.647
136,5.824,30,-50.505
136,5.824,31,-52.276
136,5.824,32,-57.184
136,5.824,33,-56.493
136,5.824,34,-50.937
136,5.824,35,-52.308
136,5.824,36,-53.877
136,5.824,37,-55.527
136,5.824,38,-56.409
136,5.824,39,-60.019
136,5.824,40,-59.027
136,5.824,41,-63.017
136,5.824,42,-60.105
136,5.824,43,-58.987
136,5.824,44,-56.355
136,5.824,45,-53.997
136,5.824,46,-55.802
136,5.824,47,-57.634
136,5.824,48,-61.246
136,5.824,49,-60.565
136,5.824,50,-56.367
136,5.824,51,-59.257
136,5.824,52,-60.647
136,5.824,53,-64.444
136,5.824,54,-69.809
136,5.824,55,-72.063
136,5.824,56,-73.544
136,5.824,57,-74.364
136,5.824,58,-78.809
136,5.824,59,-88.53
136,5.824,60,-90.927
136,5.824,61,-96.945
136,5.824,62,-99.862
136,5.824,63,-99.999
136,5.824,64,-99.999
137,5.8667,1,-76.139
137,5.8667,2,-83.8
137,5.8667,3,-59.247
137,5.8667,4,-35.133
137,5.8667,5,-34.817
137,5.8667,6,-65.353
137,5.8667,7,-50.658
137,5.8667,8,-35.117
137,5.8667,9,-44.458
137,5.8667,10,-55.7
137,5.8667,11,-42.557
137,5.8667,12,-49.296
137,5.8667,13,-50.649
137,5.8667,14,-52.854
137,5.8667,15,-55.886
137,5.8667,16,-51.116
137,5.8667,17,-57.682
137,5.8667,18,-56.514
137,5.8667,19,-59.456
137,5.8667,20,-59.225
137,5.8667,21,-52.438
137,5.8667,22,-52.601
137,5.8667,23,-50.064
137,5.8667,24,-44.301
137,5.8667,25,-47.111
137,5.8667,26,-48.536
137,5.8667,27,-52.224
137,5.8667,28,-54.837
137,5.8667,29,-53.946
137,5.8667,30,-58.421
137,5.8667,31,-63.053
137,5.8667,32,-66.741
137,5.8667,33,-62.934
137,5.8667,34,-63.075
137,5.8667,35,-69.568
137,5.8667,36,-71.504
137,5.8667,37,-65.014
137,5.8667,38,-58.648
137,5.8667,39,-61.642
137,5.8667,40,-69.339
137,5.8667,41,-60.837
137,5.8667,42,-57.624
137,5.8667,43,-60.493
137,5.8667,44,-62.636
137,5.8667,45,-58.876
137,5.8667,46,-52.917
137,5.8667,47,-54.125
137,5.8667,48,-53.883
137,5.8667,49,-56.487
137,5.8667,50,-56.73
137,5.8667,51,-64.972
137,5.8667,52,-65.925
137,5.8667,53,-57.431
137,5.8667,54,-55.364
137,5.8667,55,-65.647
137,5.8667,56,-71.785
137,5.8667,57,-76.107
137,5.8667,58,-80.892
137,5.8667,59,-83.38
137,5.8667,60,-89.145
137,5.8667,61,-92.489
137,5.8667,62,-98.093
137,5.8667,63,-99.999
137,5.8667,64,-99.992
138,5.9093,1,-76.638
138,5.9093,2,-85.449
138,5.9093,3,-61.679
138,5.9093,4,-37.038
138,5.9093,5,-37.719
138,5.9093,6,-69.386
138,5.9093,7,-46.206
138,5.9093,8,-36.921
138,5.9093,9,-52.005
138,5.9093,10,-43.783
138,5.9093,11,-32.886
138,5.9093,12,-45.541
138,5.9093,13,-48.717
138,5.9093,14,-54.213
138,5.9093,15,-50.141
138,5.9093,16,-49.838
138,5.9093,17,-52.529
138,5.9093,18,-54.805
138,5.9093,19,-53.513
138,5.9093,20,-54.148
138,5.9093,21,-49.373
138,5.9093,22,-45.587
138,5.9093,23,-40.536
138,5.9093,24,-38.205
138,5.9093,25,-52.881
138,5.9093,26,-48.338
138,5.9093,27,-50.099
138,5.9093,28,-54.063
138,5.9093,29,-57.595
138,5.9093,30,-60.886
138,5.9093,31,-64.492
138,5.9093,32,-64.843
138,5.9093,33,-63.493
138,5.9093,34,-62.643
138,5.9093,35,-68.642
138,5.9093,36,-73.432
138,5.9093,37,-65.577
138,5.9093,38,-58.394
138,5.9093,39,-62.227
138,5.9093,40,-67.249
138,5.9093,41,-60.93
138,5.9093,42,-58.361
138,5.9093,43,-61.776
138,5.9093,44,-62.964
138,5.9093,45,-64.973
138,5.9093,46,-61.107
138,5.9093,47,-63.341
138,5.9093,48,-62.647
138,5.9093,49,-59.842
138,5.9093,50,-61.387
138,5.9093,51,-68.37
138,5.9093,52,-67.996
138,5.9093,53,-67.257
138,5.9093,54,-64.243
138,5.9093,55,-69.016
138,5.9093,56,-77.964
138,5.9093,57,-80.659
138,5.9093,58,-83.792
138,5.9093,59,-85.465
138,5.9093,60,-89.207
138,5.9093,61,-96.14
138,5.9093,62,-99.915
138,5.9093,63,-99.998
138,5.9093,64,-99.997
139,5.952,1,-76.218
139,5.952,2,-86.144
139,5.952,3,-69.724
139,5.952,4,-37.166
139,5.952,5,-37.151
139,5.952,6,-66.486
139,5.952,7,-50.302
139,5.952,8,-39.766
139,5.952,9,-51.206
139,5.952,10,-45.684
139,5.952,11,-33.937
139,5.952,12,-44.964
139,5.952,13,-45.449
139,5.952,14,-47.944
139,5.952,15,-52.198
139,5.952,16,-47.817
139,5.952,17,-51.81
139,5.952,18,-50.812
139,5.952,19,-50.195
139,5.952,20,-50.658
139,5.952,21,-44.704
139,5.952,22,-42.116
139,5.952,23,-41.024
139,5.952,24,-44.943
139,5.952,25,-55.274
139,5.952,26,-52.106
139,5.952,27,-50.978
139,5.952,28,-52.839
139,5.952,29,-59.483
139,5.952,30,-64.101
139,5.952,31,-68.838
139,5.952,32,-68.038
139,5.952,33,-66.418
139,5.952,34,-64.111
139,5.952,35,-71.173
139,5.952,36,-72.928
139,5.952,37,-64.375
139,5.952,38,-58.444
139,5.952,39,-60.432
139,5.952,40,-64.21
139,5.952,41,-56.409
139,5.952,42,-53.24
139,5.952,43,-55.589
139,5.952,44,-60.568
139,5.952,45,-60.893
139,5.952,46,-59.0
139,5.952,47,-61.487
139,5.952,48,-64.239
139,5.952,49,-62.141
139,5.952,50,-61.689
139,5.952,51,-66.998
139,5.952,52,-65.662
139,5.952,53,-63.881
139,5.952,54,-61.254
139,5.952,55,-63.04
139,5.952,56,-75.268
139,5.952,57,-76.364
139,5.952,58,-81.197
139,5.952,59,-86.611
139,5.952,60,-88.687
139,5.952,61,-94.405
139,5.952,62,-99.997
139,5.952,63,-99.999
139,5.952,64,-99.997
140,5.9947,1,-77.224
140,5.9947,2,-79.76
140,5.9947,3,-66.07
140,5.9947,4,-45.735
140,5.9947,5,-35.295
140,5.9947,6,-45.631
140,5.9947,7,-57.163
140,5.9947,8,-46.058
140,5.9947,9,-45.617
140,5.9947,10,-63.781
140,5.9947,11,-40.803
140,5.9947,12,-32.602
140,5.9947,13,-49.571
140,5.9947,14,-46.416
140,5.9947,15,-47.379
140,5.9947,16,-52.961
140,5.9947,17,-49.605
140,5.9947,18,-58.061
140,5.9947,19,-49.813
140,5.9947,20,-49.153
140,5.9947,21,-45.502
140,5.9947,22,-38.204
140,5.9947,23,-39.941
140,5.9947,24,-43.865
140,5.9947,25,-52.959
140,5.9947,26,-51.021
140,5.9947,27,-50.334
140,5.9947,28,-50.949
140,5.9947,29,-51.554
140,5.9947,30,-56.009
140,5.9947,31,-60.223
140,5.9947,32,-63.04
140,5.9947,33,-64.586
140,5.9947,34,-65.611
140,5.9947,35,-66.581
140,5.9947,36,-73.134
140,5.9947,37,-60.873
140,5.9947,38,-58.58
140,5.9947,39,-50.8
140,5.9947,40,-54.989
140,5.9947,41,-53.317
140,5.9947,42,-44.294
140,5.9947,43,-46.118
140,5.9947,44,-51.922
140,5.9947,45,-55.93
140,5.9947,46,-57.221
140,5.9947,47,-55.156
140,5.9947,48,-58.295
140,5.9947,49,-62.807
140,5.9947,50,-61.613
140,5.9947,51,-63.871
140,5.9947,52,-66.414
140,5.9947,53,-65.891
140,5.9947,54,-63.263
140,5.9947,55,-59.997
140,5.9947,56,-72.809
140,5.9947,57,-77.735
140,5.9947,58,-80.041
140,5.9947,59,-85.656
140,5.9947,60,-90.63
140,5.9947,61,-90.3
140,5.9947,62,-96.584
140,5.9947,63,-99.998
140,5.9947,64,-99.978
141,6.0373,1,-73.196
141,6.0373,2,-81.314
141,6.0373,3,-69.699
141,6.0373,4,-43.146
141,6.0373,5,-34.892
141,6.0373,6,-47.294
141,6.0373,7,-54.184
141,6.0373,8,-46.215
141,6.0373,9,-46.368
141,6.0373,10,-64.637
141,6.0373,11,-40.684
141,6.0373,12,-34.727
141,6.0373,13,-58.841
141,6.0373,14,-45.65
141,6.0373,15,-49.063
141,6.0373,16,-51.583
141,6.0373,17,-50.014
141,6.0373,18,-54.186
141,6.0373,19,-50.438
141,6.0373,20,-45.735
141,6.0373,21,-44.993
141,6.0373,22,-36.3
141,6.0373,23,-41.059
141,6.0373,24,-46.209
141,6.0373,25,-53.342
141,6.0373,26,-51.914
141,6.0373,27,-51.967
141,6.0373,28,-52.648
141,6.0373,29,-54.795
141,6.0373,30,-55.329
141,6.0373,31,-61.668
141,6.0373,32,-65.032
141,6.0373,33,-67.261
141,6.0373,34,-64.615
141,6.0373,35,-66.743
141,6.0373,36,-66.097
141,6.0373,37,-63.378
141,6.0373,38,-58.343
141,6.0373,39,-53.581
141,6.0373,40,-56.74
141,6.0373,41,-55.949
141,6.0373,42,-47.766
141,6.0373,43,-48.4
141,6.0373,44,-51.348
141,6.0373,45,-55.738
141,6.0373,46,-58.294
141,6.0373,47,-57.076
141,6.0373,48,-56.554
141,6.0373,49,-62.829
141,6.0373,50,-66.634
141,6.0373,51,-67.97
141,6.0373,52,-67.886
141,6.0373,53,-65.582
141,6.0373,54,-63.199
141,6.0373,55,-59.429
141,6.0373,56,-72.107
141,6.0373,57,-76.143
141,6.0373,58,-79.669
141,6.0373,59,-88.185
141,6.0373,60,-92.004
141,6.0373,61,-93.634
141,6.0373,62,-98.143
141,6.0373,63,-99.998
141,6.0373,64,-99.991
142,6.08,1,-65.679
142,6.08,2,-84.963
142,6.08,3,-67.678
142,6.08,4,-41.619
142,6.08,5,-34.072
142,6.08,6,-47.074
142,6.08,7,-55.882
142,6.08,8,-44.823
142,6.08,9,-45.175
142,6.08,10,-62.555
142,6.08,11,-40.125
142,6.08,12,-34.947
142,6.08,13,-60.54
142,6.08,14,-47.258
142,6.08,15,-50.963
142,6.08,16,-50.773
142,6.08,17,-48.95
142,6.08,18,-54.501
142,6.08,19,-50.722
142,6.08,20,-43.95
142,6.08,21,-44.034
142,6.08,22,-40.144
142,6.08,23,-45.56
142,6.08,24,-49.537
142,6.08,25,-56.52
142,6.08,26,-54.731
142,6.08,27,-55.113
142,6.08,28,-55.85
142,6.08,29,-57.895
142,6.08,30,-61.035
142,6.08,31,-67.472
142,6.08,32,-68.496
142,6.08,33,-67.14
142,6.08,34,-64.624
142,6.08,35,-68.946
142,6.08,36,-71.966
142,6.08,37,-75.53
142,6.08,38,-65.19
142,6.08,39,-60.942
142,6.08,40,-61.018
142,6.08,41,-64.042
142,6.08,42,-52.592
142,6.08,43,-53.543
142,6.08,44,-58.027
142,6.08,45,-64.051
142,6.08,46,-66.279
142,6.08,47,-64.218
142,6.08,48,-60.053
142,6.08,49,-60.461
142,6.08,50,-66.244
142,6.08,51,-68.829
142,6.08,52,-68.614
142,6.08,53,-66.556
142,6.08,54,-68.73
142,6.08,55,-64.29
142,6.08,56,-70.123
142,6.08,57,-74.738
142,6.08,58,-78.419
142,6.08,59,-85.405
142,6.08,60,-92.132
142,6.08,61,-95.022
142,6.08,62,-98.675
142,6.08,63,-99.999
142,6.08,64,-99.993
143,6.1227,1,-93.705
143,6.1227,2,-74.45
143,6.1227,3,-59.651
143,6.1227,4,-40.012
143,6.1227,5,-30.671
143,6.1227,6,-39.889
143,6.1227,7,-52.159
143,6.1227,8,-47.622
143,6.1227,9,-45.813
143,6.1227,10,-64.405
143,6.1227,11,-60.58
143,6.1227,12,-54.952
143,6.1227,13,-68.258
143,6.1227,14,-59.278
143,6.1227,15,-60.352
143,6.1227,16,-60.763
143,6.1227,17,-57.283
143,6.1227,18,-65.939
143,6.1227,19,-58.421
143,6.1227,20,-51.073
143,6.1227,21,-48.393
143,6.1227,22,-53.484
143,6.1227,23,-56.602
143,6.1227,24,-59.282
143,6.1227,25,-61.346
143,6.1227,26,-59.988
143,6.1227,27,-57.471
143,6.1227,28,-53.085
143,6.1227,29,-57.661
143,6.1227,30,-67.602
143,6.1227,31,-76.042
143,6.1227,32,-71.863
143,6.1227,33,-73.128
143,6.1227,34,-77.29
143,6.1227,35,-79.935
143,6.1227,36,-81.166
143,6.1227,37,-78.912
143,6.1227,38,-77.844
143,6.1227,39,-71.917
143,6.1227,40,-68.102
143,6.1227,41,-75.094
143,6.1227,42,-74.702
143,6.1227,43,-75.621
143,6.1227,44,-77.565
143,6.1227,45,-81.859
143,6.1227,46,-79.546
143,6.1227,47,-73.458
143,6.1227,48,-69.228
143,6.1227,49,-72.387
143,6.1227,50,-71.835
143,6.1227,51,-73.045
143,6.1227,52,-77.413
143,6.1227,53,-74.818
143,6.1227,54,-74.942
143,6.1227,55,-79.104
143,6.1227,56,-80.283
143,6.1227,57,-78.057
143,6.1227,58,-83.169
143,6.1227,59,-91.512
143,6.1227,60,-94.09
143,6.1227,61,-94.335
143,6.1227,62,-98.687
143,6.1227,63,-100.0
143,6.1227,64,-99.992
144,6.1653,1,-73.925
144,6.1653,2,-80.299
144,6.1653,3,-66.589
144,6.1653,4,-38.251
144,6.1653,5,-30.412
144,6.1653,6,-42.553
144,6.1653,7,-59.818
144,6.1653,8,-44.216
144,6.1653,9,-43.725
144,6.1653,10,-65.621
144,6.1653,11,-56.04
144,6.1653,12,-54.68
144,6.1653,13,-65.558
144,6.1653,14,-46.642
144,6.1653,15,-49.437
144,6.1653,16,-58.892
144,6.1653,17,-61.275
144,6.1653,18,-62.423
144,6.1653,19,-58.245
144,6.1653,20,-54.297
144,6.1653,21,-52.599
144,6.1653,22,-55.402
144,6.1653,23,-57.582
144,6.1653,24,-54.473
144,6.1653,25,-66.239
144,6.1653,26,-63.776
144,6.1653,27,-58.355
144,6.1653,28,-53.976
144,6.1653,29,-59.152
144,6.1653,30,-63.382
144,6.1653,31,-74.352
144,6.1653,32,-68.158
144,6.1653,33,-73.217
144,6.1653,34,-75.761
144,6.1653,35,-77.388
144,6.1653,36,-80.889
144,6.1653,37,-78.339
144,6.1653,38,-79.248
144,6.1653,39,-77.042
144,6.1653,40,-76.546
144,6.1653,41,-79.455
144,6.1653,42,-74.854
144,6.1653,43,-73.556
144,6.1653,44,-73.277
144,6.1653,45,-76.645
144,6.1653,46,-72.833
144,6.1653,47,-72.008
144,6.1653,48,-67.32
144,6.1653,49,-67.104
144,6.1653,50,-70.844
144,6.1653,51,-70.389
144,6.1653,52,-73.989
144,6.1653,53,-74.431
144,6.1653,54,-69.567
144,6.1653,55,-74.155
144,6.1653,56,-77.872
144,6.1653,57,-78.204
144,6.1653,58,-80.926
144,6.1653,59,-88.297
144,6.1653,60,-94.131
144,6.1653,61,-95.488
144,6.1653,62,-98.727
144,6.1653,63,-99.999
144,6.1653,64,-99.993
145,6.208,1,-67.925
145,6.208,2,-79.65
145,6.208,3,-66.628
145,6.208,4,-40.233
145,6.208,5,-32.778
145,6.208,6,-45.81
145,6.208,7,-66.084
145,6.208,8,-44.78
145,6.208,9,-44.423
145,6.208,10,-61.177
145,6.208,11,-40.816
145,6.208,12,-35.813
145,6.208,13,-58.197
145,6.208,14,-39.405
145,6.208,15,-43.558
145,6.208,16,-43.353
145,6.208,17,-42.289
145,6.208,18,-62.001
145,6.208,19,-59.869
145,6.208,20,-58.53
145,6.208,21,-58.346
145,6.208,22,-57.797
145,6.208,23,-55.795
145,6.208,24,-52.686
145,6.208,25,-68.876
145,6.208,26,-62.395
145,6.208,27,-55.355
145,6.208,28,-53.604
145,6.208,29,-59.29
145,6.208,30,-70.501
145,6.208,31,-75.145
145,6.208,32,-66.893
145,6.208,33,-64.786
145,6.208,34,-74.088
145,6.208,35,-75.658
145,6.208,36,-81.948
145,6.208,37,-84.109
145,6.208,38,-83.049
145,6.208,39,-76.32
145,6.208,40,-75.355
145,6.208,41,-76.597
145,6.208,42,-72.544
145,6.208,43,-66.984
145,6.208,44,-62.807
145,6.208,45,-59.927
145,6.208,46,-60.323
145,6.208,47,-70.451
145,6.208,48,-70.339
145,6.208,49,-63.665
145,6.208,50,-66.068
145,6.208,51,-74.96
145,6.208,52,-70.196
145,6.208,53,-72.686
145,6.208,54,-63.554
145,6.208,55,-65.422
145,6.208,56,-71.035
145,6.208,57,-75.436
145,6.208,58,-77.222
145,6.208,59,-87.221
145,6.208,60,-89.788
145,6.208,61,-93.571
145,6.208,62,-97.773
145,6.208,63,-99.999
145,6.208,64,-99.991
146,6.2507,1,-81.211
146,6.2507,2,-81.142
146,6.2507,3,-71.175
146,6.2507,4,-41.312
146,6.2507,5,-34.474
146,6.2507,6,-48.222
146,6.2507,7,-61.985
146,6.2507,8,-43.174
146,6.2507,9,-44.486
146,6.2507,10,-61.03
146,6.2507,11,-38.022
146,6.2507,12,-35.589
146,6.2507,13,-57.386
146,6.2507,14,-40.322
146,6.2507,15,-47.417
146,6.2507,16,-39.199
146,6.2507,17,-40.219
146,6.2507,18,-60.251
146,6.2507,19,-61.029
146,6.2507,20,-55.015
146,6.2507,21,-56.247
146,6.2507,22,-55.575
146,6.2507,23,-57.376
146,6.2507,24,-58.259
146,6.2507,25,-64.079
146,6.2507,26,-62.612
146,6.2507,27,-55.155
146,6.2507,28,-54.299
146,6.2507,29,-57.289
146,6.2507,30,-71.72
146,6.2507,31,-68.13
146,6.2507,32,-60.903
146,6.2507,33,-63.731
146,6.2507,34,-68.783
146,6.2507,35,-73.106
146,6.2507,36,-77.352
146,6.2507,37,-79.901
146,6.2507,38,-80.024
146,6.2507,39,-80.653
146,6.2507,40,-77.2
146,6.2507,41,-72.458
146,6.2507,42,-79.423
146,6.2507,43,-62.482
146,6.2507,44,-61.378
146,6.2507,45,-62.605
146,6.2507,46,-61.976
146,6.2507,47,-71.611
146,6.2507,48,-65.929
146,6.2507,49,-60.197
146,6.2507,50,-57.144
146,6.2507,51,-57.896
146,6.2507,52,-75.089
146,6.2507,53,-72.986
146,6.2507,54,-66.98
146,6.2507,55,-66.093
146,6.2507,56,-69.584
146,6.2507,57,-78.374
146,6.2507,58,-79.104
146,6.2507,59,-82.672
146,6.2507,60,-88.648
146,6.2507,61,-91.792
146,6.2507,62,-98.295
146,6.2507,63,-99.999
146,6.2507,64,-99.99
147,6.2933,1,-83.89
147,6.2933,2,-83.547
147,6.2933,3,-74.206
147,6.2933,4,-38.754
147,6.2933,5,-39.443
147,6.2933,6,-63.952
147,6.2933,7,-52.519
147,6.2933,8,-39.665
147,6.2933,9,-50.566
147,6.2933,10,-47.28
147,6.2933,11,-34.701
147,6.2933,12,-45.309
147,6.2933,13,-42.492
147,6.2933,14,-45.129
147,6.2933,15,-41.108
147,6.2933,16,-37.74
147,6.2933,17,-59.127
147,6.2933,18,-61.396
147,6.2933,19,-57.831
147,6.2933,20,-59.07
147,6.2933,21,-60.836
147,6.2933,22,-61.828
147,6.2933,23,-64.172
147,6.2933,24,-59.681
147,6.2933,25,-62.006
147,6.2933,26,-57.727
147,6.2933,27,-52.105
147,6.2933,28,-53.265
147,6.2933,29,-71.003
147,6.2933,30,-70.801
147,6.2933,31,-61.616
147,6.2933,32,-62.5
147,6.2933,33,-68.583
147,6.2933,34,-70.017
147,6.2933,35,-73.433
147,6.2933,36,-76.924
147,6.2933,37,-75.75
147,6.2933,38,-79.716
147,6.2933,39,-80.143
147,6.2933,40,-77.73
147,6.2933,41,-79.705
147,6.2933,42,-65.567
147,6.2933,43,-60.897
147,6.2933,44,-69.448
147,6.2933,45,-66.812
147,6.2933,46,-77.559
147,6.2933,47,-68.406
147,6.2933,48,-56.097
147,6.2933,49,-60.276
147,6.2933,50,-58.947
147,6.2933,51,-73.715
147,6.2933,52,-75.844
147,6.2933,53,-62.185
147,6.2933,54,-58.573
147,6.2933,55,-62.054
147,6.2933,56,-71.796
147,6.2933,57,-80.596
147,6.2933,58,-83.148
147,6.2933,59,-86.876
147,6.2933,60,-90.046
147,6.2933,61,-94.419
147,6.2933,62,-98.254
147,6.2933,63,-99.999
147,6.2933,64,-99.992
148,6.336,1,-64.707
148,6.336,2,-79.301
148,6.336,3,-65.695
148,6.336,4,-37.141
148,6.336,5,-39.096
148,6.336,6,-62.008
148,6.336,7,-47.324
148,6.336,8,-38.616
148,6.336,9,-53.092
148,6.336,10,-44.0
148,6.336,11,-36.211
148,6.336,12,-50.019
148,6.336,13,-40.87
148,6.336,14,-47.688
148,6.336,15,-40.381
148,6.336,16,-41.356
148,6.336,17,-59.565
148,6.336,18,-63.646
148,6.336,19,-56.86
148,6.336,20,-58.107
148,6.336,21,-57.023
148,6.336,22,-51.424
148,6.336,23,-55.447
148,6.336,24,-62.286
148,6.336,25,-61.118
148,6.336,26,-56.508
148,6.336,27,-49.703
148,6.336,28,-56.331
148,6.336,29,-71.398
148,6.336,30,-73.015
148,6.336,31,-62.684
148,6.336,32,-63.041
148,6.336,33,-70.203
148,6.336,34,-69.612
148,6.336,35,-72.836
148,6.336,36,-76.392
148,6.336,37,-75.886
148,6.336,38,-79.114
148,6.336,39,-78.852
148,6.336,40,-75.219
148,6.336,41,-82.144
148,6.336,42,-64.723
148,6.336,43,-60.546
148,6.336,44,-70.565
148,6.336,45,-70.771
148,6.336,46,-82.382
148,6.336,47,-69.01
148,6.336,48,-56.286
148,6.336,49,-58.01
148,6.336,50,-54.787
148,6.336,51,-74.082
148,6.336,52,-75.948
148,6.336,53,-66.588
148,6.336,54,-62.922
148,6.336,55,-65.411
148,6.336,56,-74.166
148,6.336,57,-82.933
148,6.336,58,-85.575
148,6.336,59,-86.066
148,6.336,60,-89.705
148,6.336,61,-92.967
148,6.336,62,-97.808
148,6.336,63,-99.999
148,6.336,64,-99.99
149,6.3787,1,-86.852
149,6.3787,2,-80.581
149,6.3787,3,-70.641
149,6.3787,4,-37.133
149,6.3787,5,-38.628
149,6.3787,6,-66.295
149,6.3787,7,-49.699
149,6.3787,8,-40.736
149,6.3787,9,-57.681
149,6.3787,10,-43.359
149,6.3787,11,-35.571
149,6.3787,12,-52.775
149,6.3787,13,-42.269
149,6.3787,14,-48.703
149,6.3787,15,-40.361
149,6.3787,16,-40.933
149,6.3787,17,-60.041
149,6.3787,18,-62.667
149,6.3787,19,-55.516
149,6.3787,20,-59.688
149,6.3787,21,-61.091
149,6.3787,22,-58.11
149,6.3787,23,-59.638
149,6.3787,24,-58.717
149,6.3787,25,-64.152
149,6.3787,26,-57.132
149,6.3787,27,-48.544
149,6.3787,28,-54.308
149,6.3787,29,-69.67
149,6.3787,30,-70.813
149,6.3787,31,-64.16
149,6.3787,32,-62.658
149,6.3787,33,-69.436
149,6.3787,34,-68.945
149,6.3787,35,-70.672
149,6.3787,36,-74.154
149,6.3787,37,-73.596
149,6.3787,38,-77.494
149,6.3787,39,-82.37
149,6.3787,40,-75.231
149,6.3787,41,-83.67
149,6.3787,42,-70.07
149,6.3787,43,-61.359
149,6.3787,44,-68.869
149,6.3787,45,-67.211
149,6.3787,46,-80.518
149,6.3787,47,-72.601
149,6.3787,48,-56.569
149,6.3787,49,-60.617
149,6.3787,50,-58.198
149,6.3787,51,-71.746
149,6.3787,52,-75.141
149,6.3787,53,-68.18
149,6.3787,54,-61.049
149,6.3787,55,-63.492
149,6.3787,56,-73.453
149,6.3787,57,-82.714
149,6.3787,58,-87.646
149,6.3787,59,-87.093
149,6.3787,60,-89.127
149,6.3787,61,-93.621
149,6.3787,62,-98.925
149,6.3787,63,-99.999
149,6.3787,64,-99.995
150,6.4213,1,-78.501
150,6.4213,2,-50.117
150,6.4213,3,-42.152
150,6.4213,4,-33.079
150,6.4213,5,-32.109
150,6.4213,6,-51.222
150,6.4213,7,-40.057
150,6.4213,8,-40.308
150,6.4213,9,-50.908
150,6.4213,10,-44.396
150,6.4213,11,-36.683
150,6.4213,12,-48.175
150,6.4213,13,-42.157
150,6.4213,14,-47.987
150,6.4213,15,-39.763
150,6.4213,16,-38.909
150,6.4213,17,-55.141
150,6.4213,18,-58.001
150,6.4213,19,-52.495
150,6.4213,20,-56.781
150,6.4213,21,-58.965
150,6.4213,22,-64.826
150,6.4213,23,-60.92
150,6.4213,24,-62.339
150,6.4213,25,-61.403
150,6.4213,26,-56.724
150,6.4213,27,-49.985
150,6.4213,28,-53.965
150,6.4213,29,-64.363
150,6.4213,30,-66.339
150,6.4213,31,-70.25
150,6.4213,32,-62.338
150,6.4213,33,-65.066
150,6.4213,34,-68.914
150,6.4213,35,-71.791
150,6.4213,36,-72.317
150,6.4213,37,-74.057
150,6.4213,38,-84.058
150,6.4213,39,-84.119
150,6.4213,40,-72.311
150,6.4213,41,-80.932
150,6.4213,42,-73.477
150,6.4213,43,-60.108
150,6.4213,44,-58.534
150,6.4213,45,-55.975
150,6.4213,46,-67.777
150,6.4213,47,-63.01
150,6.4213,48,-51.851
150,6.4213,49,-58.772
150,6.4213,50,-63.259
150,6.4213,51,-71.364
150,6.4213,52,-72.799
150,6.4213,53,-68.37
150,6.4213,54,-62.228
150,6.4213,55,-67.218
150,6.4213,56,-74.52
150,6.4213,57,-81.697
150,6.4213,58,-86.453
150,6.4213,59,-86.909
150,6.4213,60,-90.491
150,6.4213,61,-92.948
150,6.4213,62,-98.817
150,6.4213,63,-99.999
150,6.4213,64,-99.994
151,6.464,1,-79.055
151,6.464,2,-47.541
151,6.464,3,-43.29
151,6.464,4,-35.593
151,6.464,5,-34.159
151,6.464,6,-51.604
151,6.464,7,-42.227
151,6.464,8,-46.638
151,6.464,9,-64.428
151,6.464,10,-51.833
151,6.464,11,-44.604
151,6.464,12,-51.916
151,6.464,13,-47.331
151,6.464,14,-53.134
151,6.464,15,-46.982
151,6.464,16,-46.656
151,6.464,17,-59.979
151,6.464,18,-63.145
151,6.464,19,-59.233
151,6.464,20,-61.626
151,6.464,21,-61.768
151,6.464,22,-71.903
151,6.464,23,-63.476
151,6.464,24,-60.408
151,6.464,25,-64.7
151,6.464,26,-63.41
151,6.464,27,-57.448
151,6.464,28,-61.617
151,6.464,29,-68.157
151,6.464,30,-77.249
151,6.464,31,-75.057
151,6.464,32,-69.325
151,6.464,33,-73.989
151,6.464,34,-77.988
151,6.464,35,-79.298
151,6.464,36,-81.514
151,6.464,37,-83.077
151,6.464,38,-86.945
151,6.464,39,-85.515
151,6.464,40,-78.534
151,6.464,41,-79.006
151,6.464,42,-73.542
151,6.464,43,-70.954
151,6.464,44,-66.777
151,6.464,45,-65.162
151,6.464,46,-66.591
151,6.464,47,-64.025
151,6.464,48,-61.877
151,6.464,49,-65.179
151,6.464,50,-68.554
151,6.464,51,-84.603
151,6.464,52,-80.682
151,6.464,53,-77.565
151,6.464,54,-76.027
151,6.464,55,-74.735
151,6.464,56,-79.955
151,6.464,57,-84.042
151,6.464,58,-85.407
151,6.464,59,-89.792
151,6.464,60,-94.17
151,6.464,61,-95.77
151,6.464,62,-99.229
151,6.464,63,-99.999
151,6.464,64,-99.996
152,6.5067,1,-73.457
152,6.5067,2,-47.698
152,6.5067,3,-43.547
152,6.5067,4,-38.878
152,6.5067,5,-36.852
152,6.5067,6,-50.017
152,6.5067,7,-40.908
152,6.5067,8,-47.625
152,6.5067,9,-63.886
152,6.5067,10,-51.824
152,6.5067,11,-47.232
152,6.5067,12,-55.82
152,6.5067,13,-50.702
152,6.5067,14,-54.34
152,6.5067,15,-55.167
152,6.5067,16,-56.084
152,6.5067,17,-59.99
152,6.5067,18,-64.817
152,6.5067,19,-64.056
152,6.5067,20,-64.063
152,6.5067,21,-61.78
152,6.5067,22,-66.069
152,6.5067,23,-62.984
152,6.5067,24,-61.525
152,6.5067,25,-74.272
152,6.5067,26,-66.371
152,6.5067,27,-65.853
152,6.5067,28,-67.471
152,6.5067,29,-75.925
152,6.5067,30,-78.215
152,6.5067,31,-76.552
152,6.5067,32,-81.093
152,6.5067,33,-82.126
152,6.5067,34,-83.13
152,6.5067,35,-87.027
152,6.5067,36,-90.483
152,6.5067,37,-87.568
152,6.5067,38,-83.66
152,6.5067,39,-81.452
152,6.5067,40,-76.743
152,6.5067,41,-79.373
152,6.5067,42,-76.327
152,6.5067,43,-79.017
152,6.5067,44,-74.349
152,6.5067,45,-66.698
152,6.5067,46,-67.557
152,6.5067,47,-71.815
152,6.5067,48,-71.664
152,6.5067,49,-73.34
152,6.5067,50,-76.565
152,6.5067,51,-86.518
152,6.5067,52,-83.81
152,6.5067,53,-87.036
152,6.5067,54,-85.243
152,6.5067,55,-83.892
152,6.5067,56,-84.883
152,6.5067,57,-88.466
152,6.5067,58,-91.532
152,6.5067,59,-92.801
152,6.5067,60,-94.179
152,6.5067,61,-96.35
152,6.5067,62,-98.453
152,6.5067,63,-100.0
152,6.5067,64,-99.994
153,6.5493,1,-72.713
153,6.5493,2,-47.525
153,6.5493,3,-44.121
153,6.5493,4,-50.556
153,6.5493,5,-41.567
153,6.5493,6,-49.695
153,6.5493,7,-39.99
153,6.5493,8,-48.368
153,6.5493,9,-62.144
153,6.5493,10,-50.974
153,6.5493,11,-46.171
153,6.5493,12,-50.294
153,6.5493,13,-64.299
153,6.5493,14,-57.12
153,6.5493,15,-58.327
153,6.5493,16,-54.644
153,6.5493,17,-58.289
153,6.5493,18,-68.705
153,6.5493,19,-67.889
153,6.5493,20,-69.753
153,6.5493,21,-63.803
153,6.5493,22,-60.362
153,6.5493,23,-60.27
153,6.5493,24,-62.072
153,6.5493,25,-72.66
153,6.5493,26,-70.141
153,6.5493,27,-70.558
153,6.5493,28,-72.3
153,6.5493,29,-74.55
153,6.5493,30,-82.29
153,6.5493,31,-83.082
153,6.5493,32,-84.126
153,6.5493,33,-85.67
153,6.5493,34,-86.192
153,6.5493,35,-86.733
153,6.5493,36,-89.886
153,6.5493,37,-90.611
153,6.5493,38,-84.863
153,6.5493,39,-81.588
153,6.5493,40,-78.897
153,6.5493,41,-84.973
153,6.5493,42,-82.193
153,6.5493,43,-85.51
153,6.5493,44,-85.757
153,6.5493,45,-82.818
153,6.5493,46,-84.035
153,6.5493,47,-87.854
153,6.5493,48,-86.844
153,6.5493,49,-88.28
153,6.5493,50,-89.942
153,6.5493,51,-92.007
153,6.5493,52,-91.766
153,6.5493,53,-92.039
153,6.5493,54,-89.889
153,6.5493,55,-91.111
153,6.5493,56,-93.394
153,6.5493,57,-94.1
153,6.5493,58,-93.384
153,6.5493,59,-95.178
153,6.5493,60,-95.28
153,6.5493,61,-96.102
153,6.5493,62,-98.935
153,6.5493,63,-100.0
153,6.5493,64,-99.996
154,6.592,1,-65.161
154,6.592,2,-47.959
154,6.592,3,-44.32
154,6.592,4,-46.316
154,6.592,5,-39.278
154,6.592,6,-50.438
154,6.592,7,-39.245
154,6.592,8,-47.477
154,6.592,9,-60.27
154,6.592,10,-54.866
154,6.592,11,-48.759
154,6.592,12,-47.542
154,6.592,13,-62.319
154,6.592,14,-59.592
154,6.592,15,-55.672
154,6.592,16,-54.057
154,6.592,17,-63.392
154,6.592,18,-70.388
154,6.592,19,-66.07
154,6.592,20,-67.251
154,6.592,21,-64.953
154,6.592,22,-60.474
154,6.592,23,-61.964
154,6.592,24,-64.692
154,6.592,25,-75.616
154,6.592,26,-72.723
154,6.592,27,-67.936
154,6.592,28,-72.383
154,6.592,29,-74.171
154,6.592,30,-78.465
154,6.592,31,-83.436
154,6.592,32,-84.39
154,6.592,33,-83.898
154,6.592,34,-85.621
154,6.592,35,-91.562
154,6.592,36,-94.683
154,6.592,37,-89.197
154,6.592,38,-87.236
154,6.592,39,-82.637
154,6.592,40,-86.692
154,6.592,41,-85.099
154,6.592,42,-76.191
154,6.592,43,-78.372
154,6.592,44,-84.036
154,6.592,45,-88.506
154,6.592,46,-91.193
154,6.592,47,-89.596
154,6.592,48,-87.495
154,6.592,49,-91.099
154,6.592,50,-91.536
154,6.592,51,-97.367
154,6.592,52,-97.866
154,6.592,53,-97.571
154,6.592,54,-96.259
154,6.592,55,-96.752
154,6.592,56,-97.852
154,6.592,57,-98.52
154,6.592,58,-98.843
154,6.592,59,-99.121
154,6.592,60,-98.503
154,6.592,61,-98.633
154,6.592,62,-99.681
154,6.592,63,-100.0
154,6.592,64,-99.998
155,6.6347,1,-72.143
155,6.6347,2,-48.142
155,6.6347,3,-44.488
155,6.6347,4,-47.614
155,6.6347,5,-40.351
155,6.6347,6,-50.217
155,6.6347,7,-38.68
155,6.6347,8,-45.386
155,6.6347,9,-57.564
155,6.6347,10,-52.472
155,6.6347,11,-49.168
155,6.6347,12,-47.508
155,6.6347,13,-67.76
155,6.6347,14,-60.814
155,6.6347,15,-53.044
155,6.6347,16,-53.705
155,6.6347,17,-64.839
155,6.6347,18,-72.18
155,6.6347,19,-69.507
155,6.6347,20,-70.196
155,6.6347,21,-69.261
155,6.6347,22,-58.424
155,6.6347,23,-62.047
155,6.6347,24,-67.138
155,6.6347,25,-73.282
155,6.6347,26,-73.498
155,6.6347,27,-70.551
155,6.6347,28,-72.327
155,6.6347,29,-77.583
155,6.6347,30,-78.985
155,6.6347,31,-85.058
155,6.6347,32,-81.068
155,6.6347,33,-88.471
155,6.6347,34,-87.674
155,6.6347,35,-89.958
155,6.6347,36,-92.655
155,6.6347,37,-89.753
155,6.6347,38,-88.552
155,6.6347,39,-86.783
155,6.6347,40,-87.908
155,6.6347,41,-87.314
155,6.6347,42,-77.938
155,6.6347,43,-79.746
155,6.6347,44,-84.267
155,6.6347,45,-87.696
155,6.6347,46,-90.297
155,6.6347,47,-91.437
155,6.6347,48,-89.053
155,6.6347,49,-91.478
155,6.6347,50,-90.617
155,6.6347,51,-96.883
155,6.6347,52,-98.441
155,6.6347,53,-98.126
155,6.6347,54,-97.533
155,6.6347,55,-97.756
155,6.6347,56,-97.644
155,6.6347,57,-98.407
155,6.6347,58,-98.254
155,6.6347,59,-98.55
155,6.6347,60,-98.661
155,6.6347,61,-98.222
155,6.6347,62,-99.487
155,6.6347,63,-100.0
155,6.6347,64,-99.998
156,6.6773,1,-79.657
156,6.6773,2,-48.462
156,6.6773,3,-44.843
156,6.6773,4,-48.77
156,6.6773,5,-41.044
156,6.6773,6,-50.57
156,6.6773,7,-38.64
156,6.6773,8,-46.638
156,6.6773,9,-60.875
156,6.6773,10,-55.333
156,6.6773,11,-53.479
156,6.6773,12,-55.424
156,6.6773,13,-68.155
156,6.6773,14,-60.131
156,6.6773,15,-55.433
156,6.6773,16,-55.687
156,6.6773,17,-63.147
156,6.6773,18,-71.596
156,6.6773,19,-67.502
156,6.6773,20,-62.06
156,6.6773,21,-61.524
156,6.6773,22,-60.23
156,6.6773,23,-65.361
156,6.6773,24,-69.096
156,6.6773,25,-77.065
156,6.6773,26,-73.04
156,6.6773,27,-67.025
156,6.6773,28,-73.032
156,6.6773,29,-81.622
156,6.6773,30,-86.676
156,6.6773,31,-81.199
156,6.6773,32,-85.353
156,6.6773,33,-89.689
156,6.6773,34,-90.942
156,6.6773,35,-93.141
156,6.6773,36,-94.395
156,6.6773,37,-93.171
156,6.6773,38,-92.189
156,6.6773,39,-90.315
156,6.6773,40,-90.385
156,6.6773,41,-91.454
156,6.6773,42,-84.049
156,6.6773,43,-85.171
156,6.6773,44,-89.684
156,6.6773,45,-90.789
156,6.6773,46,-94.329
156,6.6773,47,-93.4
156,6.6773,48,-89.934
156,6.6773,49,-91.834
156,6.6773,50,-92.595
156,6.6773,51,-97.658
156,6.6773,52,-97.8
156,6.6773,53,-97.398
156,6.6773,54,-97.508
156,6.6773,55,-97.748
156,6.6773,56,-98.632
156,6.6773,57,-98.46
156,6.6773,58,-98.134
156,6.6773,59,-98.636
156,6.6773,60,-98.395
156,6.6773,61,-98.565
156,6.6773,62,-99.477
156,6.6773,63,-100.0
156,6.6773,64,-99.999
157,6.72,1,-74.444
157,6.72,2,-48.806
157,6.72,3,-44.857
157,6.72,4,-50.817
157,6.72,5,-42.942
157,6.72,6,-51.299
157,6.72,7,-38.912
157,6.72,8,-46.234
157,6.72,9,-63.954
157,6.72,10,-54.672
157,6.72,11,-53.752
157,6.72,12,-58.875
157,6.72,13,-60.971
157,6.72,14,-65.862
157,6.72,15,-54.591
157,6.72,16,-54.029
157,6.72,17,-69.575
157,6.72,18,-77.572
157,6.72,19,-75.921
157,6.72,20,-66.399
157,6.72,21,-65.281
157,6.72,22,-72.562
157,6.72,23,-71.876
157,6.72,24,-69.752
157,6.72,25,-78.869
157,6.72,26,-78.029
157,6.72,27,-67.86
157,6.72,28,-70.228
157,6.72,29,-80.465
157,6.72,30,-83.905
157,6.72,31,-88.729
157,6.72,32,-82.394
157,6.72,33,-88.385
157,6.72,34,-92.346
157,6.72,35,-91.624
157,6.72,36,-93.373
157,6.72,37,-94.834
157,6.72,38,-94.55
157,6.72,39,-90.969
157,6.72,40,-92.536
157,6.72,41,-95.137
157,6.72,42,-88.952
157,6.72,43,-87.715
157,6.72,44,-88.61
157,6.72,45,-87.135
157,6.72,46,-94.862
157,6.72,47,-92.951
157,6.72,48,-85.238
157,6.72,49,-92.458
157,6.72,50,-95.408
157,6.72,51,-98.0
157,6.72,52,-98.487
157,6.72,53,-97.932
157,6.72,54,-97.442
157,6.72,55,-98.38
157,6.72,56,-98.109
157,6.72,57,-98.044
157,6.72,58,-97.946
157,6.72,59,-98.276
157,6.72,60,-98.439
157,6.72,61,-98.445
157,6.72,62,-99.674
157,6.72,63,-100.0
157,6.72,64,-99.999
158,6.7627,1,-79.738
158,6.7627,2,-48.739
158,6.7627,3,-45.348
158,6.7627,4,-51.843
158,6.7627,5,-43.125
158,6.7627,6,-51.447
158,6.7627,7,-39.547
158,6.7627,8,-48.145
158,6.7627,9,-61.967
158,6.7627,10,-56.022
158,6.7627,11,-53.636
158,6.7627,12,-57.029
158,6.7627,13,-68.861
158,6.7627,14,-68.855
158,6.7627,15,-64.683
158,6.7627,16,-64.118
158,6.7627,17,-75.028
158,6.7627,18,-82.638
158,6.7627,19,-79.555
158,6.7627,20,-68.61
158,6.7627,21,-66.858
158,6.7627,22,-78.853
158,6.7627,23,-71.024
158,6.7627,24,-68.229
158,6.7627,25,-75.85
158,6.7627,26,-76.612
158,6.7627,27,-71.44
158,6.7627,28,-72.508
158,6.7627,29,-78.97
158,6.7627,30,-90.273
158,6.7627,31,-89.196
158,6.7627,32,-85.484
158,6.7627,33,-90.998
158,6.7627,34,-94.627
158,6.7627,35,-93.821
158,6.7627,36,-95.458
158,6.7627,37,-95.357
158,6.7627,38,-95.506
158,6.7627,39,-93.945
158,6.7627,40,-93.986
158,6.7627,41,-94.291
158,6.7627,42,-89.62
158,6.7627,43,-90.994
158,6.7627,44,-91.548
158,6.7627,45,-90.852
158,6.7627,46,-94.576
158,6.7627,47,-95.054
158,6.7627,48,-91.116
158,6.7627,49,-94.41
158,6.7627,50,-96.67
158,6.7627,51,-98.398
158,6.7627,52,-98.084
158,6.7627,53,-98.539
158,6.7627,54,-97.438
158,6.7627,55,-97.937
158,6.7627,56,-98.273
158,6.7627,57,-98.673
158,6.7627,58,-98.214
158,6.7627,59,-98.498
158,6.7627,60,-98.256
158,6.7627,61,-98.302
158,6.7627,62,-99.598
158,6.7627,63,-100.0
158,6.7627,64,-99.998
159,6.8053,1,-66.738
159,6.8053,2,-48.856
159,6.8053,3,-45.525
159,6.8053,4,-49.793
159,6.8053,5,-43.85
159,6.8053,6,-52.153
159,6.8053,7,-39.969
159,6.8053,8,-48.501
159,6.8053,9,-59.327
159,6.8053,10,-59.563
159,6.8053,11,-56.57
159,6.8053,12,-54.07
159,6.8053,13,-68.313
159,6.8053,14,-55.438
159,6.8053,15,-58.394
159,6.8053,16,-58.194
159,6.8053,17,-58.562
159,6.8053,18,-77.256
159,6.8053,19,-76.12
159,6.8053,20,-76.064
159,6.8053,21,-74.37
159,6.8053,22,-69.907
159,6.8053,23,-72.158
159,6.8053,24,-72.574
159,6.8053,25,-78.917
159,6.8053,26,-78.657
159,6.8053,27,-72.904
159,6.8053,28,-76.415
159,6.8053,29,-80.234
159,6.8053,30,-89.01
159,6.8053,31,-87.599
159,6.8053,32,-86.174
159,6.8053,33,-87.949
159,6.8053,34,-93.215
159,6.8053,35,-95.239
159,6.8053,36,-95.974
159,6.8053,37,-91.591
159,6.8053,38,-93.332
159,6.8053,39,-92.786
159,6.8053,40,-94.556
159,6.8053,41,-92.998
159,6.8053,42,-87.618
159,6.8053,43,-92.723
159,6.8053,44,-91.773
159,6.8053,45,-91.024
159,6.8053,46,-91.129
159,6.8053,47,-94.469
159,6.8053,48,-92.521
159,6.8053,49,-91.747
159,6.8053,50,-94.63
159,6.8053,51,-92.295
159,6.8053,52,-89.106
159,6.8053,53,-93.711
159,6.8053,54,-92.78
159,6.8053,55,-92.038
159,6.8053,56,-89.866
159,6.8053,57,-94.068
159,6.8053,58,-97.469
159,6.8053,59,-96.573
159,6.8053,60,-97.144
159,6.8053,61,-97.72
159,6.8053,62,-99.188
159,6.8053,63,-100.0
159,6.8053,64,-99.998
160,6.848,1,-61.263
160,6.848,2,-48.238
160,6.848,3,-44.951
160,6.848,4,-55.741
160,6.848,5,-47.98
160,6.848,6,-54.338
160,6.848,7,-41.196
160,6.848,8,-49.65
160,6.848,9,-61.19
160,6.848,10,-57.421
160,6.848,11,-51.413
160,6.848,12,-51.315
160,6.848,13,-68.364
160,6.848,14,-55.699
160,6.848,15,-59.644
160,6.848,16,-55.276
160,6.848,17,-56.95
160,6.848,18,-70.883
160,6.848,19,-71.867
160,6.848,20,-66.037
160,6.848,21,-63.256
160,6.848,22,-64.114
160,6.848,23,-65.713
160,6.848,24,-67.857
160,6.848,25,-62.76
160,6.848,26,-62.602
160,6.848,27,-63.845
160,6.848,28,-65.633
160,6.848,29,-71.131
160,6.848,30,-71.449
160,6.848,31,-67.148
160,6.848,32,-71.683
160,6.848,33,-69.786
160,6.848,34,-68.856
160,6.848,35,-68.674
160,6.848,36,-69.291
160,6.848,37,-70.309
160,6.848,38,-78.164
160,6.848,39,-78.131
160,6.848,40,-77.979
160,6.848,41,-79.822
160,6.848,42,-76.634
160,6.848,43,-79.56
160,6.848,44,-78.887
160,6.848,45,-78.215
160,6.848,46,-74.69
160,6.848,47,-80.833
160,6.848,48,-80.045
160,6.848,49,-81.326
160,6.848,50,-83.556
160,6.848,51,-83.129
160,6.848,52,-81.758
160,6.848,53,-85.855
160,6.848,54,-86.481
160,6.848,55,-84.916
160,6.848,56,-88.141
160,6.848,57,-88.959
160,6.848,58,-92.065
160,6.848,59,-92.277
160,6.848,60,-93.955
160,6.848,61,-92.841
160,6.848,62,-94.906
160,6.848,63,-100.0
160,6.848,64,-99.978
161,6.8907,1,-58.327
161,6.8907,2,-49.223
161,6.8907,3,-33.24
161,6.8907,4,-30.913
161,6.8907,5,-44.988
161,6.8907,6,-52.294
161,6.8907,7,-39.014
161,6.8907,8,-47.589
161,6.8907,9,-59.567
161,6.8907,10,-57.471
161,6.8907,11,-49.454
161,6.8907,12,-57.393
161,6.8907,13,-58.65
161,6.8907,14,-57.849
161,6.8907,15,-58.061
161,6.8907,16,-53.755
161,6.8907,17,-65.748
161,6.8907,18,-75.456
161,6.8907,19,-77.604
161,6.8907,20,-74.852
161,6.8907,21,-66.64
161,6.8907,22,-63.07
161,6.8907,23,-64.308
161,6.8907,24,-62.095
161,6.8907,25,-71.011
161,6.8907,26,-70.732
161,6.8907,27,-73.095
161,6.8907,28,-72.931
161,6.8907,29,-76.752
161,6.8907,30,-68.733
161,6.8907,31,-68.433
161,6.8907,32,-76.336
161,6.8907,33,-80.855
161,6.8907,34,-80.132
161,6.8907,35,-81.107
161,6.8907,36,-80.637
161,6.8907,37,-80.166
161,6.8907,38,-82.198
161,6.8907,39,-81.527
161,6.8907,40,-82.42
161,6.8907,41,-84.216
161,6.8907,42,-85.992
161,6.8907,43,-84.808
161,6.8907,44,-91.304
161,6.8907,45,-90.119
161,6.8907,46,-89.795
161,6.8907,47,-91.819
161,6.8907,48,-89.288
161,6.8907,49,-90.861
161,6.8907,50,-92.148
161,6.8907,51,-93.509
161,6.8907,52,-95.122
161,6.8907,53,-94.774
161,6.8907,54,-95.647
161,6.8907,55,-96.139
161,6.8907,56,-96.706
161,6.8907,57,-97.518
161,6.8907,58,-98.533
161,6.8907,59,-98.336
161,6.8907,60,-98.936
161,6.8907,61,-97.044
161,6.8907,62,-99.587
161,6.8907,63,-99.999
161,6.8907,64,-99.997
162,6.9333,1,-57.663
162,6.9333,2,-50.053
162,6.9333,3,-36.875
162,6.9333,4,-30.841
162,6.9333,5,-44.146
162,6.9333,6,-52.978
162,6.9333,7,-39.87
162,6.9333,8,-48.355
162,6.9333,9,-62.937
162,6.9333,10,-57.454
162,6.9333,11,-54.652
162,6.9333,12,-62.935
162,6.9333,13,-57.033
162,6.9333,14,-60.72
162,6.9333,15,-56.856
162,6.9333,16,-57.993
162,6.9333,17,-68.113
162,6.9333,18,-76.64
162,6.9333,19,-72.824
162,6.9333,20,-73.039
162,6.9333,21,-72.24
162,6.9333,22,-66.871
162,6.9333,23,-69.045
162,6.9333,24,-73.632
162,6.9333,25,-80.705
162,6.9333,26,-77.702
162,6.9333,27,-73.604
162,6.9333,28,-78.068
162,6.9333,29,-85.767
162,6.9333,30,-84.712
162,6.9333,31,-84.321
162,6.9333,32,-86.934
162,6.9333,33,-89.633
162,6.9333,34,-87.523
162,6.9333,35,-91.817
162,6.9333,36,-92.108
162,6.9333,37,-91.5
162,6.9333,38,-94.236
162,6.9333,39,-91.844
162,6.9333,40,-95.133
162,6.9333,41,-93.124
162,6.9333,42,-88.121
162,6.9333,43,-91.661
162,6.9333,44,-95.248
162,6.9333,45,-95.867
162,6.9333,46,-95.548
162,6.9333,47,-96.68
162,6.9333,48,-91.961
162,6.9333,49,-93.409
162,6.9333,50,-92.842
162,6.9333,51,-98.333
162,6.9333,52,-98.056
162,6.9333,53,-97.843
162,6.9333,54,-97.233
162,6.9333,55,-98.414
162,6.9333,56,-98.149
162,6.9333,57,-98.157
162,6.9333,58,-97.778
162,6.9333,59,-98.048
162,6.9333,60,-98.477
162,6.9333,61,-98.692
162,6.9333,62,-99.544
162,6.9333,63,-99.999
162,6.9333,64,-99.997
163,6.976,1,-60.78
163,6.976,2,-48.556
163,6.976,3,-36.675
163,6.976,4,-31.193
163,6.976,5,-45.767
163,6.976,6,-54.189
163,6.976,7,-40.532
163,6.976,8,-48.591
163,6.976,9,-63.383
163,6.976,10,-58.742
163,6.976,11,-51.801
163,6.976,12,-63.632
163,6.976,13,-57.579
163,6.976,14,-61.676
163,6.976,15,-55.918
163,6.976,16,-55.996
163,6.976,17,-70.539
163,6.976,18,-75.46
163,6.976,19,-72.642
163,6.976,20,-73.997
163,6.976,21,-75.157
163,6.976,22,-70.622
163,6.976,23,-73.489
163,6.976,24,-76.091
163,6.976,25,-86.057
163,6.976,26,-75.35
163,6.976,27,-68.887
163,6.976,28,-74.77
163,6.976,29,-88.003
163,6.976,30,-91.018
163,6.976,31,-88.905
163,6.976,32,-89.931
163,6.976,33,-91.887
163,6.976,34,-90.598
163,6.976,35,-94.945
163,6.976,36,-95.672
163,6.976,37,-95.687
163,6.976,38,-97.038
163,6.976,39,-96.789
163,6.976,40,-97.341
163,6.976,41,-97.601
163,6.976,42,-93.071
163,6.976,43,-90.275
163,6.976,44,-93.936
163,6.976,45,-94.351
163,6.976,46,-97.387
163,6.976,47,-97.995
163,6.976,48,-93.485
163,6.976,49,-95.782
163,6.976,50,-95.013
163,6.976,51,-98.295
163,6.976,52,-98.411
163,6.976,53,-98.091
163,6.976,54,-96.481
163,6.976,55,-97.32
163,6.976,56,-98.199
163,6.976,57,-98.669
163,6.976,58,-98.414
163,6.976,59,-98.029
163,6.976,60,-98.324
163,6.976,61,-98.196
163,6.976,62,-99.303
163,6.976,63,-99.999
163,6.976,64,-99.998
164,7.0187,1,-81.854
164,7.0187,2,-48.209
164,7.0187,3,-36.869
164,7.0187,4,-31.455
164,7.0187,5,-47.312
164,7.0187,6,-55.49
164,7.0187,7,-41.842
164,7.0187,8,-49.919
164,7.0187,9,-64.151
164,7.0187,10,-59.026
164,7.0187,11,-52.079
164,7.0187,12,-65.342
164,7.0187,13,-57.106
164,7.0187,14,-60.264
164,7.0187,15,-59.398
164,7.0187,16,-58.37
164,7.0187,17,-70.966
164,7.0187,18,-74.85
164,7.0187,19,-71.675
164,7.0187,20,-74.19
164,7.0187,21,-74.353
164,7.0187,22,-79.344
164,7.0187,23,-78.188
164,7.0187,24,-77.079
164,7.0187,25,-83.749
164,7.0187,26,-79.545
164,7.0187,27,-73.676
164,7.0187,28,-76.728
164,7.0187,29,-87.721
164,7.0187,30,-82.548
164,7.0187,31,-82.964
164,7.0187,32,-84.596
164,7.0187,33,-86.437
164,7.0187,34,-84.879
164,7.0187,35,-86.256
164,7.0187,36,-93.499
164,7.0187,37,-92.925
164,7.0187,38,-94.385
164,7.0187,39,-96.142
164,7.0187,40,-96.161
164,7.0187,41,-97.176
164,7.0187,42,-93.687
164,7.0187,43,-91.275
164,7.0187,44,-90.956
164,7.0187,45,-90.161
164,7.0187,46,-96.853
164,7.0187,47,-96.21
164,7.0187,48,-88.963
164,7.0187,49,-94.448
164,7.0187,50,-95.751
164,7.0187,51,-98.475
164,7.0187,52,-98.689
164,7.0187,53,-98.239
164,7.0187,54,-97.675
164,7.0187,55,-98.578
164,7.0187,56,-98.426
164,7.0187,57,-97.931
164,7.0187,58,-98.011
164,7.0187,59,-97.898
164,7.0187,60,-97.724
164,7.0187,61,-97.628
164,7.0187,62,-99.564
164,7.0187,63,-99.999
164,7.0187,64,-99.996
165,7.0613,1,-61.081
165,7.0613,2,-48.351
165,7.0613,3,-36.657
165,7.0613,4,-31.966
165,7.0613,5,-47.375
165,7.0613,6,-56.005
165,7.0613,7,-42.135
165,7.0613,8,-50.818
165,7.0613,9,-67.472
165,7.0613,10,-65.405
165,7.0613,11,-62.469
165,7.0613,12,-69.504
165,7.0613,13,-60.017
165,7.0613,14,-61.741
165,7.0613,15,-61.696
165,7.0613,16,-60.921
165,7.0613,17,-78.414
165,7.0613,18,-81.451
165,7.0613,19,-77.108
165,7.0613,20,-77.43
165,7.0613,21,-73.129
165,7.0613,22,-77.13
165,7.0613,23,-76.536
165,7.0613,24,-72.499
165,7.0613,25,-75.217
165,7.0613,26,-78.922
165,7.0613,27,-76.361
165,7.0613,28,-79.26
165,7.0613,29,-82.854
165,7.0613,30,-87.847
165,7.0613,31,-91.106
165,7.0613,32,-92.883
165,7.0613,33,-92.574
165,7.0613,34,-95.4
165,7.0613,35,-95.91
165,7.0613,36,-96.895
165,7.0613,37,-97.462
165,7.0613,38,-96.531
165,7.0613,39,-97.586
165,7.0613,40,-96.356
165,7.0613,41,-96.876
165,7.0613,42,-95.022
165,7.0613,43,-95.222
165,7.0613,44,-94.349
165,7.0613,45,-93.0
165,7.0613,46,-97.178
165,7.0613,47,-96.406
165,7.0613,48,-94.653
165,7.0613,49,-97.429
165,7.0613,50,-97.897
165,7.0613,51,-98.219
165,7.0613,52,-98.55
165,7.0613,53,-98.043
165,7.0613,54,-97.998
165,7.0613,55,-98.097
165,7.0613,56,-98.567
165,7.0613,57,-98.29
165,7.0613,58,-98.229
165,7.0613,59,-98.435
165,7.0613,60,-98.085
165,7.0613,61,-98.542
165,7.0613,62,-99.546
165,7.0613,63,-100.0
165,7.0613,64,-99.998
166,7.104,1,-57.624
166,7.104,2,-48.538
166,7.104,3,-36.634
166,7.104,4,-32.626
166,7.104,5,-48.961
166,7.104,6,-57.509
166,7.104,7,-42.77
166,7.104,8,-50.906
166,7.104,9,-69.717
166,7.104,10,-63.741
166,7.104,11,-55.044
166,7.104,12,-62.139
166,7.104,13,-70.065
166,7.104,14,-68.213
166,7.104,15,-71.217
166,7.104,16,-70.021
166,7.104,17,-73.739
166,7.104,18,-77.852
166,7.104,19,-77.127
166,7.104,20,-79.403
166,7.104,21,-80.313
166,7.104,22,-73.548
166,7.104,23,-69.301
166,7.104,24,-66.114
166,7.104,25,-83.582
166,7.104,26,-77.926
166,7.104,27,-76.074
166,7.104,28,-79.176
166,7.104,29,-85.968
166,7.104,30,-88.901
166,7.104,31,-87.989
166,7.104,32,-91.547
166,7.104,33,-96.359
166,7.104,34,-94.233
166,7.104,35,-97.566
166,7.104,36,-97.458
166,7.104,37,-97.658
166,7.104,38,-96.649
166,7.104,39,-97.812
166,7.104,40,-97.53
166,7.104,41,-97.261
166,7.104,42,-95.303
166,7.104,43,-95.949
166,7.104,44,-96.243
166,7.104,45,-96.082
166,7.104,46,-95.809
166,7.104,47,-97.167
166,7.104,48,-95.675
166,7.104,49,-97.156
166,7.104,50,-97.976
166,7.104,51,-98.178
166,7.104,52,-97.801
166,7.104,53,-98.153
166,7.104,54,-98.416
166,7.104,55,-97.957
166,7.104,56,-98.47
166,7.104,57,-98.479
166,7.104,58,-97.658
166,7.104,59,-98.069
166,7.104,60,-98.268
166,7.104,61,-98.525
166,7.104,62,-99.218
166,7.104,63,-100.0
166,7.104,64,-99.997
167,7.1467,1,-59.504
167,7.1467,2,-48.045
167,7.1467,3,-37.592
167,7.1467,4,-33.121
167,7.1467,5,-48.493
167,7.1467,6,-58.019
167,7.1467,7,-43.518
167,7.1467,8,-51.849
167,7.1467,9,-67.874
167,7.1467,10,-65.661
167,7.1467,11,-57.77
167,7.1467,12,-63.493
167,7.1467,13,-65.968
167,7.1467,14,-65.224
167,7.1467,15,-76.181
167,7.1467,16,-69.079
167,7.1467,17,-69.816
167,7.1467,18,-81.027
167,7.1467,19,-72.471
167,7.1467,20,-75.296
167,7.1467,21,-74.32
167,7.1467,22,-73.116
167,7.1467,23,-73.277
167,7.1467,24,-77.783
167,7.1467,25,-84.975
167,7.1467,26,-80.883
167,7.1467,27,-79.551
167,7.1467,28,-81.499
167,7.1467,29,-88.893
167,7.1467,30,-91.76
167,7.1467,31,-91.611
167,7.1467,32,-91.493
167,7.1467,33,-91.951
167,7.1467,34,-92.195
167,7.1467,35,-92.556
167,7.1467,36,-96.171
167,7.1467,37,-96.583
167,7.1467,38,-96.164
167,7.1467,39,-96.804
167,7.1467,40,-95.861
167,7.1467,41,-97.019
167,7.1467,42,-93.844
167,7.1467,43,-94.841
167,7.1467,44,-96.787
167,7.1467,45,-96.043
167,7.1467,46,-97.644
167,7.1467,47,-97.51
167,7.1467,48,-96.552
167,7.1467,49,-98.041
167,7.1467,50,-97.437
167,7.1467,51,-95.834
167,7.1467,52,-96.838
167,7.1467,53,-97.764
167,7.1467,54,-97.09
167,7.1467,55,-96.976
167,7.1467,56,-97.972
167,7.1467,57,-97.777
167,7.1467,58,-98.004
167,7.1467,59,-98.256
167,7.1467,60,-98.493
167,7.1467,61,-98.616
167,7.1467,62,-99.49
167,7.1467,63,-99.999
167,7.1467,64,-99.998
168,7.1893,1,-74.557
168,7.1893,2,-47.884
168,7.1893,3,-39.283
168,7.1893,4,-33.67
168,7.1893,5,-48.355
168,7.1893,6,-58.316
168,7.1893,7,-44.253
168,7.1893,8,-52.665
168,7.1893,9,-65.787
168,7.1893,10,-68.858
168,7.1893,11,-59.682
168,7.1893,12,-55.247
168,7.1893,13,-69.433
168,7.1893,14,-66.848
168,7.1893,15,-67.336
168,7.1893,16,-67.006
168,7.1893,17,-71.879
168,7.1893,18,-78.252
168,7.1893,19,-74.372
168,7.1893,20,-80.151
168,7.1893,21,-76.869
168,7.1893,22,-67.111
168,7.1893,23,-68.933
168,7.1893,24,-69.954
168,7.1893,25,-79.965
168,7.1893,26,-78.959
168,7.1893,27,-79.316
168,7.1893,28,-80.136
168,7.1893,29,-84.304
168,7.1893,30,-88.337
168,7.1893,31,-87.3
168,7.1893,32,-92.365
168,7.1893,33,-92.404
168,7.1893,34,-88.234
168,7.1893,35,-89.557
168,7.1893,36,-92.946
168,7.1893,37,-94.104
168,7.1893,38,-95.869
168,7.1893,39,-92.243
168,7.1893,40,-91.915
168,7.1893,41,-91.698
168,7.1893,42,-92.708
168,7.1893,43,-94.795
168,7.1893,44,-95.846
168,7.1893,45,-96.477
168,7.1893,46,-96.946
168,7.1893,47,-97.925
168,7.1893,48,-96.568
168,7.1893,49,-97.423
168,7.1893,50,-96.927
168,7.1893,51,-97.344
168,7.1893,52,-97.545
168,7.1893,53,-96.364
168,7.1893,54,-96.856
168,7.1893,55,-97.556
168,7.1893,56,-96.961
168,7.1893,57,-97.207
168,7.1893,58,-98.078
168,7.1893,59,-97.792
168,7.1893,60,-98.173
168,7.1893,61,-98.253
168,7.1893,62,-99.228
168,7.1893,63,-100.0
168,7.1893,64,-99.997
169,7.232,1,-63.221
169,7.232,2,-48.535
169,7.232,3,-39.217
169,7.232,4,-34.19
169,7.232,5,-49.843
169,7.232,6,-59.781
169,7.232,7,-44.358
169,7.232,8,-52.74
169,7.232,9,-68.665
169,7.232,10,-64.103
169,7.232,11,-57.726
169,7.232,12,-56.86
169,7.232,13,-67.883
169,7.232,14,-67.208
169,7.232,15,-69.583
169,7.232,16,-72.207
169,7.232,17,-78.583
169,7.232,18,-80.104
169,7.232,19,-75.473
169,7.232,20,-72.331
169,7.232,21,-71.652
169,7.232,22,-66.011
169,7.232,23,-70.251
169,7.232,24,-75.107
169,7.232,25,-87.248
169,7.232,26,-81.167
169,7.232,27,-80.011
169,7.232,28,-81.526
169,7.232,29,-85.794
169,7.232,30,-86.151
169,7.232,31,-88.762
169,7.232,32,-91.152
169,7.232,33,-90.586
169,7.232,34,-90.781
169,7.232,35,-94.74
169,7.232,36,-96.219
169,7.232,37,-95.394
169,7.232,38,-95.906
169,7.232,39,-96.306
169,7.232,40,-96.424
169,7.232,41,-95.816
169,7.232,42,-93.11
169,7.232,43,-94.331
169,7.232,44,-94.765
169,7.232,45,-95.11
169,7.232,46,-96.047
169,7.232,47,-96.372
169,7.232,48,-96.74
169,7.232,49,-98.26
169,7.232,50,-97.551
169,7.232,51,-97.057
169,7.232,52,-97.425
169,7.232,53,-97.962
169,7.232,54,-96.994
169,7.232,55,-98.027
169,7.232,56,-98.279
169,7.232,57,-98.171
169,7.232,58,-97.894
169,7.232,59,-97.84
169,7.232,60,-98.075
169,7.232,61,-98.627
169,7.232,62,-99.656
169,7.232,63,-100.0
169,7.232,64,-99.998
170,7.2747,1,-60.28
170,7.2747,2,-49.545
170,7.2747,3,-38.463
170,7.2747,4,-34.343
170,7.2747,5,-50.629
170,7.2747,6,-59.97
170,7.2747,7,-44.434
170,7.2747,8,-52.563
170,7.2747,9,-69.693
170,7.2747,10,-69.748
170,7.2747,11,-62.436
170,7.2747,12,-57.848
170,7.2747,13,-70.06
170,7.2747,14,-69.91
170,7.2747,15,-66.213
170,7.2747,16,-65.663
170,7.2747,17,-69.666
170,7.2747,18,-78.143
170,7.2747,19,-70.778
170,7.2747,20,-64.166
170,7.2747,21,-65.955
170,7.2747,22,-67.938
170,7.2747,23,-70.334
170,7.2747,24,-71.518
170,7.2747,25,-74.913
170,7.2747,26,-79.666
170,7.2747,27,-76.118
170,7.2747,28,-74.922
170,7.2747,29,-71.015
170,7.2747,30,-65.139
170,7.2747,31,-66.17
170,7.2747,32,-76.676
170,7.2747,33,-88.236
170,7.2747,34,-89.638
170,7.2747,35,-83.678
170,7.2747,36,-88.196
170,7.2747,37,-91.674
170,7.2747,38,-89.956
170,7.2747,39,-85.944
170,7.2747,40,-85.465
170,7.2747,41,-73.709
170,7.2747,42,-73.524
170,7.2747,43,-90.219
170,7.2747,44,-95.135
170,7.2747,45,-96.233
170,7.2747,46,-94.226
170,7.2747,47,-92.832
170,7.2747,48,-93.105
170,7.2747,49,-94.884
170,7.2747,50,-96.313
170,7.2747,51,-96.091
170,7.2747,52,-96.462
170,7.2747,53,-92.525
170,7.2747,54,-92.634
170,7.2747,55,-97.684
170,7.2747,56,-96.541
170,7.2747,57,-94.513
170,7.2747,58,-94.219
170,7.2747,59,-96.783
170,7.2747,60,-98.046
170,7.2747,61,-97.876
170,7.2747,62,-99.006
170,7.2747,63,-100.0
170,7.2747,64,-99.997
171,7.3173,1,-65.073
171,7.3173,2,-51.739
171,7.3173,3,-38.848
171,7.3173,4,-37.256
171,7.3173,5,-34.418
171,7.3173,6,-31.939
171,7.3173,7,-46.177
171,7.3173,8,-54.418
171,7.3173,9,-58.041
171,7.3173,10,-49.121
171,7.3173,11,-57.011
171,7.3173,12,-71.174
171,7.3173,13,-53.195
171,7.3173,14,-56.803
171,7.3173,15,-67.263
171,7.3173,16,-49.984
171,7.3173,17,-55.017
171,7.3173,18,-56.513
171,7.3173,19,-52.759
171,7.3173,20,-62.319
171,7.3173,21,-65.04
171,7.3173,22,-63.401
171,7.3173,23,-58.393
171,7.3173,24,-60.82
171,7.3173,25,-59.536
171,7.3173,26,-48.87
171,7.3173,27,-56.095
171,7.3173,28,-67.198
171,7.3173,29,-58.087
171,7.3173,30,-52.829
171,7.3173,31,-54.041
171,7.3173,32,-56.604
171,7.3173,33,-58.771
171,7.3173,34,-64.938
171,7.3173,35,-63.972
171,7.3173,36,-65.725
171,7.3173,37,-66.816
171,7.3173,38,-77.194
171,7.3173,39,-62.757
171,7.3173,40,-63.923
171,7.3173,41,-72.94
171,7.3173,42,-64.547
171,7.3173,43,-65.429
171,7.3173,44,-74.455
171,7.3173,45,-75.818
171,7.3173,46,-73.407
171,7.3173,47,-72.837
171,7.3173,48,-79.258
171,7.3173,49,-75.813
171,7.3173,50,-76.991
171,7.3173,51,-84.836
171,7.3173,52,-78.479
171,7.3173,53,-81.997
171,7.3173,54,-77.023
171,7.3173,55,-78.395
171,7.3173,56,-84.409
171,7.3173,57,-88.215
171,7.3173,58,-83.644
171,7.3173,59,-86.109
171,7.3173,60,-90.621
171,7.3173,61,-92.743
171,7.3173,62,-97.443
171,7.3173,63,-99.999
171,7.3173,64,-99.986
172,7.36,1,-72.457
172,7.36,2,-51.519
172,7.36,3,-42.216
172,7.36,4,-37.121
172,7.36,5,-38.418
172,7.36,6,-33.15
172,7.36,7,-46.555
172,7.36,8,-57.17
172,7.36,9,-58.532
172,7.36,10,-47.742
172,7.36,11,-58.66
172,7.36,12,-69.613
172,7.36,13,-52.373
172,7.36,14,-57.445
172,7.36,15,-72.962
172,7.36,16,-52.6
172,7.36,17,-58.099
172,7.36,18,-53.993
172,7.36,19,-50.52
172,7.36,20,-69.626
172,7.36,21,-62.648
172,7.36,22,-66.73
172,7.36,23,-60.913
172,7.36,24,-62.289
172,7.36,25,-60.662
172,7.36,26,-46.846
172,7.36,27,-53.775
172,7.36,28,-70.344
172,7.36,29,-62.934
172,7.36,30,-54.802
172,7.36,31,-56.794
172,7.36,32,-62.719
172,7.36,33,-65.783
172,7.36,34,-71.732
172,7.36,35,-70.883
172,7.36,36,-75.84
172,7.36,37,-75.947
172,7.36,38,-92.19
172,7.36,39,-74.509
172,7.36,40,-77.169
172,7.36,41,-89.478
172,7.36,42,-82.522
172,7.36,43,-85.722
172,7.36,44,-92.902
172,7.36,45,-94.417
172,7.36,46,-94.649
172,7.36,47,-95.374
172,7.36,48,-95.971
172,7.36,49,-95.417
172,7.36,50,-96.802
172,7.36,51,-97.473
172,7.36,52,-97.753
172,7.36,53,-98.186
172,7.36,54,-97.722
172,7.36,55,-98.534
172,7.36,56,-98.573
172,7.36,57,-98.201
172,7.36,58,-98.93
172,7.36,59,-99.237
172,7.36,60,-99.376
172,7.36,61,-99.37
172,7.36,62,-99.839
172,7.36,63,-99.999
172,7.36,64,-99.999
173,7.4027,1,-61.983
173,7.4027,2,-51.081
173,7.4027,3,-42.523
173,7.4027,4,-36.624
173,7.4027,5,-37.33
173,7.4027,6,-33.53
173,7.4027,7,-46.677
173,7.4027,8,-56.591
173,7.4027,9,-58.158
173,7.4027,10,-47.004
173,7.4027,11,-57.42
173,7.4027,12,-60.421
173,7.4027,13,-52.449
173,7.4027,14,-56.978
173,7.4027,15,-66.562
173,7.4027,16,-51.168
173,7.4027,17,-56.562
173,7.4027,18,-52.408
173,7.4027,19,-48.824
173,7.4027,20,-73.653
173,7.4027,21,-65.421
173,7.4027,22,-67.738
173,7.4027,23,-61.531
173,7.4027,24,-63.222
173,7.4027,25,-61.358
173,7.4027,26,-54.153
173,7.4027,27,-62.254
173,7.4027,28,-70.113
173,7.4027,29,-69.394
173,7.4027,30,-60.611
173,7.4027,31,-60.491
173,7.4027,32,-62.471
173,7.4027,33,-71.366
173,7.4027,34,-79.187
173,7.4027,35,-78.424
173,7.4027,36,-85.021
173,7.4027,37,-89.963
173,7.4027,38,-94.69
173,7.4027,39,-82.359
173,7.4027,40,-84.68
173,7.4027,41,-96.114
173,7.4027,42,-95.267
173,7.4027,43,-97.219
173,7.4027,44,-98.325
173,7.4027,45,-97.607
173,7.4027,46,-97.902
173,7.4027,47,-98.653
173,7.4027,48,-98.193
173,7.4027,49,-96.922
173,7.4027,50,-98.276
173,7.4027,51,-98.3
173,7.4027,52,-98.583
173,7.4027,53,-99.063
173,7.4027,54,-98.55
173,7.4027,55,-98.744
173,7.4027,56,-98.611
173,7.4027,57,-98.506
173,7.4027,58,-98.895
173,7.4027,59,-98.244
173,7.4027,60,-99.027
173,7.4027,61,-99.459
173,7.4027,62,-99.994
173,7.4027,63,-100.0
173,7.4027,64,-99.999
174,7.4453,1,-61.023
174,7.4453,2,-52.242
174,7.4453,3,-41.606
174,7.4453,4,-36.501
174,7.4453,5,-39.18
174,7.4453,6,-34.81
174,7.4453,7,-47.112
174,7.4453,8,-56.808
174,7.4453,9,-58.195
174,7.4453,10,-47.254
174,7.4453,11,-56.753
174,7.4453,12,-59.275
174,7.4453,13,-54.065
174,7.4453,14,-58.601
174,7.4453,15,-67.42
174,7.4453,16,-45.882
174,7.4453,17,-50.397
174,7.4453,18,-53.286
174,7.4453,19,-49.777
174,7.4453,20,-73.425
174,7.4453,21,-66.46
174,7.4453,22,-68.122
174,7.4453,23,-61.81
174,7.4453,24,-69.981
174,7.4453,25,-69.291
174,7.4453,26,-50.723
174,7.4453,27,-57.786
174,7.4453,28,-74.295
174,7.4453,29,-68.784
174,7.4453,30,-66.802
174,7.4453,31,-68.398
174,7.4453,32,-72.928
174,7.4453,33,-76.541
174,7.4453,34,-86.594
174,7.4453,35,-81.976
174,7.4453,36,-84.371
174,7.4453,37,-92.609
174,7.4453,38,-94.471
174,7.4453,39,-95.824
174,7.4453,40,-97.975
174,7.4453,41,-97.63
174,7.4453,42,-97.643
174,7.4453,43,-97.459
174,7.4453,44,-98.843
174,7.4453,45,-98.425
174,7.4453,46,-98.374
174,7.4453,47,-98.055
174,7.4453,48,-97.682
174,7.4453,49,-97.959
174,7.4453,50,-98.267
174,7.4453,51,-98.226
174,7.4453,52,-98.275
174,7.4453,53,-98.45
174,7.4453,54,-98.496
174,7.4453,55,-98.555
174,7.4453,56,-98.511
174,7.4453,57,-98.346
174,7.4453,58,-99.071
174,7.4453,59,-99.629
174,7.4453,60,-99.183
174,7.4453,61,-99.94
174,7.4453,62,-99.998
174,7.4453,63,-100.0
174,7.4453,64,-99.999
175,7.488,1,-64.455
175,7.488,2,-54.385
175,7.488,3,-40.992
175,7.488,4,-36.243
175,7.488,5,-41.071
175,7.488,6,-36.19
175,7.488,7,-47.134
175,7.488,8,-56.13
175,7.488,9,-59.457
175,7.488,10,-48.143
175,7.488,11,-56.244
175,7.488,12,-65.222
175,7.488,13,-56.646
175,7.488,14,-63.346
175,7.488,15,-64.303
175,7.488,16,-44.538
175,7.488,17,-49.212
175,7.488,18,-55.52
175,7.488,19,-52.082
175,7.488,20,-73.912
175,7.488,21,-66.762
175,7.488,22,-71.919
175,7.488,23,-67.865
175,7.488,24,-64.383
175,7.488,25,-62.759
175,7.488,26,-50.851
175,7.488,27,-57.86
175,7.488,28,-73.605
175,7.488,29,-78.54
175,7.488,30,-80.024
175,7.488,31,-71.579
175,7.488,32,-71.538
175,7.488,33,-80.946
175,7.488,34,-84.351
175,7.488,35,-86.521
175,7.488,36,-92.931
175,7.488,37,-94.693
175,7.488,38,-95.743
175,7.488,39,-97.189
175,7.488,40,-98.022
175,7.488,41,-97.569
175,7.488,42,-96.623
175,7.488,43,-97.212
175,7.488,44,-97.538
175,7.488,45,-98.668
175,7.488,46,-98.54
175,7.488,47,-98.403
175,7.488,48,-97.665
175,7.488,49,-96.915
175,7.488,50,-97.58
175,7.488,51,-97.973
175,7.488,52,-98.512
175,7.488,53,-98.153
175,7.488,54,-98.441
175,7.488,55,-98.117
175,7.488,56,-98.21
175,7.488,57,-97.951
175,7.488,58,-98.511
175,7.488,59,-98.948
175,7.488,60,-98.973
175,7.488,61,-99.074
175,7.488,62,-99.658
175,7.488,63,-99.999
175,7.488,64,-99.998
176,7.5307,1,-70.711
176,7.5307,2,-54.596
176,7.5307,3,-41.381
176,7.5307,4,-36.417
176,7.5307,5,-41.83
176,7.5307,6,-37.779
176,7.5307,7,-47.607
176,7.5307,8,-56.421
176,7.5307,9,-61.655
176,7.5307,10,-50.046
176,7.5307,11,-57.991
176,7.5307,12,-71.039
176,7.5307,13,-56.042
176,7.5307,14,-61.378
176,7.5307,15,-61.878
176,7.5307,16,-44.15
176,7.5307,17,-49.081
176,7.5307,18,-60.368
176,7.5307,19,-57.193
176,7.5307,20,-72.532
176,7.5307,21,-65.183
176,7.5307,22,-73.716
176,7.5307,23,-68.92
176,7.5307,24,-62.076
176,7.5307,25,-60.418
176,7.5307,26,-58.544
176,7.5307,27,-65.734
176,7.5307,28,-75.589
176,7.5307,29,-75.55
176,7.5307,30,-74.75
176,7.5307,31,-76.152
176,7.5307,32,-79.486
176,7.5307,33,-86.184
176,7.5307,34,-86.81
176,7.5307,35,-84.883
176,7.5307,36,-96.816
176,7.5307,37,-98.383
176,7.5307,38,-98.91
176,7.5307,39,-97.435
176,7.5307,40,-98.776
176,7.5307,41,-98.358
176,7.5307,42,-98.012
176,7.5307,43,-97.866
176,7.5307,44,-98.326
176,7.5307,45,-98.0
176,7.5307,46,-98.803
176,7.5307,47,-99.174
176,7.5307,48,-98.992
176,7.5307,49,-98.913
176,7.5307,50,-98.771
176,7.5307,51,-98.6
176,7.5307,52,-98.723
176,7.5307,53,-97.925
176,7.5307,54,-98.439
176,7.5307,55,-98.018
176,7.5307,56,-98.084
176,7.5307,57,-98.125
176,7.5307,58,-98.528
176,7.5307,59,-98.271
176,7.5307,60,-98.585
176,7.5307,61,-98.058
176,7.5307,62,-99.552
176,7.5307,63,-100.0
176,7.5307,64,-99.998
177,7.5733,1,-68.348
177,7.5733,2,-54.361
177,7.5733,3,-42.057
177,7.5733,4,-36.513
177,7.5733,5,-42.91
177,7.5733,6,-39.298
177,7.5733,7,-47.769
177,7.5733,8,-56.722
177,7.5733,9,-63.093
177,7.5733,10,-49.583
177,7.5733,11,-57.116
177,7.5733,12,-72.136
177,7.5733,13,-52.442
177,7.5733,14,-57.759
177,7.5733,15,-63.149
177,7.5733,16,-45.599
177,7.5733,17,-50.636
177,7.5733,18,-63.901
177,7.5733,19,-61.165
177,7.5733,20,-72.751
177,7.5733,21,-64.27
177,7.5733,22,-74.604
177,7.5733,23,-68.461
177,7.5733,24,-65.274
177,7.5733,25,-64.134
177,7.5733,26,-59.103
177,7.5733,27,-65.966
177,7.5733,28,-75.027
177,7.5733,29,-78.005
177,7.5733,30,-81.401
177,7.5733,31,-81.528
177,7.5733,32,-80.936
177,7.5733,33,-82.321
177,7.5733,34,-85.56
177,7.5733,35,-84.899
177,7.5733,36,-89.293
177,7.5733,37,-89.377
177,7.5733,38,-92.416
177,7.5733,39,-88.231
177,7.5733,40,-88.998
177,7.5733,41,-87.961
177,7.5733,42,-87.016
177,7.5733,43,-88.85
177,7.5733,44,-88.194
177,7.5733,45,-88.494
177,7.5733,46,-87.498
177,7.5733,47,-86.125
177,7.5733,48,-83.994
177,7.5733,49,-85.443
177,7.5733,50,-84.726
177,7.5733,51,-78.877
177,7.5733,52,-79.885
177,7.5733,53,-85.9
177,7.5733,54,-82.971
177,7.5733,55,-81.915
177,7.5733,56,-86.466
177,7.5733,57,-84.35
177,7.5733,58,-79.902
177,7.5733,59,-76.167
177,7.5733,60,-74.613
177,7.5733,61,-75.695
177,7.5733,62,-83.281
177,7.5733,63,-99.996
177,7.5733,64,-99.419
178,7.616,1,-58.819
178,7.616,2,-43.58
178,7.616,3,-37.242
178,7.616,4,-33.129
178,7.616,5,-42.242
178,7.616,6,-58.373
178,7.616,7,-56.291
178,7.616,8,-60.123
178,7.616,9,-54.462
178,7.616,10,-56.999
178,7.616,11,-62.438
178,7.616,12,-61.153
178,7.616,13,-56.896
178,7.616,14,-54.855
178,7.616,15,-58.063
178,7.616,16,-61.589
178,7.616,17,-60.761
178,7.616,18,-65.199
178,7.616,19,-63.903
178,7.616,20,-62.109
178,7.616,21,-67.017
178,7.616,22,-61.56
178,7.616,23,-63.373
178,7.616,24,-62.319
178,7.616,25,-65.671
178,7.616,26,-61.029
178,7.616,27,-59.151
178,7.616,28,-63.867
178,7.616,29,-65.866
178,7.616,30,-61.9
178,7.616,31,-57.971
178,7.616,32,-57.189
178,7.616,33,-58.629
178,7.616,34,-64.835
178,7.616,35,-63.749
178,7.616,36,-58.044
178,7.616,37,-56.71
178,7.616,38,-58.58
178,7.616,39,-62.744
178,7.616,40,-60.119
178,7.616,41,-55.83
178,7.616,42,-55.907
178,7.616,43,-53.588
178,7.616,44,-58.426
178,7.616,45,-54.453
178,7.616,46,-54.035
178,7.616,47,-59.17
178,7.616,48,-54.543
178,7.616,49,-57.722
178,7.616,50,-57.43
178,7.616,51,-56.166
178,7.616,52,-55.266
178,7.616,53,-56.751
178,7.616,54,-54.111
178,7.616,55,-54.158
178,7.616,56,-54.61
178,7.616,57,-58.407
178,7.616,58,-56.634
178,7.616,59,-58.355
178,7.616,60,-58.504
178,7.616,61,-54.696
178,7.616,62,-60.149
178,7.616,63,-99.809
178,7.616,64,-85.524
179,7.6587,1,-74.973
179,7.6587,2,-59.654
179,7.6587,3,-46.768
179,7.6587,4,-53.077
179,7.6587,5,-61.415
179,7.6587,6,-65.363
179,7.6587,7,-64.747
179,7.6587,8,-68.822
179,7.6587,9,-71.626
179,7.6587,10,-62.675
179,7.6587,11,-66.351
179,7.6587,12,-76.988
179,7.6587,13,-68.631
179,7.6587,14,-70.762
179,7.6587,15,-67.5
179,7.6587,16,-66.86
179,7.6587,17,-77.249
179,7.6587,18,-86.131
179,7.6587,19,-85.981
179,7.6587,20,-84.586
179,7.6587,21,-81.112
179,7.6587,22,-76.692
179,7.6587,23,-78.732
179,7.6587,24,-78.601
179,7.6587,25,-76.448
179,7.6587,26,-80.39
179,7.6587,27,-80.513
179,7.6587,28,-82.297
179,7.6587,29,-84.116
179,7.6587,30,-83.956
179,7.6587,31,-84.165
179,7.6587,32,-83.824
179,7.6587,33,-84.341
179,7.6587,34,-84.858
179,7.6587,35,-83.548
179,7.6587,36,-82.183
179,7.6587,37,-82.25
179,7.6587,38,-80.374
179,7.6587,39,-82.097
179,7.6587,40,-81.353
179,7.6587,41,-77.826
179,7.6587,42,-80.755
179,7.6587,43,-77.643
179,7.6587,44,-79.568
179,7.6587,45,-78.844
179,7.6587,46,-79.616
179,7.6587,47,-82.016
179,7.6587,48,-79.166
179,7.6587,49,-84.001
179,7.6587,50,-85.414
179,7.6587,51,-84.617
179,7.6587,52,-84.26
179,7.6587,53,-87.708
179,7.6587,54,-89.043
179,7.6587,55,-89.62
179,7.6587,56,-88.815
179,7.6587,57,-90.478
179,7.6587,58,-89.137
179,7.6587,59,-90.602
179,7.6587,60,-90.943
179,7.6587,61,-91.934
179,7.6587,62,-98.101
179,7.6587,63,-100.0
179,7.6587,64,-99.991
180,7.7013,1,-91.93
180,7.7013,2,-64.863
180,7.7013,3,-53.808
180,7.7013,4,-55.916
180,7.7013,5,-63.874
180,7.7013,6,-72.918
180,7.7013,7,-68.389
180,7.7013,8,-65.83
180,7.7013,9,-75.351
180,7.7013,10,-67.896
180,7.7013,11,-62.004
180,7.7013,12,-71.042
180,7.7013,13,-72.924
180,7.7013,14,-76.835
180,7.7013,15,-77.573
180,7.7013,16,-76.687
180,7.7013,17,-81.245
180,7.7013,18,-83.812
180,7.7013,19,-81.511
180,7.7013,20,-82.018
180,7.7013,21,-78.244
180,7.7013,22,-76.007
180,7.7013,23,-74.539
180,7.7013,24,-71.784
180,7.7013,25,-83.974
180,7.7013,26,-79.062
180,7.7013,27,-82.573
180,7.7013,28,-87.459
180,7.7013,29,-86.41
180,7.7013,30,-87.203
180,7.7013,31,-86.595
180,7.7013,32,-88.639
180,7.7013,33,-87.819
180,7.7013,34,-87.172
180,7.7013,35,-84.098
180,7.7013,36,-88.29
180,7.7013,37,-88.759
180,7.7013,38,-87.214
180,7.7013,39,-90.847
180,7.7013,40,-90.794
180,7.7013,41,-88.754
180,7.7013,42,-86.692
180,7.7013,43,-87.496
180,7.7013,44,-91.696
180,7.7013,45,-88.681
180,7.7013,46,-87.097
180,7.7013,47,-89.697
180,7.7013,48,-89.874
180,7.7013,49,-92.872
180,7.7013,50,-94.114
180,7.7013,51,-93.106
180,7.7013,52,-92.974
180,7.7013,53,-95.925
180,7.7013,54,-94.709
180,7.7013,55,-94.072
180,7.7013,56,-94.352
180,7.7013,57,-95.812
180,7.7013,58,-95.523
180,7.7013,59,-96.184
180,7.7013,60,-95.442
180,7.7013,61,-95.663
180,7.7013,62,-99.2
180,7.7013,63,-100.0
180,7.7013,64,-99.997
181,7.744,1,-89.096
181,7.744,2,-68.636
181,7.744,3,-60.044
181,7.744,4,-62.092
181,7.744,5,-61.581
181,7.744,6,-71.116
181,7.744,7,-71.965
181,7.744,8,-74.676
181,7.744,9,-75.365
181,7.744,10,-66.568
181,7.744,11,-65.24
181,7.744,12,-75.083
181,7.744,13,-73.09
181,7.744,14,-74.265
181,7.744,15,-74.781
181,7.744,16,-73.537
181,7.744,17,-78.323
181,7.744,18,-84.896
181,7.744,19,-79.904
181,7.744,20,-79.931
181,7.744,21,-77.043
181,7.744,22,-73.915
181,7.744,23,-75.764
181,7.744,24,-78.676
181,7.744,25,-84.24
181,7.744,26,-79.827
181,7.744,27,-81.875
181,7.744,28,-84.864
181,7.744,29,-83.772
181,7.744,30,-80.49
181,7.744,31,-80.994
181,7.744,32,-84.753
181,7.744,33,-87.867
181,7.744,34,-87.004
181,7.744,35,-84.536
181,7.744,36,-90.735
181,7.744,37,-88.871
181,7.744,38,-89.369
181,7.744,39,-88.48
181,7.744,40,-89.063
181,7.744,41,-88.985
181,7.744,42,-89.017
181,7.744,43,-88.648
181,7.744,44,-91.202
181,7.744,45,-91.59
181,7.744,46,-92.76
181,7.744,47,-94.979
181,7.744,48,-94.385
181,7.744,49,-94.93
181,7.744,50,-95.589
181,7.744,51,-94.288
181,7.744,52,-93.839
181,7.744,53,-95.332
181,7.744,54,-93.212
181,7.744,55,-94.587
181,7.744,56,-93.22
181,7.744,57,-94.96
181,7.744,58,-95.812
181,7.744,59,-96.752
181,7.744,60,-95.792
181,7.744,61,-95.53
181,7.744,62,-98.987
181,7.744,63,-100.0
181,7.744,64,-99.996
182,7.7867,1,-91.312
182,7.7867,2,-68.59
182,7.7867,3,-60.105
182,7.7867,4,-67.191
182,7.7867,5,-62.651
182,7.7867,6,-60.059
182,7.7867,7,-66.585
182,7.7867,8,-73.302
182,7.7867,9,-68.744
182,7.7867,10,-58.754
182,7.7867,11,-66.853
182,7.7867,12,-63.887
182,7.7867,13,-71.968
182,7.7867,14,-75.582
182,7.7867,15,-78.667
182,7.7867,16,-77.483
182,7.7867,17,-77.933
182,7.7867,18,-81.012
182,7.7867,19,-82.276
182,7.7867,20,-81.282
182,7.7867,21,-78.196
182,7.7867,22,-70.217
182,7.7867,23,-73.048
182,7.7867,24,-76.703
182,7.7867,25,-86.481
182,7.7867,26,-73.631
182,7.7867,27,-79.395
182,7.7867,28,-85.941
182,7.7867,29,-83.364
182,7.7867,30,-74.064
182,7.7867,31,-76.539
182,7.7867,32,-83.941
182,7.7867,33,-82.46
182,7.7867,34,-83.455
182,7.7867,35,-81.925
182,7.7867,36,-86.629
182,7.7867,37,-93.587
182,7.7867,38,-93.428
182,7.7867,39,-89.825
182,7.7867,40,-89.593
182,7.7867,41,-89.631
182,7.7867,42,-89.464
182,7.7867,43,-93.014
182,7.7867,44,-95.002
182,7.7867,45,-94.733
182,7.7867,46,-94.925
182,7.7867,47,-94.152
182,7.7867,48,-96.328
182,7.7867,49,-96.573
182,7.7867,50,-95.099
182,7.7867,51,-94.303
182,7.7867,52,-93.686
182,7.7867,53,-96.31
182,7.7867,54,-94.879
182,7.7867,55,-96.543
182,7.7867,56,-95.98
182,7.7867,57,-96.587
182,7.7867,58,-96.558
182,7.7867,59,-97.209
182,7.7867,60,-96.757
182,7.7867,61,-97.2
182,7.7867,62,-99.38
182,7.7867,63,-100.0
182,7.7867,64,-99.998
183,7.8293,1,-93.222
183,7.8293,2,-70.228
183,7.8293,3,-64.765
183,7.8293,4,-63.601
183,7.8293,5,-60.203
183,7.8293,6,-62.539
183,7.8293,7,-66.083
183,7.8293,8,-73.055
183,7.8293,9,-71.304
183,7.8293,10,-59.818
183,7.8293,11,-66.137
183,7.8293,12,-63.959
183,7.8293,13,-77.237
183,7.8293,14,-74.892
183,7.8293,15,-75.858
183,7.8293,16,-75.765
183,7.8293,17,-78.262
183,7.8293,18,-83.241
183,7.8293,19,-80.685
183,7.8293,20,-77.743
183,7.8293,21,-76.111
183,7.8293,22,-68.503
183,7.8293,23,-73.308
183,7.8293,24,-81.26
183,7.8293,25,-84.788
183,7.8293,26,-80.652
183,7.8293,27,-84.188
183,7.8293,28,-85.857
183,7.8293,29,-83.993
183,7.8293,30,-89.081
183,7.8293,31,-89.144
183,7.8293,32,-89.139
183,7.8293,33,-89.345
183,7.8293,34,-91.859
183,7.8293,35,-89.32
183,7.8293,36,-93.097
183,7.8293,37,-92.642
183,7.8293,38,-91.195
183,7.8293,39,-93.553
183,7.8293,40,-93.236
183,7.8293,41,-91.789
183,7.8293,42,-92.951
183,7.8293,43,-93.108
183,7.8293,44,-94.61
183,7.8293,45,-94.602
183,7.8293,46,-96.519
183,7.8293,47,-97.018
183,7.8293,48,-95.597
183,7.8293,49,-96.836
183,7.8293,50,-97.911
183,7.8293,51,-96.587
183,7.8293,52,-95.021
183,7.8293,53,-97.633
183,7.8293,54,-96.114
183,7.8293,55,-95.127
183,7.8293,56,-95.998
183,7.8293,57,-97.425
183,7.8293,58,-97.195
183,7.8293,59,-98.135
183,7.8293,60,-97.632
183,7.8293,61,-97.546
183,7.8293,62,-99.588
183,7.8293,63,-100.0
183,7.8293,64,-99.998
184,7.872,1,-94.857
184,7.872,2,-68.864
184,7.872,3,-63.8
184,7.872,4,-65.881
184,7.872,5,-64.712
184,7.872,6,-63.647
184,7.872,7,-66.621
184,7.872,8,-72.467
184,7.872,9,-72.995
184,7.872,10,-62.017
184,7.872,11,-67.99
184,7.872,12,-65.16
184,7.872,13,-75.919
184,7.872,14,-74.411
184,7.872,15,-78.981
184,7.872,16,-74.715
184,7.872,17,-77.088
184,7.872,18,-81.898
184,7.872,19,-79.246
184,7.872,20,-77.763
184,7.872,21,-77.408
184,7.872,22,-70.332
184,7.872,23,-74.783
184,7.872,24,-77.421
184,7.872,25,-79.243
184,7.872,26,-74.904
184,7.872,27,-76.095
184,7.872,28,-76.583
184,7.872,29,-73.117
184,7.872,30,-69.67
184,7.872,31,-65.247
184,7.872,32,-60.387
184,7.872,33,-57.698
184,7.872,34,-60.615
184,7.872,35,-61.249
184,7.872,36,-60.018
184,7.872,37,-62.663
184,7.872,38,-67.994
184,7.872,39,-67.345
184,7.872,40,-67.346
184,7.872,41,-69.873
184,7.872,42,-61.214
184,7.872,43,-59.958
184,7.872,44,-54.941
184,7.872,45,-54.091
184,7.872,46,-51.513
184,7.872,47,-55.497
184,7.872,48,-58.158
184,7.872,49,-57.395
184,7.872,50,-64.774
184,7.872,51,-64.573
184,7.872,52,-65.883
184,7.872,53,-67.385
184,7.872,54,-70.05
184,7.872,55,-73.151
184,7.872,56,-73.361
184,7.872,57,-77.609
184,7.872,58,-82.038
184,7.872,59,-86.756
184,7.872,60,-94.528
184,7.872,61,-98.253
184,7.872,62,-99.974
184,7.872,63,-100.0
184,7.872,64,-100.0
185,7.9147,1,-91.129
185,7.9147,2,-69.182
185,7.9147,3,-49.003
185,7.9147,4,-44.786
185,7.9147,5,-47.262
185,7.9147,6,-47.138
185,7.9147,7,-45.711
185,7.9147,8,-42.488
185,7.9147,9,-49.06
185,7.9147,10,-53.881
185,7.9147,11,-58.621
185,7.9147,12,-63.797
185,7.9147,13,-62.662
185,7.9147,14,-65.061
185,7.9147,15,-66.189
185,7.9147,16,-64.945
185,7.9147,17,-64.778
185,7.9147,18,-63.349
185,7.9147,19,-64.705
185,7.9147,20,-65.427
185,7.9147,21,-58.506
185,7.9147,22,-51.787
185,7.9147,23,-50.702
185,7.9147,24,-62.263
185,7.9147,25,-65.017
185,7.9147,26,-63.326
185,7.9147,27,-55.397
185,7.9147,28,-55.229
185,7.9147,29,-61.987
185,7.9147,30,-66.152
185,7.9147,31,-65.59
185,7.9147,32,-61.285
185,7.9147,33,-64.742
185,7.9147,34,-66.831
185,7.9147,35,-68.07
185,7.9147,36,-61.675
185,7.9147,37,-63.642
185,7.9147,38,-79.058
185,7.9147,39,-77.484
185,7.9147,40,-74.443
185,7.9147,41,-81.038
185,7.9147,42,-76.246
185,7.9147,43,-68.179
185,7.9147,44,-72.493
185,7.9147,45,-71.156
185,7.9147,46,-70.72
185,7.9147,47,-70.419
185,7.9147,48,-68.469
185,7.9147,49,-69.43
185,7.9147,50,-73.137
185,7.9147,51,-75.831
185,7.9147,52,-81.282
185,7.9147,53,-75.869
185,7.9147,54,-78.292
185,7.9147,55,-81.305
185,7.9147,56,-81.702
185,7.9147,57,-84.366
185,7.9147,58,-89.293
185,7.9147,59,-91.371
185,7.9147,60,-92.315
185,7.9147,61,-94.12
185,7.9147,62,-99.384
185,7.9147,63,-100.0
185,7.9147,64,-99.997
186,7.9573,1,-77.774
186,7.9573,2,-63.033
186,7.9573,3,-47.041
186,7.9573,4,-50.914
186,7.9573,5,-45.52
186,7.9573,6,-40.792
186,7.9573,7,-47.884
186,7.9573,8,-39.734
186,7.9573,9,-49.086
186,7.9573,10,-52.023
186,7.9573,11,-59.769
186,7.9573,12,-60.627
186,7.9573,13,-63.998
186,7.9573,14,-64.684
186,7.9573,15,-63.869
186,7.9573,16,-64.084
186,7.9573,17,-65.236
186,7.9573,18,-64.529
186,7.9573,19,-66.255
186,7.9573,20,-64.286
186,7.9573,21,-58.455
186,7.9573,22,-55.529
186,7.9573,23,-59.996
186,7.9573,24,-68.976
186,7.9573,25,-71.199
186,7.9573,26,-69.023
186,7.9573,27,-64.55
186,7.9573,28,-61.733
186,7.9573,29,-71.984
186,7.9573,30,-76.435
186,7.9573,31,-74.054
186,7.9573,32,-73.361
186,7.9573,33,-77.872
186,7.9573,34,-80.864
186,7.9573,35,-78.492
186,7.9573,36,-70.82
186,7.9573,37,-71.465
186,7.9573,38,-87.794
186,7.9573,39,-86.102
186,7.9573,40,-79.01
186,7.9573,41,-84.629
186,7.9573,42,-77.906
186,7.9573,43,-72.95
186,7.9573,44,-75.494
186,7.9573,45,-74.238
186,7.9573,46,-72.93
186,7.9573,47,-74.5
186,7.9573,48,-67.838
186,7.9573,49,-67.315
186,7.9573,50,-74.197
186,7.9573,51,-77.293
186,7.9573,52,-79.289
186,7.9573,53,-78.165
186,7.9573,54,-77.296
186,7.9573,55,-77.539
186,7.9573,56,-75.319
186,7.9573,57,-79.057
186,7.9573,58,-88.432
186,7.9573,59,-89.917
186,7.9573,60,-91.185
186,7.9573,61,-93.125
186,7.9573,62,-98.627
186,7.9573,63,-100.0
186,7.9573,64,-99.994
187,8.0,1,-82.565
187,8.0,2,-65.927
187,8.0,3,-45.142
187,8.0,4,-39.793
187,8.0,5,-51.566
187,8.0,6,-55.691
187,8.0,7,-49.253
187,8.0,8,-55.19
187,8.0,9,-55.546
187,8.0,10,-59.048
187,8.0,11,-70.397
187,8.0,12,-66.186
187,8.0,13,-69.682
187,8.0,14,-67.783
187,8.0,15,-70.032
187,8.0,16,-66.557
187,8.0,17,-69.051
187,8.0,18,-74.848
187,8.0,19,-74.765
187,8.0,20,-73.065
187,8.0,21,-69.862
187,8.0,22,-67.436
187,8.0,23,-63.108
187,8.0,24,-68.852
187,8.0,25,-67.485
187,8.0,26,-70.496
187,8.0,27,-65.791
187,8.0,28,-59.037
187,8.0,29,-66.775
187,8.0,30,-59.766
187,8.0,31,-57.184
187,8.0,32,-54.923
187,8.0,33,-59.188
187,8.0,34,-61.024
187,8.0,35,-60.393
187,8.0,36,-59.234
187,8.0,37,-60.168
187,8.0,38,-61.101
187,8.0,39,-62.994
187,8.0,40,-64.764
187,8.0,41,-59.721
187,8.0,42,-56.481
187,8.0,43,-54.016
187,8.0,44,-51.336
187,8.0,45,-47.199
187,8.0,46,-49.222
187,8.0,47,-56.166
187,8.0,48,-59.128
187,8.0,49,-57.484
187,8.0,50,-56.739
187,8.0,51,-62.077
187,8.0,52,-66.454
187,8.0,53,-69.178
187,8.0,54,-68.488
187,8.0,55,-68.341
187,8.0,56,-71.236
187,8.0,57,-72.183
187,8.0,58,-79.307
187,8.0,59,-85.23
187,8.0,60,-90.915
187,8.0,61,-95.527
187,8.0,62,-99.784
187,8.0,63,-100.0
187,8.0,64,-99.998
188,8.0427,1,-76.377
188,8.0427,2,-67.645
188,8.0427,3,-57.599
188,8.0427,4,-55.17
188,8.0427,5,-62.833
188,8.0427,6,-71.813
188,8.0427,7,-69.621
188,8.0427,8,-65.909
188,8.0427,9,-67.496
188,8.0427,10,-60.831
188,8.0427,11,-66.617
188,8.0427,12,-67.185
188,8.0427,13,-73.791
188,8.0427,14,-68.41
188,8.0427,15,-74.268
188,8.0427,16,-70.433
188,8.0427,17,-71.968
188,8.0427,18,-77.972
188,8.0427,19,-75.303
188,8.0427,20,-82.181
188,8.0427,21,-82.056
188,8.0427,22,-75.551
188,8.0427,23,-71.832
188,8.0427,24,-70.701
188,8.0427,25,-77.516
188,8.0427,26,-74.632
188,8.0427,27,-71.582
188,8.0427,28,-69.853
188,8.0427,29,-75.043
188,8.0427,30,-60.464
188,8.0427,31,-58.06
188,8.0427,32,-59.027
188,8.0427,33,-63.286
188,8.0427,34,-59.404
188,8.0427,35,-62.143
188,8.0427,36,-62.544
188,8.0427,37,-59.156
188,8.0427,38,-61.581
188,8.0427,39,-61.178
188,8.0427,40,-64.527
188,8.0427,41,-60.876
188,8.0427,42,-51.016
188,8.0427,43,-50.61
188,8.0427,44,-45.405
188,8.0427,45,-43.405
188,8.0427,46,-42.248
188,8.0427,47,-48.836
188,8.0427,48,-56.396
188,8.0427,49,-54.56
188,8.0427,50,-55.069
188,8.0427,51,-55.495
188,8.0427,52,-59.089
188,8.0427,53,-61.521
188,8.0427,54,-62.121
188,8.0427,55,-58.005
188,8.0427,56,-60.448
188,8.0427,57,-64.633
188,8.0427,58,-72.139
188,8.0427,59,-82.238
188,8.0427,60,-92.29
188,8.0427,61,-99.99
188,8.0427,62,-99.997
188,8.0427,63,-99.999
188,8.0427,64,-99.999
189,8.0853,1,-83.73
189,8.0853,2,-73.51
189,8.0853,3,-62.32
189,8.0853,4,-64.992
189,8.0853,5,-65.888
189,8.0853,6,-69.135
189,8.0853,7,-68.242
189,8.0853,8,-67.344
189,8.0853,9,-72.447
189,8.0853,10,-64.953
189,8.0853,11,-64.264
189,8.0853,12,-72.485
189,8.0853,13,-71.604
189,8.0853,14,-73.352
189,8.0853,15,-73.275
189,8.0853,16,-67.954
189,8.0853,17,-77.303
189,8.0853,18,-80.046
189,8.0853,19,-76.741
189,8.0853,20,-83.499
189,8.0853,21,-87.303
189,8.0853,22,-80.474
189,8.0853,23,-73.847
189,8.0853,24,-74.42
189,8.0853,25,-77.562
189,8.0853,26,-68.119
189,8.0853,27,-63.613
189,8.0853,28,-65.321
189,8.0853,29,-72.245
189,8.0853,30,-66.386
189,8.0853,31,-66.698
189,8.0853,32,-62.077
189,8.0853,33,-63.058
189,8.0853,34,-65.13
189,8.0853,35,-64.84
189,8.0853,36,-64.0
189,8.0853,37,-63.068
189,8.0853,38,-62.748
189,8.0853,39,-61.28
189,8.0853,40,-60.337
189,8.0853,41,-60.437
189,8.0853,42,-51.19
189,8.0853,43,-47.275
189,8.0853,44,-43.36
189,8.0853,45,-44.369
189,8.0853,46,-47.042
189,8.0853,47,-54.597
189,8.0853,48,-59.715
189,8.0853,49,-56.113
189,8.0853,50,-53.949
189,8.0853,51,-57.542
189,8.0853,52,-61.11
189,8.0853,53,-61.285
189,8.0853,54,-62.842
189,8.0853,55,-59.068
189,8.0853,56,-60.204
189,8.0853,57,-65.657
189,8.0853,58,-77.598
189,8.0853,59,-86.483
189,8.0853,60,-95.527
189,8.0853,61,-99.987
189,8.0853,62,-99.999
189,8.0853,63,-100.0
189,8.0853,64,-99.999
190,8.128,1,-94.306
190,8.128,2,-76.332
190,8.128,3,-67.951
190,8.128,4,-66.198
190,8.128,5,-71.946
190,8.128,6,-73.182
190,8.128,7,-66.002
190,8.128,8,-62.488
190,8.128,9,-69.507
190,8.128,10,-65.279
190,8.128,11,-67.226
190,8.128,12,-79.706
190,8.128,13,-73.133
190,8.128,14,-80.517
190,8.128,15,-70.9
190,8.128,16,-68.372
190,8.128,17,-74.904
190,8.128,18,-81.168
190,8.128,19,-77.608
190,8.128,20,-84.064
190,8.128,21,-84.154
190,8.128,22,-77.114
190,8.128,23,-75.623
190,8.128,24,-76.426
190,8.128,25,-71.166
190,8.128,26,-65.633
190,8.128,27,-69.018
190,8.128,28,-75.5
190,8.128,29,-74.399
190,8.128,30,-74.412
190,8.128,31,-70.346
190,8.128,32,-64.638
190,8.128,33,-63.904
190,8.128,34,-68.875
190,8.128,35,-69.886
190,8.128,36,-68.872
190,8.128,37,-65.097
190,8.128,38,-65.536
190,8.128,39,-62.604
190,8.128,40,-62.337
190,8.128,41,-59.699
190,8.128,42,-48.695
190,8.128,43,-46.323
190,8.128,44,-45.483
190,8.128,45,-49.569
190,8.128,46,-56.384
190,8.128,47,-58.949
190,8.128,48,-58.816
190,8.128,49,-61.277
190,8.128,50,-57.87
190,8.128,51,-61.815
190,8.128,52,-63.495
190,8.128,53,-65.328
190,8.128,54,-64.569
190,8.128,55,-60.524
190,8.128,56,-64.773
190,8.128,57,-75.373
190,8.128,58,-84.184
190,8.128,59,-93.683
190,8.128,60,-98.469
190,8.128,61,-99.976
190,8.128,62,-100.0
190,8.128,63,-100.0
190,8.128,64,-100.0
191,8.1707,1,-96.382
191,8.1707,2,-77.701
191,8.1707,3,-67.523
191,8.1707,4,-70.159
191,8.1707,5,-69.356
191,8.1707,6,-70.215
191,8.1707,7,-68.905
191,8.1707,8,-62.625
191,8.1707,9,-69.998
191,8.1707,10,-66.563
191,8.1707,11,-66.575
191,8.1707,12,-82.268
191,8.1707,13,-71.685
191,8.1707,14,-77.73
191,8.1707,15,-70.673
191,8.1707,16,-69.651
191,8.1707,17,-77.492
191,8.1707,18,-80.224
191,8.1707,19,-79.187
191,8.1707,20,-80.635
191,8.1707,21,-69.953
191,8.1707,22,-62.8
191,8.1707,23,-63.889
191,8.1707,24,-69.189
191,8.1707,25,-67.952
191,8.1707,26,-69.137
191,8.1707,27,-71.47
191,8.1707,28,-75.695
191,8.1707,29,-80.318
191,8.1707,30,-74.91
191,8.1707,31,-76.768
191,8.1707,32,-71.102
191,8.1707,33,-73.23
191,8.1707,34,-74.748
191,8.1707,35,-72.481
191,8.1707,36,-71.218
191,8.1707,37,-72.686
191,8.1707,38,-69.759
191,8.1707,39,-64.028
191,8.1707,40,-60.766
191,8.1707,41,-58.573
191,8.1707,42,-52.834
191,8.1707,43,-56.76
191,8.1707,44,-57.308
191,8.1707,45,-62.114
191,8.1707,46,-69.711
191,8.1707,47,-70.65
191,8.1707,48,-71.277
191,8.1707,49,-71.374
191,8.1707,50,-70.455
191,8.1707,51,-72.985
191,8.1707,52,-74.099
191,8.1707,53,-74.018
191,8.1707,54,-72.388
191,8.1707,55,-76.225
191,8.1707,56,-79.904
191,8.1707,57,-86.473
191,8.1707,58,-91.12
191,8.1707,59,-92.139
191,8.1707,60,-93.797
191,8.1707,61,-97.117
191,8.1707,62,-99.951
191,8.1707,63,-100.0
191,8.1707,64,-99.999
192,8.2133,1,-65.367
192,8.2133,2,-63.86
192,8.2133,3,-43.221
192,8.2133,4,-32.55
192,8.2133,5,-38.329
192,8.2133,6,-50.756
192,8.2133,7,-35.913
192,8.2133,8,-36.159
192,8.2133,9,-62.513
192,8.2133,10,-45.986
192,8.2133,11,-50.711
192,8.2133,12,-54.847
192,8.2133,13,-55.209
192,8.2133,14,-64.397
192,8.2133,15,-64.655
192,8.2133,16,-63.873
192,8.2133,17,-64.561
192,8.2133,18,-59.374
192,8.2133,19,-62.156
192,8.2133,20,-59.655
192,8.2133,21,-51.785
192,8.2133,22,-50.579
192,8.2133,23,-53.878
192,8.2133,24,-56.193
192,8.2133,25,-54.855
192,8.2133,26,-49.261
192,8.2133,27,-59.038
192,8.2133,28,-67.502
192,8.2133,29,-74.624
192,8.2133,30,-71.243
192,8.2133,31,-59.501
192,8.2133,32,-61.209
192,8.2133,33,-74.833
192,8.2133,34,-76.095
192,8.2133,35,-73.377
192,8.2133,36,-75.332
192,8.2133,37,-78.336
192,8.2133,38,-78.732
192,8.2133,39,-68.864
192,8.2133,40,-71.28
192,8.2133,41,-69.07
192,8.2133,42,-62.507
192,8.2133,43,-62.379
192,8.2133,44,-63.831
192,8.2133,45,-61.999
192,8.2133,46,-60.567
192,8.2133,47,-63.183
192,8.2133,48,-65.315
192,8.2133,49,-64.279
192,8.2133,50,-69.947
192,8.2133,51,-76.627
192,8.2133,52,-79.443
192,8.2133,53,-79.304
192,8.2133,54,-77.716
192,8.2133,55,-81.338
192,8.2133,56,-84.278
192,8.2133,57,-87.25
192,8.2133,58,-86.748
192,8.2133,59,-90.811
192,8.2133,60,-92.198
192,8.2133,61,-90.496
192,8.2133,62,-95.44
192,8.2133,63,-99.999
192,8.2133,64,-99.977
193,8.256,1,-82.797
193,8.256,2,-78.647
193,8.256,3,-43.46
193,8.256,4,-32.606
193,8.256,5,-41.936
193,8.256,6,-59.989
193,8.256,7,-32.712
193,8.256,8,-35.014
193,8.256,9,-53.764
193,8.256,10,-40.984
193,8.256,11,-50.573
193,8.256,12,-48.033
193,8.256,13,-52.276
193,8.256,14,-51.47
193,8.256,15,-55.598
193,8.256,16,-56.97
193,8.256,17,-58.123
193,8.256,18,-55.053
193,8.256,19,-57.641
193,8.256,20,-52.772
193,8.256,21,-46.776
193,8.256,22,-62.064
193,8.256,23,-56.178
193,8.256,24,-57.033
193,8.256,25,-56.446
193,8.256,26,-54.408
193,8.256,27,-54.751
193,8.256,28,-58.803
193,8.256,29,-76.976
193,8.256,30,-77.037
193,8.256,31,-65.972
193,8.256,32,-63.054
193,8.256,33,-71.452
193,8.256,34,-74.118
193,8.256,35,-74.326
193,8.256,36,-78.792
193,8.256,37,-77.956
193,8.256,38,-73.957
193,8.256,39,-68.578
193,8.256,40,-74.398
193,8.256,41,-67.903
193,8.256,42,-64.823
193,8.256,43,-66.872
193,8.256,44,-61.98
193,8.256,45,-67.37
193,8.256,46,-63.583
193,8.256,47,-59.971
193,8.256,48,-57.249
193,8.256,49,-58.069
193,8.256,50,-67.91
193,8.256,51,-66.281
193,8.256,52,-67.492
193,8.256,53,-72.801
193,8.256,54,-73.4
193,8.256,55,-78.725
193,8.256,56,-81.505
193,8.256,57,-84.114
193,8.256,58,-87.556
193,8.256,59,-90.498
193,8.256,60,-92.941
193,8.256,61,-94.461
193,8.256,62,-98.514
193,8.256,63,-99.998
193,8.256,64,-99.992
194,8.2987,1,-87.972
194,8.2987,2,-87.21
194,8.2987,3,-43.257
194,8.2987,4,-32.749
194,8.2987,5,-42.432
194,8.2987,6,-62.769
194,8.2987,7,-32.711
194,8.2987,8,-35.251
194,8.2987,9,-53.43
194,8.2987,10,-41.378
194,8.2987,11,-51.427
194,8.2987,12,-47.367
194,8.2987,13,-51.197
194,8.2987,14,-50.703
194,8.2987,15,-54.507
194,8.2987,16,-55.723
194,8.2987,17,-56.642
194,8.2987,18,-52.359
194,8.2987,19,-56.997
194,8.2987,20,-54.152
194,8.2987,21,-49.149
194,8.2987,22,-61.16
194,8.2987,23,-56.76
194,8.2987,24,-57.743
194,8.2987,25,-60.164
194,8.2987,26,-55.906
194,8.2987,27,-55.408
194,8.2987,28,-60.33
194,8.2987,29,-72.828
194,8.2987,30,-74.384
194,8.2987,31,-69.67
194,8.2987,32,-64.241
194,8.2987,33,-71.673
194,8.2987,34,-71.509
194,8.2987,35,-71.077
194,8.2987,36,-77.903
194,8.2987,37,-73.636
194,8.2987,38,-70.212
194,8.2987,39,-68.878
194,8.2987,40,-74.124
194,8.2987,41,-67.901
194,8.2987,42,-64.833
194,8.2987,43,-71.018
194,8.2987,44,-62.416
194,8.2987,45,-68.125
194,8.2987,46,-70.111
194,8.2987,47,-61.49
194,8.2987,48,-60.594
194,8.2987,49,-57.624
194,8.2987,50,-62.326
194,8.2987,51,-64.451
194,8.2987,52,-64.177
194,8.2987,53,-72.597
194,8.2987,54,-74.21
194,8.2987,55,-78.091
194,8.2987,56,-85.283
194,8.2987,57,-85.154
194,8.2987,58,-87.042
194,8.2987,59,-90.922
194,8.2987,60,-93.129
194,8.2987,61,-94.459
194,8.2987,62,-98.976
194,8.2987,63,-99.999
194,8.2987,64,-99.992
195,8.3413,1,-77.214
195,8.3413,2,-79.769
195,8.3413,3,-43.192
195,8.3413,4,-32.206
195,8.3413,5,-41.09
195,8.3413,6,-64.588
195,8.3413,7,-33.429
195,8.3413,8,-35.531
195,8.3413,9,-54.92
195,8.3413,10,-41.533
195,8.3413,11,-50.768
195,8.3413,12,-48.871
195,8.3413,13,-51.836
195,8.3413,14,-52.414
195,8.3413,15,-54.94
195,8.3413,16,-56.833
195,8.3413,17,-54.853
195,8.3413,18,-48.484
195,8.3413,19,-61.898
195,8.3413,20,-58.504
195,8.3413,21,-51.235
195,8.3413,22,-62.847
195,8.3413,23,-58.952
195,8.3413,24,-58.932
195,8.3413,25,-60.322
195,8.3413,26,-57.334
195,8.3413,27,-57.014
195,8.3413,28,-64.079
195,8.3413,29,-74.093
195,8.3413,30,-78.984
195,8.3413,31,-73.183
195,8.3413,32,-65.302
195,8.3413,33,-74.78
195,8.3413,34,-73.351
195,8.3413,35,-71.689
195,8.3413,36,-77.88
195,8.3413,37,-73.694
195,8.3413,38,-70.505
195,8.3413,39,-69.782
195,8.3413,40,-74.377
195,8.3413,41,-70.576
195,8.3413,42,-67.499
195,8.3413,43,-69.572
195,8.3413,44,-64.237
195,8.3413,45,-70.747
195,8.3413,46,-69.008
195,8.3413,47,-64.637
195,8.3413,48,-64.749
195,8.3413,49,-62.654
195,8.3413,50,-64.596
195,8.3413,51,-65.435
195,8.3413,52,-66.156
195,8.3413,53,-71.192
195,8.3413,54,-75.23
195,8.3413,55,-83.288
195,8.3413,56,-82.34
195,8.3413,57,-82.612
195,8.3413,58,-84.462
195,8.3413,59,-90.675
195,8.3413,60,-92.974
195,8.3413,61,-94.386
195,8.3413,62,-97.706
195,8.3413,63,-99.999
195,8.3413,64,-99.99
196,8.384,1,-73.732
196,8.384,2,-81.442
196,8.384,3,-43.238
196,8.384,4,-32.302
196,8.384,5,-41.363
196,8.384,6,-65.251
196,8.384,7,-33.748
196,8.384,8,-36.275
196,8.384,9,-52.63
196,8.384,10,-41.641
196,8.384,11,-52.618
196,8.384,12,-50.897
196,8.384,13,-54.197
196,8.384,14,-53.666
196,8.384,15,-56.557
196,8.384,16,-50.682
196,8.384,17,-53.932
196,8.384,18,-53.159
196,8.384,19,-65.105
196,8.384,20,-60.82
196,8.384,21,-54.263
196,8.384,22,-65.165
196,8.384,23,-60.952
196,8.384,24,-60.772
196,8.384,25,-58.74
196,8.384,26,-55.373
196,8.384,27,-56.016
196,8.384,28,-61.652
196,8.384,29,-77.663
196,8.384,30,-84.535
196,8.384,31,-78.546
196,8.384,32,-71.762
196,8.384,33,-74.931
196,8.384,34,-74.475
196,8.384,35,-73.183
196,8.384,36,-79.733
196,8.384,37,-76.658
196,8.384,38,-75.084
196,8.384,39,-73.092
196,8.384,40,-78.44
196,8.384,41,-72.896
196,8.384,42,-68.674
196,8.384,43,-74.036
196,8.384,44,-73.916
196,8.384,45,-75.467
196,8.384,46,-71.432
196,8.384,47,-70.628
196,8.384,48,-63.181
196,8.384,49,-60.89
196,8.384,50,-64.928
196,8.384,51,-70.176
196,8.384,52,-77.506
196,8.384,53,-77.605
196,8.384,54,-76.609
196,8.384,55,-79.022
196,8.384,56,-77.104
196,8.384,57,-80.524
196,8.384,58,-82.69
196,8.384,59,-90.622
196,8.384,60,-91.95
196,8.384,61,-93.647
196,8.384,62,-98.529
196,8.384,63,-99.999
196,8.384,64,-99.993
197,8.4267,1,-72.979
197,8.4267,2,-87.115
197,8.4267,3,-42.847
197,8.4267,4,-32.268
197,8.4267,5,-41.71
197,8.4267,6,-70.255
197,8.4267,7,-34.073
197,8.4267,8,-36.803
197,8.4267,9,-51.873
197,8.4267,10,-41.663
197,8.4267,11,-52.886
197,8.4267,12,-51.891
197,8.4267,13,-55.753
197,8.4267,14,-48.277
197,8.4267,15,-52.319
197,8.4267,16,-54.401
197,8.4267,17,-59.557
197,8.4267,18,-65.896
197,8.4267,19,-65.678
197,8.4267,20,-65.472
197,8.4267,21,-61.832
197,8.4267,22,-71.636
197,8.4267,23,-65.245
197,8.4267,24,-64.892
197,8.4267,25,-62.283
197,8.4267,26,-57.24
197,8.4267,27,-55.871
197,8.4267,28,-65.103
197,8.4267,29,-79.905
197,8.4267,30,-81.857
197,8.4267,31,-83.716
197,8.4267,32,-80.996
197,8.4267,33,-77.165
197,8.4267,34,-77.83
197,8.4267,35,-78.13
197,8.4267,36,-82.43
197,8.4267,37,-80.977
197,8.4267,38,-87.598
197,8.4267,39,-75.835
197,8.4267,40,-79.982
197,8.4267,41,-82.669
197,8.4267,42,-75.71
197,8.4267,43,-77.899
197,8.4267,44,-73.665
197,8.4267,45,-71.282
197,8.4267,46,-76.141
197,8.4267,47,-80.299
197,8.4267,48,-67.377
197,8.4267,49,-67.152
197,8.4267,50,-68.989
197,8.4267,51,-69.48
197,8.4267,52,-67.473
197,8.4267,53,-70.845
197,8.4267,54,-73.265
197,8.4267,55,-75.115
197,8.4267,56,-77.419
197,8.4267,57,-80.367
197,8.4267,58,-82.454
197,8.4267,59,-87.685
197,8.4267,60,-92.42
197,8.4267,61,-93.27
197,8.4267,62,-98.659
197,8.4267,63,-99.999
197,8.4267,64,-99.992
198,8.4693,1,-66.783
198,8.4693,2,-77.997
198,8.4693,3,-46.25
198,8.4693,4,-33.635
198,8.4693,5,-41.772
198,8.4693,6,-64.819
198,8.4693,7,-39.513
198,8.4693,8,-39.37
198,8.4693,9,-60.397
198,8.4693,10,-46.07
198,8.4693,11,-50.936
198,8.4693,12,-52.762
198,8.4693,13,-53.529
198,8.4693,14,-45.52
198,8.4693,15,-44.903
198,8.4693,16,-60.481
198,8.4693,17,-64.816
198,8.4693,18,-61.874
198,8.4693,19,-67.647
198,8.4693,20,-71.529
198,8.4693,21,-72.064
198,8.4693,22,-73.23
198,8.4693,23,-71.798
198,8.4693,24,-70.311
198,8.4693,25,-69.916
198,8.4693,26,-66.347
198,8.4693,27,-60.766
198,8.4693,28,-70.987
198,8.4693,29,-84.304
198,8.4693,30,-85.381
198,8.4693,31,-83.752
198,8.4693,32,-78.166
198,8.4693,33,-70.27
198,8.4693,34,-77.531
198,8.4693,35,-79.134
198,8.4693,36,-84.253
198,8.4693,37,-84.875
198,8.4693,38,-84.306
198,8.4693,39,-82.017
198,8.4693,40,-79.42
198,8.4693,41,-85.32
198,8.4693,42,-80.929
198,8.4693,43,-74.904
198,8.4693,44,-73.321
198,8.4693,45,-77.841
198,8.4693,46,-77.302
198,8.4693,47,-63.944
198,8.4693,48,-63.56
198,8.4693,49,-68.291
198,8.4693,50,-65.206
198,8.4693,51,-68.898
198,8.4693,52,-68.02
198,8.4693,53,-64.843
198,8.4693,54,-71.819
198,8.4693,55,-81.471
198,8.4693,56,-84.946
198,8.4693,57,-88.524
198,8.4693,58,-89.883
198,8.4693,59,-91.092
198,8.4693,60,-91.734
198,8.4693,61,-93.68
198,8.4693,62,-97.545
198,8.4693,63,-99.999
198,8.4693,64,-99.989
199,8.512,1,-69.394
199,8.512,2,-78.431
199,8.512,3,-59.706
199,8.512,4,-34.466
199,8.512,5,-35.629
199,8.512,6,-70.821
199,8.512,7,-46.007
199,8.512,8,-33.843
199,8.512,9,-45.602
199,8.512,10,-51.497
199,8.512,11,-39.993
199,8.512,12,-52.316
199,8.512,13,-45.495
199,8.512,14,-48.933
199,8.512,15,-39.429
199,8.512,16,-37.264
199,8.512,17,-52.218
199,8.512,18,-53.868
199,8.512,19,-57.595
199,8.512,20,-60.603
199,8.512,21,-67.488
199,8.512,22,-67.762
199,8.512,23,-68.436
199,8.512,24,-69.06
199,8.512,25,-70.285
199,8.512,26,-64.486
199,8.512,27,-65.014
199,8.512,28,-67.797
199,8.512,29,-74.16
199,8.512,30,-74.496
199,8.512,31,-76.736
199,8.512,32,-72.101
199,8.512,33,-72.034
199,8.512,34,-73.181
199,8.512,35,-76.786
199,8.512,36,-80.958
199,8.512,37,-84.0
199,8.512,38,-77.732
199,8.512,39,-75.437
199,8.512,40,-69.334
199,8.512,41,-72.337
199,8.512,42,-72.686
199,8.512,43,-69.41
199,8.512,44,-73.312
199,8.512,45,-64.068
199,8.512,46,-67.229
199,8.512,47,-78.556
199,8.512,48,-63.025
199,8.512,49,-64.101
199,8.512,50,-67.614
199,8.512,51,-72.798
199,8.512,52,-74.529
199,8.512,53,-69.649
199,8.512,54,-62.161
199,8.512,55,-64.411
199,8.512,56,-67.975
199,8.512,57,-80.905
199,8.512,58,-86.505
199,8.512,59,-90.066
199,8.512,60,-91.996
199,8.512,61,-93.976
199,8.512,62,-98.526
199,8.512,63,-99.999
199,8.512,64,-99.992
200,8.5547,1,-72.376
200,8.5547,2,-78.062
200,8.5547,3,-55.578
200,8.5547,4,-34.032
200,8.5547,5,-36.34
200,8.5547,6,-65.512
200,8.5547,7,-42.145
200,8.5547,8,-35.458
200,8.5547,9,-54.329
200,8.5547,10,-42.797
200,8.5547,11,-37.583
200,8.5547,12,-57.71
200,8.5547,13,-44.365
200,8.5547,14,-54.783
200,8.5547,15,-39.819
200,8.5547,16,-42.716
200,8.5547,17,-42.326
200,8.5547,18,-47.867
200,8.5547,19,-54.256
200,8.5547,20,-59.778
200,8.5547,21,-59.391
200,8.5547,22,-64.969
200,8.5547,23,-68.307
200,8.5547,24,-69.796
200,8.5547,25,-68.691
200,8.5547,26,-64.888
200,8.5547,27,-58.912
200,8.5547,28,-67.046
200,8.5547,29,-71.351
200,8.5547,30,-72.92
200,8.5547,31,-68.41
200,8.5547,32,-63.465
200,8.5547,33,-65.21
200,8.5547,34,-71.979
200,8.5547,35,-74.507
200,8.5547,36,-74.545
200,8.5547,37,-79.7
200,8.5547,38,-83.172
200,8.5547,39,-80.863
200,8.5547,40,-72.471
200,8.5547,41,-72.632
200,8.5547,42,-68.723
200,8.5547,43,-67.091
200,8.5547,44,-74.814
200,8.5547,45,-68.071
200,8.5547,46,-71.471
200,8.5547,47,-83.486
200,8.5547,48,-75.114
200,8.5547,49,-70.887
200,8.5547,50,-64.701
200,8.5547,51,-66.753
200,8.5547,52,-78.466
200,8.5547,53,-74.271
200,8.5547,54,-69.487
200,8.5547,55,-71.037
200,8.5547,56,-74.395
200,8.5547,57,-82.053
200,8.5547,58,-88.936
200,8.5547,59,-90.085
200,8.5547,60,-92.328
200,8.5547,61,-93.532
200,8.5547,62,-98.991
200,8.5547,63,-99.999
200,8.5547,64,-99.995
201,8.5973,1,-72.607
201,8.5973,2,-78.412
201,8.5973,3,-59.023
201,8.5973,4,-36.641
201,8.5973,5,-37.6
201,8.5973,6,-61.957
201,8.5973,7,-45.024
201,8.5973,8,-36.861
201,8.5973,9,-53.555
201,8.5973,10,-43.58
201,8.5973,11,-37.087
201,8.5973,12,-55.157
201,8.5973,13,-47.777
201,8.5973,14,-55.111
201,8.5973,15,-45.796
201,8.5973,16,-47.36
201,8.5973,17,-40.453
201,8.5973,18,-44.102
201,8.5973,19,-52.644
201,8.5973,20,-56.017
201,8.5973,21,-59.897
201,8.5973,22,-63.231
201,8.5973,23,-66.064
201,8.5973,24,-71.581
201,8.5973,25,-68.134
201,8.5973,26,-65.66
201,8.5973,27,-56.996
201,8.5973,28,-60.774
201,8.5973,29,-70.753
201,8.5973,30,-72.476
201,8.5973,31,-70.562
201,8.5973,32,-66.531
201,8.5973,33,-70.29
201,8.5973,34,-76.111
201,8.5973,35,-77.012
201,8.5973,36,-76.991
201,8.5973,37,-82.672
201,8.5973,38,-81.523
201,8.5973,39,-82.138
201,8.5973,40,-70.824
201,8.5973,41,-69.823
201,8.5973,42,-68.425
201,8.5973,43,-73.072
201,8.5973,44,-72.895
201,8.5973,45,-66.098
201,8.5973,46,-64.346
201,8.5973,47,-78.463
201,8.5973,48,-67.548
201,8.5973,49,-66.83
201,8.5973,50,-62.542
201,8.5973,51,-69.448
201,8.5973,52,-83.879
201,8.5973,53,-78.009
201,8.5973,54,-69.876
201,8.5973,55,-67.849
201,8.5973,56,-74.94
201,8.5973,57,-87.039
201,8.5973,58,-89.772
201,8.5973,59,-90.072
201,8.5973,60,-91.017
201,8.5973,61,-93.683
201,8.5973,62,-99.111
201,8.5973,63,-99.999
201,8.5973,64,-99.995
202,8.64,1,-68.281
202,8.64,2,-76.065
202,8.64,3,-59.388
202,8.64,4,-39.097
202,8.64,5,-38.172
202,8.64,6,-55.506
202,8.64,7,-50.317
202,8.64,8,-47.589
202,8.64,9,-58.694
202,8.64,10,-56.838
202,8.64,11,-53.128
202,8.64,12,-66.583
202,8.64,13,-56.089
202,8.64,14,-58.432
202,8.64,15,-58.436
202,8.64,16,-59.636
202,8.64,17,-62.815
202,8.64,18,-59.845
202,8.64,19,-61.805
202,8.64,20,-61.614
202,8.64,21,-59.997
202,8.64,22,-64.015
202,8.64,23,-66.812
202,8.64,24,-67.166
202,8.64,25,-70.079
202,8.64,26,-68.926
202,8.64,27,-66.517
202,8.64,28,-73.361
202,8.64,29,-72.951
202,8.64,30,-68.908
202,8.64,31,-62.38
202,8.64,32,-56.239
202,8.64,33,-58.989
202,8.64,34,-56.26
202,8.64,35,-60.753
202,8.64,36,-57.423
202,8.64,37,-57.493
202,8.64,38,-55.56
202,8.64,39,-57.615
202,8.64,40,-59.549
202,8.64,41,-64.545
202,8.64,42,-60.208
202,8.64,43,-55.212
202,8.64,44,-56.315
202,8.64,45,-53.02
202,8.64,46,-51.47
202,8.64,47,-43.934
202,8.64,48,-45.437
202,8.64,49,-49.045
202,8.64,50,-55.397
202,8.64,51,-57.129
202,8.64,52,-60.755
202,8.64,53,-60.842
202,8.64,54,-60.528
202,8.64,55,-65.418
202,8.64,56,-69.202
202,8.64,57,-74.094
202,8.64,58,-77.591
202,8.64,59,-85.137
202,8.64,60,-88.175
202,8.64,61,-93.509
202,8.64,62,-99.053
202,8.64,63,-99.999
202,8.64,64,-99.996
203,8.6827,1,-92.576
203,8.6827,2,-79.429
203,8.6827,3,-57.624
203,8.6827,4,-49.327
203,8.6827,5,-58.314
203,8.6827,6,-66.772
203,8.6827,7,-63.31
203,8.6827,8,-64.165
203,8.6827,9,-72.854
203,8.6827,10,-61.24
203,8.6827,11,-60.254
203,8.6827,12,-67.753
203,8.6827,13,-61.364
203,8.6827,14,-68.178
203,8.6827,15,-60.553
203,8.6827,16,-58.611
203,8.6827,17,-62.32
203,8.6827,18,-64.151
203,8.6827,19,-72.155
203,8.6827,20,-75.033
203,8.6827,21,-79.689
203,8.6827,22,-73.592
203,8.6827,23,-76.553
203,8.6827,24,-77.124
203,8.6827,25,-75.01
203,8.6827,26,-71.627
203,8.6827,27,-70.992
203,8.6827,28,-81.505
203,8.6827,29,-84.256
203,8.6827,30,-82.868
203,8.6827,31,-75.447
203,8.6827,32,-60.22
203,8.6827,33,-62.55
203,8.6827,34,-59.386
203,8.6827,35,-57.324
203,8.6827,36,-55.152
203,8.6827,37,-53.281
203,8.6827,38,-53.107
203,8.6827,39,-52.672
203,8.6827,40,-54.81
203,8.6827,41,-56.569
203,8.6827,42,-51.311
203,8.6827,43,-49.841
203,8.6827,44,-44.954
203,8.6827,45,-37.786
203,8.6827,46,-38.964
203,8.6827,47,-41.45
203,8.6827,48,-41.193
203,8.6827,49,-43.915
203,8.6827,50,-49.518
203,8.6827,51,-54.006
203,8.6827,52,-56.514
203,8.6827,53,-56.139
203,8.6827,54,-54.888
203,8.6827,55,-56.965
203,8.6827,56,-61.686
203,8.6827,57,-66.053
203,8.6827,58,-74.002
203,8.6827,59,-81.314
203,8.6827,60,-83.951
203,8.6827,61,-89.562
203,8.6827,62,-99.257
203,8.6827,63,-99.998
203,8.6827,64,-99.991
204,8.7253,1,-89.269
204,8.7253,2,-82.08
204,8.7253,3,-59.332
204,8.7253,4,-49.027
204,8.7253,5,-59.316
204,8.7253,6,-67.182
204,8.7253,7,-56.34
204,8.7253,8,-55.167
204,8.7253,9,-69.796
204,8.7253,10,-64.197
204,8.7253,11,-66.358
204,8.7253,12,-70.046
204,8.7253,13,-65.536
204,8.7253,14,-73.68
204,8.7253,15,-69.457
204,8.7253,16,-69.228
204,8.7253,17,-65.008
204,8.7253,18,-65.562
204,8.7253,19,-75.08
204,8.7253,20,-75.589
204,8.7253,21,-72.813
204,8.7253,22,-75.172
204,8.7253,23,-75.226
204,8.7253,24,-72.626
204,8.7253,25,-75.309
204,8.7253,26,-74.152
204,8.7253,27,-73.12
204,8.7253,28,-83.322
204,8.7253,29,-85.526
204,8.7253,30,-81.812
204,8.7253,31,-77.971
204,8.7253,32,-65.674
204,8.7253,33,-61.734
204,8.7253,34,-55.299
204,8.7253,35,-52.605
204,8.7253,36,-54.255
204,8.7253,37,-51.556
204,8.7253,38,-50.163
204,8.7253,39,-50.55
204,8.7253,40,-54.218
204,8.7253,41,-58.145
204,8.7253,42,-50.522
204,8.7253,43,-51.079
204,8.7253,44,-47.571
204,8.7253,45,-39.065
204,8.7253,46,-40.925
204,8.7253,47,-45.838
204,8.7253,48,-43.518
204,8.7253,49,-45.414
204,8.7253,50,-50.276
204,8.7253,51,-56.16
204,8.7253,52,-59.041
204,8.7253,53,-57.559
204,8.7253,54,-53.281
204,8.7253,55,-57.734
204,8.7253,56,-58.941
204,8.7253,57,-62.168
204,8.7253,58,-71.067
204,8.7253,59,-78.512
204,8.7253,60,-80.416
204,8.7253,61,-86.411
204,8.7253,62,-97.227
204,8.7253,63,-99.997
204,8.7253,64,-99.979
205,8.768,1,-83.491
205,8.768,2,-81.898
205,8.768,3,-57.215
205,8.768,4,-48.444
205,8.768,5,-60.419
205,8.768,6,-65.128
205,8.768,7,-54.731
205,8.768,8,-50.199
205,8.768,9,-66.587
205,8.768,10,-58.813
205,8.768,11,-57.571
205,8.768,12,-64.523
205,8.768,13,-63.76
205,8.768,14,-66.523
205,8.768,15,-63.243
205,8.768,16,-67.199
205,8.768,17,-65.787
205,8.768,18,-70.138
205,8.768,19,-74.917
205,8.768,20,-76.709
205,8.768,21,-76.952
205,8.768,22,-76.43
205,8.768,23,-74.319
205,8.768,24,-74.915
205,8.768,25,-80.749
205,8.768,26,-78.669
205,8.768,27,-74.162
205,8.768,28,-75.154
205,8.768,29,-86.557
205,8.768,30,-79.715
205,8.768,31,-78.925
205,8.768,32,-65.393
205,8.768,33,-62.198
205,8.768,34,-57.565
205,8.768,35,-57.302
205,8.768,36,-56.045
205,8.768,37,-54.82
205,8.768,38,-54.239
205,8.768,39,-55.633
205,8.768,40,-56.392
205,8.768,41,-57.132
205,8.768,42,-52.388
205,8.768,43,-54.018
205,8.768,44,-52.88
205,8.768,45,-47.677
205,8.768,46,-46.94
205,8.768,47,-49.191
205,8.768,48,-50.017
205,8.768,49,-52.159
205,8.768,50,-54.884
205,8.768,51,-55.64
205,8.768,52,-59.15
205,8.768,53,-56.98
205,8.768,54,-56.375
205,8.768,55,-59.78
205,8.768,56,-61.478
205,8.768,57,-65.02
205,8.768,58,-74.738
205,8.768,59,-79.861
205,8.768,60,-82.114
205,8.768,61,-87.881
205,8.768,62,-98.523
205,8.768,63,-99.999
205,8.768,64,-99.987
206,8.8107,1,-77.638
206,8.8107,2,-46.927
206,8.8107,3,-40.499
206,8.8107,4,-30.579
206,8.8107,5,-27.599
206,8.8107,6,-41.596
206,8.8107,7,-48.729
206,8.8107,8,-38.867
206,8.8107,9,-48.217
206,8.8107,10,-59.867
206,8.8107,11,-50.491
206,8.8107,12,-55.483
206,8.8107,13,-54.043
206,8.8107,14,-58.423
206,8.8107,15,-51.58
206,8.8107,16,-51.705
206,8.8107,17,-63.097
206,8.8107,18,-66.392
206,8.8107,19,-60.671
206,8.8107,20,-56.421
206,8.8107,21,-52.324
206,8.8107,22,-51.382
206,8.8107,23,-54.225
206,8.8107,24,-57.89
206,8.8107,25,-65.866
206,8.8107,26,-61.802
206,8.8107,27,-64.659
206,8.8107,28,-55.503
206,8.8107,29,-59.04
206,8.8107,30,-66.648
206,8.8107,31,-71.82
206,8.8107,32,-67.294
206,8.8107,33,-62.42
206,8.8107,34,-58.443
206,8.8107,35,-59.529
206,8.8107,36,-61.864
206,8.8107,37,-61.291
206,8.8107,38,-62.431
206,8.8107,39,-62.319
206,8.8107,40,-62.38
206,8.8107,41,-64.099
206,8.8107,42,-58.188
206,8.8107,43,-59.528
206,8.8107,44,-57.385
206,8.8107,45,-55.249
206,8.8107,46,-56.967
206,8.8107,47,-59.383
206,8.8107,48,-61.329
206,8.8107,49,-62.621
206,8.8107,50,-63.082
206,8.8107,51,-65.655
206,8.8107,52,-68.141
206,8.8107,53,-67.412
206,8.8107,54,-63.36
206,8.8107,55,-64.096
206,8.8107,56,-66.26
206,8.8107,57,-66.405
206,8.8107,58,-72.043
206,8.8107,59,-71.144
206,8.8107,60,-69.485
206,8.8107,61,-68.996
206,8.8107,62,-78.099
206,8.8107,63,-99.984
206,8.8107,64,-97.987
207,8.8533,1,-76.017
207,8.8533,2,-43.735
207,8.8533,3,-37.313
207,8.8533,4,-34.383
207,8.8533,5,-33.925
207,8.8533,6,-46.279
207,8.8533,7,-48.411
207,8.8533,8,-37.689
207,8.8533,9,-49.464
207,8.8533,10,-48.227
207,8.8533,11,-37.102
207,8.8533,12,-48.797
207,8.8533,13,-48.13
207,8.8533,14,-51.01
207,8.8533,15,-50.965
207,8.8533,16,-48.544
207,8.8533,17,-56.582
207,8.8533,18,-56.284
207,8.8533,19,-52.04
207,8.8533,20,-53.362
207,8.8533,21,-50.111
207,8.8533,22,-46.529
207,8.8533,23,-47.405
207,8.8533,24,-60.458
207,8.8533,25,-63.424
207,8.8533,26,-59.472
207,8.8533,27,-62.399
207,8.8533,28,-62.235
207,8.8533,29,-64.157
207,8.8533,30,-72.843
207,8.8533,31,-79.808
207,8.8533,32,-77.842
207,8.8533,33,-71.613
207,8.8533,34,-67.97
207,8.8533,35,-67.616
207,8.8533,36,-73.357
207,8.8533,37,-69.607
207,8.8533,38,-67.009
207,8.8533,39,-66.955
207,8.8533,40,-73.951
207,8.8533,41,-67.881
207,8.8533,42,-60.485
207,8.8533,43,-62.313
207,8.8533,44,-62.603
207,8.8533,45,-65.232
207,8.8533,46,-59.372
207,8.8533,47,-56.738
207,8.8533,48,-61.939
207,8.8533,49,-62.813
207,8.8533,50,-60.328
207,8.8533,51,-64.903
207,8.8533,52,-64.286
207,8.8533,53,-62.574
207,8.8533,54,-58.07
207,8.8533,55,-62.405
207,8.8533,56,-70.049
207,8.8533,57,-78.464
207,8.8533,58,-82.272
207,8.8533,59,-82.42
207,8.8533,60,-86.134
207,8.8533,61,-91.413
207,8.8533,62,-97.553
207,8.8533,63,-99.998
207,8.8533,64,-99.988
208,8.896,1,-64.527
208,8.896,2,-43.322
208,8.896,3,-37.298
208,8.896,4,-35.27
208,8.896,5,-34.439
208,8.896,6,-55.032
208,8.896,7,-47.862
208,8.896,8,-36.045
208,8.896,9,-47.676
208,8.896,10,-51.048
208,8.896,11,-37.439
208,8.896,12,-47.757
208,8.896,13,-46.663
208,8.896,14,-49.384
208,8.896,15,-53.053
208,8.896,16,-49.39
208,8.896,17,-50.537
208,8.896,18,-51.264
208,8.896,19,-51.724
208,8.896,20,-51.025
208,8.896,21,-40.668
208,8.896,22,-47.501
208,8.896,23,-49.433
208,8.896,24,-60.498
208,8.896,25,-60.87
208,8.896,26,-59.112
208,8.896,27,-59.059
208,8.896,28,-62.037
208,8.896,29,-67.812
208,8.896,30,-72.462
208,8.896,31,-76.975
208,8.896,32,-77.164
208,8.896,33,-71.996
208,8.896,34,-69.326
208,8.896,35,-72.658
208,8.896,36,-75.736
208,8.896,37,-66.459
208,8.896,38,-61.936
208,8.896,39,-72.697
208,8.896,40,-71.966
208,8.896,41,-64.201
208,8.896,42,-63.336
208,8.896,43,-61.608
208,8.896,44,-67.246
208,8.896,45,-65.469
208,8.896,46,-59.327
208,8.896,47,-57.562
208,8.896,48,-58.71
208,8.896,49,-60.761
208,8.896,50,-63.617
208,8.896,51,-64.183
208,8.896,52,-63.716
208,8.896,53,-60.881
208,8.896,54,-60.882
208,8.896,55,-67.858
208,8.896,56,-72.346
208,8.896,57,-79.55
208,8.896,58,-82.325
208,8.896,59,-85.959
208,8.896,60,-89.45
208,8.896,61,-92.911
208,8.896,62,-98.067
208,8.896,63,-99.999
208,8.896,64,-99.993
209,8.9387,1,-74.122
209,8.9387,2,-42.63
209,8.9387,3,-36.287
209,8.9387,4,-36.673
209,8.9387,5,-34.298
209,8.9387,6,-57.685
209,8.9387,7,-51.599
209,8.9387,8,-38.207
209,8.9387,9,-43.799
209,8.9387,10,-50.876
209,8.9387,11,-36.717
209,8.9387,12,-40.414
209,8.9387,13,-51.577
209,8.9387,14,-46.477
209,8.9387,15,-61.053
209,8.9387,16,-53.323
209,8.9387,17,-56.426
209,8.9387,18,-52.211
209,8.9387,19,-56.406
209,8.9387,20,-50.055
209,8.9387,21,-41.064
209,8.9387,22,-40.309
209,8.9387,23,-56.131
209,8.9387,24,-60.723
209,8.9387,25,-64.378
209,8.9387,26,-65.131
209,8.9387,27,-57.474
209,8.9387,28,-64.815
209,8.9387,29,-63.382
209,8.9387,30,-68.976
209,8.9387,31,-75.062
209,8.9387,32,-76.482
209,8.9387,33,-72.281
209,8.9387,34,-70.565
209,8.9387,35,-72.054
209,8.9387,36,-76.173
209,8.9387,37,-72.103
209,8.9387,38,-63.136
209,8.9387,39,-62.65
209,8.9387,40,-69.185
209,8.9387,41,-66.484
209,8.9387,42,-61.653
209,8.9387,43,-62.663
209,8.9387,44,-64.97
209,8.9387,45,-66.371
209,8.9387,46,-60.54
209,8.9387,47,-57.698
209,8.9387,48,-56.415
209,8.9387,49,-60.226
209,8.9387,50,-59.546
209,8.9387,51,-64.841
209,8.9387,52,-62.998
209,8.9387,53,-57.385
209,8.9387,54,-57.296
209,8.9387,55,-67.632
209,8.9387,56,-74.513
209,8.9387,57,-79.778
209,8.9387,58,-82.9
209,8.9387,59,-85.939
209,8.9387,60,-87.857
209,8.9387,61,-94.189
209,8.9387,62,-98.2
209,8.9387,63,-99.999
209,8.9387,64,-99.992
210,8.9813,1,-72.65
210,8.9813,2,-41.905
210,8.9813,3,-35.752
210,8.9813,4,-40.323
210,8.9813,5,-31.741
210,8.9813,6,-42.21
210,8.9813,7,-51.916
210,8.9813,8,-43.97
210,8.9813,9,-42.043
210,8.9813,10,-56.773
210,8.9813,11,-43.702
210,8.9813,12,-35.926
210,8.9813,13,-53.569
210,8.9813,14,-47.23
210,8.9813,15,-48.901
210,8.9813,16,-53.386
210,8.9813,17,-49.116
210,8.9813,18,-59.095
210,8.9813,19,-51.65
210,8.9813,20,-44.973
210,8.9813,21,-41.594
210,8.9813,22,-43.72
210,8.9813,23,-46.352
210,8.9813,24,-50.369
210,8.9813,25,-64.373
210,8.9813,26,-58.068
210,8.9813,27,-56.403
210,8.9813,28,-64.54
210,8.9813,29,-63.672
210,8.9813,30,-74.423
210,8.9813,31,-72.832
210,8.9813,32,-77.003
210,8.9813,33,-74.478
210,8.9813,34,-71.528
210,8.9813,35,-72.264
210,8.9813,36,-78.872
210,8.9813,37,-75.695
210,8.9813,38,-67.838
210,8.9813,39,-61.586
210,8.9813,40,-65.732
210,8.9813,41,-65.791
210,8.9813,42,-56.38
210,8.9813,43,-57.71
210,8.9813,44,-61.197
210,8.9813,45,-63.397
210,8.9813,46,-65.094
210,8.9813,47,-60.63
210,8.9813,48,-55.086
210,8.9813,49,-59.425
210,8.9813,50,-57.449
210,8.9813,51,-59.546
210,8.9813,52,-64.513
210,8.9813,53,-60.764
210,8.9813,54,-55.545
210,8.9813,55,-59.635
210,8.9813,56,-67.352
210,8.9813,57,-70.565
210,8.9813,58,-75.431
210,8.9813,59,-84.218
210,8.9813,60,-86.357
210,8.9813,61,-90.359
210,8.9813,62,-96.882
210,8.9813,63,-99.998
210,8.9813,64,-99.982
211,9.024,1,-65.377
211,9.024,2,-41.933
211,9.024,3,-35.709
211,9.024,4,-40.573
211,9.024,5,-32.767
211,9.024,6,-44.78
211,9.024,7,-53.918
211,9.024,8,-42.816
211,9.024,9,-42.733
211,9.024,10,-58.869
211,9.024,11,-46.963
211,9.024,12,-39.969
211,9.024,13,-55.311
211,9.024,14,-48.172
211,9.024,15,-50.77
211,9.024,16,-56.539
211,9.024,17,-53.026
211,9.024,18,-55.33
211,9.024,19,-50.909
211,9.024,20,-43.3
211,9.024,21,-41.969
211,9.024,22,-53.745
211,9.024,23,-56.046
211,9.024,24,-57.611
211,9.024,25,-66.065
211,9.024,26,-61.511
211,9.024,27,-60.799
211,9.024,28,-61.729
211,9.024,29,-71.933
211,9.024,30,-82.002
211,9.024,31,-80.142
211,9.024,32,-79.959
211,9.024,33,-73.778
211,9.024,34,-72.481
211,9.024,35,-77.283
211,9.024,36,-81.879
211,9.024,37,-76.708
211,9.024,38,-67.3
211,9.024,39,-65.385
211,9.024,40,-70.298
211,9.024,41,-75.9
211,9.024,42,-65.096
211,9.024,43,-66.288
211,9.024,44,-65.351
211,9.024,45,-69.259
211,9.024,46,-67.837
211,9.024,47,-59.587
211,9.024,48,-57.93
211,9.024,49,-58.674
211,9.024,50,-65.989
211,9.024,51,-65.289
211,9.024,52,-69.164
211,9.024,53,-63.733
211,9.024,54,-59.621
211,9.024,55,-64.318
211,9.024,56,-67.5
211,9.024,57,-72.727
211,9.024,58,-82.611
211,9.024,59,-84.352
211,9.024,60,-86.75
211,9.024,61,-91.131
211,9.024,62,-98.3
211,9.024,63,-99.999
211,9.024,64,-99.99
212,9.0667,1,-59.581
212,9.0667,2,-41.809
212,9.0667,3,-35.577
212,9.0667,4,-37.766
212,9.0667,5,-31.079
212,9.0667,6,-44.777
212,9.0667,7,-55.857
212,9.0667,8,-47.175
212,9.0667,9,-48.26
212,9.0667,10,-57.734
212,9.0667,11,-50.348
212,9.0667,12,-57.933
212,9.0667,13,-64.067
212,9.0667,14,-60.939
212,9.0667,15,-65.483
212,9.0667,16,-63.82
212,9.0667,17,-62.695
212,9.0667,18,-69.382
212,9.0667,19,-69.112
212,9.0667,20,-60.912
212,9.0667,21,-60.57
212,9.0667,22,-63.739
212,9.0667,23,-68.496
212,9.0667,24,-70.365
212,9.0667,25,-76.063
212,9.0667,26,-68.469
212,9.0667,27,-67.551
212,9.0667,28,-68.073
212,9.0667,29,-72.757
212,9.0667,30,-82.117
212,9.0667,31,-84.932
212,9.0667,32,-87.296
212,9.0667,33,-83.085
212,9.0667,34,-78.782
212,9.0667,35,-79.425
212,9.0667,36,-76.907
212,9.0667,37,-77.776
212,9.0667,38,-73.56
212,9.0667,39,-79.697
212,9.0667,40,-75.407
212,9.0667,41,-76.216
212,9.0667,42,-80.614
212,9.0667,43,-82.332
212,9.0667,44,-79.26
212,9.0667,45,-76.296
212,9.0667,46,-78.027
212,9.0667,47,-77.567
212,9.0667,48,-76.695
212,9.0667,49,-71.391
212,9.0667,50,-70.458
212,9.0667,51,-78.327
212,9.0667,52,-76.828
212,9.0667,53,-68.044
212,9.0667,54,-71.604
212,9.0667,55,-76.887
212,9.0667,56,-78.967
212,9.0667,57,-81.642
212,9.0667,58,-89.142
212,9.0667,59,-92.918
212,9.0667,60,-93.972
212,9.0667,61,-95.06
212,9.0667,62,-98.531
212,9.0667,63,-99.999
212,9.0667,64,-99.992
213,9.1093,1,-70.329
213,9.1093,2,-41.677
213,9.1093,3,-35.595
213,9.1093,4,-38.924
213,9.1093,5,-37.987
213,9.1093,6,-52.713
213,9.1093,7,-55.536
213,9.1093,8,-46.66
213,9.1093,9,-46.249
213,9.1093,10,-56.596
213,9.1093,11,-51.319
213,9.1093,12,-55.431
213,9.1093,13,-60.568
213,9.1093,14,-55.06
213,9.1093,15,-60.199
213,9.1093,16,-54.562
213,9.1093,17,-55.944
213,9.1093,18,-61.318
213,9.1093,19,-64.93
213,9.1093,20,-68.065
213,9.1093,21,-62.605
213,9.1093,22,-64.549
213,9.1093,23,-68.867
213,9.1093,24,-75.113
213,9.1093,25,-76.095
213,9.1093,26,-72.728
213,9.1093,27,-69.422
213,9.1093,28,-70.638
213,9.1093,29,-81.461
213,9.1093,30,-78.768
213,9.1093,31,-77.933
213,9.1093,32,-78.878
213,9.1093,33,-77.729
213,9.1093,34,-81.241
213,9.1093,35,-77.138
213,9.1093,36,-78.129
213,9.1093,37,-73.875
213,9.1093,38,-71.739
213,9.1093,39,-80.997
213,9.1093,40,-76.131
213,9.1093,41,-78.48
213,9.1093,42,-69.645
213,9.1093,43,-75.719
213,9.1093,44,-74.695
213,9.1093,45,-71.422
213,9.1093,46,-75.603
213,9.1093,47,-72.816
213,9.1093,48,-70.541
213,9.1093,49,-71.988
213,9.1093,50,-74.142
213,9.1093,51,-75.625
213,9.1093,52,-72.678
213,9.1093,53,-67.517
213,9.1093,54,-71.916
213,9.1093,55,-72.63
213,9.1093,56,-78.469
213,9.1093,57,-83.746
213,9.1093,58,-87.65
213,9.1093,59,-92.053
213,9.1093,60,-93.551
213,9.1093,61,-94.51
213,9.1093,62,-98.827
213,9.1093,63,-100.0
213,9.1093,64,-99.993
214,9.152,1,-69.189
214,9.152,2,-41.827
214,9.152,3,-35.652
214,9.152,4,-45.068
214,9.152,5,-32.77
214,9.152,6,-38.511
214,9.152,7,-57.167
214,9.152,8,-44.026
214,9.152,9,-34.773
214,9.152,10,-48.026
214,9.152,11,-54.774
214,9.152,12,-44.054
214,9.152,13,-47.918
214,9.152,14,-52.043
214,9.152,15,-43.021
214,9.152,16,-58.782
214,9.152,17,-54.18
214,9.152,18,-59.122
214,9.152,19,-67.499
214,9.152,20,-67.64
214,9.152,21,-61.945
214,9.152,22,-63.895
214,9.152,23,-64.371
214,9.152,24,-69.952
214,9.152,25,-72.195
214,9.152,26,-69.127
214,9.152,27,-65.887
214,9.152,28,-66.732
214,9.152,29,-69.418
214,9.152,30,-73.749
214,9.152,31,-76.202
214,9.152,32,-72.716
214,9.152,33,-69.936
214,9.152,34,-72.77
214,9.152,35,-81.108
214,9.152,36,-81.211
214,9.152,37,-73.82
214,9.152,38,-70.606
214,9.152,39,-75.335
214,9.152,40,-70.531
214,9.152,41,-73.111
214,9.152,42,-59.703
214,9.152,43,-63.114
214,9.152,44,-66.632
214,9.152,45,-66.028
214,9.152,46,-73.672
214,9.152,47,-60.447
214,9.152,48,-56.596
214,9.152,49,-63.688
214,9.152,50,-61.368
214,9.152,51,-61.838
214,9.152,52,-59.983
214,9.152,53,-57.113
214,9.152,54,-59.51
214,9.152,55,-68.873
214,9.152,56,-75.446
214,9.152,57,-80.096
214,9.152,58,-80.721
214,9.152,59,-87.399
214,9.152,60,-90.865
214,9.152,61,-93.039
214,9.152,62,-98.76
214,9.152,63,-99.999
214,9.152,64,-99.994
215,9.1947,1,-74.971
215,9.1947,2,-41.832
215,9.1947,3,-35.439
215,9.1947,4,-46.453
215,9.1947,5,-32.362
215,9.1947,6,-37.709
215,9.1947,7,-56.316
215,9.1947,8,-44.7
215,9.1947,9,-35.53
215,9.1947,10,-47.793
215,9.1947,11,-50.812
215,9.1947,12,-44.188
215,9.1947,13,-47.858
215,9.1947,14,-51.17
215,9.1947,15,-41.404
215,9.1947,16,-55.395
215,9.1947,17,-54.85
215,9.1947,18,-58.997
215,9.1947,19,-69.169
215,9.1947,20,-64.536
215,9.1947,21,-58.43
215,9.1947,22,-65.697
215,9.1947,23,-64.904
215,9.1947,24,-72.608
215,9.1947,25,-72.898
215,9.1947,26,-72.261
215,9.1947,27,-70.245
215,9.1947,28,-67.87
215,9.1947,29,-68.012
215,9.1947,30,-76.058
215,9.1947,31,-78.433
215,9.1947,32,-75.744
215,9.1947,33,-71.798
215,9.1947,34,-72.488
215,9.1947,35,-80.637
215,9.1947,36,-80.423
215,9.1947,37,-71.381
215,9.1947,38,-66.507
215,9.1947,39,-75.281
215,9.1947,40,-69.458
215,9.1947,41,-73.687
215,9.1947,42,-63.843
215,9.1947,43,-67.916
215,9.1947,44,-77.349
215,9.1947,45,-77.341
215,9.1947,46,-71.084
215,9.1947,47,-61.347
215,9.1947,48,-54.672
215,9.1947,49,-60.155
215,9.1947,50,-59.82
215,9.1947,51,-60.94
215,9.1947,52,-62.76
215,9.1947,53,-58.894
215,9.1947,54,-58.76
215,9.1947,55,-73.117
215,9.1947,56,-77.474
215,9.1947,57,-81.146
215,9.1947,58,-86.365
215,9.1947,59,-90.528
215,9.1947,60,-92.3
215,9.1947,61,-93.241
215,9.1947,62,-98.503
215,9.1947,63,-99.999
215,9.1947,64,-99.993
216,9.2373,1,-72.579
216,9.2373,2,-42.386
216,9.2373,3,-36.489
216,9.2373,4,-46.154
216,9.2373,5,-33.208
216,9.2373,6,-38.96
216,9.2373,7,-55.58
216,9.2373,8,-44.177
216,9.2373,9,-36.115
216,9.2373,10,-50.976
216,9.2373,11,-54.545
216,9.2373,12,-45.906
216,9.2373,13,-50.601
216,9.2373,14,-54.289
216,9.2373,15,-46.412
216,9.2373,16,-62.184
216,9.2373,17,-53.282
216,9.2373,18,-56.835
216,9.2373,19,-61.754
216,9.2373,20,-64.054
216,9.2373,21,-61.616
216,9.2373,22,-61.878
216,9.2373,23,-63.91
216,9.2373,24,-64.831
216,9.2373,25,-70.024
216,9.2373,26,-66.747
216,9.2373,27,-60.43
216,9.2373,28,-63.297
216,9.2373,29,-66.807
216,9.2373,30,-68.568
216,9.2373,31,-70.477
216,9.2373,32,-71.978
216,9.2373,33,-70.57
216,9.2373,34,-69.824
216,9.2373,35,-70.684
216,9.2373,36,-74.225
216,9.2373,37,-68.935
216,9.2373,38,-69.078
216,9.2373,39,-72.911
216,9.2373,40,-71.029
216,9.2373,41,-72.152
216,9.2373,42,-63.493
216,9.2373,43,-66.961
216,9.2373,44,-73.072
216,9.2373,45,-71.612
216,9.2373,46,-69.717
216,9.2373,47,-61.499
216,9.2373,48,-57.777
216,9.2373,49,-61.493
216,9.2373,50,-64.677
216,9.2373,51,-64.699
216,9.2373,52,-63.028
216,9.2373,53,-62.917
216,9.2373,54,-64.153
216,9.2373,55,-76.349
216,9.2373,56,-79.046
216,9.2373,57,-82.346
216,9.2373,58,-86.29
216,9.2373,59,-90.197
216,9.2373,60,-89.997
216,9.2373,61,-89.576
216,9.2373,62,-96.415
216,9.2373,63,-99.999
216,9.2373,64,-99.977
217,9.28,1,-62.003
217,9.28,2,-41.44
217,9.28,3,-34.289
217,9.28,4,-30.039
217,9.28,5,-33.879
217,9.28,6,-45.64
217,9.28,7,-54.808
217,9.28,8,-50.713
217,9.28,9,-49.873
217,9.28,10,-48.388
217,9.28,11,-57.04
217,9.28,12,-57.277
217,9.28,13,-63.519
217,9.28,14,-58.688
217,9.28,15,-60.081
217,9.28,16,-60.514
217,9.28,17,-60.545
217,9.28,18,-57.595
217,9.28,19,-59.911
217,9.28,20,-56.902
217,9.28,21,-57.97
217,9.28,22,-58.732
217,9.28,23,-64.862
217,9.28,24,-63.59
217,9.28,25,-68.238
217,9.28,26,-68.638
217,9.28,27,-66.583
217,9.28,28,-67.065
217,9.28,29,-67.999
217,9.28,30,-69.295
217,9.28,31,-67.306
217,9.28,32,-69.932
217,9.28,33,-72.294
217,9.28,34,-69.883
217,9.28,35,-68.888
217,9.28,36,-70.557
217,9.28,37,-74.618
217,9.28,38,-73.849
217,9.28,39,-74.411
217,9.28,40,-72.548
217,9.28,41,-75.376
217,9.28,42,-72.086
217,9.28,43,-74.794
217,9.28,44,-75.267
217,9.28,45,-71.992
217,9.28,46,-66.311
217,9.28,47,-58.197
217,9.28,48,-62.643
217,9.28,49,-65.579
217,9.28,50,-70.434
217,9.28,51,-71.522
217,9.28,52,-74.669
217,9.28,53,-68.643
217,9.28,54,-69.838
217,9.28,55,-74.647
217,9.28,56,-74.692
217,9.28,57,-82.352
217,9.28,58,-88.776
217,9.28,59,-89.762
217,9.28,60,-89.369
217,9.28,61,-94.308
217,9.28,62,-99.886
217,9.28,63,-99.998
217,9.28,64,-99.997
218,9.3227,1,-70.658
218,9.3227,2,-43.103
218,9.3227,3,-34.016
218,9.3227,4,-31.067
218,9.3227,5,-41.079
218,9.3227,6,-70.067
218,9.3227,7,-53.271
218,9.3227,8,-55.096
218,9.3227,9,-52.247
218,9.3227,10,-48.123
218,9.3227,11,-55.603
218,9.3227,12,-65.54
218,9.3227,13,-72.785
218,9.3227,14,-65.863
218,9.3227,15,-66.907
218,9.3227,16,-67.239
218,9.3227,17,-66.04
218,9.3227,18,-59.561
218,9.3227,19,-65.829
218,9.3227,20,-63.926
218,9.3227,21,-62.651
218,9.3227,22,-64.8
218,9.3227,23,-70.215
218,9.3227,24,-80.115
218,9.3227,25,-83.825
218,9.3227,26,-79.44
218,9.3227,27,-76.745
218,9.3227,28,-81.369
218,9.3227,29,-83.247
218,9.3227,30,-85.989
218,9.3227,31,-85.277
218,9.3227,32,-85.871
218,9.3227,33,-83.939
218,9.3227,34,-82.345
218,9.3227,35,-84.074
218,9.3227,36,-86.555
218,9.3227,37,-86.246
218,9.3227,38,-83.743
218,9.3227,39,-85.244
218,9.3227,40,-87.724
218,9.3227,41,-89.807
218,9.3227,42,-84.631
218,9.3227,43,-86.174
218,9.3227,44,-84.528
218,9.3227,45,-80.227
218,9.3227,46,-81.422
218,9.3227,47,-82.306
218,9.3227,48,-82.578
218,9.3227,49,-83.727
218,9.3227,50,-88.432
218,9.3227,51,-91.231
218,9.3227,52,-90.807
218,9.3227,53,-87.807
218,9.3227,54,-87.907
218,9.3227,55,-89.925
218,9.3227,56,-91.449
218,9.3227,57,-92.993
218,9.3227,58,-93.178
218,9.3227,59,-94.549
218,9.3227,60,-93.918
218,9.3227,61,-94.996
218,9.3227,62,-99.147
218,9.3227,63,-99.999
218,9.3227,64,-99.995
219,9.3653,1,-73.912
219,9.3653,2,-44.637
219,9.3653,3,-37.549
219,9.3653,4,-31.739
219,9.3653,5,-41.534
219,9.3653,6,-57.042
219,9.3653,7,-52.738
219,9.3653,8,-54.163
219,9.3653,9,-57.687
219,9.3653,10,-48.122
219,9.3653,11,-57.735
219,9.3653,12,-63.254
219,9.3653,13,-73.476
219,9.3653,14,-68.415
219,9.3653,15,-71.079
219,9.3653,16,-69.68
219,9.3653,17,-68.897
219,9.3653,18,-64.651
219,9.3653,19,-73.863
219,9.3653,20,-72.038
219,9.3653,21,-72.218
219,9.3653,22,-71.741
219,9.3653,23,-76.028
219,9.3653,24,-76.071
219,9.3653,25,-79.3
219,9.3653,26,-79.541
219,9.3653,27,-75.937
219,9.3653,28,-76.241
219,9.3653,29,-73.747
219,9.3653,30,-67.903
219,9.3653,31,-69.473
219,9.3653,32,-64.132
219,9.3653,33,-57.422
219,9.3653,34,-51.228
219,9.3653,35,-53.388
219,9.3653,36,-54.176
219,9.3653,37,-54.235
219,9.3653,38,-54.498
219,9.3653,39,-56.5
219,9.3653,40,-55.553
219,9.3653,41,-59.829
219,9.3653,42,-55.878
219,9.3653,43,-57.793
219,9.3653,44,-53.986
219,9.3653,45,-48.506
219,9.3653,46,-49.773
219,9.3653,47,-51.971
219,9.3653,48,-53.943
219,9.3653,49,-57.286
219,9.3653,50,-60.214
219,9.3653,51,-63.525
219,9.3653,52,-64.596
219,9.3653,53,-65.066
219,9.3653,54,-62.598
219,9.3653,55,-66.197
219,9.3653,56,-66.896
219,9.3653,57,-68.758
219,9.3653,58,-75.657
219,9.3653,59,-82.915
219,9.3653,60,-89.697
219,9.3653,61,-95.028
219,9.3653,62,-99.996
219,9.3653,63,-99.999
219,9.3653,64,-99.998
220,9.408,1,-62.276
220,9.408,2,-44.736
220,9.408,3,-36.962
220,9.408,4,-33.66
220,9.408,5,-42.756
220,9.408,6,-50.153
220,9.408,7,-47.474
220,9.408,8,-43.894
220,9.408,9,-53.235
220,9.408,10,-48.263
220,9.408,11,-56.378
220,9.408,12,-68.069
220,9.408,13,-65.733
220,9.408,14,-66.657
220,9.408,15,-68.926
220,9.408,16,-68.142
220,9.408,17,-65.873
220,9.408,18,-70.549
220,9.408,19,-67.717
220,9.408,20,-70.038
220,9.408,21,-67.637
220,9.408,22,-63.909
220,9.408,23,-62.509
220,9.408,24,-59.207
220,9.408,25,-60.247
220,9.408,26,-58.236
220,9.408,27,-58.69
220,9.408,28,-51.381
220,9.408,29,-48.033
220,9.408,30,-50.965
220,9.408,31,-60.421
220,9.408,32,-55.779
220,9.408,33,-49.559
220,9.408,34,-44.162
220,9.408,35,-49.386
220,9.408,36,-52.483
220,9.408,37,-53.755
220,9.408,38,-52.653
220,9.408,39,-54.38
220,9.408,40,-57.238
220,9.408,41,-59.107
220,9.408,42,-60.79
220,9.408,43,-56.216
220,9.408,44,-50.88
220,9.408,45,-48.437
220,9.408,46,-51.173
220,9.408,47,-55.221
220,9.408,48,-53.59
220,9.408,49,-55.094
220,9.408,50,-59.355
220,9.408,51,-63.369
220,9.408,52,-66.463
220,9.408,53,-63.146
220,9.408,54,-64.481
220,9.408,55,-68.084
220,9.408,56,-70.559
220,9.408,57,-71.43
220,9.408,58,-77.612
220,9.408,59,-87.309
220,9.408,60,-90.663
220,9.408,61,-97.039
220,9.408,62,-98.245
220,9.408,63,-99.999
220,9.408,64,-99.994
221,9.4507,1,-75.053
221,9.4507,2,-45.356
221,9.4507,3,-36.408
221,9.4507,4,-33.7
221,9.4507,5,-39.362
221,9.4507,6,-57.071
221,9.4507,7,-49.266
221,9.4507,8,-31.13
221,9.4507,9,-35.841
221,9.4507,10,-48.873
221,9.4507,11,-46.38
221,9.4507,12,-51.683
221,9.4507,13,-52.003
221,9.4507,14,-51.205
221,9.4507,15,-61.015
221,9.4507,16,-53.337
221,9.4507,17,-59.018
221,9.4507,18,-55.568
221,9.4507,19,-60.758
221,9.4507,20,-57.891
221,9.4507,21,-51.862
221,9.4507,22,-51.031
221,9.4507,23,-47.161
221,9.4507,24,-42.759
221,9.4507,25,-51.469
221,9.4507,26,-54.388
221,9.4507,27,-55.275
221,9.4507,28,-53.189
221,9.4507,29,-51.176
221,9.4507,30,-59.248
221,9.4507,31,-64.001
221,9.4507,32,-68.456
221,9.4507,33,-63.868
221,9.4507,34,-62.428
221,9.4507,35,-66.427
221,9.4507,36,-71.707
221,9.4507,37,-64.629
221,9.4507,38,-61.365
221,9.4507,39,-61.043
221,9.4507,40,-67.511
221,9.4507,41,-67.998
221,9.4507,42,-62.144
221,9.4507,43,-61.325
221,9.4507,44,-58.87
221,9.4507,45,-61.412
221,9.4507,46,-53.665
221,9.4507,47,-54.083
221,9.4507,48,-60.628
221,9.4507,49,-58.982
221,9.4507,50,-60.591
221,9.4507,51,-68.814
221,9.4507,52,-64.628
221,9.4507,53,-65.133
221,9.4507,54,-57.57
221,9.4507,55,-61.371
221,9.4507,56,-68.742
221,9.4507,57,-70.979
221,9.4507,58,-75.819
221,9.4507,59,-83.873
221,9.4507,60,-87.565
221,9.4507,61,-91.685
221,9.4507,62,-96.44
221,9.4507,63,-99.998
221,9.4507,64,-99.984
222,9.4933,1,-65.037
222,9.4933,2,-45.782
222,9.4933,3,-38.45
222,9.4933,4,-36.07
222,9.4933,5,-41.378
222,9.4933,6,-61.447
222,9.4933,7,-44.066
222,9.4933,8,-38.097
222,9.4933,9,-53.309
222,9.4933,10,-44.829
222,9.4933,11,-34.413
222,9.4933,12,-46.284
222,9.4933,13,-43.788
222,9.4933,14,-50.038
222,9.4933,15,-52.069
222,9.4933,16,-52.242
222,9.4933,17,-52.467
222,9.4933,18,-55.235
222,9.4933,19,-55.093
222,9.4933,20,-54.343
222,9.4933,21,-49.077
222,9.4933,22,-43.747
222,9.4933,23,-40.569
222,9.4933,24,-39.27
222,9.4933,25,-55.139
222,9.4933,26,-48.975
222,9.4933,27,-49.862
222,9.4933,28,-54.056
222,9.4933,29,-58.847
222,9.4933,30,-62.99
222,9.4933,31,-67.006
222,9.4933,32,-67.956
222,9.4933,33,-66.101
222,9.4933,34,-65.615
222,9.4933,35,-66.269
222,9.4933,36,-75.434
222,9.4933,37,-67.892
222,9.4933,38,-59.336
222,9.4933,39,-65.934
222,9.4933,40,-70.693
222,9.4933,41,-68.176
222,9.4933,42,-65.561
222,9.4933,43,-67.102
222,9.4933,44,-64.95
222,9.4933,45,-68.266
222,9.4933,46,-60.898
222,9.4933,47,-55.5
222,9.4933,48,-58.45
222,9.4933,49,-59.949
222,9.4933,50,-61.614
222,9.4933,51,-66.009
222,9.4933,52,-66.302
222,9.4933,53,-65.184
222,9.4933,54,-66.359
222,9.4933,55,-66.715
222,9.4933,56,-71.786
222,9.4933,57,-74.788
222,9.4933,58,-78.627
222,9.4933,59,-83.06
222,9.4933,60,-87.107
222,9.4933,61,-90.827
222,9.4933,62,-96.806
222,9.4933,63,-99.998
222,9.4933,64,-99.982
223,9.536,1,-69.075
223,9.536,2,-46.722
223,9.536,3,-38.377
223,9.536,4,-34.862
223,9.536,5,-39.517
223,9.536,6,-63.114
223,9.536,7,-47.574
223,9.536,8,-40.809
223,9.536,9,-47.317
223,9.536,10,-50.711
223,9.536,11,-33.718
223,9.536,12,-36.464
223,9.536,13,-47.476
223,9.536,14,-42.162
223,9.536,15,-55.11
223,9.536,16,-47.622
223,9.536,17,-53.426
223,9.536,18,-50.101
223,9.536,19,-55.612
223,9.536,20,-51.03
223,9.536,21,-47.678
223,9.536,22,-43.415
223,9.536,23,-37.987
223,9.536,24,-44.864
223,9.536,25,-54.269
223,9.536,26,-51.234
223,9.536,27,-50.959
223,9.536,28,-55.361
223,9.536,29,-61.21
223,9.536,30,-63.978
223,9.536,31,-67.978
223,9.536,32,-68.754
223,9.536,33,-67.876
223,9.536,34,-67.028
223,9.536,35,-71.718
223,9.536,36,-77.106
223,9.536,37,-68.432
223,9.536,38,-63.093
223,9.536,39,-62.91
223,9.536,40,-61.842
223,9.536,41,-66.121
223,9.536,42,-61.679
223,9.536,43,-64.298
223,9.536,44,-58.921
223,9.536,45,-62.551
223,9.536,46,-61.07
223,9.536,47,-56.014
223,9.536,48,-55.875
223,9.536,49,-61.351
223,9.536,50,-64.313
223,9.536,51,-62.901
223,9.536,52,-62.657
223,9.536,53,-61.636
223,9.536,54,-65.258
223,9.536,55,-69.707
223,9.536,56,-76.704
223,9.536,57,-74.609
223,9.536,58,-76.389
223,9.536,59,-82.144
223,9.536,60,-84.634
223,9.536,61,-91.323
223,9.536,62,-94.812
223,9.536,63,-99.997
223,9.536,64,-99.977
224,9.5787,1,-71.511
224,9.5787,2,-47.486
224,9.5787,3,-38.438
224,9.5787,4,-32.105
224,9.5787,5,-33.485
224,9.5787,6,-45.224
224,9.5787,7,-47.352
224,9.5787,8,-46.405
224,9.5787,9,-47.343
224,9.5787,10,-54.139
224,9.5787,11,-40.332
224,9.5787,12,-31.711
224,9.5787,13,-49.104
224,9.5787,14,-45.031
224,9.5787,15,-46.449
224,9.5787,16,-54.61
224,9.5787,17,-50.666
224,9.5787,18,-59.313
224,9.5787,19,-51.216
224,9.5787,20,-52.941
224,9.5787,21,-49.524
224,9.5787,22,-41.451
224,9.5787,23,-42.306
224,9.5787,24,-40.754
224,9.5787,25,-51.965
224,9.5787,26,-51.085
224,9.5787,27,-50.11
224,9.5787,28,-46.622
224,9.5787,29,-55.712
224,9.5787,30,-58.612
224,9.5787,31,-63.619
224,9.5787,32,-68.153
224,9.5787,33,-66.715
224,9.5787,34,-66.76
224,9.5787,35,-70.619
224,9.5787,36,-72.926
224,9.5787,37,-67.568
224,9.5787,38,-66.973
224,9.5787,39,-62.24
224,9.5787,40,-61.56
224,9.5787,41,-66.905
224,9.5787,42,-61.217
224,9.5787,43,-62.778
224,9.5787,44,-59.457
224,9.5787,45,-62.26
224,9.5787,46,-60.141
224,9.5787,47,-56.779
224,9.5787,48,-50.863
224,9.5787,49,-53.782
224,9.5787,50,-55.231
224,9.5787,51,-59.049
224,9.5787,52,-59.715
224,9.5787,53,-56.231
224,9.5787,54,-58.145
224,9.5787,55,-60.897
224,9.5787,56,-71.269
224,9.5787,57,-75.17
224,9.5787,58,-76.1
224,9.5787,59,-82.1
224,9.5787,60,-87.416
224,9.5787,61,-90.991
224,9.5787,62,-95.752
224,9.5787,63,-99.998
224,9.5787,64,-99.976
225,9.6213,1,-78.114
225,9.6213,2,-47.993
225,9.6213,3,-40.259
225,9.6213,4,-31.78
225,9.6213,5,-33.755
225,9.6213,6,-49.765
225,9.6213,7,-47.062
225,9.6213,8,-44.27
225,9.6213,9,-46.561
225,9.6213,10,-54.543
225,9.6213,11,-39.814
225,9.6213,12,-34.595
225,9.6213,13,-59.2
225,9.6213,14,-43.568
225,9.6213,15,-47.728
225,9.6213,16,-53.42
225,9.6213,17,-51.945
225,9.6213,18,-54.054
225,9.6213,19,-50.89
225,9.6213,20,-52.923
225,9.6213,21,-52.814
225,9.6213,22,-40.932
225,9.6213,23,-41.6
225,9.6213,24,-40.048
225,9.6213,25,-53.729
225,9.6213,26,-53.833
225,9.6213,27,-53.326
225,9.6213,28,-53.251
225,9.6213,29,-55.247
225,9.6213,30,-56.779
225,9.6213,31,-65.536
225,9.6213,32,-69.882
225,9.6213,33,-70.42
225,9.6213,34,-70.912
225,9.6213,35,-77.651
225,9.6213,36,-71.896
225,9.6213,37,-65.805
225,9.6213,38,-62.788
225,9.6213,39,-64.574
225,9.6213,40,-67.777
225,9.6213,41,-69.134
225,9.6213,42,-65.611
225,9.6213,43,-69.671
225,9.6213,44,-68.143
225,9.6213,45,-65.281
225,9.6213,46,-65.555
225,9.6213,47,-58.715
225,9.6213,48,-53.67
225,9.6213,49,-56.802
225,9.6213,50,-59.176
225,9.6213,51,-63.225
225,9.6213,52,-64.579
225,9.6213,53,-58.359
225,9.6213,54,-57.968
225,9.6213,55,-60.821
225,9.6213,56,-70.338
225,9.6213,57,-78.369
225,9.6213,58,-81.064
225,9.6213,59,-86.863
225,9.6213,60,-89.888
225,9.6213,61,-91.449
225,9.6213,62,-97.896
225,9.6213,63,-99.998
225,9.6213,64,-99.987
226,9.664,1,-79.379
226,9.664,2,-48.953
226,9.664,3,-40.121
226,9.664,4,-31.773
226,9.664,5,-30.882
226,9.664,6,-44.473
226,9.664,7,-46.043
226,9.664,8,-43.863
226,9.664,9,-45.69
226,9.664,10,-54.865
226,9.664,11,-46.264
226,9.664,12,-40.265
226,9.664,13,-56.738
226,9.664,14,-47.795
226,9.664,15,-51.249
226,9.664,16,-63.22
226,9.664,17,-61.181
226,9.664,18,-65.028
226,9.664,19,-58.183
226,9.664,20,-59.328
226,9.664,21,-56.738
226,9.664,22,-45.619
226,9.664,23,-48.355
226,9.664,24,-49.211
226,9.664,25,-61.692
226,9.664,26,-63.514
226,9.664,27,-61.714
226,9.664,28,-57.6
226,9.664,29,-68.516
226,9.664,30,-69.334
226,9.664,31,-77.868
226,9.664,32,-79.843
226,9.664,33,-80.043
226,9.664,34,-78.983
226,9.664,35,-80.743
226,9.664,36,-78.938
226,9.664,37,-75.117
226,9.664,38,-74.366
226,9.664,39,-70.417
226,9.664,40,-74.353
226,9.664,41,-70.454
226,9.664,42,-62.586
226,9.664,43,-66.922
226,9.664,44,-70.822
226,9.664,45,-72.036
226,9.664,46,-64.866
226,9.664,47,-59.618
226,9.664,48,-56.717
226,9.664,49,-54.771
226,9.664,50,-64.985
226,9.664,51,-67.997
226,9.664,52,-66.318
226,9.664,53,-65.7
226,9.664,54,-60.618
226,9.664,55,-65.682
226,9.664,56,-73.258
226,9.664,57,-75.699
226,9.664,58,-86.028
226,9.664,59,-89.412
226,9.664,60,-91.97
226,9.664,61,-93.74
226,9.664,62,-98.087
226,9.664,63,-99.998
226,9.664,64,-99.991
227,9.7067,1,-63.495
227,9.7067,2,-54.343
227,9.7067,3,-39.427
227,9.7067,4,-34.706
227,9.7067,5,-35.014
227,9.7067,6,-48.778
227,9.7067,7,-49.194
227,9.7067,8,-43.705
227,9.7067,9,-47.396
227,9.7067,10,-50.328
227,9.7067,11,-49.183
227,9.7067,12,-54.875
227,9.7067,13,-61.767
227,9.7067,14,-42.751
227,9.7067,15,-47.152
227,9.7067,16,-69.571
227,9.7067,17,-65.797
227,9.7067,18,-68.506
227,9.7067,19,-67.985
227,9.7067,20,-62.541
227,9.7067,21,-63.509
227,9.7067,22,-59.322
227,9.7067,23,-61.954
227,9.7067,24,-55.364
227,9.7067,25,-63.198
227,9.7067,26,-56.749
227,9.7067,27,-62.02
227,9.7067,28,-56.471
227,9.7067,29,-55.907
227,9.7067,30,-58.088
227,9.7067,31,-58.443
227,9.7067,32,-60.041
227,9.7067,33,-63.674
227,9.7067,34,-61.754
227,9.7067,35,-57.289
227,9.7067,36,-56.746
227,9.7067,37,-60.364
227,9.7067,38,-67.885
227,9.7067,39,-61.298
227,9.7067,40,-55.702
227,9.7067,41,-59.1
227,9.7067,42,-58.491
227,9.7067,43,-63.931
227,9.7067,44,-66.218
227,9.7067,45,-64.93
227,9.7067,46,-59.969
227,9.7067,47,-63.844
227,9.7067,48,-67.211
227,9.7067,49,-61.805
227,9.7067,50,-65.679
227,9.7067,51,-69.182
227,9.7067,52,-67.028
227,9.7067,53,-65.715
227,9.7067,54,-65.287
227,9.7067,55,-73.633
227,9.7067,56,-69.71
227,9.7067,57,-73.033
227,9.7067,58,-74.57
227,9.7067,59,-78.005
227,9.7067,60,-81.413
227,9.7067,61,-80.91
227,9.7067,62,-85.587
227,9.7067,63,-99.998
227,9.7067,64,-99.688
228,9.7493,1,-71.151
228,9.7493,2,-50.115
228,9.7493,3,-41.702
228,9.7493,4,-40.114
228,9.7493,5,-40.557
228,9.7493,6,-51.518
228,9.7493,7,-47.839
228,9.7493,8,-42.458
228,9.7493,9,-55.723
228,9.7493,10,-55.128
228,9.7493,11,-48.259
228,9.7493,12,-57.97
228,9.7493,13,-62.142
228,9.7493,14,-42.943
228,9.7493,15,-45.411
228,9.7493,16,-67.208
228,9.7493,17,-69.297
228,9.7493,18,-70.633
228,9.7493,19,-66.639
228,9.7493,20,-59.632
228,9.7493,21,-65.734
228,9.7493,22,-56.902
228,9.7493,23,-56.289
228,9.7493,24,-52.515
228,9.7493,25,-55.949
228,9.7493,26,-55.522
228,9.7493,27,-57.903
228,9.7493,28,-53.806
228,9.7493,29,-55.408
228,9.7493,30,-58.591
228,9.7493,31,-63.577
228,9.7493,32,-64.774
228,9.7493,33,-60.503
228,9.7493,34,-57.562
228,9.7493,35,-50.205
228,9.7493,36,-52.922
228,9.7493,37,-57.554
228,9.7493,38,-56.48
228,9.7493,39,-55.911
228,9.7493,40,-55.186
228,9.7493,41,-59.304
228,9.7493,42,-57.666
228,9.7493,43,-60.319
228,9.7493,44,-63.138
228,9.7493,45,-54.54
228,9.7493,46,-53.08
228,9.7493,47,-52.62
228,9.7493,48,-56.65
228,9.7493,49,-58.486
228,9.7493,50,-58.431
228,9.7493,51,-61.021
228,9.7493,52,-62.835
228,9.7493,53,-60.439
228,9.7493,54,-63.566
228,9.7493,55,-67.286
228,9.7493,56,-69.352
228,9.7493,57,-73.726
228,9.7493,58,-75.568
228,9.7493,59,-81.142
228,9.7493,60,-99.93
228,9.7493,61,-99.989
228,9.7493,62,-99.998
228,9.7493,63,-100.0
228,9.7493,64,-99.999
229,9.792,1,-75.985
229,9.792,2,-51.763
229,9.792,3,-42.834
229,9.792,4,-34.604
229,9.792,5,-38.054
229,9.792,6,-53.076
229,9.792,7,-39.496
229,9.792,8,-35.427
229,9.792,9,-55.668
229,9.792,10,-57.337
229,9.792,11,-50.324
229,9.792,12,-62.121
229,9.792,13,-61.44
229,9.792,14,-45.477
229,9.792,15,-47.418
229,9.792,16,-69.466
229,9.792,17,-62.87
229,9.792,18,-67.967
229,9.792,19,-71.813
229,9.792,20,-58.516
229,9.792,21,-64.434
229,9.792,22,-55.095
229,9.792,23,-57.291
229,9.792,24,-61.467
229,9.792,25,-57.575
229,9.792,26,-48.892
229,9.792,27,-45.669
229,9.792,28,-50.233
229,9.792,29,-52.288
229,9.792,30,-59.61
229,9.792,31,-62.691
229,9.792,32,-68.036
229,9.792,33,-66.663
229,9.792,34,-66.479
229,9.792,35,-64.663
229,9.792,36,-62.045
229,9.792,37,-64.446
229,9.792,38,-64.498
229,9.792,39,-65.949
229,9.792,40,-61.915
229,9.792,41,-61.81
229,9.792,42,-72.139
229,9.792,43,-72.839
229,9.792,44,-69.561
229,9.792,45,-65.009
229,9.792,46,-57.847
229,9.792,47,-54.996
229,9.792,48,-59.385
229,9.792,49,-59.304
229,9.792,50,-55.715
229,9.792,51,-61.286
229,9.792,52,-62.99
229,9.792,53,-68.073
229,9.792,54,-72.722
229,9.792,55,-68.752
229,9.792,56,-70.12
229,9.792,57,-76.698
229,9.792,58,-81.999
229,9.792,59,-85.184
229,9.792,60,-90.98
229,9.792,61,-92.822
229,9.792,62,-97.819
229,9.792,63,-99.999
229,9.792,64,-99.989
230,9.8347,1,-77.752
230,9.8347,2,-51.484
230,9.8347,3,-41.17
230,9.8347,4,-33.437
230,9.8347,5,-43.016
230,9.8347,6,-53.655
230,9.8347,7,-36.594
230,9.8347,8,-38.31
230,9.8347,9,-66.662
230,9.8347,10,-51.902
230,9.8347,11,-43.214
230,9.8347,12,-49.151
230,9.8347,13,-60.635
230,9.8347,14,-44.617
230,9.8347,15,-47.078
230,9.8347,16,-66.57
230,9.8347,17,-67.843
230,9.8347,18,-68.883
230,9.8347,19,-71.441
230,9.8347,20,-64.263
230,9.8347,21,-69.484
230,9.8347,22,-60.537
230,9.8347,23,-60.733
230,9.8347,24,-59.884
230,9.8347,25,-58.504
230,9.8347,26,-48.324
230,9.8347,27,-49.035
230,9.8347,28,-48.969
230,9.8347,29,-59.021
230,9.8347,30,-62.247
230,9.8347,31,-66.903
230,9.8347,32,-68.153
230,9.8347,33,-63.672
230,9.8347,34,-60.041
230,9.8347,35,-62.732
230,9.8347,36,-59.12
230,9.8347,37,-62.642
230,9.8347,38,-61.177
230,9.8347,39,-59.155
230,9.8347,40,-53.444
230,9.8347,41,-60.282
230,9.8347,42,-67.391
230,9.8347,43,-63.484
230,9.8347,44,-59.739
230,9.8347,45,-53.779
230,9.8347,46,-49.413
230,9.8347,47,-54.522
230,9.8347,48,-53.24
230,9.8347,49,-60.03
230,9.8347,50,-63.386
230,9.8347,51,-66.072
230,9.8347,52,-71.373
230,9.8347,53,-72.693
230,9.8347,54,-66.23
230,9.8347,55,-67.387
230,9.8347,56,-77.535
230,9.8347,57,-77.681
230,9.8347,58,-83.332
230,9.8347,59,-89.771
230,9.8347,60,-90.773
230,9.8347,61,-93.84
230,9.8347,62,-98.478
230,9.8347,63,-99.999
230,9.8347,64,-99.993
231,9.8773,1,-70.796
231,9.8773,2,-52.717
231,9.8773,3,-41.88
231,9.8773,4,-32.449
231,9.8773,5,-41.933
231,9.8773,6,-49.257
231,9.8773,7,-35.998
231,9.8773,8,-38.664
231,9.8773,9,-60.811
231,9.8773,10,-50.044
231,9.8773,11,-45.227
231,9.8773,12,-56.879
231,9.8773,13,-62.077
231,9.8773,14,-46.579
231,9.8773,15,-49.142
231,9.8773,16,-69.975
231,9.8773,17,-67.682
231,9.8773,18,-70.095
231,9.8773,19,-73.615
231,9.8773,20,-68.831
231,9.8773,21,-69.157
231,9.8773,22,-59.798
231,9.8773,23,-58.688
231,9.8773,24,-61.33
231,9.8773,25,-61.699
231,9.8773,26,-51.658
231,9.8773,27,-50.2
231,9.8773,28,-56.383
231,9.8773,29,-58.874
231,9.8773,30,-64.193
231,9.8773,31,-68.454
231,9.8773,32,-68.192
231,9.8773,33,-67.158
231,9.8773,34,-67.192
231,9.8773,35,-62.939
231,9.8773,36,-59.64
231,9.8773,37,-60.704
231,9.8773,38,-59.14
231,9.8773,39,-59.611
231,9.8773,40,-54.177
231,9.8773,41,-60.333
231,9.8773,42,-66.535
231,9.8773,43,-64.335
231,9.8773,44,-61.666
231,9.8773,45,-56.651
231,9.8773,46,-53.423
231,9.8773,47,-58.065
231,9.8773,48,-62.101
231,9.8773,49,-61.978
231,9.8773,50,-62.888
231,9.8773,51,-62.464
231,9.8773,52,-69.689
231,9.8773,53,-75.69
231,9.8773,54,-69.408
231,9.8773,55,-71.466
231,9.8773,56,-80.416
231,9.8773,57,-83.65
231,9.8773,58,-88.042
231,9.8773,59,-98.079
231,9.8773,60,-99.999
231,9.8773,61,-99.996
231,9.8773,62,-99.997
231,9.8773,63,-99.999
231,9.8773,64,-99.999
232,9.92,1,-77.97
232,9.92,2,-51.557
232,9.92,3,-43.807
232,9.92,4,-35.541
232,9.92,5,-43.413
232,9.92,6,-49.927
232,9.92,7,-45.518
232,9.92,8,-46.98
232,9.92,9,-66.918
232,9.92,10,-52.713
232,9.92,11,-44.911
232,9.92,12,-55.087
232,9.92,13,-72.729
232,9.92,14,-48.448
232,9.92,15,-51.122
232,9.92,16,-75.34
232,9.92,17,-65.661
232,9.92,18,-69.198
232,9.92,19,-76.205
232,9.92,20,-70.152
232,9.92,21,-70.541
232,9.92,22,-57.733
232,9.92,23,-60.133
232,9.92,24,-61.344
232,9.92,25,-72.187
232,9.92,26,-58.016
232,9.92,27,-61.826
232,9.92,28,-71.008
232,9.92,29,-67.025
232,9.92,30,-70.862
232,9.92,31,-80.494
232,9.92,32,-83.819
232,9.92,33,-80.683
232,9.92,34,-78.199
232,9.92,35,-74.835
232,9.92,36,-72.908
232,9.92,37,-74.72
232,9.92,38,-76.959
232,9.92,39,-82.285
232,9.92,40,-76.182
232,9.92,41,-82.146
232,9.92,42,-83.088
232,9.92,43,-82.794
232,9.92,44,-81.103
232,9.92,45,-75.365
232,9.92,46,-68.694
232,9.92,47,-75.937
232,9.92,48,-76.646
232,9.92,49,-76.556
232,9.92,50,-78.636
232,9.92,51,-79.991
232,9.92,52,-85.024
232,9.92,53,-85.693
232,9.92,54,-82.277
232,9.92,55,-84.478
232,9.92,56,-89.701
232,9.92,57,-92.103
232,9.92,58,-94.643
232,9.92,59,-98.315
232,9.92,60,-98.932
232,9.92,61,-98.155
232,9.92,62,-99.982
232,9.92,63,-100.0
232,9.92,64,-99.999
233,9.9627,1,-83.927
233,9.9627,2,-52.796
233,9.9627,3,-44.348
233,9.9627,4,-39.988
233,9.9627,5,-49.261
233,9.9627,6,-47.059
233,9.9627,7,-45.815
233,9.9627,8,-50.863
233,9.9627,9,-61.579
233,9.9627,10,-53.594
233,9.9627,11,-45.535
233,9.9627,12,-58.27
233,9.9627,13,-74.837
233,9.9627,14,-50.982
233,9.9627,15,-53.218
233,9.9627,16,-76.791
233,9.9627,17,-64.628
233,9.9627,18,-67.403
233,9.9627,19,-75.488
233,9.9627,20,-69.124
233,9.9627,21,-74.144
233,9.9627,22,-70.292
233,9.9627,23,-70.163
233,9.9627,24,-71.317
233,9.9627,25,-72.473
233,9.9627,26,-57.749
233,9.9627,27,-64.95
233,9.9627,28,-68.563
233,9.9627,29,-77.367
233,9.9627,30,-79.43
233,9.9627,31,-81.413
233,9.9627,32,-83.407
233,9.9627,33,-82.2
233,9.9627,34,-81.309
233,9.9627,35,-82.682
233,9.9627,36,-81.757
233,9.9627,37,-80.692
233,9.9627,38,-84.907
233,9.9627,39,-84.549
233,9.9627,40,-83.301
233,9.9627,41,-86.329
233,9.9627,42,-87.042
233,9.9627,43,-86.955
233,9.9627,44,-88.411
233,9.9627,45,-84.571
233,9.9627,46,-82.659
233,9.9627,47,-85.857
233,9.9627,48,-85.845
233,9.9627,49,-88.276
233,9.9627,50,-90.608
233,9.9627,51,-90.437
233,9.9627,52,-93.075
233,9.9627,53,-93.263
233,9.9627,54,-94.345
233,9.9627,55,-94.031
233,9.9627,56,-92.628
233,9.9627,57,-93.985
233,9.9627,58,-95.413
233,9.9627,59,-94.139
233,9.9627,60,-93.938
233,9.9627,61,-93.084
233,9.9627,62,-96.856
233,9.9627,63,-100.0
233,9.9627,64,-99.986
